company_name,company_number,company_status,company_type,company_subtype,incorporation_date,registered_date,nature_of_business,registered_office_address,_drop_reason
FUTURE GROWTH CAPITAL LIMITED,15666257,active,ltd,,22-04-2024,22-04-2024,[66300],1 London Wall Place London England EC2Y 5AU,only SIC 66300 + incorporated 2024 or later
ECHIDNA HOLDINGS LIMITED,15731164,active,ltd,,20-05-2024,20-05-2024,[66300],237 Westcombe Hill London United Kingdom SE3 7DW,only SIC 66300 + incorporated 2024 or later
AUGMENTUM FINTECH GP LIMITED,11194622,active,ltd,,08-02-2018,08-02-2018,[66300],5th Floor 4 Chiswell Street London England EC1Y 4UP,name pattern: GP entity
BALYASNY INTERNATIONAL II LTD,14715832,active,ltd,,08-03-2023,08-03-2023,[66300],23 King Street London England SW1Y 6QY,name pattern: roman-numeral fund series suffix
3I GP 2019 (SCOTS) LIMITED,SC630869,active,ltd,,21-05-2019,21-05-2019,"[64205, 66300]",50 Lothian Road Edinburgh Scotland EH3 9WJ,name pattern: GP entity
OXBRIDGE ANGELS NOMINEES 2020 LTD,12145651,active,ltd,,08-08-2019,08-08-2019,[66300],298 A Bath Road Hounslow United Kingdom TW4 7DN,name pattern: nominee entity
NUPPP (GP) LIMITED,04330905,active,ltd,,29-11-2001,29-11-2001,[66300],80 Fenchurch Street London United Kingdom EC3M 4AE,name pattern: GP entity
ABRDN (IL INFRASTRUCTURE DEBT) GP LIMITED,14313126,active,ltd,,23-08-2022,23-08-2022,[66300],280 Bishopsgate London United Kingdom EC2M 4AG,name pattern: GP entity
ICG LONGBOW SENIOR DEBT I GP LIMITED,02276839,active,ltd,,13-07-1988,13-07-1988,[66300],Procession House London United Kingdom EC4M 7JW,name pattern: GP entity
ALTIMIST CAPITAL LTD,15761023,active,ltd,,04-06-2024,04-06-2024,[66300],"34 Switch House West,  Battersea Power Station London United Kingdom SW11 8BD",only SIC 66300 + incorporated 2024 or later
BALYASNY INTERNATIONAL ASSET MANAGEMENT II LIMITED,05384864,active,ltd,,08-03-2005,08-03-2005,[66300],23 King Street London England SW1Y 6QY,name pattern: roman-numeral fund series suffix
HANGAR X LTD,14116953,active,ltd,,19-05-2022,19-05-2022,[66300],15 Cavendish Square West Central England W1G 0AN,name pattern: roman-numeral fund series suffix
AVIVA INVESTORS INFRASTRUCTURE GP LIMITED,07739651,active,ltd,,15-08-2011,15-08-2011,[66300],80 Fenchurch Street London United Kingdom EC3M 4AE,name pattern: GP entity
AVIVA INVESTORS COMMERCIAL ASSETS GP LIMITED,07680828,active,ltd,,23-06-2011,23-06-2011,[66300],80 Fenchurch Street London United Kingdom EC3M 4AE,name pattern: GP entity
FORESIGHT EUROPEAN SOLAR FUND CIP GP LIMITED,SC340909,active,ltd,,07-04-2008,07-04-2008,[66300],C/O Foresight Group Llp Clarence House Edinburgh Scotland EH2 4JS,name pattern: GP entity
BRACKET VENTURE CONSULTING LIMITED,15709189,active,ltd,,08-05-2024,08-05-2024,[66300],3rd Floor 1 Ashley Road Altrincham United Kingdom WA14 2DT,only SIC 66300 + incorporated 2024 or later
TAMI BIDCO LIMITED,11373771,active,ltd,,21-05-2018,21-05-2018,[66300],Ferguson House 15 Marylebone Road London England NW1 5JD,name pattern: bidco
CHICKORY LTD,15786348,active,ltd,,18-06-2024,18-06-2024,[66300],Unit 14 Witney Way Boldon Colliery United Kingdom NE35 9PE,only SIC 66300 + incorporated 2024 or later
NADAV ROSENBERG GP LIMITED,12653099,active,ltd,,08-06-2020,08-06-2020,[66300],27 New Dover Road Canterbury England CT1 3DN,name pattern: GP entity
TECHSTART SGS GP LIMITED,SC613139,active,ltd,,09-11-2018,09-11-2018,[66300],C/O Cms Cameron Mckenna Nabarro Olswang Llp Saltire Court Edinburgh United Kingdom EH1 2EN,name pattern: GP entity
OUESTIA PROPERTY GP LIMITED,09073565,active,ltd,,05-06-2014,05-06-2014,[66300],14th Floor 22 Bishopsgate London United Kingdom EC2N 4BQ,name pattern: GP entity
EXPONENT HAVANA CO-INVESTMENT PARTNERS GP LIMITED,08374481,active,ltd,,24-01-2013,24-01-2013,[66300],30 Broadwick Street London England W1F 8JB,name pattern: GP entity
EXPONENT PRIVATE EQUITY GP OF GP LIMITED,05152985,active,ltd,,14-06-2004,14-06-2004,[66300],30 Broadwick Street London England W1F 8JB,name pattern: GP entity
SYNOVA CAPITAL GP 6 LIMITED,12016643,active,ltd,,24-05-2019,24-05-2019,[66300],3rd Floor 45 Mortimer Street London United Kingdom W1W 8HJ,name pattern: GP entity
ALFA8 INVESTMENTS LIMITED,15593206,active,ltd,,25-03-2024,25-03-2024,[66300],42 New Broad Street London United Kingdom EC2M 1JD,only SIC 66300 + incorporated 2024 or later
EMERGE VENTURE PARTNERS (GENERAL PARTNER) II LIMITED,14302903,active,ltd,,17-08-2022,17-08-2022,[66300],Jisc London United Kingdom EC4A 1BW,name pattern: roman-numeral fund series suffix
SCF OXFORD (GP) LIMITED,SC699497,active,ltd,,21-05-2021,21-05-2021,[66300],50 Lothian Road Edinburgh Scotland EH3 9WJ,name pattern: GP entity
KFIM GP 1957 LIMITED,14120718,active,ltd,,20-05-2022,20-05-2022,[66300],"Kfim Llp 7th Floor,  Saddlers House London England EC2V 6BR",name pattern: GP entity
PANTHEON JASMIN GP LTD,14248793,active,ltd,,21-07-2022,21-07-2022,[66300],10 Finsbury Square London United Kingdom EC2A 1AF,name pattern: GP entity
FORE TAURUS GP LIMITED,11388373,active,ltd,,30-05-2018,30-05-2018,[66300],"C/O Goringe Accountants Ltd,  Waterside,  1650 Arlington Business Park Reading United Kingdom RG7 4SA",name pattern: GP entity
REGENERATIO LTD,15794229,active,ltd,,22-06-2024,22-06-2024,[66300],23 Ferncroft Avenue London England NW3 7PG,only SIC 66300 + incorporated 2024 or later
VIRID PARTNERS LIMITED,15797904,active,ltd,,23-06-2024,23-06-2024,[66300],2 Maple Court Macclesfield United Kingdom SK10 1JE,only SIC 66300 + incorporated 2024 or later
SUMMA EQUITY ADVISORY LTD.,15810685,active,ltd,,01-07-2024,01-07-2024,[66300],1 Chapel Street Warwick United Kingdom CV34 4HL,only SIC 66300 + incorporated 2024 or later
SPE SELECT UK GP IV LIMITED,13165118,active,ltd,,28-01-2021,28-01-2021,[66300],2nd Floor 37 Upper Brook Street London United Kingdom W1K 7PR,name pattern: GP entity
L9 INVESTMENT HOLDINGS GP LIMITED,SC480764,active,ltd,,25-06-2014,25-06-2014,[66300],50 Lothian Road Edinburgh EH3 9WJ,name pattern: GP entity
BGF IRELAND NOMINEES LIMITED,10657185,active,ltd,,07-03-2017,07-03-2017,[66300],13-15 York Buildings London United Kingdom WC2N 6JU,name pattern: nominee entity
ALCUIN GP LIMITED,06442276,active,ltd,,30-11-2007,30-11-2007,[66300],75 Knightsbridge London England SW1X 7BF,name pattern: GP entity
OMP (GP) LIMITED,SC344934,active,ltd,,25-06-2008,25-06-2008,[66300],50 Lothian Road Edinburgh EH3 9WJ,name pattern: GP entity
COACH HOUSE SETTLEMENT (NO 4) GP LIMITED,12500540,active,ltd,,05-03-2020,05-03-2020,[66300],White House Church Lane Winchester England SO21 2NJ,name pattern: GP entity
HUGGIN CAPITAL GROUP LTD,15830824,active,ltd,,10-07-2024,10-07-2024,[66300],71-75 Shelton Street London United Kingdom WC2H 9JQ,only SIC 66300 + incorporated 2024 or later
API JEWSONS LIMITED,15823339,active,ltd,,08-07-2024,08-07-2024,[66300],29 York Street London United Kingdom W1H 1EZ,only SIC 66300 + incorporated 2024 or later
FSE SWIF DEBT GP LIMITED,14583526,active,ltd,,10-01-2023,10-01-2023,[66300],"First Floor,  Linea House Fleet England GU51 2UZ",name pattern: GP entity
VGC MEMBER I LIMITED,11055600,active,ltd,,09-11-2017,09-11-2017,[66300],201 Great Portland Street London England W1W 5AB,name pattern: roman-numeral fund series suffix
MENA INVESTMENT PARTNERS GP LIMITED,12100611,active,ltd,,12-07-2019,12-07-2019,[66300],95 Chancery Lane London England WC2A 1DT,name pattern: GP entity
RCBIM NOMINEES LIMITED,07161397,active,ltd,,17-02-2010,17-02-2010,[66300],1 The Square Bristol BS1 6DG,name pattern: nominee entity
BGF UKEF 2 GP LIMITED,13995639,active,ltd,,22-03-2022,22-03-2022,[66300],13-15 York Buildings London United Kingdom WC2N 6JU,name pattern: GP entity
BGF UK ENTERPRISE FUND 1 GP LIMITED,12837188,active,ltd,,25-08-2020,25-08-2020,[66300],13-15 York Buildings London United Kingdom WC2N 6JU,name pattern: GP entity
IQ CAPITAL PARTNERS GP SPV LIMITED,13573988,active,ltd,,19-08-2021,19-08-2021,[66300],45 Whitfield Street London England W1T 4HD,name pattern: GP entity
RUTLAND HOLDCO LIMITED,04970968,active,ltd,,20-11-2003,20-11-2003,[66300],Thomas House London England SW1V 1PX,name pattern: holdco
RTP GLOBAL RE INVESTMENTS CARRY GP LIMITED,SC638956,active,ltd,,15-08-2019,15-08-2019,[66300],5 South Charlotte Street Edinburgh Scotland EH2 4AN,name pattern: GP entity
HABROK CAPITAL LIMITED,15911637,active,ltd,,22-08-2024,22-08-2024,[66300],C/O Buzzacott Llp London United Kingdom EC2V 6DL,only SIC 66300 + incorporated 2024 or later
ELYSIAN CAPITAL GP (ENGLAND) LIMITED,09303998,active,ltd,,10-11-2014,10-11-2014,[66300],1 Southampton Street London WC2R 0LR,name pattern: GP entity
STONEHAVEN CAPITAL LTD,15647725,active,ltd,,15-04-2024,15-04-2024,[66300],Suite 2b Hamilton Court House Westbourne United Kingdom BH4 8DT,only SIC 66300 + incorporated 2024 or later
IFM FINTECH OPPORTUNITIES II GP LIMITED,11592245,active,ltd,,27-09-2018,27-09-2018,"[64303, 66300]",404 The Frames London United Kingdom EC2A 4PS,name pattern: GP entity
"COLUMBIA LAKE PARTNERS GROWTH LENDING (HOLDINGS SUB), LIMITED",09152444,active,ltd,,,29-07-2014,[66300],6 Windmill Rise Kingston Upon Thames England KT2 7TU,name pattern: holdings sub-entity
KEY CAPITAL PARTNERS IX (NOMINEES) LIMITED,15799944,active,ltd,,24-06-2024,24-06-2024,[66300],13 Park Place Leeds United Kingdom LS1 2SJ,name pattern: nominee entity
GREENLANE INVESTMENT MANAGEMENT LTD,15781968,active,ltd,,16-06-2024,16-06-2024,[66300],9 Argyll Street London England W1F 7TG,only SIC 66300 + incorporated 2024 or later
LIVINGBRIDGE ENTERPRISE GP LIMITED,09758974,active,ltd,,02-09-2015,02-09-2015,[66300],100 Wood Street London United Kingdom EC2V 7AN,name pattern: GP entity
NSS HEALTHCARE 1 LTD,15937592,active,ltd,,05-09-2024,05-09-2024,[66300],Eagle House First Floor London England W1F 9BQ,only SIC 66300 + incorporated 2024 or later
SLINGSHOT THERAPEUTICS LIMITED,15877851,active,ltd,,05-08-2024,05-08-2024,[66300],Burnham House Splash Lane Huntingdon England PE28 2AF,only SIC 66300 + incorporated 2024 or later
PARTY BEAR,15403739,active,private-unlimited,,10-01-2024,10-01-2024,[66300],Saffery Llp Trinity Manchester United Kingdom M2 6HY,only SIC 66300 + incorporated 2024 or later
BGF CO-INVEST GP LIMITED,15157065,active,ltd,,22-09-2023,22-09-2023,[66300],13-15 York Buildings London United Kingdom WC2N 6JU,name pattern: GP entity
PARK AVENUE NOMINEES LIMITED,15200402,active,ltd,,10-10-2023,10-10-2023,[66300],49 Wood Vale London United Kingdom SE23 3DT,name pattern: nominee entity
LONDON LGPS CIV GP LIMITED,12981969,active,ltd,,28-10-2020,28-10-2020,[66300],22 Lavington Street 4th Floor London England SE1 0NZ,name pattern: GP entity
SEEDCAMP VI (SCOT) LIMITED,SC744406,active,ltd,,14-09-2022,14-09-2022,[66300],50 Lothian Road Edinburgh Scotland EH3 9WJ,name pattern: roman-numeral fund series suffix
GATEWAY SEED II (SCOT) LTD,SC719800,active,ltd,,14-01-2022,14-01-2022,[66300],"4th Floor,  115 George Street Edinburgh United Kingdom EH2 4JN",name pattern: roman-numeral fund series suffix
EBS ASSET MANAGEMENT GROUP LTD,15858359,active,ltd,,25-07-2024,25-07-2024,[66300],"15 Wheelwrights Way Old Stratford,  Milton Keynes England MK19 6NY",only SIC 66300 + incorporated 2024 or later
EQUITIX ENERGY EFFICIENT EPS GP 1 LIMITED,SC428478,active,ltd,,17-07-2012,17-07-2012,[66300],Citypoint Edinburgh Scotland EH12 5HD,name pattern: GP entity
ORTHOGONAL INVESTMENT LTD,15838898,active,ltd,,15-07-2024,15-07-2024,[66300],243 East End Road London United Kingdom N2 8AY,only SIC 66300 + incorporated 2024 or later
BLUETRAIN CAPITAL LIMITED,15494726,active,ltd,,16-02-2024,16-02-2024,[66300],58 Grosvenor Street London England W1K 3JB,only SIC 66300 + incorporated 2024 or later
DEMOCRACY X LIMITED,13721096,active,ltd,,03-11-2021,03-11-2021,"[64191,66110, 66300]",128 City Road London United Kingdom EC1V 2NX,name pattern: roman-numeral fund series suffix
AVIVA INVESTORS CTF HOLDCO 1 LIMITED,13805599,active,ltd,,17-12-2021,17-12-2021,[66300],80 Fenchurch Street London United Kingdom EC3M 4AE,name pattern: holdco
IQCP V C1 LIMITED,15887204,active,ltd,,09-08-2024,09-08-2024,[66300],45 Whitfield Street London England W1T 4HD,only SIC 66300 + incorporated 2024 or later
IQCP V A2 LIMITED,15887202,active,ltd,,09-08-2024,09-08-2024,[66300],45 Whitfield Street London England W1T 4HD,only SIC 66300 + incorporated 2024 or later
QUOIT CAPITAL LTD,15895284,active,ltd,,13-08-2024,13-08-2024,[66300],71-75 Shelton Street London United Kingdom WC2H 9JQ,only SIC 66300 + incorporated 2024 or later
PARMENION NOMINEES LIMITED,05988005,active,ltd,,03-11-2006,03-11-2006,[66300],Aurora (3rd Floor) Finzels Reach Bristol United Kingdom BS1 6BX,name pattern: nominee entity
FINANCE DURHAM GP LIMITED,10704762,active,ltd,,03-04-2017,03-04-2017,[66300],6th Floor Saddlers House London England EC2V 6BR,name pattern: GP entity
MAVEN NEDF GP LIMITED,11279728,active,ltd,,28-03-2018,28-03-2018,[66300],"6th Floor,  Saddlers House London England EC2V 6BR",name pattern: GP entity
SEGADA MASTER UK HOLDCO LIMITED,14272981,active,ltd,,03-08-2022,03-08-2022,[66300],Third Floor Exchange Tower London United Kingdom E14 9GE,name pattern: holdco
COURTIERS ISA NOMINEE LIMITED,04858338,active,ltd,,06-08-2003,06-08-2003,[66300],18a Hart Street Oxfordshire RG9 2AU,name pattern: nominee entity
CARDALE NOMINEES LIMITED,04731286,active,ltd,,11-04-2003,11-04-2003,[66300],2 Cardale Park Harrogate England HG3 1RY,name pattern: nominee entity
VALORI ADVISORY LTD,16047678,active,ltd,,29-10-2024,29-10-2024,[66300],71-75 Shelton Street London United Kingdom WC2H 9JQ,only SIC 66300 + incorporated 2024 or later
GALILEO II LIMITED,15237252,active,ltd,,26-10-2023,26-10-2023,"[66300, 70221]",C/O Tmf Group 13th Floor London United Kingdom EC2R 7HJ,name pattern: roman-numeral fund series suffix
NEXT WAVE PARTNERS GP LIMITED,05987738,active,ltd,,03-11-2006,03-11-2006,[66300],87-89 Baker Street London United Kingdom W1U 6RJ,name pattern: GP entity
MAN ASSET MANAGEMENT LIMITED,15600440,active,ltd,,28-03-2024,28-03-2024,[66300],58 Marksbury Avenue Richmond England TW9 4JF,only SIC 66300 + incorporated 2024 or later
PACE BIDCO LIMITED,09213529,active,ltd,,11-09-2014,11-09-2014,[66300],"3rd Floor,  South Building,  London England EC1A 4HD",name pattern: bidco
ASSET FINANCE HOLDCO LIMITED,11590363,active,ltd,,26-09-2018,26-09-2018,[66300],3rd Floor 22 Old Bond Street London England W1S 4PY,name pattern: holdco
BLC II GP MEMBER LTD,13233722,active,ltd,,27-02-2021,27-02-2021,[66300],25 Southampton Buildings London United Kingdom WC2A 1AL,name pattern: GP entity
ICG EFV MLP GP LIMITED,07758327,active,ltd,,31-08-2011,31-08-2011,[66300],Procession House London EC4M 7JW,name pattern: GP entity
UCI GP LIMITED,NI614689,active,ltd,,27-09-2012,27-09-2012,[66300],6th Floor Glengall Exchange Belfast Northern Ireland BT12 5AB,name pattern: GP entity
FIRSTGROUP PENSION GP LIMITED,13793855,active,ltd,,10-12-2021,10-12-2021,[66300],"8th Floor,  The Point London United Kingdom W2 1AF",name pattern: GP entity
FIRST BUS PENSION GP LIMITED,13793860,active,ltd,,10-12-2021,10-12-2021,[66300],"8th Floor,  The Point London United Kingdom W2 1AF",name pattern: GP entity
JL EQUITY GROUP LTD.,16021581,active,ltd,,16-10-2024,16-10-2024,[66300],71-75 Shelton Street London United Kingdom WC2H 9JQ,only SIC 66300 + incorporated 2024 or later
UCI GP II LIMITED,NI653919,active,ltd,,22-06-2018,22-06-2018,[66300],6th Floor Glengall Exchange Belfast Northern Ireland BT12 5AB,name pattern: GP entity
PLAYING FIELD GP LIMITED,16017113,active,ltd,,14-10-2024,14-10-2024,"[66300, 90020]",124 Finchley Road London United Kingdom NW3 5JS,name pattern: GP entity
ZARIBA HOLDINGS,16018318,active,private-unlimited,,15-10-2024,15-10-2024,[66300],180 Blythe Road London W14 0HD,only SIC 66300 + incorporated 2024 or later
ASGA GLOBAL TIMBERLAND AND FARMLAND GP LIMITED,10648507,active,ltd,,02-03-2017,02-03-2017,[66300],Level 6 Duo London England EC2M 4RB,name pattern: GP entity
IAE DENMARK LIMITED,15945892,active,ltd,,09-09-2024,09-09-2024,[66300],C/O Alter Domus 10th Floor London United Kingdom EC3A 8BF,only SIC 66300 + incorporated 2024 or later
WEALTHN3ST LTD,16029163,active,ltd,,20-10-2024,20-10-2024,[66300],16 Ascot Gardens Southall United Kingdom UB1 2RZ,only SIC 66300 + incorporated 2024 or later
TRIPLE POINT GP LTD,16032300,active,ltd,,21-10-2024,21-10-2024,[66300],1 King William Street London United Kingdom EC4N 7AF,name pattern: GP entity
SURE VALLEY NOMINEE LIMITED,13691530,active,ltd,,20-10-2021,20-10-2021,[66300],International House London England EC3V 3NG,name pattern: nominee entity
ERBJ INVESTMENTS LTD,16035755,active,ltd,,23-10-2024,23-10-2024,[66300],71 Wheeleys Road Birmingham England B15 2LN,only SIC 66300 + incorporated 2024 or later
OC I ENGCO LIMITED,16036188,active,ltd,,23-10-2024,23-10-2024,[66300],First Floor 1 Des Roches Square Witney United Kingdom OX28 4BE,only SIC 66300 + incorporated 2024 or later
AGI INVESTMENTS NO4 LIMITED,16084963,active,ltd,,18-11-2024,18-11-2024,[66300],29 York Street London United Kingdom W1H 1EZ,only SIC 66300 + incorporated 2024 or later
AGI INVESTMENTS NO2 LIMITED,16084987,active,ltd,,18-11-2024,18-11-2024,[66300],29 York Street London United Kingdom W1H 1EZ,only SIC 66300 + incorporated 2024 or later
AGI INVESTMENTS NO5 LIMITED,16086385,active,ltd,,18-11-2024,18-11-2024,[66300],29 York Street London United Kingdom W1H 1EZ,only SIC 66300 + incorporated 2024 or later
OMSZ LIMITED,16089538,active,ltd,,19-11-2024,19-11-2024,[66300],6th Floor Charlotte Building London United Kingdom W1T 1QL,only SIC 66300 + incorporated 2024 or later
IFM GLOBAL INFRASTRUCTURE (UK) GP LIMITED,06547980,active,ltd,,28-03-2008,28-03-2008,[66300],2 London Wall Place London England EC2Y 5AU,name pattern: GP entity
AGI INVESTMENTS NO6 LIMITED,16085341,active,ltd,,18-11-2024,18-11-2024,[66300],29 York Street London United Kingdom W1H 1EZ,only SIC 66300 + incorporated 2024 or later
B & PD GP LIMITED,SC684475,active,ltd,,24-12-2020,24-12-2020,[66300],61 Dublin Street Edinburgh Scotland EH3 6NL,name pattern: GP entity
CORNERSTONE GP HOLDINGS LIMITED,13864570,active,ltd,,21-01-2022,21-01-2022,[66300],10 Orange Street London United Kingdom WC2H 7DQ,name pattern: GP entity
HAYCOCK FINANCIAL PLANNING LIMITED,16094501,active,ltd,,21-11-2024,21-11-2024,[66300],21 Blackwell Road Birmingham England B45 8BT,only SIC 66300 + incorporated 2024 or later
ILLUMINATE EARLY GROWTH GP LTD,15307516,active,ltd,,24-11-2023,24-11-2023,"[64303, 66300]",404 The Frames London United Kingdom EC2A 4PS,name pattern: GP entity
SAB CAPITAL LTD,16106198,active,ltd,,27-11-2024,27-11-2024,[66300],35 Church Road London England SW13 9HQ,only SIC 66300 + incorporated 2024 or later
EQUITIX INITIAL GP LIMITED,12925808,active,ltd,,03-10-2020,03-10-2020,[66300],"3rd Floor,  South Building London United Kingdom EC1A 4HD",name pattern: GP entity
RJD GENERAL PARTNER III LIMITED,09468809,active,ltd,,03-03-2015,03-03-2015,[66300],Rjd Partners Limited London England W1W 6XX,name pattern: roman-numeral fund series suffix
"HOXTON VENTURES II, (SCOT) LTD",SC585595,active,ltd,,,15-01-2018,[66300],50 Lothian Road Edinburgh Scotland EH3 9WJ,name pattern: roman-numeral fund series suffix
"HPS INVESTMENT PARTNERS (UK) II, LTD.",06450731,active,ltd,,,11-12-2007,[66300],"N2,  Floor 10 9 Bressenden Place London England SW1E 5BY",name pattern: roman-numeral fund series suffix
KEY CAPITAL PARTNERS (NOMINEES) LIMITED,06357261,active,ltd,,31-08-2007,31-08-2007,[66300],13 Park Place Leeds England LS1 2SJ,name pattern: nominee entity
MVM (GP) (NO.5B) LIMITED,07033935,active,ltd,,29-09-2009,29-09-2009,[66300],38 Wigmore Street London England W1U 2RU,name pattern: GP entity
DREOF II UK MERIDIA HOLDINGS II LIMITED,09973532,active,ltd,,27-01-2016,27-01-2016,[66300],45 45 Pall Mall London United Kingdom SW1Y 5JG,name pattern: roman-numeral fund series suffix
VANEX GROUPS LIMITED,16106925,active,ltd,,28-11-2024,28-11-2024,[66300],30 St. Mary Axe London England EC3A 8BF,only SIC 66300 + incorporated 2024 or later
PLUVIA INVESTMENTS LIMITED,16213999,active,ltd,,28-01-2025,28-01-2025,[66300],20 Wenlock Road London England N1 7GU,only SIC 66300 + incorporated 2024 or later
BOOST CAPITAL PARTNERS GP I LIMITED,14665245,active,ltd,,15-02-2023,15-02-2023,[66300],"Unit D,  Heathmans House London United Kingdom SW6 4TJ",name pattern: GP entity
CHS UK MANCO LIMITED,15911986,active,ltd,,22-08-2024,22-08-2024,[66300],"Duo,  Level 6 London England EC2M 4RB",only SIC 66300 + incorporated 2024 or later
NEWMARKET IM UK LTD,15420838,active,ltd,,17-01-2024,17-01-2024,[66300],"Suite 1,  7th Floor 50 Broadway London United Kingdom SW1H 0DB",only SIC 66300 + incorporated 2024 or later
LVP SEED (TRUSTEE) II LIMITED,16237626,active,ltd,,07-02-2025,07-02-2025,[66300],25 Eccleston Place London England SW1W 9NF,name pattern: roman-numeral fund series suffix
CAPUMBRELLA LTD,16176616,active,ltd,,10-01-2025,10-01-2025,[66300],128 City Road London United Kingdom EC1V 2NX,only SIC 66300 + incorporated 2024 or later
LULWORTH INVESTMENT MANAGEMENT LTD,15813035,active,ltd,,01-07-2024,01-07-2024,[66300],Temple Chambers London England EC4Y 0DT,only SIC 66300 + incorporated 2024 or later
URBAN VISTA INVESTMENTS LTD,16165001,active,ltd,,06-01-2025,06-01-2025,[66300],797 Harrow Road Sudbury Town Wembley United Kingdom HA0 2LP,only SIC 66300 + incorporated 2024 or later
ANGELS UNLEASHED NOMINEES LIMITED,10139550,active,ltd,,21-04-2016,21-04-2016,[66300],Suite 207 Equitable House 7 General Gordon Square London England SE18 6FH,name pattern: nominee entity
DTZI CO-INVESTMENT GP LIMITED,10780442,active,ltd,,19-05-2017,19-05-2017,[66300],125 Old Broad Street London England EC2N 1AR,name pattern: GP entity
RIVERSTONE CAPITAL GROUP LTD,16014522,active,ltd,,13-10-2024,13-10-2024,[66300],2b-2c Deerbrook Road London England SE24 9BE,only SIC 66300 + incorporated 2024 or later
ETHOS PORTFOLIO CONSULTANTS LIMITED,15986859,active,ltd,,30-09-2024,30-09-2024,[66300],3rd Floor 1 Earlham Street London United Kingdom WC2H 9LL,only SIC 66300 + incorporated 2024 or later
27FOUR (UK) LTD,15947372,active,ltd,,10-09-2024,10-09-2024,[66300],"C/O Windsor House Station Court,  Station Road Cambridge United Kingdom CB22 5NE",only SIC 66300 + incorporated 2024 or later
BLAISE (TOPCO) LIMITED,12903298,active,ltd,,24-09-2020,24-09-2020,[66300],Burdett House London England WC2N 6DU,name pattern: topco
SIMPLY AFFORDABLE HOMES 2 GP LIMITED,14682674,active,ltd,,22-02-2023,22-02-2023,[66300],33 Margaret Street London United Kingdom W1G 0JD,name pattern: GP entity
PIPER PE V GP COMPANY LIMITED,SC389814,active,ltd,,02-12-2010,02-12-2010,[66300],50 Lothian Road Edinburgh EH3 9WJ,name pattern: GP entity
NESTA GP LIMITED,08231985,active,ltd,,27-09-2012,27-09-2012,[66300],58 Victoria Embankment London England EC4Y 0DS,name pattern: GP entity
WELLTHEX LTD,16641176,active,ltd,,11-08-2025,11-08-2025,[66300],65 London Wall London England EC2M 5TU,only SIC 66300 + incorporated 2024 or later
BESTCHANGE LTD,16684395,active,private-limited-guarant-nsc,,01-09-2025,01-09-2025,[66300],164 Sutherland Avenue London England W9 1HR,only SIC 66300 + incorporated 2024 or later
NEOMINEX LTD,16685063,active,ltd,,01-09-2025,01-09-2025,[66300],22 Gilbert Street London England W1K 5EJ,only SIC 66300 + incorporated 2024 or later
AMPLITUDE MIDCO LIMITED,16558793,active,ltd,,03-07-2025,03-07-2025,[66300],Unit 1 Kembrey Street Swindon England SN2 8UY,name pattern: midco
MORNING SUN INVESTMENT MANAGEMENT LIMITED,16687490,active,ltd,,02-09-2025,02-09-2025,[66300],82a James Carter Road Mildenhall United Kingdom IP28 7DE,only SIC 66300 + incorporated 2024 or later
CC CAPITAL LONDON LTD,16565608,active,ltd,,07-07-2025,07-07-2025,[66300],79 Cissbury Ring South London England N12 7BJ,only SIC 66300 + incorporated 2024 or later
STORM CAPITAL GROWTH LTD,SC854523,active,ltd,,03-07-2025,03-07-2025,[66300],7 Broomknowe Dalmellington United Kingdom KA6 7RL,only SIC 66300 + incorporated 2024 or later
305 INVESTMENTS (LONDON) LTD,15852386,active,ltd,,22-07-2024,22-07-2024,[66300],9 Hambling Place Dunstable England LU6 1PP,only SIC 66300 + incorporated 2024 or later
CLEARSTOCK CAPITAL LTD,16654037,active,ltd,,15-08-2025,15-08-2025,[66300],82 Knowsley Road London England SW11 5BL,only SIC 66300 + incorporated 2024 or later
IDESE INVESTMENTS LIMITED,16657899,active,ltd,,18-08-2025,18-08-2025,[66300],24 Milner Square London England N1 1TL,only SIC 66300 + incorporated 2024 or later
D&CL FAMILY INVESTMENT COMPANY,NI732602,active,private-unlimited,,22-08-2025,22-08-2025,[66300],Gatelodge Cottage Downpatrick BT30 9BL,only SIC 66300 + incorporated 2024 or later
FEF FINANCING LIMITED,15718618,active,ltd,,14-05-2024,14-05-2024,[66300],3rd Floor 86 - 90 Paul Street London England EC2A 4NE,only SIC 66300 + incorporated 2024 or later
AIKA ASSET MANAGEMENT LIMITED,16692252,active,ltd,,03-09-2025,03-09-2025,[66300],38 Whitfield Road London England E6 1AS,only SIC 66300 + incorporated 2024 or later
THE TABLE MANAGEMENT COMPANY LIMITED,16330317,active,ltd,,20-03-2025,20-03-2025,[66300],19-20 Bourne Court Southend Road Woodford Green England IG8 8HD,only SIC 66300 + incorporated 2024 or later
PASSION ASSETS CAPITAL PARTNERS LTD,16700777,active,ltd,,08-09-2025,08-09-2025,[66300],4 Ingate Place London England SW8 3NS,only SIC 66300 + incorporated 2024 or later
AI BTC TRADE LTD,16696025,active,ltd,,04-09-2025,04-09-2025,[66300],56 Victoria Street London England SW1E 6QW,only SIC 66300 + incorporated 2024 or later
FUNDACO DE AJUDA PARA MULHERES E CRIANCAS LIMITED,16672748,active,private-limited-guarant-nsc,,26-08-2025,26-08-2025,[66300],10-16 Tiller Road London England E14 8PX,only SIC 66300 + incorporated 2024 or later
12 FLAGS GLOBAL LIMITED,16704833,active,ltd,,09-09-2025,09-09-2025,[66300],Smithson Tower 9th Floor London England SW1A 1HA,only SIC 66300 + incorporated 2024 or later
THAMESIDE CAPITAL LIMITED,16148930,active,ltd,,23-12-2024,23-12-2024,[66300],33 Lawns Crescent Grays England RM17 6EZ,only SIC 66300 + incorporated 2024 or later
MCT UK HOLDINGS LTD.,16706802,active,ltd,,10-09-2025,10-09-2025,[66300],C/O Fieldfisher Riverbank House London United Kingdom EC4R 3TT,only SIC 66300 + incorporated 2024 or later
GLD INVESTMENTS LTD,NI733330,active,ltd,,15-09-2025,15-09-2025,[66300],32-38 Linenhall Street Belfast Northern Ireland BT2 8BG,only SIC 66300 + incorporated 2024 or later
STADIAKA LTD,16719106,active,ltd,,15-09-2025,15-09-2025,[66300],Spelsburydown House Dean United Kingdom OX7 3LD,only SIC 66300 + incorporated 2024 or later
FDC TRADE LTD,16724426,active,ltd,,17-09-2025,17-09-2025,[66300],"2nd Floor College House Ruislip,  United Kingdom HA4 7AE",only SIC 66300 + incorporated 2024 or later
CLARENDON INVESTMENT GROUP LIMITED,16721155,active,ltd,,16-09-2025,16-09-2025,[66300],20 Hollidays Road Huntingdon England PE28 3LP,only SIC 66300 + incorporated 2024 or later
API BRISTOL ZOO NO5 LIMITED,17048816,active,ltd,,23-02-2026,23-02-2026,[66300],29 York Street London United Kingdom W1H 1EZ,only SIC 66300 + incorporated 2024 or later
API BRISTOL ZOO NO8 LIMITED,17047322,active,ltd,,23-02-2026,23-02-2026,[66300],29 York Street London United Kingdom W1H 1EZ,only SIC 66300 + incorporated 2024 or later
API BRISTOL ZOO LIMITED,17048726,active,ltd,,23-02-2026,23-02-2026,[66300],29 York Street London United Kingdom W1H 1EZ,only SIC 66300 + incorporated 2024 or later
EIP LONDON LTD,16974324,active,ltd,,20-01-2026,20-01-2026,[66300],73 Cornhill London United Kingdom EC3V 3QQ,only SIC 66300 + incorporated 2024 or later
SIXTY7 CAPITAL LTD,16981697,active,ltd,,22-01-2026,22-01-2026,[66300],167-169 Great Portland Street London United Kingdom W1W 5PF,only SIC 66300 + incorporated 2024 or later
GSERDAN LTD,16985812,active,ltd,,25-01-2026,25-01-2026,[66300],197a Northfield Avenue London England W13 9QU,only SIC 66300 + incorporated 2024 or later
WEALTH MAX LIMITED,15906718,active,ltd,,20-08-2024,20-08-2024,[66300],Lawton Place Benover Road Maidstone England ME18 6AU,only SIC 66300 + incorporated 2024 or later
CEO EQUITY III LTD,14729958,active,ltd,,14-03-2023,14-03-2023,[66300],"2nd Floor, Heathmans House London United Kingdom SW6 4TJ",name pattern: roman-numeral fund series suffix
DRY LTD,17000495,active,ltd,,30-01-2026,30-01-2026,[66300],128 City Road London United Kingdom EC1V 2NX,only SIC 66300 + incorporated 2024 or later
CREO CAPITAL INVESTMENTS LTD,17001467,active,ltd,,30-01-2026,30-01-2026,[66300],207 Blazer Court 28a St John's Wood Road London United Kingdom NW8 7JY,only SIC 66300 + incorporated 2024 or later
BEECHBROOK UK SME CO-INVESTMENT LIMITED,12996510,active,ltd,,04-11-2020,04-11-2020,[66300],93 Gloucester Place London United Kingdom W1U 6JQ,name pattern: co-invest vehicle
DRW ASSET MANAGEMENT UK LTD,17090565,active,ltd,,13-03-2026,13-03-2026,[66300],The Leadenhall Building London United Kingdom EC3V 4AB,only SIC 66300 + incorporated 2024 or later
MARSAXLOKK CAPITAL LTD,16120479,active,ltd,,05-12-2024,05-12-2024,[66300],Welkin House Milton Hill Abingdon OX13 6AB,only SIC 66300 + incorporated 2024 or later
HINDOCHA CAPITAL PARTNERS LIMITED,17094704,active,ltd,,16-03-2026,16-03-2026,[66300],71-75 Shelton Street London United Kingdom WC2H 9JQ,only SIC 66300 + incorporated 2024 or later
AURELIAN INVESTMENTS LTD,16765543,active,ltd,,06-10-2025,06-10-2025,[66300],21 Dunniwood Drive Dunniwood Drive Castleford England WF10 5EW,only SIC 66300 + incorporated 2024 or later
EVERMERE CAPITAL MANAGEMENT LTD,16942675,active,ltd,,05-01-2026,05-01-2026,[66300],"The Scalpel,  18th Floor London United Kingdom EC3M 7AF",only SIC 66300 + incorporated 2024 or later
FUTUREGUARD INVESTMENTS LTD,17202708,active,ltd,,06-05-2026,06-05-2026,[66300],1st Floor 8 Bridle Close Kingston Upon Thames England KT1 2JW,only SIC 66300 + incorporated 2024 or later
SKELTON FAMILY INVESTMENTS LIMITED,17211568,active,ltd,,11-05-2026,11-05-2026,[66300],"2nd Floor College House Ruislip,  United Kingdom HA4 7AE",only SIC 66300 + incorporated 2024 or later
CONCORDE PAYROLL SERVICES LTD,16616520,active,ltd,,30-07-2025,30-07-2025,[66300],3 Parkes Road Torrington England EX38 7NW,only SIC 66300 + incorporated 2024 or later
PGC BUTLER CONSULTING LTD,17215177,active,ltd,,12-05-2026,12-05-2026,[66300],"Suite 7,  2nd Floor Apple Market Hub Kingston Upon Thames United Kingdom KT1 1JD",only SIC 66300 + incorporated 2024 or later
GSMH LIMITED,17200501,active,ltd,,05-05-2026,05-05-2026,[66300],C/O Aardvark Accounting 1 Cedar Office Park Wimborne United Kingdom BH21 7SB,only SIC 66300 + incorporated 2024 or later
PRESLEY HART CAPITAL LIMITED,17131380,active,ltd,,01-04-2026,01-04-2026,[66300],35 Berkeley Square Mayfair England W1J 5BF,only SIC 66300 + incorporated 2024 or later
API CHILLINGTON INVESTMENTS LIMITED,17135103,active,ltd,,02-04-2026,02-04-2026,[66300],29 York Street London United Kingdom W1H 1EZ,only SIC 66300 + incorporated 2024 or later
ORION CAPITAL MANAGEMENT LTD,17141799,active,ltd,,07-04-2026,07-04-2026,[66300],71-75 Shelton Street London United Kingdom WC2H 9JQ,only SIC 66300 + incorporated 2024 or later
BRUNO HERTIZE MANAGEMENT LIMITED,17140777,active,ltd,,07-04-2026,07-04-2026,[66300],167-169 Great Portland Street London England W1W 5PF,only SIC 66300 + incorporated 2024 or later
SIGLA LTD,16394803,active,ltd,,17-04-2025,17-04-2025,[66300],One St Peter's Square Manchester United Kingdom M2 3DE,only SIC 66300 + incorporated 2024 or later
TITAN AM LTD,17144849,active,ltd,,08-04-2026,08-04-2026,[66300],71-75 Shelton Street London United Kingdom WC2H 9JQ,only SIC 66300 + incorporated 2024 or later
DRAGON GENERAL PARTNER LIMITED,17129375,active,ltd,,31-03-2026,31-03-2026,[66300],Regus House Malthouse Avenue Cardiff Wales CF23 8RU,only SIC 66300 + incorporated 2024 or later
BF HOLDINGS BLOCCO REGNO UNITO LIMITED,17166568,active,ltd,,19-04-2026,19-04-2026,[66300],30 Orange Street London England WC2H 7HF,only SIC 66300 + incorporated 2024 or later
FOCUS INDUSTRIAL PROPCO GP LIMITED,14819899,active,ltd,,21-04-2023,21-04-2023,[66300],Cinch Self Storage Woking Woking England GU21 5SB,name pattern: GP entity
STELLAR CHADWELL GP LIMITED,16660858,active,ltd,,19-08-2025,19-08-2025,[66300],C/O Stellar Asset Management Limited Liverpool United Kingdom L3 9AG,name pattern: GP entity
MALESKII LTD,17230622,active,ltd,,19-05-2026,19-05-2026,[66300],71-75 Shelton Street London United Kingdom WC2H 9JQ,only SIC 66300 + incorporated 2024 or later
RE NATURE GENERAL PARTNER LTD,16440576,active,ltd,,09-05-2025,09-05-2025,[66300],Wogan House London United Kingdom W1W 7NY,only SIC 66300 + incorporated 2024 or later
PBSC LTD,17243882,active,ltd,,26-05-2026,26-05-2026,[66300],5 Wolsey House London United Kingdom NW5 2AX,only SIC 66300 + incorporated 2024 or later
ELBOW BEACH MEMBER I LIMITED,16079391,active,ltd,,14-11-2024,14-11-2024,[66300],27-29 Union Street London England SE1 1SD,name pattern: roman-numeral fund series suffix
GCPE 1 LIMITED,15872840,active,ltd,,02-08-2024,02-08-2024,[66300],15872840 - COMPANIES HOUSE DEFAULT ADDRESS Cardiff CF14 8LH,only SIC 66300 + incorporated 2024 or later
BORDER TO COAST EAST RIDING GP LIMITED,SC626602,active,ltd,,03-04-2019,03-04-2019,[66300],"C/O Addleshaw Goddard,  24 Edinburgh Scotland EH2 1AF",name pattern: GP entity
BORDER TO COAST EAST SUSSEX GP LIMITED,SC886919,active,ltd,,20-04-2026,20-04-2026,[66300],"C/O Addleshaw Goddard,  24 Edinburgh Scotland EH2 1AF",name pattern: GP entity
BORDER TO COAST GLOBAL VALUE-ADD REAL ESTATE GP LIMITED,SC770548,active,ltd,,24-05-2023,24-05-2023,[66300],"C/O Addleshaw Goddard,  24 Edinburgh Scotland EH2 1AF",name pattern: GP entity
BORDER TO COAST DURHAM GP LIMITED,SC626601,active,ltd,,03-04-2019,03-04-2019,[66300],C/O Addleshaw Goddard Edinburgh Scotland EH2 1AF,name pattern: GP entity
BORDER TO COAST KENT GP LIMITED,SC886926,active,ltd,,20-04-2026,20-04-2026,[66300],"C/O Addleshaw Goddard,  24 Edinburgh Scotland EH2 1AF",name pattern: GP entity
BORDER TO COAST HERTFORDSHIRE GP LIMITED,SC886925,active,ltd,,20-04-2026,20-04-2026,[66300],"C/O Addleshaw Goddard,  24 Edinburgh Scotland EH2 1AF",name pattern: GP entity
BORDER TO COAST SOUTH YORKSHIRE GP LIMITED,SC626611,active,ltd,,03-04-2019,03-04-2019,[66300],"C/O Addleshaw Goddard,  24 Edinburgh Scotland EH2 1AF",name pattern: GP entity
BORDER TO COAST TYNE & WEAR GP LIMITED,SC626610,active,ltd,,03-04-2019,03-04-2019,[66300],"C/O Addleshaw Goddard,  24 Edinburgh Scotland EH2 1AF",name pattern: GP entity
NSS VI HOLDCO LTD,17248767,active,ltd,,29-05-2026,29-05-2026,[66300],"First Floor,  50 Marshall Street London United Kingdom W1F 9BQ",name pattern: holdco
BORDER TO COAST NORTHAMPTONSHIRE GP LIMITED,SC886947,active,ltd,,20-04-2026,20-04-2026,[66300],"C/O Addleshaw Goddard,  24 Edinburgh Scotland EH2 1AF",name pattern: GP entity
STEVE MAYBURY FINANCIAL PLANNING LTD,15958302,active,ltd,,16-09-2024,16-09-2024,[66300],28 College Street Worcester England WR1 2LS,only SIC 66300 + incorporated 2024 or later
LONSDALE CAPITAL PARTNERS I LIMITED,09735130,active,ltd,,16-08-2015,16-08-2015,[66300],36 Upper Brook Street London United Kingdom W1K 7QJ,name pattern: roman-numeral fund series suffix
ASWATREALESTATE LTD,16622209,active,ltd,,01-08-2025,01-08-2025,[66300],124 City Road London United Kingdom EC1V 2NX,only SIC 66300 + incorporated 2024 or later
ANTLER VENTURES UK GP I LTD,12049691,active,ltd,,13-06-2019,13-06-2019,[66300],140 Goswell Road London England EC1V 7DY,name pattern: GP entity
GUARANTCO MANAGEMENT SERVICES LIMITED,17026159,active,ltd,,11-02-2026,11-02-2026,[66300],6 Bevis Marks London England EC3A 7BA,only SIC 66300 + incorporated 2024 or later
ANTLER VENTURES UK GP II LIMITED,15529921,active,ltd,,28-02-2024,28-02-2024,[66300],140 Goswell Road London England EC1V 7DY,name pattern: GP entity
ACORN GREEN INVESTMENTS NO 5 LIMITED,17026946,active,ltd,,11-02-2026,11-02-2026,[66300],29 York Street London United Kingdom W1H 1EZ,only SIC 66300 + incorporated 2024 or later
BEPARTNER X LTD,16284287,active,ltd,,28-02-2025,28-02-2025,"[64191,66300, 84110]",128 City Road London United Kingdom EC1V 2NX,name pattern: roman-numeral fund series suffix
NIST INVESTMENTS LTD,16089624,active,ltd,,19-11-2024,19-11-2024,[66300],33 Nether Field Way Leicester England LE3 3TQ,only SIC 66300 + incorporated 2024 or later
IMPERIUM ADMINISTRATION HOLDINGS UK LIMITED,17018382,active,ltd,,06-02-2026,06-02-2026,[66300],15 Hanover Square London United Kingdom W1S 1HS,only SIC 66300 + incorporated 2024 or later
API ST CHRISTOPHER LIMITED,17035416,active,ltd,,16-02-2026,16-02-2026,[66300],29 York Street London United Kingdom W1H 1EZ,only SIC 66300 + incorporated 2024 or later
ENESEL PARTNERS LIMITED,16953313,active,ltd,,09-01-2026,09-01-2026,[66300],5 Hanover Square London - England W1S 1HE,only SIC 66300 + incorporated 2024 or later
MOONSHOT CAPITAL LTD,16949782,active,ltd,,08-01-2026,08-01-2026,[66300],11 Welbeck Street London United Kingdom W1G 9XZ,only SIC 66300 + incorporated 2024 or later
VITRUVIAN MANAGERS LIMITED,16965734,active,ltd,,15-01-2026,15-01-2026,[66300],"105 Wigmore Street,  London England W1U 1QY",only SIC 66300 + incorporated 2024 or later
INFINIUM ELECTRIC MOBILITY GP LIMITED,16971511,active,ltd,,19-01-2026,19-01-2026,[66300],42 New Broad Street London England EC2M 1JD,name pattern: GP entity
NOVION CAPITAL LIMITED,17145193,active,ltd,,09-04-2026,09-04-2026,[66300],24 Conduit Place Conduit Place London England W2 1EP,only SIC 66300 + incorporated 2024 or later
HELIOS CAPITAL PARTNERS LIMITED,16344341,active,ltd,,26-03-2025,26-03-2025,[66300],Office 7765 321-323 High Road Essex England RM6 6AX,only SIC 66300 + incorporated 2024 or later
THINKING CAPITAL PARTNERS LIMITED,17183887,active,ltd,,27-04-2026,27-04-2026,[66300],8 St. James's Square London England SW1Y 4JU,only SIC 66300 + incorporated 2024 or later
IMPERIAL ASSET MANAGEMENT GLOBAL LTD,15788293,active,ltd,,19-06-2024,19-06-2024,[66300],4 Capricorn Centre Basildon SS14 3JJ,only SIC 66300 + incorporated 2024 or later
INSULA VECTA LIMITED,16721950,active,ltd,,16-09-2025,16-09-2025,[66300],12 Bugle Street Southampton England SO14 2JY,only SIC 66300 + incorporated 2024 or later
WEALTHFUND LTD,17193359,active,ltd,,01-05-2026,01-05-2026,[66300],128 City Road London United Kingdom EC1V 2NX,only SIC 66300 + incorporated 2024 or later
CMS ALDRED LIMITED,17193944,active,ltd,,01-05-2026,01-05-2026,[66300],Unit 6 Penn Street Works Amersham England HP7 0FA,only SIC 66300 + incorporated 2024 or later
QW CAPITAL LTD,17156379,active,ltd,,14-04-2026,14-04-2026,[66300],Unit 8a Wingbury Courtyard Business Village Aylesbury England HP22 4LW,only SIC 66300 + incorporated 2024 or later
SELARIS CAPITAL LTD,16448761,active,ltd,,13-05-2025,13-05-2025,[66300],25 Wilton Road London England SW1V 1LW,only SIC 66300 + incorporated 2024 or later
INVESTORS.CH LIMITED,16099711,active,ltd,,25-11-2024,25-11-2024,[66300],71-75 Shelton Street London United Kingdom WC2H 9JQ,only SIC 66300 + incorporated 2024 or later
STRATON ASSET MANAGEMENT LTD,17166872,active,ltd,,19-04-2026,19-04-2026,[66300],Northgate Business Centre 38-40 Northgate Notts United Kingdom NG24 1EZ,only SIC 66300 + incorporated 2024 or later
COR INVESTMENT MANAGEMENT LIMITED,17066425,active,ltd,,03-03-2026,03-03-2026,[66300],C/O Hwb Accountants Highland House Chandlers Ford England SO53 4AR,only SIC 66300 + incorporated 2024 or later
HANOVER CARRY NOMINEE LIMITED,13277348,active,ltd,,19-03-2021,19-03-2021,[66300],21 Sackville Street London England W1S 3DN,name pattern: nominee entity
ANNAMITE CAPITAL LIMITED,15949283,active,ltd,,11-09-2024,11-09-2024,[66300],70 White Lion Street White Lion Street London England N1 9PP,only SIC 66300 + incorporated 2024 or later
RISEHEM SOCIAL LIMITED,16219259,active,ltd,,30-01-2025,30-01-2025,[66300],C/O Shaw Financial Limited London United Kingdom SW17 9SH,only SIC 66300 + incorporated 2024 or later
RISEHEM GROUP LIMITED,16209710,active,ltd,,27-01-2025,27-01-2025,[66300],C/O Shaw Financial Limited London United Kingdom SW17 9SH,only SIC 66300 + incorporated 2024 or later
QUANTUM CAPITAL VENTURES GROUP LTD,15612641,active,ltd,,03-04-2024,03-04-2024,[66300],128 City Road London United Kingdom EC1V 2NX,only SIC 66300 + incorporated 2024 or later
CLAIMS GATE INVEST LTD,16199114,active,ltd,,21-01-2025,21-01-2025,[66300],110 Bishopsgate London England EC2N 4AY,only SIC 66300 + incorporated 2024 or later
ADYTON LIMITED,15940357,active,ltd,,06-09-2024,06-09-2024,[66300],163 Herne Hill London United Kingdom SE24 9LR,only SIC 66300 + incorporated 2024 or later
CHARTERIS ASSET MANAGEMENT NOMINEES LIMITED,05186604,active,ltd,,22-07-2004,22-07-2004,[66300],"Suite 10,  4th Floor Amp House Croydon England CR0 2LX",name pattern: nominee entity
CARAVELA ENERGY PARTNERS UK LTD,16122709,active,ltd,,09-12-2024,09-12-2024,[66300],Centralis 25 Western Avenue Oxfordshire United Kingdom OX14 4SH,only SIC 66300 + incorporated 2024 or later
FTSE FINANCE MANAGEMENT LTD,15865378,active,ltd,,30-07-2024,30-07-2024,[66300],37 Croydon Road Beckenham United Kingdom BR3 4AB,only SIC 66300 + incorporated 2024 or later
NSS VI HEALTHCARE 1 LTD,17276368,active,ltd,,17-06-2026,17-06-2026,[66300],"First Floor,  50 Marshall Street London United Kingdom W1F 9BQ",only SIC 66300 + incorporated 2024 or later
NSS VI HEALTHCARE 2 LTD,17290419,active,ltd,,20-06-2026,20-06-2026,[66300],"First Floor,  50 Marshall Street London United Kingdom W1F 9BQ",only SIC 66300 + incorporated 2024 or later
MREF III INTERMEDIATE GP LIMITED,12490723,active,ltd,,02-03-2020,02-03-2020,[66300],"7th Floor,  Parcels Building London United Kingdom W1U 1BU",name pattern: GP entity
MREF III GP LIMITED,08405058,active,ltd,,15-02-2013,15-02-2013,[66300],"7th Floor,  Parcels Building London United Kingdom W1U 1BU",name pattern: GP entity
3IN MIA II HOLDCO LIMITED,17283829,active,ltd,,18-06-2026,18-06-2026,[66300],1 Knightsbridge London United Kingdom SW1X 7LX,name pattern: holdco
ENTREPRENEURS FIRST FOUNDER GP (SINGAPORE) LIMITED,SC522351,active,ltd,,11-12-2015,11-12-2015,[66300],5 South Charlotte Street Edinburgh Scotland EH2 4AN,name pattern: GP entity
SK & WK INVESTMENTS LIMITED,16309779,active,ltd,,12-03-2025,12-03-2025,[66300],Low Barn Usk United Kingdom NP15 1HY,only SIC 66300 + incorporated 2024 or later
BREVAN HOWARD INVESTMENT MANAGEMENT LIMITED,15910588,active,ltd,,21-08-2024,21-08-2024,[66300],50 Broadway London England SW1H 0DB,only SIC 66300 + incorporated 2024 or later
CONORS TRADING HUB LTD,16257873,active,ltd,,17-02-2025,17-02-2025,[66300],"3rd Floor,  86-90 Paul Street London England EC2A 4NE",only SIC 66300 + incorporated 2024 or later
STREETLY DEMENTIA SUPPORT GROUP CIC,16276260,active,private-limited-guarant-nsc,community-interest-company,25-02-2025,25-02-2025,[66300],23 Egerton Road Sutton Coldfield England B74 3PQ,only SIC 66300 + incorporated 2024 or later
INSIDERS VENTURES ADVISORS LIMITED,16260673,active,ltd,,18-02-2025,18-02-2025,[66300],71-75 Shelton St London United Kingdom WC2H 9JQ,only SIC 66300 + incorporated 2024 or later
AQUINELLA NO.1 LIMITED,15475704,active,ltd,,09-02-2024,09-02-2024,[66300],Berkeley House Cobham United Kingdom KT11 1JG,only SIC 66300 + incorporated 2024 or later
JENTA NO.1 LIMITED,16280534,active,ltd,,27-02-2025,27-02-2025,[66300],"Berkeley House Cobham,  Surrey United Kingdom KT11 1JG",only SIC 66300 + incorporated 2024 or later
PHAURE & HAWKINS BECAUSE YOU CAN C.I.C.,15497605,active,private-limited-guarant-nsc,community-interest-company,17-02-2024,17-02-2024,[66300],2 High Street Aylesford England ME20 7BG,only SIC 66300 + incorporated 2024 or later
JAMJAR C LTD,15430576,active,ltd,,22-01-2024,22-01-2024,[66300],The Jam Pot Unit 3d Phoenix Brewery London United Kingdom W10 6SZ,only SIC 66300 + incorporated 2024 or later
EMERGE VENTURE PARTNERS (SCOTLAND) II LIMITED,SC741676,active,ltd,,18-08-2022,18-08-2022,[66300],"Fourth Floor,  7 Edinburgh Scotland EH2 3AH",name pattern: roman-numeral fund series suffix
LUNICORN INVESTMENTS LTD,16131349,active,ltd,,11-12-2024,11-12-2024,[66300],71-75 Shelton Street London United Kingdom WC2H 9JQ,only SIC 66300 + incorporated 2024 or later
BARWOOD GENERAL PARTNER 2017 (NOMINEE) LIMITED,10594695,active,ltd,,01-02-2017,01-02-2017,[66300],Grafton House Towcester United Kingdom NN12 7LS,name pattern: nominee entity
UCI FP II LIMITED,NI724636,active,ltd,,13-12-2024,13-12-2024,[66300],6th Floor Glengall Exchange Belfast United Kingdom BT12 5AB,name pattern: roman-numeral fund series suffix
NE SMALLER LOANS FUND CARRIED INTEREST PARTNER LIMITED,15478366,active,ltd,,10-02-2024,10-02-2024,[66300],Unit 4 Enterprise House Kingsway Gateshead United Kingdom NE11 0SR,only SIC 66300 + incorporated 2024 or later
PC GROUP NOMINEES LIMITED,12994733,active,ltd,,03-11-2020,03-11-2020,[66300],84 South Croxted Road London England SE21 8BD,name pattern: nominee entity
INVESTGROUPA LTD,15592605,active,ltd,,25-03-2024,25-03-2024,[66300],128 City Road London United Kingdom EC1V 2NX,only SIC 66300 + incorporated 2024 or later
CMAB HOLDING LTD,15504234,active,ltd,,19-02-2024,19-02-2024,[66300],128 City Road London United Kingdom EC1V 2NX,only SIC 66300 + incorporated 2024 or later
GPG ADVISERS LIMITED,15713920,active,ltd,,11-05-2024,11-05-2024,[66300],Ort House London England NW1 7ET,only SIC 66300 + incorporated 2024 or later
HART ADVISORS LTD,16353107,active,ltd,,31-03-2025,31-03-2025,[66300],5-8 The Sanctuary London United Kingdom SW1P 3JS,only SIC 66300 + incorporated 2024 or later
NSII HEALTHCARE 1 LTD,16359469,active,ltd,,02-04-2025,02-04-2025,[66300],"First Floor,  50 Marshall Street London United Kingdom W1F 9BQ",only SIC 66300 + incorporated 2024 or later
GROWTH PARTNER VENTURES LIMITED,15581319,active,ltd,,21-03-2024,21-03-2024,[66300],Estate Office Priory Estate York England YO26 8ES,only SIC 66300 + incorporated 2024 or later
NSII HEALTHCARE 2 LTD,16359426,active,ltd,,02-04-2025,02-04-2025,[66300],"First Floor,  50 Marshall Street London United Kingdom W1F 9BQ",only SIC 66300 + incorporated 2024 or later
IRIC LTD,16361243,active,ltd,,02-04-2025,02-04-2025,[66300],71-75 Shelton Street London United Kingdom WC2H 9JQ,only SIC 66300 + incorporated 2024 or later
M&G SOCIAL INVESTMENT GP2 LTD,15618092,active,ltd,,05-04-2024,05-04-2024,[66300],10 Fenchurch Avenue London United Kingdom EC3M 5AG,only SIC 66300 + incorporated 2024 or later
IMPERIUM ADMINISTRATION SERVICES UK LIMITED,15997889,active,ltd,,04-10-2024,04-10-2024,[66300],15 Hanover Square Mayfair London United Kingdom W1S 1HS,only SIC 66300 + incorporated 2024 or later
CLEAR BOOKINGS LTD,16376934,active,ltd,,09-04-2025,09-04-2025,[66300],Railway Arch 463 Andre Street London England E8 2AA,only SIC 66300 + incorporated 2024 or later
DIVYESH LIMITED,16401830,active,ltd,,23-04-2025,23-04-2025,[66300],2a Cambridge Road Hastings England TN34 1DJ,only SIC 66300 + incorporated 2024 or later
HK LEGACY PLANNING LTD,16407497,active,ltd,,25-04-2025,25-04-2025,[66300],1g Brighouse Road Middlesbrough England TS2 1RT,only SIC 66300 + incorporated 2024 or later
ATACAMA INVESTMENTS LIMITED,16407963,active,ltd,,25-04-2025,25-04-2025,[66300],4 The Sanctuary Surbiton United Kingdom KT6 6DU,only SIC 66300 + incorporated 2024 or later
REZONATE CAPITAL LIMITED,16381828,active,ltd,,11-04-2025,11-04-2025,[66300],Lifford Hall Lifford Lane Birmingham United Kingdom B30 3JN,only SIC 66300 + incorporated 2024 or later
ALT PRIME GLOBAL LTD,16383999,active,ltd,,13-04-2025,13-04-2025,[66300],22 Second Avenue London England W3 7RX,only SIC 66300 + incorporated 2024 or later
LONG VOL TECHNOLOGIES LTD,16389710,active,ltd,,15-04-2025,15-04-2025,[66300],Georg Fattinger West Drayton United Kingdom UB7 0LB,only SIC 66300 + incorporated 2024 or later
PROXIMUS CAPITAL PARTNERS LTD,15636094,active,ltd,,11-04-2024,11-04-2024,[66300],20 Wenlock Road London England N1 7GU,only SIC 66300 + incorporated 2024 or later
SE INVESTMENT GROUP LTD,16398369,active,ltd,,22-04-2025,22-04-2025,[66300],3 Newbridge Square Swindon United Kingdom SN1 1HN,only SIC 66300 + incorporated 2024 or later
ZENTARY LIMITED,16411529,active,ltd,,28-04-2025,28-04-2025,[66300],Imparando 56 Commercial Rd London United Kingdom E1 1LP,only SIC 66300 + incorporated 2024 or later
ICENI CAPITAL GP LIMITED,05329305,active,ltd,,11-01-2005,11-01-2005,[66300],32 Hampstead High Street null NW3 1JQ,name pattern: GP entity
MAVEN MEIF II ESEM DEBT GP LTD,SC792907,active,ltd,,19-12-2023,19-12-2023,[66300],Kintyre House Glasgow Scotland G2 2LW,name pattern: GP entity
CLUARAN CAPITAL LIMITED,16185671,active,ltd,,15-01-2025,15-01-2025,[66300],63 Oakmead Road London England SW12 9SH,only SIC 66300 + incorporated 2024 or later
CSIOF SCOTTISH INVESTOR GP LIMITED,SC321881,active,ltd,,20-04-2007,20-04-2007,[66300],"C/O Azets,  Quay 2,  139 Fountainbridge Edinburgh EH3 9QG",name pattern: GP entity
4JS INVEST LIMITED,15409371,active,ltd,,12-01-2024,12-01-2024,[66300],71-75 Shelton Street London United Kingdom WC2H 9JQ,only SIC 66300 + incorporated 2024 or later
FOX ASSET MANAGEMENT LIMITED,15428634,active,ltd,,20-01-2024,20-01-2024,[66300],7 Hoo Street Neath Wales SA11 2PA,only SIC 66300 + incorporated 2024 or later
CHESHIRE AND WARRINGTON DF (GP) LIMITED,12225197,active,ltd,,24-09-2019,24-09-2019,[66300],Cheshire East Borough Council C/O Delamere House Crewe England CW1 2LL,name pattern: GP entity
R.COOPER CONSULTING LIMITED,15612725,active,ltd,,03-04-2024,03-04-2024,[66300],27 Old Gloucester Street London United Kingdom WC1N 3AX,only SIC 66300 + incorporated 2024 or later
RESURGENT CAPITAL LTD,15604496,active,ltd,,30-03-2024,30-03-2024,[66300],"21 Ellis Street Knightsbridge,  London England SW1X 9AL",only SIC 66300 + incorporated 2024 or later
EPIEIKES LTD,16426559,active,private-limited-guarant-nsc,,02-05-2025,02-05-2025,[66300],Wessex House Newton Abbot United Kingdom TQ12 4AA,only SIC 66300 + incorporated 2024 or later
AUREUM CAPITAL MANAGEMENT LTD,16431329,active,ltd,,06-05-2025,06-05-2025,[66300],20 Wenlock Road London England N1 7GU,only SIC 66300 + incorporated 2024 or later
SENTINEL-UK LIMITED,16432157,active,ltd,,06-05-2025,06-05-2025,[66300],71-75 Shelton Street London United Kingdom WC2H 9JQ,only SIC 66300 + incorporated 2024 or later
GLOBAL MARKETING LTD,16757984,active,ltd,,02-10-2025,02-10-2025,[66300],128 City Road London United Kingdom EC1V 2NX,only SIC 66300 + incorporated 2024 or later
SAMSY CAPITAL LIMITED,16761239,active,ltd,,03-10-2025,03-10-2025,[66300],4 Whitfield Road London England E6 1AS,only SIC 66300 + incorporated 2024 or later
OPTIMUM PENSION MANAGEMENT LTD,16761679,active,ltd,,03-10-2025,03-10-2025,[66300],128 City Road London United Kingdom EC1V 2NX,only SIC 66300 + incorporated 2024 or later
EOLITH MANAGEMENT LTD,16738830,active,ltd,,24-09-2025,24-09-2025,[66300],"Unit 7a Moor Park Industrial Estate,  Tolpits Lane Watford England WD18 9SP",only SIC 66300 + incorporated 2024 or later
CONNECT VENTURES FIVE (ENGLAND) LIMITED,16743087,active,ltd,,25-09-2025,25-09-2025,[66300],4th Floor 89 Great Eastern Street London United Kingdom EC2A 3HX,only SIC 66300 + incorporated 2024 or later
LAROC COMPANY LTD,16743339,active,ltd,,25-09-2025,25-09-2025,[66300],Orchard Corner Littleworth Stroud England GL5 5AL,only SIC 66300 + incorporated 2024 or later
CONNECT VENTURES FIVE (SCOTLAND) LIMITED,SC864576,active,ltd,,30-09-2025,30-09-2025,[66300],Citypoint Edinburgh United Kingdom EH12 5HD,only SIC 66300 + incorporated 2024 or later
ELEPHANTA CAPITAL LTD,16000765,active,ltd,,07-10-2024,07-10-2024,[66300],11 Bolton Street London England W1J 8BB,only SIC 66300 + incorporated 2024 or later
GSCM CAPITAL I LIMITED,11645304,active,ltd,,26-10-2018,26-10-2018,[66300],Moor Place London England EC2Y 9DT,name pattern: roman-numeral fund series suffix
ECI 12 SPECIAL PURPOSE MIDCO 2 LIMITED,16559406,active,ltd,,03-07-2025,03-07-2025,[66300],Building 4 Croxley Park Watford United Kingdom WD18 8YF,name pattern: midco
STG PARTNERS UK LIMITED,15748325,active,ltd,,29-05-2024,29-05-2024,[66300],6 Upper Grosvenor Street London United Kingdom W1K 2LJ,only SIC 66300 + incorporated 2024 or later
MARGAUX PLATFORMS LIMITED,16632395,active,ltd,,06-08-2025,06-08-2025,[66300],84 Brook Street London United Kingdom W1K 5EH,only SIC 66300 + incorporated 2024 or later
GUIXOLS ASSET MANAGEMENT LTD,16815833,active,ltd,,28-10-2025,28-10-2025,[66300],35/37 Ludgate Hill London United Kingdom EC4M 7JN,only SIC 66300 + incorporated 2024 or later
ASSET PORTFOLIO GROUP LTD,16538115,active,ltd,,24-06-2025,24-06-2025,[66300],128 City Road London United Kingdom EC1V 2NX,only SIC 66300 + incorporated 2024 or later
HASLIBERG 2005 LIMITED,16538586,active,ltd,,24-06-2025,24-06-2025,[66300],C/O Guy Payne & Co Neston United Kingdom CH64 9XF,only SIC 66300 + incorporated 2024 or later
DMG RENOWN INVESTMENTS LIMITED,16301454,active,ltd,,07-03-2025,07-03-2025,[66300],Northcliffe House London United Kingdom W8 5HY,only SIC 66300 + incorporated 2024 or later
BLC III GP MEMBER LTD,15635295,active,ltd,,11-04-2024,11-04-2024,[66300],25 Southampton Buildings London United Kingdom WC2A 1AL,name pattern: GP entity
BLC III NOMINEE LTD,15635302,active,ltd,,11-04-2024,11-04-2024,[66300],25 Southampton Buildings London United Kingdom WC2A 1AL,name pattern: nominee entity
ABHIVIO LTD,16507107,active,ltd,,10-06-2025,10-06-2025,[66300],71-75 Shelton Street London United Kingdom WC2H 9JQ,only SIC 66300 + incorporated 2024 or later
ELMSTONE CAPITAL LTD,16511730,active,ltd,,11-06-2025,11-06-2025,[66300],Flat 2 61 Argyle Road London England W13 0LW,only SIC 66300 + incorporated 2024 or later
RENTELLIGENCE LIMITED,16522288,active,ltd,,17-06-2025,17-06-2025,[66300],44 Whitfield Road London England E6 1AS,only SIC 66300 + incorporated 2024 or later
ASSETCURE LTD,16475325,active,ltd,,27-05-2025,27-05-2025,[66300],275 New North Road London England N1 7AA,only SIC 66300 + incorporated 2024 or later
A.I. STRATEGY LTD,16549034,active,ltd,,30-06-2025,30-06-2025,[66300],Flat 612 Gilbert House Barbican London England EC2Y 8BD,only SIC 66300 + incorporated 2024 or later
HIMALAYA CAPITAL MANAGEMENT (UK) LIMITED,16549045,active,ltd,,30-06-2025,30-06-2025,[66300],4th Floor 3 More London Riverside London United Kingdom SE1 2AQ,only SIC 66300 + incorporated 2024 or later
KEITH GEOFFREY INVESTMENTS,16579475,active,private-unlimited,,14-07-2025,14-07-2025,[66300],"Mha The Pinnacle,  Building A Milton Keynes MK9 1LZ",only SIC 66300 + incorporated 2024 or later
REPEAT VC LIMITED,16520628,active,ltd,,16-06-2025,16-06-2025,[66300],"2nd Floor Connaught House,  1-3 Mount Street London United Kingdom W1K 3NB",only SIC 66300 + incorporated 2024 or later
ARVE GLOBAL GROUP LTD,16553600,active,ltd,,01-07-2025,01-07-2025,[66300],128 City Road London United Kingdom EC1V 2NX,only SIC 66300 + incorporated 2024 or later
ORION GROVE CAPITAL LIMITED,16629408,active,ltd,,05-08-2025,05-08-2025,[66300],Office 1212 Or 182-184 High Street North Area 1/1 East Ham United Kingdom E6 2JA,only SIC 66300 + incorporated 2024 or later
MACLAREN INVESTMENTS LIMITED,16594570,active,ltd,,21-07-2025,21-07-2025,[66300],C/O Elliot Woolfe & Rose Limited Stanmore United Kingdom HA7 1JS,only SIC 66300 + incorporated 2024 or later
2NA CAPITAL MANAGEMENT LTD,16595019,active,ltd,,21-07-2025,21-07-2025,[66300],"3rd Floor,  86-90 Paul Street London England EC2A 4NE",only SIC 66300 + incorporated 2024 or later
TRADINGSTOP LIMITED,16105285,active,ltd,,27-11-2024,27-11-2024,[66300],266 Shelley Road Wellingborough England NN8 3ED,only SIC 66300 + incorporated 2024 or later
ORBIS SYNDICATE LIMITED,16599372,active,ltd,,22-07-2025,22-07-2025,[66300],Flat 48 Providence House Maidenhead England SL6 8BF,only SIC 66300 + incorporated 2024 or later
ZIVE CAPITAL - CARDIFF FRIARY UK GP LIMITED,16467595,active,ltd,,22-05-2025,22-05-2025,[66300],Stanhope House London England W1K 1PR,name pattern: GP entity
ELLERSLIE INVESTMENTS LIMITED,16603262,active,ltd,,24-07-2025,24-07-2025,[66300],Rowlands Pulborough England RH20 1PQ,only SIC 66300 + incorporated 2024 or later
AURUM HEAVEN COMMUNITY GROUP LTD.,16609359,active,ltd,,28-07-2025,28-07-2025,[66300],Suite10 Capital House London United Kingdom E8 1LL,only SIC 66300 + incorporated 2024 or later
ASTOLAT INVESTMENT GROUP LIMITED,16634573,active,ltd,,07-08-2025,07-08-2025,[66300],27 Old Gloucester Street London United Kingdom WC1N 3AX,only SIC 66300 + incorporated 2024 or later
COMPTON INVESTMENT MANAGEMENT LIMITED,16636394,active,ltd,,07-08-2025,07-08-2025,[66300],45-51 Wychtree Street Swansea Wales SA6 8EX,only SIC 66300 + incorporated 2024 or later
FLUID FINANCE LTD,16622979,active,ltd,,01-08-2025,01-08-2025,[66300],5 Yarnfield Croft Stone England ST15 0GH,only SIC 66300 + incorporated 2024 or later
EMVIOS LIMITED,16625069,active,ltd,,04-08-2025,04-08-2025,[66300],5 St Botolph St London United Kingdom EC3A 7DH,only SIC 66300 + incorporated 2024 or later
SHENANDOAH CAPITAL LTD.,16626886,active,ltd,,04-08-2025,04-08-2025,[66300],71-75 Shelton Street London United Kingdom WC2H 9JQ,only SIC 66300 + incorporated 2024 or later
SANDSTONE WEALTH MANAGEMENT LTD,16842537,active,ltd,,10-11-2025,10-11-2025,[66300],Rookery Cottage Main Road Nantwich England CW5 6DJ,only SIC 66300 + incorporated 2024 or later
PASSION CAPITAL NOMINEES LIMITED,10454087,active,ltd,,31-10-2016,31-10-2016,[66300],"Second Floor,  Laxmi,  The Tanneries,  57 London England SE1 3XJ",name pattern: nominee entity
POST ROAD EUROPE (V) HOLDINGS LIMITED,16911879,active,ltd,,15-12-2025,15-12-2025,[66300],22 Great Marlborough Street London United Kingdom W1F 7HU,only SIC 66300 + incorporated 2024 or later
SEEDCAMP VI INVESTMENTS LTD,16490193,active,ltd,,02-06-2025,02-06-2025,[66300],12 Little Portland Street London England W1W 8BJ,only SIC 66300 + incorporated 2024 or later
KEMPSFORD CAPITAL LTD,16852860,active,ltd,,13-11-2025,13-11-2025,[66300],2 Old Bath Road Newbury United Kingdom RG14 1QL,only SIC 66300 + incorporated 2024 or later
NOSTOS CAPITAL LTD,16845124,active,ltd,,10-11-2025,10-11-2025,[66300],167-169 Great Portland Street London England W1W 5PF,only SIC 66300 + incorporated 2024 or later
NSII EDUCATION 2 LTD,16863798,active,ltd,,18-11-2025,18-11-2025,[66300],"First Floor,  50 Marshall Street London United Kingdom W1F 9BQ",only SIC 66300 + incorporated 2024 or later
AMPERSAND MANAGEMENT UK LTD,16460662,active,ltd,,20-05-2025,20-05-2025,[66300],Myo Piccadilly (Suite 2.03) 1 Sherwood Street London United Kingdom W1F 7BL,only SIC 66300 + incorporated 2024 or later
CACTI CAPITAL LTD,15604259,active,ltd,,30-03-2024,30-03-2024,[66300],37 Lombard Street London England EC3V 9BQ,only SIC 66300 + incorporated 2024 or later
GLOBAL GUARANTEE CAPITAL INVESTMENT PARTNERSHIP 1 MANAGEMENT COMPANY LTD,16873441,active,ltd,,25-11-2025,25-11-2025,[66300],Oriel House 26 The Quadrant Richmond England TW9 1DL,only SIC 66300 + incorporated 2024 or later
SIGNAL LOAN MANAGEMENT LIMITED,16486150,active,ltd,,30-05-2025,30-05-2025,[66300],4th Floor 25 Golden Square London United Kingdom W1F 9LU,only SIC 66300 + incorporated 2024 or later
DIGITAL ENERGY VENTURES LTD,16492427,active,ltd,,03-06-2025,03-06-2025,[66300],21 Commonfields Woking England GU24 9JA,only SIC 66300 + incorporated 2024 or later
ALIMITA 2 LIMITED,16493335,active,ltd,,03-06-2025,03-06-2025,[66300],Office 1 Hatherton Court Walsall United Kingdom WS4 2LA,only SIC 66300 + incorporated 2024 or later
EAST ANGLIA ASSET MANAGEMENT COMPANY LTD,16874160,active,ltd,,25-11-2025,25-11-2025,[66300],12a Ampthill Road Shefford United Kingdom SG17 5BD,only SIC 66300 + incorporated 2024 or later
AVESTOR INVESTMENT MANAGEMENT LTD,16883143,active,ltd,,01-12-2025,01-12-2025,[66300],99 Columbia Way Blackburn England BB2 7EA,only SIC 66300 + incorporated 2024 or later
ALDERWAY (ENGCO) LTD,15982106,active,ltd,,27-09-2024,27-09-2024,[66300],54 Welbeck Street London England W1G 9XS,only SIC 66300 + incorporated 2024 or later
AGAVE CAPITAL MANAGEMENT LIMITED,16083024,active,ltd,,15-11-2024,15-11-2024,[66300],C/O Buzzacott Llp London United Kingdom EC2V 6DL,only SIC 66300 + incorporated 2024 or later
PM GLOBAL CAPITAL LIMITED,16878627,active,ltd,,27-11-2025,27-11-2025,[66300],"6th Floor,  Amp House Croydon United Kingdom CR0 2LX",only SIC 66300 + incorporated 2024 or later
API MAWGAN PORTH INVESTMENTS LIMITED,15534432,active,ltd,,01-03-2024,01-03-2024,[66300],29 York Street London England W1H 1EZ,only SIC 66300 + incorporated 2024 or later
JS GROUP INVESTMENT LIMITED,16827880,active,ltd,,03-11-2025,03-11-2025,[66300],55 Station Road Beaconsfield England HP91 QL,only SIC 66300 + incorporated 2024 or later
KATZ GENERAL PARTNER LIMITED,16819246,active,ltd,,29-10-2025,29-10-2025,[66300],6 Hill Street London United Kingdom W1J 5NF,only SIC 66300 + incorporated 2024 or later
JAM CAPITAL INVESTMENTS LIMITED,15393659,active,ltd,,06-01-2024,06-01-2024,[66300],38 Reed Drive Redhill RH1 6TA,only SIC 66300 + incorporated 2024 or later
BOTSWANA TECH LTD,16820966,active,ltd,,30-10-2025,30-10-2025,[66300],The Stables Alton England GU34 1HG,only SIC 66300 + incorporated 2024 or later
ARCSTEN CAPITAL LIMITED,16828821,active,ltd,,03-11-2025,03-11-2025,[66300],Flat 5 5 Vicarage Gate London England W8 4HH,only SIC 66300 + incorporated 2024 or later
HOUSE OF JUPITER LIMITED,15914952,active,ltd,,23-08-2024,23-08-2024,[66300],167-169 Great Portland Street London England W1W 5PF,only SIC 66300 + incorporated 2024 or later
BULLIONEDGE FX LIMITED,16887514,active,ltd,,03-12-2025,03-12-2025,[66300],47 Redgrave Street Oldham England OL4 2DY,only SIC 66300 + incorporated 2024 or later
TRILORNA CAPITAL LTD,16944166,active,ltd,,05-01-2026,05-01-2026,[66300],167-169 Great Portland Street London England W1W 5PF,only SIC 66300 + incorporated 2024 or later
PROJECT EUROPE CARRY GP LIMITED,SC873561,active,ltd,,24-12-2025,24-12-2025,[66300],C/O Brodies Llp Capital Square Edinburgh United Kingdom EH3 8BP,name pattern: GP entity
SANTANDER ALTERNATIVE INVESTMENTS UK LIMITED,17325485,active,ltd,,07-07-2026,07-07-2026,[66300],Nations House 5th Floor West London United Kingdom W1U 1QS,only SIC 66300 + incorporated 2024 or later
SCI VENTURES BIOTECH LTD,17336857,active,ltd,,13-07-2026,13-07-2026,[66300],30 Old Bailey London United Kingdom EC4M 7AU,only SIC 66300 + incorporated 2024 or later
ICP (FINCH) GP 2 LIMITED,13716590,active,ltd,,01-11-2021,01-11-2021,[66300],Fifth Floor London England W1W 5PF,name pattern: GP entity
NABUCCO (TOPCO) LIMITED,13817888,active,ltd,,24-12-2021,24-12-2021,[66300],Fifth Floor London England W1W 5PF,name pattern: topco
MOLE (HOLDCO) LIMITED,12759550,active,ltd,,21-07-2020,21-07-2020,[66300],Fifth Floor London England W1W 5PF,name pattern: holdco
JJJ CAPITAL MANAGEMENT (UK) LTD,17355520,active,ltd,,22-07-2026,22-07-2026,[66300],"5th Floor,  Greycoat Stores London United Kingdom SW1P 1SB",only SIC 66300 + incorporated 2024 or later
JS INVESTMENT MANAGEMENT LIMITED,17364035,active,ltd,,27-07-2026,27-07-2026,[66300],18 Sussex Place London England W2 2TP,only SIC 66300 + incorporated 2024 or later
VANTRADE LTD,17366541,active,ltd,,28-07-2026,28-07-2026,[66300],128 City Road London United Kingdom EC1V 2NX,only SIC 66300 + incorporated 2024 or later
H DOBSON HOLDINGS LTD,17374038,active,ltd,,31-07-2026,31-07-2026,[66300],Devon Suite Dencora Business Centre Ipswich England IP1 5LT,only SIC 66300 + incorporated 2024 or later
KALYAN ADVISORY LIMITED,17380199,active,ltd,,04-08-2026,04-08-2026,[66300],16 Great Queen Street London United Kingdom WC2B 5AH,only SIC 66300 + incorporated 2024 or later
ASHOW STRATEGIC LTD,17373663,active,ltd,,31-07-2026,31-07-2026,[66300],128 City Road London United Kingdom EC1V 2NX,only SIC 66300 + incorporated 2024 or later
THIRD OBJECTIVE LIMITED,17370307,active,ltd,,30-07-2026,30-07-2026,[66300],Little Ghyll Wisborough Green England RH14 0DQ,only SIC 66300 + incorporated 2024 or later
HIGHBRIDGE INT LIMITED,17390600,active,ltd,,10-08-2026,10-08-2026,[66300],Woodhill Farm Gerrards Cross England SL9 7AZ,only SIC 66300 + incorporated 2024 or later
ALTERA CAPITAL LTD,17386381,active,ltd,,06-08-2026,06-08-2026,[66300],128 City Road London United Kingdom EC1V 2NX,only SIC 66300 + incorporated 2024 or later
IRE FGC REAL ESTATE DEBT GP LIMITED,17361191,active,ltd,,24-07-2026,24-07-2026,[66300],Perpetual Park Henley-On-Thames United Kingdom RG9 1HH,name pattern: GP entity
NORTH EAST TECHNOLOGY (GP) LIMITED,06628835,active,ltd,,24-06-2008,24-06-2008,[66300],"5th Floor,  West One Newcastle Upon Tyne England NE1 3PA",name pattern: GP entity
SWB CAPITAL LTD,17399528,active,ltd,,13-08-2026,13-08-2026,[66300],23 St. Stephens Crescent Grays England RM16 4AU,only SIC 66300 + incorporated 2024 or later
PLAYGROUND GLOBAL ADVISERS LTD,17404165,active,ltd,,17-08-2026,17-08-2026,[66300],100 Lambeth Palace Road London United Kingdom SE1 7AR,only SIC 66300 + incorporated 2024 or later
AVIVA INVESTORS CTF INFRASTRUCTURE MIDCO 1 LIMITED,14313704,active,ltd,,23-08-2022,23-08-2022,[66300],80 Fenchurch Street London United Kingdom EC3M 4AE,name pattern: midco
AVIVA INVESTORS UK CRESD GP LIMITED,08424756,active,ltd,,28-02-2013,28-02-2013,[66300],80 Fenchurch Street London United Kingdom EC3M 4AE,name pattern: GP entity
AVIVA SPECIAL PFI GP LIMITED,08080716,active,ltd,,23-05-2012,23-05-2012,[66300],80 Fenchurch Street London United Kingdom EC3M 4AE,name pattern: GP entity
VIP (UK) ADVISERS II LIMITED,10812268,active,ltd,,09-06-2017,09-06-2017,[66300],"4th Floor,  Nova South London England SW1E 5LB",name pattern: roman-numeral fund series suffix
LE CHAPEAU LIMITED,15805586,active,ltd,,27-06-2024,27-06-2024,[66300],25 Redston Road London England N8 7HL,only SIC 66300 + incorporated 2024 or later
ARES INITIAL GP LIMITED,09932377,active,ltd,,30-12-2015,30-12-2015,[66300],"C/O Tmf Group,  13th Floor London United Kingdom EC2R 7HJ",name pattern: GP entity
CRYPTO INVESTMENT OPTIONS LTD,15785811,active,ltd,,18-06-2024,18-06-2024,[66300],27 Lakeside Beckenham England BR3 6LX,only SIC 66300 + incorporated 2024 or later
BGFV FEEDER LTD,14935348,active,ltd,,14-06-2023,14-06-2023,[66300],Grafton House Towcester United Kingdom NN12 7LS,name pattern: feeder vehicle
ELYSIAN CAPITAL GP III (ENGLAND) LIMITED,12563377,active,ltd,,20-04-2020,20-04-2020,[66300],1 Southampton Street London England WC2R 0LR,name pattern: GP entity
COACH HOUSE SETTLEMENT (NO 5) GP LIMITED,13051511,active,ltd,,30-11-2020,30-11-2020,[66300],White House Church Lane Winchester England SO21 2NJ,name pattern: GP entity
COACH HOUSE LITIGATION (NO 3) GP LIMITED,11087876,active,ltd,,29-11-2017,29-11-2017,[66300],White House Church Lane Winchester United Kingdom SO21 2NJ,name pattern: GP entity
VGC MEMBER II LIMITED,11055584,active,ltd,,09-11-2017,09-11-2017,[66300],"2nd Floor,  201 Great Portland Street,  London United Kingdom W1W 5AB",name pattern: roman-numeral fund series suffix
VE07 BRIP FEEDER LIMITED,15843680,active,ltd,,17-07-2024,17-07-2024,[66300],Grafton House Towcester United Kingdom NN12 7LS,name pattern: feeder vehicle
IQ CAPITAL PARTNERS GP LIMITED,05463283,active,ltd,,25-05-2005,25-05-2005,[66300],45 Whitfield Street London England W1T 4HD,name pattern: GP entity
POLZEATH VILLAGE CIC,15845379,active,private-limited-guarant-nsc,community-interest-company,18-07-2024,18-07-2024,[66300],35 Higher Tristram Wadebridge England PL27 6TF,only SIC 66300 + incorporated 2024 or later
WHITEROCK GCF NOMINEES LIMITED,NI716456,active,ltd,,31-05-2024,31-05-2024,[66300],8th Floor City Exchange Building Belfast Northern Ireland BT1 4LS,name pattern: nominee entity
PEGASUS CAPITAL BIDCO LIMITED,14320331,active,ltd,,26-08-2022,26-08-2022,[66300],First Floor North High Wycombe England HP11 2EE,name pattern: bidco
BGF LIFE SCIENCES 1 GP LIMITED,12616795,active,ltd,,21-05-2020,21-05-2020,[66300],13-15 York Buildings London United Kingdom WC2N 6JU,name pattern: GP entity
FINTECH22 LIMITED,15744915,active,ltd,,28-05-2024,28-05-2024,[66300],Wayside Redbrook Street Ashford England TN26 3QR,only SIC 66300 + incorporated 2024 or later
TOSCA GP HOLDINGS LTD,12762642,active,ltd,,23-07-2020,23-07-2020,[66300],Ferguson House 15 Marylebone Road London England NW1 5JD,name pattern: GP entity
PRIMARY GP CO V LIMITED,11704445,active,ltd,,29-11-2018,29-11-2018,[66300],Augustine House London United Kingdom EC2N 2HA,name pattern: GP entity
PM ASSET MANAGEMENT (FUND IV) LIMITED,06970957,active,ltd,,23-07-2009,23-07-2009,[66300],16 Riverside Omega Park Alton GU34 2UF,name pattern: numbered fund vehicle
KEY CAPITAL PARTNERS III (NOMINEES) LIMITED,15856475,active,ltd,,24-07-2024,24-07-2024,[66300],13 Park Place Leeds United Kingdom LS1 2SJ,name pattern: nominee entity
PRIMARY IV GP CO LIMITED,08858756,active,ltd,,23-01-2014,23-01-2014,[66300],Ground Floor Augustine House London EC2N 2HA,name pattern: GP entity
FSE MEIF GP LTD,12367480,active,ltd,,17-12-2019,17-12-2019,"[64929, 66300]",First Floor Linea House Fleet England GU51 2UZ,name pattern: GP entity
MAVEN IFS EQUITY GP LIMITED,SC777479,active,ltd,,31-07-2023,31-07-2023,[66300],Kintyre House Glasgow Scotland G2 2LW,name pattern: GP entity
BGF UKEF 3 GP LIMITED,14831791,active,ltd,,27-04-2023,27-04-2023,[66300],13-15 York Buildings London United Kingdom WC2N 6JU,name pattern: GP entity
FSE SWIF EQUITY GP LIMITED,14585371,active,ltd,,11-01-2023,11-01-2023,[66300],"First Floor,  Linea House Fleet England GU51 2UZ",name pattern: GP entity
"HOXTON VENTURES IV, (SCOT) LTD",SC818164,active,ltd,,,01-08-2024,[66300],50 Lothian Road Edinburgh Scotland EH3 9WJ,name pattern: roman-numeral fund series suffix
KEY CAPITAL PARTNERS (GENERAL PARTNER) VIII LIMITED,09162283,active,ltd,,05-08-2014,05-08-2014,[66300],13 Park Place Leeds England LS1 2SJ,name pattern: roman-numeral fund series suffix
NSII TRUSTEE (UK) LTD,15876826,active,ltd,,05-08-2024,05-08-2024,[66300],"First Floor,  50 Marshall Street London United Kingdom W1F 9BQ",only SIC 66300 + incorporated 2024 or later
ECI 12 NOMINEES LIMITED,11540468,active,ltd,,28-08-2018,28-08-2018,[66300],80 Strand London England WC2R 0DT,name pattern: nominee entity
ECI 11 NOMINEES LIMITED,11549474,active,ltd,,03-09-2018,03-09-2018,[66300],80 Strand London England WC2R 0DT,name pattern: nominee entity
HSRE INVESTMENT PARTNERSHIP UK GP LIMITED,SC637990,active,ltd,,05-08-2019,05-08-2019,[66300],Collins House Edinburgh United Kingdom EH1 2AA,name pattern: GP entity
"TRACT CAPITAL MANAGEMENT UK II, LTD",15907628,active,ltd,,,20-08-2024,[66300],"Suite 1,  7th Floor 50 Broadway London United Kingdom SW1H 0DB",name pattern: roman-numeral fund series suffix
MIRAFE A HOLDINGS,15907849,active,private-unlimited,,20-08-2024,20-08-2024,[66300],1 Chamberlain Square Cs Birmingham B3 3AX,only SIC 66300 + incorporated 2024 or later
RUTLAND III CILP GP LIMITED,SC460191,active,ltd,,26-09-2013,26-09-2013,[66300],50 Lothian Road Edinburgh EH3 9WJ,name pattern: GP entity
MIRAFE T HOLDINGS,15909261,active,private-unlimited,,21-08-2024,21-08-2024,[66300],1 Chamberlain Square Cs Birmingham B3 3AX,only SIC 66300 + incorporated 2024 or later
SIMSAN VENTURES GP LTD,13923736,active,ltd,,17-02-2022,17-02-2022,[66300],"Thompson Taraz Stanhope House,  4th Floor London England W1K 1PR",name pattern: GP entity
IFM FINTECH OPPORTUNITIES III GP LIMITED,13760839,active,ltd,,23-11-2021,23-11-2021,"[64303, 66300]",404 The Frames Phipp Street London United Kingdom EC2A 4PS,name pattern: GP entity
PETERBOROUGH CAPITAL ADVISORY LTD,15917025,active,ltd,,27-08-2024,27-08-2024,[66300],C/O Aspreys Accountants Ltd No 5 The Heights Weybridge United Kingdom KT13 0NY,only SIC 66300 + incorporated 2024 or later
LUCKY FRIDAY LTD,15918836,active,ltd,,27-08-2024,27-08-2024,[66300],8 Devonshire Square London England EC2M 4YJ,only SIC 66300 + incorporated 2024 or later
EXPONENT PRIVATE EQUITY GP OF GP II LIMITED,SC326447,active,ltd,,27-06-2007,27-06-2007,[66300],58 Morrison Street Edinburgh Scotland EH3 8BP,name pattern: GP entity
EXPONENT PRIVATE EQUITY FOUNDER PARTNER GP II LIMITED,SC326446,active,ltd,,27-06-2007,27-06-2007,[66300],58 Morrison Street Edinburgh Scotland EH3 8BP,name pattern: GP entity
EXPONENT PRIVATE EQUITY GP (SECOND MEMBER) LIMITED,10175343,active,ltd,,11-05-2016,11-05-2016,[66300],30 Broadwick Street London England W1F 8JB,name pattern: GP entity
EXPONENT PRIVATE EQUITY FOUNDER PARTNER GP III LIMITED,09058511,active,ltd,,27-05-2014,27-05-2014,[66300],30 Broadwick Street London England W1F 8JB,name pattern: GP entity
BAOBAB CAPITAL MANAGEMENT LTD,15784523,active,ltd,,17-06-2024,17-06-2024,[66300],81 Rivington Street London United Kingdom EC2A 3AY,only SIC 66300 + incorporated 2024 or later
SYSTEMA GP LIMITED,12074683,active,ltd,,28-06-2019,28-06-2019,[66300],100 Cannon Street London England EC4N 6EU,name pattern: GP entity
ACORN PORTFOLIO NO3 LIMITED,15821091,active,ltd,,05-07-2024,05-07-2024,[66300],29 York Street London United Kingdom W1H 1EZ,only SIC 66300 + incorporated 2024 or later
RESONANCE WIND GP LTD,SC443189,active,ltd,,20-02-2013,20-02-2013,[66300],13 Queens Road Aberdeen AB15 4YL,name pattern: GP entity
ASHRIDGE CAPITAL FUND I GP LIMITED,06984281,active,ltd,,07-08-2009,07-08-2009,[66300],Ashridge House Golf Club Road Berkhamsted HP4 1LY,name pattern: GP entity
IQCP V C2 LIMITED,15887203,active,ltd,,09-08-2024,09-08-2024,[66300],45 Whitfield Street London England W1T 4HD,only SIC 66300 + incorporated 2024 or later
IMF BENTHAM ROW SPV 1 LIMITED,12124403,active,ltd,,26-07-2019,26-07-2019,[66300],"Link House,   Level 2 London United Kingdom EC1M 6EJ",name pattern: SPV
BROADWOOD LLSCF LIMITED,15886795,active,ltd,,08-08-2024,08-08-2024,[66300],4th Floor 95 Chancery Lane London United Kingdom WC2A 1DT,only SIC 66300 + incorporated 2024 or later
KINDRED CAPITAL OPPORTUNITY PLUS GP LIMITED,12725724,active,ltd,,07-07-2020,07-07-2020,[66300],Percy House 1st Floor West London England W1T 1QU,name pattern: GP entity
SYNOVA CAPITAL GP 7 LIMITED,14266986,active,ltd,,01-08-2022,01-08-2022,[66300],3rd Floor 45 Mortimer Street London United Kingdom W1W 8HJ,name pattern: GP entity
SLF GP LIMITED,SC391744,active,ltd,,18-01-2011,18-01-2011,[66300],Kintyre House Glasgow G2 2LW,name pattern: GP entity
GP FUND SOLUTIONS UK LIMITED,13372073,active,ltd,,03-05-2021,03-05-2021,"[64301, 66300]",Mocatta House Brighton United Kingdom BN1 4DU,name pattern: GP entity
DW NOMINEES LTD,08253342,active,ltd,,15-10-2012,15-10-2012,[66300],Beckwith Barn Warren Estate Writtle England CM1 3WT,name pattern: nominee entity
BGF GP LIMITED,10657217,active,ltd,,07-03-2017,07-03-2017,[66300],13-15 York Buildings London United Kingdom WC2N 6JU,name pattern: GP entity
PENTECH FUND II GP LIMITED,SC328064,active,ltd,,20-07-2007,20-07-2007,[66300],19 Ormidale Terrace Edinburgh Scotland EH12 6DY,name pattern: GP entity
TECHSTART NI SME EQUITY GP LIMITED,SC479971,active,ltd,,12-06-2014,12-06-2014,[66300],C/O Cms Cameron Mckenna Naborro Olswang Llp Saltire Court Edinburgh Scotland EH1 2EN,name pattern: GP entity
LONDON EDGE FUND GP CIP LIMITED,SC813413,active,ltd,,12-06-2024,12-06-2024,[66300],50 Lothian Road Edinburgh Scotland EH3 9WJ,name pattern: GP entity
TECHSTART NI GP 2 LIMITED,SC479976,active,ltd,,12-06-2014,12-06-2014,[66300],C/O Cms Cameron Mckenna Naborro Olswang Llp Saltire Court Edinburgh Scotland EH1 2EN,name pattern: GP entity
FORESIGHT NF FP GP LIMITED,08571148,active,ltd,,17-06-2013,17-06-2013,[66300],C/O Foresight Group Llp The Shard London United Kingdom SE1 9SG,name pattern: GP entity
AOC GP (UK) LTD.,10261489,active,ltd,,04-07-2016,04-07-2016,[66300],91 Wimpole Street London England W1G 0EF,name pattern: GP entity
AKKISTRADING LTD,15779632,active,ltd,,15-06-2024,15-06-2024,[66300],28 Otto Terrace Sunderland England SR2 7LP,only SIC 66300 + incorporated 2024 or later
ALFA8 COLIQ LIMITED,15680914,active,ltd,,25-04-2024,25-04-2024,[66300],42 New Broad Street London United Kingdom EC2M 1JD,only SIC 66300 + incorporated 2024 or later
NEXT WAVE PARTNERS NOMINEES LIMITED,08087861,active,ltd,,29-05-2012,29-05-2012,[66300],87-89 Baker Street London United Kingdom W1U 6RJ,name pattern: nominee entity
KEY CAPITAL PARTNERS (GENERAL PARTNER) III LIMITED,15794473,active,ltd,,22-06-2024,22-06-2024,[66300],13 Park Place Leeds United Kingdom LS1 2SJ,name pattern: roman-numeral fund series suffix
HAPPY SEVEN HOLDINGS,15578763,active,private-unlimited,,20-03-2024,20-03-2024,[66300],38 Drummond Drive Stanmore HA7 3PD,only SIC 66300 + incorporated 2024 or later
CAPRICORNIO CAPITAL LTD,15795134,active,ltd,,22-06-2024,22-06-2024,[66300],16 Beech Way St. Albans England AL4 8LY,only SIC 66300 + incorporated 2024 or later
AJ TRANSFER LTD,15797472,active,ltd,,23-06-2024,23-06-2024,[66300],15 Teal Close Oxford England OX4 7GU,only SIC 66300 + incorporated 2024 or later
KEY CAPITAL PARTNERS VIII (NOMINEES) LIMITED,15799942,active,ltd,,24-06-2024,24-06-2024,[66300],13 Park Place Leeds United Kingdom LS1 2SJ,name pattern: nominee entity
TSO GP LIMITED,11396868,active,ltd,,04-06-2018,04-06-2018,[66300],"Duo,  Level 6 London United Kingdom EC2M 4RB",name pattern: GP entity
MERTON AND BROOKS SERVICES LIMITED,15712228,active,ltd,,10-05-2024,10-05-2024,[66300],2nd Floor 123 Fonthill Road London England N4 3HH,only SIC 66300 + incorporated 2024 or later
GAURI CAPITAL LIMITED,15761548,active,ltd,,04-06-2024,04-06-2024,[66300],13 Tanglewood Close Uxbridge England UB10 0DT,only SIC 66300 + incorporated 2024 or later
WAYPOINT ESSENTIAL STORES GP LIMITED,13419851,active,ltd,,25-05-2021,25-05-2021,[66300],17-19 Maddox Street London England W1S 2QH,name pattern: GP entity
EIM NOMINEES LIMITED,02774481,active,ltd,,17-12-1992,17-12-1992,[66300],10-11 Austin Friars London England EC2N 2HG,name pattern: nominee entity
ONE GROUP SOLUTIONS LONDON LIMITED,15645156,active,ltd,,14-04-2024,14-04-2024,[66300],"4th Floor,  Pountney Hill House London England EC4R 0BL",only SIC 66300 + incorporated 2024 or later
IQ CAPITAL PARTNERS CUSTODIAN III LIMITED,10940428,active,ltd,,31-08-2017,31-08-2017,[66300],45 Whitfield Street London England W1T 4HD,name pattern: roman-numeral fund series suffix
EPISODE (GP) LTD,08383439,active,ltd,,31-01-2013,31-01-2013,[66300],112 - 116 New Oxford Street London England WC1A 1HH,name pattern: GP entity
STARBROOKE EVENTS LTD,16003183,active,ltd,,07-10-2024,07-10-2024,[66300],21 Henrietta Street Batley England WF17 5DN,only SIC 66300 + incorporated 2024 or later
RESI CAPITAL MANAGEMENT GP LIMITED,11771962,active,ltd,,16-01-2019,16-01-2019,[66300],5 New Street Square London England EC4A 3TW,name pattern: GP entity
TRANSITION GLOBAL GENERAL PARTNER I LIMITED,13968373,active,ltd,,10-03-2022,10-03-2022,[66300],4th Floor 5 Carnaby Street London United Kingdom W1F 9PB,name pattern: roman-numeral fund series suffix
HEDMAN CAPITAL LTD,16030316,active,ltd,,21-10-2024,21-10-2024,[66300],71-75 Shelton Street London United Kingdom WC2H 9JQ,only SIC 66300 + incorporated 2024 or later
IONA STAR NOMINEES LIMITED,NI722818,active,ltd,,22-10-2024,22-10-2024,[66300],Floor 8 City Exchange Belfast United Kingdom BT1 4LS,name pattern: nominee entity
SPECTRUM FIBRE HOLDCO LIMITED,12870014,active,ltd,,10-09-2020,10-09-2020,[66300],Hodge House Cardiff Wales CF10 1DY,name pattern: holdco
DREOF II UK MERIDIA HOLDINGS III LIMITED,09973525,active,ltd,,27-01-2016,27-01-2016,[66300],C/O Siguler Guff Uk Llp 17 Albemarle Street London England W1S 4HP,name pattern: roman-numeral fund series suffix
BLAISE (BIDCO) LIMITED,12909416,active,ltd,,28-09-2020,28-09-2020,[66300],1st Floor Burdett House London England WC2N 6DU,name pattern: bidco
EPISO 3 FEEDER (GP) LIMITED,SC463497,active,ltd,,11-11-2013,11-11-2013,[66300],"Level 5,  9 Haymarket Square Edinburgh Scotland EH3 8RY",name pattern: GP entity
ASPER PLATFORM SERVICES LIMITED,15989908,active,ltd,,01-10-2024,01-10-2024,[66300],68 King William Street London United Kingdom EC4N 7HR,only SIC 66300 + incorporated 2024 or later
C.M.B. SOLAR ENERGY I LIMITED,13057803,active,ltd,,02-12-2020,02-12-2020,[66300],C/O Kidd Rapinet Llp London United Kingdom E14 9GE,name pattern: roman-numeral fund series suffix
"HOXTON VENTURES III, (SCOT) LTD",SC691845,active,ltd,,,10-03-2021,[66300],50 Lothian Road Edinburgh Scotland EH3 9WJ,name pattern: roman-numeral fund series suffix
AVIVA INVESTORS (GP) SCOTLAND LIMITED,SC336262,active,ltd,,16-01-2008,16-01-2008,[66300],Pitheavlis null PH2 0NH,name pattern: GP entity
L&G AFFORDABLE HOUSING GP LIMITED,15123164,active,ltd,,07-09-2023,07-09-2023,[66300],One Coleman Street London United Kingdom EC2R 5AA,name pattern: GP entity
META MINES INVESTMENTS LTD,15969947,active,ltd,,20-09-2024,20-09-2024,[66300],71-75 Shelton Street London United Kingdom WC2H 9JQ,only SIC 66300 + incorporated 2024 or later
ALLIANZ HOME EQUITY INCOME GP 1 LIMITED,11300042,active,ltd,,09-04-2018,09-04-2018,[66300],199 Bishopsgate London United Kingdom EC2M 3TY,name pattern: GP entity
GIANT VENTURES I LIMITED,12087799,active,ltd,,05-07-2019,05-07-2019,[66300],Giant House London United Kingdom W11 4PG,name pattern: roman-numeral fund series suffix
BGF CO-INVEST NOMINEES LIMITED,15156897,active,ltd,,22-09-2023,22-09-2023,[66300],13-15 York Buildings London United Kingdom WC2N 6JU,name pattern: nominee entity
EQUES INVESTMENTS LTD,15844826,active,ltd,,17-07-2024,17-07-2024,[66300],10 Queen Street Place London England EC4R 1AG,only SIC 66300 + incorporated 2024 or later
IQ CAPITAL PARTNERS GP II LIMITED,07386359,active,ltd,,23-09-2010,23-09-2010,[66300],45 Whitfield Street London England W1T 4HD,name pattern: GP entity
BLC I GP MEMBER LTD,12417510,active,ltd,,21-01-2020,21-01-2020,[66300],25 Southampton Buildings London United Kingdom WC2A 1AL,name pattern: GP entity
BLC II NOMINEE LTD,13238493,active,ltd,,02-03-2021,02-03-2021,[66300],25 Southampton Buildings London United Kingdom WC2A 1AL,name pattern: nominee entity
HIGHLAND DREAMS GP UNLIMITED,SC486828,active,private-unlimited,,16-09-2014,16-09-2014,[66300],31-33 Union Grove Aberdeen AB10 6SD,name pattern: GP entity
GLENNMONT PARTNERS I LIMITED,06386353,active,ltd,,01-10-2007,01-10-2007,[66300],9th Floor 201 Bishopsgate London United Kingdom EC2M 3BN,name pattern: roman-numeral fund series suffix
NSS HEALTHCARE HOLDCO LTD,15934892,active,ltd,,04-09-2024,04-09-2024,[66300],Eagle House First Floor London England W1F 9BQ,name pattern: holdco
GAMECHANGER INVESTMENTS LTD,15935065,active,ltd,,04-09-2024,04-09-2024,[66300],The Octagon 27 Middleborough Colchester England CO1 1TG,only SIC 66300 + incorporated 2024 or later
BCCIM GP (SCOTLAND) LIMITED,SC709700,active,ltd,,16-09-2021,16-09-2021,[66300],50 Lothian Road Edinburgh Scotland EH3 9WJ,name pattern: GP entity
MAYFAIR EQUITY PARTNERS I CO-INVESTOR GP LIMITED,SC516430,active,ltd,,24-09-2015,24-09-2015,[66300],50 Lothian Road Edinburgh Scotland EH3 9WJ,name pattern: GP entity
HARBOUR NOMINEES LIMITED,02398608,active,ltd,,27-06-1989,27-06-1989,[66300],23 King Street London SW1Y 6QY,name pattern: nominee entity
NSS HEALTHCARE 2 LTD,15937987,active,ltd,,05-09-2024,05-09-2024,[66300],Eagle House First Floor London England W1F 9BQ,only SIC 66300 + incorporated 2024 or later
H2 HOLDCO LIMITED,16002833,active,ltd,,07-10-2024,07-10-2024,[66300],4-5 Manchester Square London England W1U 3PD,name pattern: holdco
MVM (GP) (NO.5A) LIMITED,05959362,active,ltd,,06-10-2006,06-10-2006,[66300],38 Wigmore Street London England W1U 2RU,name pattern: GP entity
HAL ONE LIMITED,16025079,active,ltd,,17-10-2024,17-10-2024,[66300],249 Cranbrook Road Ilford United Kingdom IG1 4TG,only SIC 66300 + incorporated 2024 or later
COACH HOUSE LITIGATION GP LIMITED,10570307,active,ltd,,18-01-2017,18-01-2017,[66300],White House Church Lane Winchester United Kingdom SO21 2NJ,name pattern: GP entity
SIMPLY AFFORDABLE HOMES 1 GP LIMITED,14682563,active,ltd,,22-02-2023,22-02-2023,[66300],33 Margaret Street London United Kingdom W1G 0JD,name pattern: GP entity
SEMANTIC VENTURES GP LIMITED,11656080,active,ltd,,02-11-2018,02-11-2018,[66300],Censeo House St. Albans England AL1 3LF,name pattern: GP entity
IQ FOUNDER PARTNER (GP) III LIMITED,SC582368,active,ltd,,24-11-2017,24-11-2017,[66300],C/O Brodies Llp Capital Square Edinburgh United Kingdom EH3 8BP,name pattern: GP entity
OLYMPUS INVESTMENTS GP LIMITED,12316784,active,ltd,,15-11-2019,15-11-2019,[66300],Chelsea House London United Kingdom W5 1DR,name pattern: GP entity
BEECH TREE FP GP IV LIMITED,SC757653,active,ltd,,03-02-2023,03-02-2023,[66300],50 Lothian Road Edinburgh Scotland EH3 9WJ,name pattern: GP entity
VESPA CAPITAL III GP 1 LTD,12355616,active,ltd,,09-12-2019,09-12-2019,[66300],3 St. James's Square London England SW1Y 4JU,name pattern: GP entity
EMPYREAN WEALTH MANAGEMENT LTD,16061711,active,private-limited-guarant-nsc,,05-11-2024,05-11-2024,[66300],7 Leithcote Gardens London United Kingdom SW16 2UX,only SIC 66300 + incorporated 2024 or later
BEF-NPIF GP LIMITED,10638308,active,private-limited-guarant-nsc,,24-02-2017,24-02-2017,[66300],City Hub 9-11 Peckover Street Bradford England BD1 5BD,name pattern: GP entity
WHITE HORSE WEALTH MANAGEMENT LTD,16129476,active,ltd,,11-12-2024,11-12-2024,[66300],Victoria House Reading United Kingdom RG1 1TG,only SIC 66300 + incorporated 2024 or later
RESONANCE SHF GP LIMITED,12472933,active,ltd,,20-02-2020,20-02-2020,[66300],The Great Barn Hurdon Road Launceston England PL15 9LR,name pattern: GP entity
SEMANTIC VENTURES II GP LIMITED,13847305,active,ltd,,13-01-2022,13-01-2022,[66300],Censeo House St. Albans England AL1 3LF,name pattern: GP entity
QUBIT VENTURES I GP LIMITED,15361466,active,ltd,,19-12-2023,19-12-2023,[66300],4th Floor 95 Chancery Lane London England WC2A 1DT,name pattern: GP entity
ROBOT EDGE CAPITAL LTD,16158225,active,ltd,,01-01-2025,01-01-2025,[66300],74 O'Leary Square London United Kingdom E1 3AR,only SIC 66300 + incorporated 2024 or later
INNISFREE NOMINEES LIMITED,03565361,active,ltd,,18-05-1998,18-05-1998,[66300],"1st Floor,  Boundary House London United Kingdom EC1M 6HR",name pattern: nominee entity
L&G HERNE HILL HOLDCO NOMINEE LIMITED,16132803,active,ltd,,12-12-2024,12-12-2024,[66300],One London United Kingdom EC2R 5AA,name pattern: nominee entity
THP GP LTD,13791741,active,ltd,,09-12-2021,09-12-2021,[66300],"Level 4,  Dashwood House London United Kingdom EC2M 1QS",name pattern: GP entity
UCI GP III LIMITED,NI724630,active,ltd,,13-12-2024,13-12-2024,[66300],Sixth Floor Glengall Exchange Belfast Northern Ireland BT12 5AB,name pattern: GP entity
OC I SCOTCO LIMITED,SC828840,active,ltd,,13-11-2024,13-11-2024,[66300],50 Lothian Road Edinburgh Scotland EH3 9WJ,only SIC 66300 + incorporated 2024 or later
MAVEN CO-INVEST GP LIMITED,SC374365,active,ltd,,08-03-2010,08-03-2010,[66300],Kintyre House Glasgow G2 2LW,name pattern: GP entity
RESA GP NO.1 LIMITED,14468068,active,ltd,,07-11-2022,07-11-2022,[66300],C/O Regenerate Group 2nd Floor Marshalls Mill Leeds United Kingdom LS11 9YJ,name pattern: GP entity
AGI INVESTMENTS NO3 LIMITED,16084992,active,ltd,,18-11-2024,18-11-2024,[66300],29 York Street London United Kingdom W1H 1EZ,only SIC 66300 + incorporated 2024 or later
AGI INVESTMENTS NO1 LIMITED,16084986,active,ltd,,18-11-2024,18-11-2024,[66300],29 York Street London United Kingdom W1H 1EZ,only SIC 66300 + incorporated 2024 or later
SLATE ASSET MANAGEMENT (UK) LIMITED,16073290,active,ltd,,11-11-2024,11-11-2024,[66300],25 Maddox Street London United Kingdom W1S 2QN,only SIC 66300 + incorporated 2024 or later
FYI LOAN GP LIMITED,13705049,active,ltd,,26-10-2021,26-10-2021,[66300],First Floor Linea House Fleet England GU51 2UZ,name pattern: GP entity
SR TRANSFERS AND BARBERS CAFE LTD,16102110,active,ltd,,26-11-2024,26-11-2024,[66300],11 Croft Street Hyde United Kingdom SK14 1LH,only SIC 66300 + incorporated 2024 or later
LVP SEED (TRUSTEE) I LIMITED,12996199,active,ltd,,04-11-2020,04-11-2020,[66300],25 Eccleston Place London England SW1W 9NF,name pattern: roman-numeral fund series suffix
TLLF GP LTD,16329025,active,ltd,,19-03-2025,19-03-2025,[66300],72 Broadwick Street London United Kingdom W1F 9QZ,name pattern: GP entity
OPG CAPITAL LIMITED,16334688,active,ltd,,21-03-2025,21-03-2025,[66300],68 Elm Park Gardens London United Kingdom SW10 9PB,only SIC 66300 + incorporated 2024 or later
GLASSHOUSE TEAM MANAGEMENT 3 LTD,16248114,active,ltd,,12-02-2025,12-02-2025,[66300],5 Elstree Gate Borehamwood United Kingdom WD6 1JD,only SIC 66300 + incorporated 2024 or later
GLOBAL TRADER5 LIMITED,16340413,active,ltd,,25-03-2025,25-03-2025,[66300],38 Whitfield Road London England E6 1AS,only SIC 66300 + incorporated 2024 or later
NE DEBT FUND CARRIED INTEREST PARTNER LIMITED,15481395,active,ltd,,11-02-2024,11-02-2024,[66300],Unit 4 Enterprise House Kingsway Gateshead United Kingdom NE11 0SR,only SIC 66300 + incorporated 2024 or later
WILLIAM EDMONDSON ACCIDENT MANAGEMENT LIMITED,16406801,active,ltd,,24-04-2025,24-04-2025,[66300],9 Forge Street Bootle England L20 8PY,only SIC 66300 + incorporated 2024 or later
PASSION CAPITAL NOMINEES II LIMITED,15546005,active,ltd,,07-03-2024,07-03-2024,[66300],"Second Floor,  Laxmi,  The Tanneries London United Kingdom SE1 3XJ",name pattern: nominee entity
GLASGOGEMS PVT LIMITED,16372726,active,ltd,,08-04-2025,08-04-2025,[66300],Office 070425 - Unit 21 Woodside Industrial Estate Woodside Epping England CM16 6LJ,only SIC 66300 + incorporated 2024 or later
ENNIS FAMILY INVESTMENTS LTD,15649406,active,ltd,,15-04-2024,15-04-2024,[66300],Brook House Kingswinford England DY6 9HS,only SIC 66300 + incorporated 2024 or later
GLOBE UK CO-INVEST LIMITED,10735412,active,ltd,,21-04-2017,21-04-2017,[66300],5th Floor 10 Brook Street London United Kingdom W1S 1BG,name pattern: co-invest vehicle
AVIVA INVESTORS INFRASTRUCTURE INCOME NO.6D LIMITED,15614482,active,ltd,,03-04-2024,03-04-2024,[66300],80 Fenchurch Street London United Kingdom EC3M 4AE,only SIC 66300 + incorporated 2024 or later
ADVISMART LTD,16384948,active,ltd,,14-04-2025,14-04-2025,[66300],Apartment 2 1414 High Road London England N20 9FL,only SIC 66300 + incorporated 2024 or later
DNA9 LTD,16393627,active,ltd,,17-04-2025,17-04-2025,[66300],71-75 Shelton Street London United Kingdom WC2H 9JQ,only SIC 66300 + incorporated 2024 or later
HAMILTON HOUSE CAPITAL LIMITED,16402867,active,ltd,,23-04-2025,23-04-2025,[66300],8-10 South Street Epsom England KT18 7PF,only SIC 66300 + incorporated 2024 or later
HILL RISE CAPITAL LIMITED,15690159,active,ltd,,29-04-2024,29-04-2024,[66300],167-169 Great Portland Street London England W1W 5PF,only SIC 66300 + incorporated 2024 or later
GORE STREET INVESTMENT MANAGEMENT LIMITED,15381581,active,ltd,,02-01-2024,02-01-2024,[66300],First Floor London United Kingdom W1W 8BP,only SIC 66300 + incorporated 2024 or later
VESPA CAPITAL IV GP 2 LTD,16225742,active,ltd,,03-02-2025,03-02-2025,[66300],3 St. James’S Square London United Kingdom SW1Y 4JU,name pattern: GP entity
3I GP 2019 LIMITED,11929444,active,ltd,,05-04-2019,05-04-2019,"[64205, 66300]",1 Knightsbridge London United Kingdom SW1X 7LX,name pattern: GP entity
3I GP 2022 LIMITED,13864514,active,ltd,,21-01-2022,21-01-2022,"[64205, 66300]",1 Knightsbridge London United Kingdom SW1X 7LX,name pattern: GP entity
PIPVO ASSET MANAGEMENT LTD,15790018,active,ltd,,20-06-2024,20-06-2024,[66300],Venta House Newport Wales NP20 2NS,only SIC 66300 + incorporated 2024 or later
3I ZEPHYR GP (2022) LIMITED,14432006,active,ltd,,20-10-2022,20-10-2022,"[64205, 66300]",1 Knightsbridge London United Kingdom SW1X 7LX,name pattern: GP entity
LEXHAM SPV 1 GP LTD,15416357,active,ltd,,16-01-2024,16-01-2024,[66300],"C/O Thompson Taraz Llp 4th Floor,  Stanhope House London England W1K 1PR",name pattern: GP entity
ALCHEMY INVESTORS LTD,16245439,active,ltd,,11-02-2025,11-02-2025,[66300],49 Station Road Polegate England BN26 6EA,only SIC 66300 + incorporated 2024 or later
DISCOVERY PARK TECHNOLOGY INVESTMENTS (GP) LIMITED,09917732,active,ltd,,15-12-2015,15-12-2015,[66300],The Business Terrace Maidstone England ME15 6AW,name pattern: GP entity
CONDATE SERVICES LIMITED,15488952,active,ltd,,14-02-2024,14-02-2024,[66300],71-75 Shelton Street London United Kingdom WC2H 9JQ,only SIC 66300 + incorporated 2024 or later
VE1 CAV HOLDCO LIMITED,16274272,active,ltd,,25-02-2025,25-02-2025,[66300],C/O Visionedge One London United Kingdom W1J 7DZ,name pattern: holdco
CATALYSTFM (UK) LIMITED,16274473,active,ltd,,25-02-2025,25-02-2025,[66300],C/O Buzzacott Llp London United Kingdom EC2V 6DL,only SIC 66300 + incorporated 2024 or later
CAV UK JV LIMITED,16275581,active,ltd,,25-02-2025,25-02-2025,[66300],C/O Visionedge One London United Kingdom W1J 7DZ,only SIC 66300 + incorporated 2024 or later
EWKIN ALTERNATIVES LTD,15520931,active,ltd,,26-02-2024,26-02-2024,[66300],Unit 7 Stanley Court Witney England OX29 0TB,only SIC 66300 + incorporated 2024 or later
GLORY LIMITED GROUP LTD,16281397,active,ltd,,27-02-2025,27-02-2025,[66300],"1 Ropemaker St,  Barbican London United Kingdom EC2Y 9AW",only SIC 66300 + incorporated 2024 or later
L & E CAMBREY LTD,16280551,active,ltd,,27-02-2025,27-02-2025,[66300],Ty Cambrey Llanelli Wales SA15 1EB,only SIC 66300 + incorporated 2024 or later
VESPA CAPITAL IV GP 1 LTD,16225623,active,ltd,,03-02-2025,03-02-2025,[66300],3 St. James’S Square London United Kingdom SW1Y 4JU,name pattern: GP entity
BBB MANDATES LIMITED,16284145,active,ltd,,28-02-2025,28-02-2025,[66300],Steel City House Sheffield United Kingdom S1 2GQ,only SIC 66300 + incorporated 2024 or later
13 CAPITAL MANAGEMENT LIMITED,16250008,active,ltd,,13-02-2025,13-02-2025,[66300],Acre House London United Kingdom NW1 3ER,only SIC 66300 + incorporated 2024 or later
PRINCIPIUM MERCATUS NEXUS LTD,16288407,active,ltd,,03-03-2025,03-03-2025,[66300],25 Beaulieu Place London United Kingdom W4 5SY,only SIC 66300 + incorporated 2024 or later
LCRSF GENERAL PARTNER LTD,16298311,active,ltd,,06-03-2025,06-03-2025,[66300],C/O Weightmans Liverpool England L3 9QJ,only SIC 66300 + incorporated 2024 or later
ENTREPRENEURS FIRST GP (SINGAPORE) LIMITED,09912137,active,ltd,,11-12-2015,11-12-2015,[66300],International House London England N1 7SR,name pattern: GP entity
GARNET LIMITED FINANCE LTD,16286403,active,ltd,,03-03-2025,03-03-2025,[66300],"4th Floor,  Silverstream House 45 Fitzroy Street London England W1T 6EB",only SIC 66300 + incorporated 2024 or later
ENTREPRENEURS FIRST FOUNDER GP LIMITED,SC493957,active,ltd,,23-12-2014,23-12-2014,"[64303, 66300]",5 South Charlotte Street Edinburgh Scotland EH2 4AN,name pattern: GP entity
NSS VI EPUT LTD,16315792,active,ltd,,14-03-2025,14-03-2025,[66300],"First Floor,  50 Marshall Street London United Kingdom W1F 9BQ",only SIC 66300 + incorporated 2024 or later
FENRIR FUND MANAGEMENT LIMITED,16316392,active,ltd,,14-03-2025,14-03-2025,[66300],00 7 Clifford Street London United Kingdom W1S 2FT,only SIC 66300 + incorporated 2024 or later
ACCRUE NOMINEES LIMITED,04088915,active,ltd,,12-10-2000,12-10-2000,[66300],4 Queen Street Bath England BA1 1HE,name pattern: nominee entity
HANDBRIDGE CONSULT LIMITED,16310365,active,ltd,,12-03-2025,12-03-2025,[66300],Apartment 8 Splash Point Apartments Rhyl United Kingdom LL18 3BF,only SIC 66300 + incorporated 2024 or later
HAMOAN WEALTH MANAGEMENT LTD,16357641,active,ltd,,01-04-2025,01-04-2025,[66300],720 Centennial Court Centennial Park Borehamwood United Kingdom WD6 3SY,only SIC 66300 + incorporated 2024 or later
SUN EUROPEAN PARTNERS MANAGEMENT LIMITED,15570123,active,ltd,,17-03-2024,17-03-2024,[66300],27 Axis Court London England SE16 4UQ,only SIC 66300 + incorporated 2024 or later
GPG CAPITAL LIMITED,15713919,active,ltd,,11-05-2024,11-05-2024,[66300],Ort House London England NW1 7ET,only SIC 66300 + incorporated 2024 or later
TWENTY TWO CAPITAL GROUP LIMITED,16332355,active,ltd,,21-03-2025,21-03-2025,[66300],Lancaster House Fountain Court Mansfield England NG19 7DW,only SIC 66300 + incorporated 2024 or later
RIVERSTONE ESTATES 2020 LIMITED,16360669,active,ltd,,02-04-2025,02-04-2025,[66300],"Westbury,  Livermore House Great Dunmow United Kingdom CM6 1AW",only SIC 66300 + incorporated 2024 or later
TRADE CAFE FX LIMITED,16364624,active,ltd,,04-04-2025,04-04-2025,[66300],38 Whitfield Road London England E6 1AS,only SIC 66300 + incorporated 2024 or later
M&G SOCIAL INVESTMENT GP1 LTD,15618023,active,ltd,,05-04-2024,05-04-2024,[66300],10 Fenchurch Avenue London United Kingdom EC3M 5AG,only SIC 66300 + incorporated 2024 or later
UEB3 LIMITED,16367000,active,ltd,,04-04-2025,04-04-2025,[66300],17 Avril Way London England E4 9HS,only SIC 66300 + incorporated 2024 or later
AI PHANTIX LTD,16368801,active,ltd,,07-04-2025,07-04-2025,[66300],71-75 Shelton Street London United Kingdom WC2H 9JQ,only SIC 66300 + incorporated 2024 or later
BITAZZA TRADE LTD,16513904,active,ltd,,12-06-2025,12-06-2025,[66300],7 Second Avenue London England W3 7RX,only SIC 66300 + incorporated 2024 or later
MIG FINANCE LIMITED,16528360,active,ltd,,19-06-2025,19-06-2025,[66300],Third Floor London England W1B 3HH,only SIC 66300 + incorporated 2024 or later
AUGUST EQUITY PARTNERS V GP LIMITED,12056652,active,ltd,,18-06-2019,18-06-2019,[66300],The Floral London United Kingdom WC2E 9DP,name pattern: GP entity
LSKL LTD,16549988,active,ltd,,30-06-2025,30-06-2025,[66300],45 Hermitage Lane London England NW2 2HE,only SIC 66300 + incorporated 2024 or later
LEESIDE GROUP LIMITED,16549614,active,ltd,,30-06-2025,30-06-2025,[66300],27 Old Gloucester Street London United Kingdom WC1N 3AX,only SIC 66300 + incorporated 2024 or later
XAU TRADING SOLUTIONS LTD,SC854198,active,ltd,,01-07-2025,01-07-2025,[66300],37 Earlsburn Road Glasgow Scotland G66 5PD,only SIC 66300 + incorporated 2024 or later
LACANN 2 LIMITED,15490234,active,ltd,,14-02-2024,14-02-2024,[66300],1 Fore Street Avenue London England EC2Y 9DT,only SIC 66300 + incorporated 2024 or later
METSU CAPITAL LIMITED,16556149,active,ltd,,02-07-2025,02-07-2025,[66300],Newmarket House Nailsworth United Kingdom GL6 0DQ,only SIC 66300 + incorporated 2024 or later
PEAK VEGA CAPITAL LIMITED,16557966,active,ltd,,02-07-2025,02-07-2025,[66300],2nd Floor Malta House London England W1J 0DP,only SIC 66300 + incorporated 2024 or later
LEXHAM SPV 2 GP LTD,15422786,active,ltd,,18-01-2024,18-01-2024,[66300],47 Park Lane London England W1K 1PR,name pattern: GP entity
MC AFRICA INVESTMENT LIMITED,15421102,active,ltd,,17-01-2024,17-01-2024,[66300],Mid City Place London England WC1V 6BA,only SIC 66300 + incorporated 2024 or later
PONTAQ NOMINEES LIMITED,11295566,active,ltd,,06-04-2018,06-04-2018,[66300],35 Danson Crescent Welling United Kingdom DA16 2AL,name pattern: nominee entity
STRIDE MANAGEMENT GP LIMITED,13236236,active,ltd,,01-03-2021,01-03-2021,[66300],4 Grotto Passage London England W1U 4JX,name pattern: GP entity
GENESIS GP LIMITED,14823102,active,ltd,,24-04-2023,24-04-2023,[66300],Ground Floor London United Kingdom SW1Y 5JG,name pattern: GP entity
13 INVESTMENT MANAGEMENT LIMITED,16178801,active,ltd,,13-01-2025,13-01-2025,[66300],Acre House London United Kingdom NW1 3ER,only SIC 66300 + incorporated 2024 or later
ZIVE CAPITAL - NORWICH UK GP LIMITED,14934896,active,ltd,,14-06-2023,14-06-2023,[66300],47 Park Lane London England W1K 1PR,name pattern: GP entity
AYA ASSET MANAGEMENT LTD,16576113,active,ltd,,11-07-2025,11-07-2025,[66300],88-90 Hatton Garden Farringdon United Kingdom EC1N 8PN,only SIC 66300 + incorporated 2024 or later
RESOLUTION IMPACT VENTURES LTD,15745968,active,ltd,,28-05-2024,28-05-2024,[66300],2 Queen Anne's Gate London United Kingdom SW1H 9AA,only SIC 66300 + incorporated 2024 or later
CROSSROADS EUROPE (INVESTMENTS) LIMITED,15961080,active,ltd,,17-09-2024,17-09-2024,[66300],First Floor London United Kingdom W1U 2BP,only SIC 66300 + incorporated 2024 or later
AMANAH ALLIANCE LIMITED,16598565,active,ltd,,22-07-2025,22-07-2025,[66300],5 Ossulbury Lane Aylesbury United Kingdom HP19 9DW,only SIC 66300 + incorporated 2024 or later
QUANTIFY CAPITAL LTD,16475467,active,ltd,,27-05-2025,27-05-2025,[66300],124 City  Road London United Kingdom EC1V 2NX,only SIC 66300 + incorporated 2024 or later
THORNTONS FINANCIAL PLANNING LIMITED,SC850248,active,ltd,,28-05-2025,28-05-2025,[66300],Whitehall House Dundee Scotland DD1 4BJ,only SIC 66300 + incorporated 2024 or later
THE WHITE ROSE CAPITAL GROUP LIMITED,16321276,active,ltd,,17-03-2025,17-03-2025,[66300],Little Pinkneys Maidenhead England SL6 6PE,only SIC 66300 + incorporated 2024 or later
SS SAH LIMITED,15549201,active,ltd,,08-03-2024,08-03-2024,[66300],8 Sackville Street London England W1S 3DG,only SIC 66300 + incorporated 2024 or later
ZILARRA HOLDINGS LIMITED,15547841,active,ltd,,08-03-2024,08-03-2024,[66300],37 Moss Lane Stockport England SK7 1EQ,only SIC 66300 + incorporated 2024 or later
HCFSTRATEGIES LTD,16344805,active,ltd,,26-03-2025,26-03-2025,[66300],31 Sydney Road London England W13 9EZ,only SIC 66300 + incorporated 2024 or later
APJW HOLDINGS LTD,16458532,active,ltd,,19-05-2025,19-05-2025,[66300],Swallow House Douglas Lane Winsford United Kingdom CW7 4BH,only SIC 66300 + incorporated 2024 or later
NODEM LIMITED,15661530,active,ltd,,19-04-2024,19-04-2024,[66300],Tobias House St Mark's Court Teesside England TS17 6QW,only SIC 66300 + incorporated 2024 or later
LINGOTTO INTERSECTION UK LTD,16489717,active,ltd,,02-06-2025,02-06-2025,[66300],7 Seymour Street London United Kingdom W1H 7JW,only SIC 66300 + incorporated 2024 or later
JERPOINT CAPITAL (UK) HOLDINGS LTD,16493238,active,ltd,,03-06-2025,03-06-2025,[66300],27 Old Gloucester Street London United Kingdom WC1N 3AX,only SIC 66300 + incorporated 2024 or later
JERPOINT CAPITAL (UK) MANAGEMENT HOLDINGS LTD,16493454,active,ltd,,03-06-2025,03-06-2025,[66300],27 Old Gloucester Street London United Kingdom WC1N 3AX,only SIC 66300 + incorporated 2024 or later
JERPOINT CAPITAL (UK) MANAGEMENT LTD,16493932,active,ltd,,03-06-2025,03-06-2025,[66300],27 Old Gloucester Street London United Kingdom WC1N 3AX,only SIC 66300 + incorporated 2024 or later
MADDISON CAPITAL LTD,16498485,active,ltd,,05-06-2025,05-06-2025,[66300],"2nd Floor College House Ruislip,  United Kingdom HA4 7AE",only SIC 66300 + incorporated 2024 or later
ALIMITA 3 LIMITED,16495825,active,ltd,,04-06-2025,04-06-2025,[66300],Office 1 Hatherton Court Walsall England WS4 2LA,only SIC 66300 + incorporated 2024 or later
A1X TRADING LIMITED,16338015,active,ltd,,24-03-2025,24-03-2025,[66300],75 Grosvenor Street London England W1K 3JS,only SIC 66300 + incorporated 2024 or later
DAVI INVESTMENTS LIMITED,16433949,active,ltd,,07-05-2025,07-05-2025,[66300],19a Queen's Gate London England SW7 5JE,only SIC 66300 + incorporated 2024 or later
SHAWCAPITAL PARTNERS LTD,16431304,active,ltd,,06-05-2025,06-05-2025,[66300],32 Brookfield Avenue Manchester England M21 8TX,only SIC 66300 + incorporated 2024 or later
MK FAMILY OFFICE LIMITED,16435104,active,ltd,,07-05-2025,07-05-2025,[66300],65 London Wall London England EC2M 5TU,only SIC 66300 + incorporated 2024 or later
TENACITY FINANCIAL LTD,16465104,active,ltd,,21-05-2025,21-05-2025,[66300],57 Dominion Drive Romford England RM5 2QS,only SIC 66300 + incorporated 2024 or later
ANCIENT GENUS LTD,16509911,active,ltd,,10-06-2025,10-06-2025,[66300],35 Gwillim Close Sidcup England DA15 9NQ,only SIC 66300 + incorporated 2024 or later
STARK TECHNOLOGY PVT LTD,16508811,active,ltd,,10-06-2025,10-06-2025,[66300],42 Second Avenue London England W3 7RX,only SIC 66300 + incorporated 2024 or later
FANG LTD,16507810,active,ltd,,10-06-2025,10-06-2025,[66300],5 Atherstone Mews London England SW7 5BX,only SIC 66300 + incorporated 2024 or later
AXIONONE LTD,16917230,active,ltd,,17-12-2025,17-12-2025,[66300],27 Knightsbridge London England SW1X 7LY,only SIC 66300 + incorporated 2024 or later
FFYB LTD,16919342,active,ltd,,18-12-2025,18-12-2025,[66300],Astute House Wilmslow England SK9 3HP,only SIC 66300 + incorporated 2024 or later
INDEPENDENCE CAPITAL I LIMITED,13214554,active,ltd,,19-02-2021,19-02-2021,[66300],"1st Floor,  Venture House Wilmslow England SK9 5AP",name pattern: roman-numeral fund series suffix
LYNSTONE AUK QAHC LTD,17004293,active,ltd,,30-01-2026,30-01-2026,[66300],10th Floor 5 Churchill Place London United Kingdom E14 5HU,only SIC 66300 + incorporated 2024 or later
LONSDALE CAPITAL PARTNERS II LIMITED,09735105,active,ltd,,16-08-2015,16-08-2015,[66300],36 Upper Brook Street London United Kingdom W1K 7QJ,name pattern: roman-numeral fund series suffix
BRERETON FUTURE FINANCE LTD,17009288,active,ltd,,03-02-2026,03-02-2026,[66300],Dickens House 3-7 Guithavon Street Witham England CM8 1BJ,only SIC 66300 + incorporated 2024 or later
INTREPID GROWTH PARTNERS HOLDINGS (UK) LTD,16191835,active,ltd,,17-01-2025,17-01-2025,[66300],Congregation House Parsonage Street Halstead England CO9 2JW,only SIC 66300 + incorporated 2024 or later
ORANGE CAPITAL PARTNERS UK LTD,16791921,active,ltd,,17-10-2025,17-10-2025,[66300],"Orange Capital,  Office 02 3rd Floor The Triangle London England NW1 8AB",only SIC 66300 + incorporated 2024 or later
ACORN PORTFOLIO INVESTMENTS NO 3 LIMITED,17026955,active,ltd,,11-02-2026,11-02-2026,[66300],29 York Street London United Kingdom W1H 1EZ,only SIC 66300 + incorporated 2024 or later
ACORN PORTFOLIO INVESTMENTS NO 4 LIMITED,17026958,active,ltd,,11-02-2026,11-02-2026,[66300],29 York Street London United Kingdom W1H 1EZ,only SIC 66300 + incorporated 2024 or later
ACORN PORTFOLIO INVESTMENTS NO 2 LIMITED,17026952,active,ltd,,11-02-2026,11-02-2026,[66300],29 York Street London United Kingdom W1H 1EZ,only SIC 66300 + incorporated 2024 or later
ACORN PORTFOLIO INVESTMENTS NO 1 LIMITED,17026951,active,ltd,,11-02-2026,11-02-2026,[66300],29 York Street London United Kingdom W1H 1EZ,only SIC 66300 + incorporated 2024 or later
ACORN GREEN INVESTMENTS NO 3 LIMITED,17026942,active,ltd,,11-02-2026,11-02-2026,[66300],29 York Street London United Kingdom W1H 1EZ,only SIC 66300 + incorporated 2024 or later
ALBIAN GROUP LTD,17038815,active,ltd,,17-02-2026,17-02-2026,[66300],40 Seymour Road Manchester England M8 5BR,only SIC 66300 + incorporated 2024 or later
ACORN GREEN INVESTMENTS NO 4 LIMITED,17028626,active,ltd,,12-02-2026,12-02-2026,[66300],29 York Street London United Kingdom W1H 1EZ,only SIC 66300 + incorporated 2024 or later
API BRISTOL ZOO NO1 LIMITED,17048795,active,ltd,,23-02-2026,23-02-2026,[66300],29 York Street London United Kingdom W1H 1EZ,only SIC 66300 + incorporated 2024 or later
API BRISTOL ZOO NO2 LIMITED,17048814,active,ltd,,23-02-2026,23-02-2026,[66300],29 York Street London United Kingdom W1H 1EZ,only SIC 66300 + incorporated 2024 or later
EXCORDE EUROPE EQUITY ADVISORS LTD,17041619,active,ltd,,18-02-2026,18-02-2026,[66300],Castle House London United Kingdom W1T 3QH,only SIC 66300 + incorporated 2024 or later
NSII EDUCATION 1 LTD,17039852,active,ltd,,18-02-2026,18-02-2026,[66300],"First Floor,  50 Marshall Street London United Kingdom W1F 9BQ",only SIC 66300 + incorporated 2024 or later
KLINE HILL PARTNERS (UK) LIMITED,16514693,active,ltd,,12-06-2025,12-06-2025,[66300],5 Wigmore Street London United Kingdom W1U 1PB,only SIC 66300 + incorporated 2024 or later
LMVH LTD,17057074,active,ltd,,26-02-2026,26-02-2026,[66300],Greenfield Grove Road Chester United Kingdom CH1 6LG,only SIC 66300 + incorporated 2024 or later
MJ CUNNINGHAM AND CO LIMITED,17058358,active,ltd,,26-02-2026,26-02-2026,[66300],158 Roe Lane Southport England PR9 7PN,only SIC 66300 + incorporated 2024 or later
VENDOR ENTERPRISES LTD,16368442,active,ltd,,07-04-2025,07-04-2025,[66300],Greenbank Court Challenge Way Blackburn United Kingdom BB1 5QB,only SIC 66300 + incorporated 2024 or later
CABURN INVESTMENTS LTD,17041064,active,ltd,,18-02-2026,18-02-2026,[66300],44-46 Old Steine Brighton England BN1 1NH,only SIC 66300 + incorporated 2024 or later
ENDLESS VI FIRST PARTNER LIMITED,17078328,active,ltd,,09-03-2026,09-03-2026,[66300],Ground Floor Leeds United Kingdom LS1 2HL,only SIC 66300 + incorporated 2024 or later
ENDLESS VI SECOND PARTNER LIMITED,17078484,active,ltd,,09-03-2026,09-03-2026,[66300],Ground Floor Leeds United Kingdom LS1 2HL,only SIC 66300 + incorporated 2024 or later
HERON GLOBAL INCOME LIMITED,17078901,active,ltd,,09-03-2026,09-03-2026,[66300],71-75 Shelton Street London United Kingdom WC2H 9JQ,only SIC 66300 + incorporated 2024 or later
E. SANSON INVESTMENTS LTD,16785666,active,ltd,,15-10-2025,15-10-2025,[66300],9 Tregarne Terrace Saint Austell United Kingdom PL25 4DD,only SIC 66300 + incorporated 2024 or later
ECI 12 SPECIAL PURPOSE MIDCO 1 LIMITED,16559346,active,ltd,,03-07-2025,03-07-2025,[66300],Building 4 Croxley Park Watford United Kingdom WD18 8YF,name pattern: midco
REDRICE II (ENGLAND) LTD,16780278,active,ltd,,13-10-2025,13-10-2025,[66300],"Unit 103,  Tea Building 56 Shoreditch High Street London United Kingdom E1 6JJ",only SIC 66300 + incorporated 2024 or later
MINNOW INVESTMENTS LIMITED,16698150,active,ltd,,05-09-2025,05-09-2025,[66300],Flat 25 Hatch Building London England E9 5TU,only SIC 66300 + incorporated 2024 or later
UNIGESTION PE UK LTD.,16291562,active,ltd,,04-03-2025,04-03-2025,[66300],52 Jermyn Street London England SW1Y 6LX,only SIC 66300 + incorporated 2024 or later
KP ADVISORY LIMITED,16704915,active,ltd,,09-09-2025,09-09-2025,[66300],C/O Digital Tax Accountant Ilford England IG2 6RZ,only SIC 66300 + incorporated 2024 or later
DIAMOND RED HOLDINGS LTD,16062384,active,ltd,,05-11-2024,05-11-2024,[66300],"1st Floor,  5 Century Court Watford England WD18 9PX",only SIC 66300 + incorporated 2024 or later
GP-LOC2 LTD,16709558,active,ltd,,10-09-2025,10-09-2025,[66300],26 Biddulph Road South Croydon England CR2 6QA,name pattern: GP entity
CLARKY LIMITED,16830356,active,ltd,,04-11-2025,04-11-2025,[66300],125 Noak Hill Road Billericay United Kingdom CM12 9UJ,only SIC 66300 + incorporated 2024 or later
HERONDALE LTD,16776992,active,ltd,,10-10-2025,10-10-2025,[66300],"2nd Floor College House Ruislip,  United Kingdom HA4 7AE",only SIC 66300 + incorporated 2024 or later
BELSIO LTD,16083215,active,ltd,,15-11-2024,15-11-2024,[66300],47 Great Marlborough Street London England W1F 7JP,only SIC 66300 + incorporated 2024 or later
TRIADA NJS UNLIMITED,16793507,active,private-unlimited,,17-10-2025,17-10-2025,[66300],Thistlewell Cottage Cuck Hill Winscombe BS25 1RD,only SIC 66300 + incorporated 2024 or later
BLINKO CRYPTO ARBITRAGE LIMITED,16796852,active,ltd,,20-10-2025,20-10-2025,[66300],66 Belsize Park Gardens London England NW3 4NE,only SIC 66300 + incorporated 2024 or later
BROADOAK COMMUNITY INVESTMENTS CIC,16703931,active,private-limited-guarant-nsc,community-interest-company,09-09-2025,09-09-2025,[66300],128 City Road London United Kingdom EC1V 2NX,only SIC 66300 + incorporated 2024 or later
BLACKOAK INTERMEDIATE LIFE LIMITED,16803700,active,ltd,,22-10-2025,22-10-2025,[66300],One City Place Chester United Kingdom CH1 3BQ,only SIC 66300 + incorporated 2024 or later
N6 AI LTD,16839343,active,ltd,,07-11-2025,07-11-2025,[66300],"Unit F Prologis Park,  Green Lane London United Kingdom TW4 6ER",only SIC 66300 + incorporated 2024 or later
BRAYMONT ASSET GROUP LIMITED,16833066,active,ltd,,05-11-2025,05-11-2025,[66300],Office 55rb 182-184 High Street North Area 1/1 East Ham United Kingdom E6 2JA,only SIC 66300 + incorporated 2024 or later
CONCENTRIC TEAM TECHNOLOGY II GP LIMITED,13683432,active,ltd,,15-10-2021,15-10-2021,[66300],18 Balderton Street London England W1K 6TG,name pattern: GP entity
KOCERLER LTD,16847171,active,ltd,,11-11-2025,11-11-2025,[66300],71-75 Shelton Street London United Kingdom WC2H 9JQ,only SIC 66300 + incorporated 2024 or later
PARKINSON'S PIONEER CAPITAL ADVISORS LTD,16852634,active,ltd,,13-11-2025,13-11-2025,[66300],14 Osten Mews London United Kingdom SW7 4HW,only SIC 66300 + incorporated 2024 or later
POOL ENTERPRISES LIMITED,16854648,active,ltd,,13-11-2025,13-11-2025,[66300],167-169 Great Portland Street London England W1W 5PF,only SIC 66300 + incorporated 2024 or later
ROSA AGGREGATOR GP LIMITED,SC869956,active,ltd,,13-11-2025,13-11-2025,[66300],50 Lothian Road Edinburgh Scotland EH3 9WJ,name pattern: GP entity
JOEMOODY164 LTD,16873558,active,ltd,,25-11-2025,25-11-2025,[66300],35 Hornton Street London United Kingdom W8 7NR,only SIC 66300 + incorporated 2024 or later
GLOBAL DIGITAL ASSET MANAGEMENT LTD,16546316,active,ltd,,27-06-2025,27-06-2025,[66300],223 St. Albans Road Watford England WD24 5BH,only SIC 66300 + incorporated 2024 or later
FTVC NOMINEE LIMITED,16800648,active,ltd,,21-10-2025,21-10-2025,[66300],1 St. James Court Norwich United Kingdom NR3 1RU,name pattern: nominee entity
TRINITY DC GP LIMITED,06942099,active,ltd,,23-06-2009,23-06-2009,[66300],55 King Street Manchester England M2 4LQ,name pattern: GP entity
EITANIS INVESTMENTS LTD,16880387,active,ltd,,28-11-2025,28-11-2025,[66300],24 Folly Avenue St. Albans England AL3 5QD,only SIC 66300 + incorporated 2024 or later
SAPPHIREF LIMITED,16886515,active,ltd,,02-12-2025,02-12-2025,[66300],C/O Fieldfisher Riverbank House London United Kingdom EC4R 3TT,only SIC 66300 + incorporated 2024 or later
IONA STAR MANAGED LIMITED,16892990,active,ltd,,05-12-2025,05-12-2025,[66300],"Iona Star Fora,  London England SE1 9PA",only SIC 66300 + incorporated 2024 or later
OCTOPUS ENERGY DEVELOPMENT PARTNERSHIP II GP LIMITED,16953911,active,ltd,,09-01-2026,09-01-2026,[66300],Uk House 5th Floor London United Kingdom W1D 1NN,name pattern: GP entity
BRAMBLE INVESTMENT MANAGEMENT LIMITED,16127246,active,ltd,,10-12-2024,10-12-2024,[66300],"Belle House,  1 Victoria Mainline Station London England SW1V 1JT",only SIC 66300 + incorporated 2024 or later
LEXHAM I GP LTD,15432967,active,ltd,,22-01-2024,22-01-2024,[66300],"C/O Thompson Taraz Llp Stanhope House, 47 Park Lane United Kingdom W1K 1PR",name pattern: GP entity
BOTO HEDGE LIMITED,16972940,active,ltd,,19-01-2026,19-01-2026,[66300],71-75 Shelton Street London United Kingdom WC2H 9JQ,only SIC 66300 + incorporated 2024 or later
ARXNOVA HOLDINGS LIMITED,16520018,active,ltd,,16-06-2025,16-06-2025,[66300],10 Queen Street Place London United Kingdom EC4R 1AG,only SIC 66300 + incorporated 2024 or later
EMRAL MANAGEMENT,16631505,active,private-unlimited,,06-08-2025,06-08-2025,[66300],Pharmacy Chambers Wadhurst TN5 6AP,only SIC 66300 + incorporated 2024 or later
QUINEX INTERNATIONAL LIMITED,16631964,active,ltd,,06-08-2025,06-08-2025,[66300],39 Goldhawk Road London England W12 8QQ,only SIC 66300 + incorporated 2024 or later
ROYAL EXCHANGE INVESTMENT MANAGEMENT LTD,16602454,active,ltd,,23-07-2025,23-07-2025,[66300],1 King William Street London United Kingdom EC4N 7AF,only SIC 66300 + incorporated 2024 or later
GOLDSTONES TRADERS LTD,16643852,active,ltd,,11-08-2025,11-08-2025,[66300],12 Stanley Street Stoke-On-Trent England ST6 6BW,only SIC 66300 + incorporated 2024 or later
GROWTH CREDIT ASSOCIATION LTD,16646305,active,private-limited-guarant-nsc,,12-08-2025,12-08-2025,[66300],71-75 Shelton Street London United Kingdom WC2H 9JQ,only SIC 66300 + incorporated 2024 or later
ALBION FINANCIAL SERVICES LTD,16725092,active,ltd,,17-09-2025,17-09-2025,[66300],58 Woodruff Avenue Hove England BN3 6PJ,only SIC 66300 + incorporated 2024 or later
JRFUTURES TRADING LTD,16727577,active,ltd,,18-09-2025,18-09-2025,[66300],20 Wenlock Road London England N1 7GU,only SIC 66300 + incorporated 2024 or later
QUANTD CAPITAL LTD,16734661,active,ltd,,22-09-2025,22-09-2025,[66300],71-75 Shelton Street London United Kingdom WC2H 9JQ,only SIC 66300 + incorporated 2024 or later
ALETHIC CAPITAL LTD,16485415,active,ltd,,30-05-2025,30-05-2025,[66300],2nd Floor Malta House London United Kingdom W1J 0DP,only SIC 66300 + incorporated 2024 or later
GREEN SEEDRS X LTD,15278356,active,ltd,,13-11-2023,13-11-2023,"[66300, 70229]",Scotia Building 5 Jardine Road London England E1W 3WA,name pattern: roman-numeral fund series suffix
CASTRO17 LTD,16745252,active,ltd,,26-09-2025,26-09-2025,[66300],128 City Road London United Kingdom EC1V 2NX,only SIC 66300 + incorporated 2024 or later
STERLING HAVEN WEALTH LTD,16746131,active,ltd,,26-09-2025,26-09-2025,[66300],128 City Road London United Kingdom EC1V 2NX,only SIC 66300 + incorporated 2024 or later
BELGATRIX LIMITED,16739489,active,ltd,,24-09-2025,24-09-2025,[66300],14 Whitfield Road London England E6 1AS,only SIC 66300 + incorporated 2024 or later
ACROS CAPITAL MANAGEMENT LIMITED,15662695,active,ltd,,20-04-2024,20-04-2024,[66300],185 Mead Way Bromley England BR2 9ES,only SIC 66300 + incorporated 2024 or later
COMMONWEALTH A.C.T LIMITED,16740287,active,ltd,,24-09-2025,24-09-2025,[66300],"Level 30,  The Leadenhall Building City Of London United Kingdom EC3V 4AB",only SIC 66300 + incorporated 2024 or later
NFG ADVISORY LIMITED,16737005,active,ltd,,23-09-2025,23-09-2025,[66300],7 Savoy Court London England WC2R 0EX,only SIC 66300 + incorporated 2024 or later
LONGSHANKS TRADING LIMITED,16752120,active,ltd,,30-09-2025,30-09-2025,[66300],Berkeley Square House Berkeley Square London United Kingdom W1J 6DB,only SIC 66300 + incorporated 2024 or later
MCKENZIE'S DIGITAL ASSETS INVESTMENTS LIMITED,16752454,active,ltd,,30-09-2025,30-09-2025,[66300],Field View House 4 Fortune Close Newark United Kingdom NG22 0FG,only SIC 66300 + incorporated 2024 or later
ASTOLAT CAPITAL LTD,16636154,active,ltd,,07-08-2025,07-08-2025,[66300],2nd Floor Malta House London England W1J 0DP,only SIC 66300 + incorporated 2024 or later
SKF CREDIT OPPORTUNITIES LIMITED,16665108,active,ltd,,21-08-2025,21-08-2025,[66300],Station House Station Approach Leatherhead United Kingdom KT24 6QX,only SIC 66300 + incorporated 2024 or later
A SOHAL INVESTMENTS LIMITED,16648481,active,ltd,,13-08-2025,13-08-2025,[66300],100 Canterbury Road West Bromwich England B71 2LF,only SIC 66300 + incorporated 2024 or later
FC AI LIMITED,16676316,active,ltd,,27-08-2025,27-08-2025,[66300],54 Welbeck Street London England W1G 9XS,only SIC 66300 + incorporated 2024 or later
TRADFI2DEFI LTD,16676343,active,ltd,,27-08-2025,27-08-2025,[66300],Hardy House Berkhamsted England HP4 1EF,only SIC 66300 + incorporated 2024 or later
AMPLITUDE TOPCO LIMITED,16556499,active,ltd,,02-07-2025,02-07-2025,[66300],Unit B1 Kembrey Street Swindon England SN2 8UY,name pattern: topco
CORINTHIA GLOBAL MANAGEMENT SERVICES LIMITED,16608520,active,ltd,,28-07-2025,28-07-2025,[66300],Sixth Floor London England W1G 0PW,only SIC 66300 + incorporated 2024 or later
NSS SOCIAL CARE HOLDINGS LTD,16585929,active,ltd,,16-07-2025,16-07-2025,[66300],Eagle House First Floor London United Kingdom W1F 9BQ,only SIC 66300 + incorporated 2024 or later
GREENROCK CRONUS CAPITAL PARTNERS (UK) LIMITED,16588888,active,ltd,,17-07-2025,17-07-2025,[66300],71-75 Shelton Street London United Kingdom WC2H 9JQ,only SIC 66300 + incorporated 2024 or later
EDT VENTURES LIMITED,16591180,active,ltd,,18-07-2025,18-07-2025,[66300],The Stables Alton England GU34 1HG,only SIC 66300 + incorporated 2024 or later
ASPIRITY PARTNERS HOLDINGS LIMITED,15842019,active,ltd,,16-07-2024,16-07-2024,[66300],6th Floor 25 Farringdon Street London United Kingdom EC4A 4AB,only SIC 66300 + incorporated 2024 or later
HEGEL CAPITAL LTD,16939221,active,ltd,,02-01-2026,02-01-2026,[66300],45 Circus Road London England NW8 9JH,only SIC 66300 + incorporated 2024 or later
SANDSTONE CAPITAL LIMITED,16944941,active,ltd,,06-01-2026,06-01-2026,[66300],128 City Road London United Kingdom EC1V 2NX,only SIC 66300 + incorporated 2024 or later
REALM INVESTMENT HOUSE UK LTD,16905598,active,ltd,,12-12-2025,12-12-2025,[66300],4th Floor 3 More London Riverside London United Kingdom SE1 2AQ,only SIC 66300 + incorporated 2024 or later
BEECHBROOK UK SME CO-INVESTMENT II LIMITED,16945621,active,ltd,,06-01-2026,06-01-2026,[66300],93 Gloucester Place London England W1U 6JQ,name pattern: co-invest vehicle
FOCUS INDUSTRIAL TOPCO GP LIMITED,17079626,active,ltd,,09-03-2026,09-03-2026,[66300],C/O Uk Storage Consultancy Limited Wework London United Kingdom W6 7NL,name pattern: GP entity
INVESTX LIMITED,16329499,active,ltd,,20-03-2025,20-03-2025,[66300],36 Beaconsfield Road London England SE3 7LZ,only SIC 66300 + incorporated 2024 or later
RWA VENTURES LTD,17079990,active,ltd,,09-03-2026,09-03-2026,[66300],128 City Road London United Kingdom EC1V 2NX,only SIC 66300 + incorporated 2024 or later
GEMIAN CAPITAL MANAGEMENT LTD,17082047,active,ltd,,10-03-2026,10-03-2026,[66300],"2nd Floor College House Ruislip,  United Kingdom HA4 7AE",only SIC 66300 + incorporated 2024 or later
GLOB PAY UK LIMITED,17093160,active,ltd,,16-03-2026,16-03-2026,[66300],128 City Road London United Kingdom EC1V 2NX,only SIC 66300 + incorporated 2024 or later
RATHLIN ASSET MANAGEMENT LIMITED,NI738894,active,ltd,,18-03-2026,18-03-2026,[66300],Apartment 3 Rockhaven Portstewart Northern Ireland BT55 7WE,only SIC 66300 + incorporated 2024 or later
JOLT WEALTH MANAGEMENT LIMITED,SC884279,active,ltd,,29-03-2026,29-03-2026,[66300],20 Ashfield Road Aberdeen Scotland AB15 9NQ,only SIC 66300 + incorporated 2024 or later
ASALION CAPITAL LIMITED,15856925,active,ltd,,24-07-2024,24-07-2024,[66300],5 Brayford Square Brayford Square London United Kingdom E1 0SG,only SIC 66300 + incorporated 2024 or later
IONA STAR WORLD MODEL DATA CUSTODY LIMITED,17173372,active,ltd,,22-04-2026,22-04-2026,[66300],13 Dirty Lane London England SE1 9PA,only SIC 66300 + incorporated 2024 or later
S.ELCOMPANY LTD,17173900,active,ltd,,22-04-2026,22-04-2026,[66300],71-75 Shelton Street London United Kingdom WC2H 9JQ,only SIC 66300 + incorporated 2024 or later
MESSRS HOOLEY LTD,16976206,active,ltd,,20-01-2026,20-01-2026,[66300],Collacott Farm Chulmleigh England EX18 7RL,only SIC 66300 + incorporated 2024 or later
CMS BUCKLES LIMITED,17193876,active,ltd,,01-05-2026,01-05-2026,[66300],Unit 6 Penn Street Works Amersham England HP7 0FA,only SIC 66300 + incorporated 2024 or later
LINE AND LATITUDE LTD,SC887817,active,ltd,,28-04-2026,28-04-2026,[66300],Shennanton House Shennanton Newton Stewart United Kingdom DG8 0EG,only SIC 66300 + incorporated 2024 or later
DEMEISEN SERVICES LTD,17175569,active,ltd,,23-04-2026,23-04-2026,[66300],C/O Mcdermott Will & Schulte Uk Llp London United Kingdom SW1Y 6AF,only SIC 66300 + incorporated 2024 or later
KESHO COLLECTIVE C.I.C.,15815989,active,private-limited-guarant-nsc,community-interest-company,03-07-2024,03-07-2024,[66300],Unit 2-4 Protection House North Shields NE30 2RH,only SIC 66300 + incorporated 2024 or later
ISOMER CAPITAL IV GP LIMITED,SC890620,active,ltd,,22-05-2026,22-05-2026,[66300],50 Lothian Road Edinburgh Scotland EH3 9WJ,name pattern: GP entity
LIONSGATE CAPITAL PARTNERS LTD,17232632,active,ltd,,20-05-2026,20-05-2026,[66300],71-75 Shelton Street London United Kingdom WC2H 9JQ,only SIC 66300 + incorporated 2024 or later
NSS VI EDUCATION 2 LTD,17249035,active,ltd,,29-05-2026,29-05-2026,[66300],"First Floor,  50 Marshall Street London United Kingdom W1F 9BQ",only SIC 66300 + incorporated 2024 or later
BORDER TO COAST NORTH YORKSHIRE GP LIMITED,SC626606,active,ltd,,03-04-2019,03-04-2019,[66300],"C/O Addleshaw Goddard,  24 Edinburgh Scotland EH2 1AF",name pattern: GP entity
BORDER TO COAST GLOBAL VALUE-ADD REAL ESTATE II GP LIMITED,SC880275,active,ltd,,25-02-2026,25-02-2026,[66300],"C/O Addleshaw Goddard,  24 Edinburgh Scotland EH2 1AF",name pattern: GP entity
OCTOPUS FULCRUM ENERGY TRANSITION HOLDINGS LIMITED,16106415,active,ltd,,28-11-2024,28-11-2024,[66300],4th Floor 140 Aldersgate Street London England EC1A 4HY,only SIC 66300 + incorporated 2024 or later
BORDER TO COAST GLOBAL CORE REAL ESTATE GP LIMITED,SC770547,active,ltd,,24-05-2023,24-05-2023,[66300],"C/O Addleshaw Goddard,  24 Edinburgh Scotland EH2 1AF",name pattern: GP entity
BORDER TO COAST CAMBRIDGESHIRE GP LIMITED,SC886780,active,ltd,,17-04-2026,17-04-2026,[66300],"C/O Addleshaw Goddard,  24 Edinburgh Scotland EH2 1AF",name pattern: GP entity
NSS VI NOMINEE LTD,17248981,active,ltd,,29-05-2026,29-05-2026,[66300],"First Floor,  50 Marshall Street London United Kingdom W1F 9BQ",name pattern: nominee entity
BORDER TO COAST WARWICKSHIRE GP LIMITED,SC626609,active,ltd,,03-04-2019,03-04-2019,[66300],"C/O Addleshaw Goddard,  24 Edinburgh Scotland EH2 1AF",name pattern: GP entity
LEMAR AUTISM AND ADHD HUB C.I.C.,17251499,active,private-limited-guarant-nsc,community-interest-company,01-06-2026,01-06-2026,[66300],Flat 16 Sheldon Court London England SW8 2BE,only SIC 66300 + incorporated 2024 or later
MAVEN SEIF EQUITY GP LIMITED,SC890961,active,ltd,,27-05-2026,27-05-2026,[66300],Kintyre House Glasgow Scotland G2 2LW,name pattern: GP entity
VERTIS CONSUMER GROWTH LIMITED,17212846,active,ltd,,12-05-2026,12-05-2026,[66300],9 Appold Street London England EC2A 2AP,only SIC 66300 + incorporated 2024 or later
SIGNAL LOAN MANAGEMENT OPPORTUNITIES LIMITED,17145191,active,ltd,,09-04-2026,09-04-2026,[66300],4th Floor 25 Golden Square London United Kingdom W1F 9LU,only SIC 66300 + incorporated 2024 or later
"LCL ASSOCIATES III (EUROPE) SCT GP, LIMITED",SC611971,active,ltd,,,26-10-2018,[66300],First Floor Edinburgh Scotland EH3 8RY,name pattern: GP entity
VALCIA ASSET MANAGEMENT (UK) LTD,17147089,active,ltd,,09-04-2026,09-04-2026,[66300],45 Albemarle Street London England W1S 4JL,only SIC 66300 + incorporated 2024 or later
REINDEER 1 LIMITED,17150160,active,ltd,,10-04-2026,10-04-2026,[66300],10 Fenchurch Avenue London United Kingdom EC3M 5AG,only SIC 66300 + incorporated 2024 or later
SINDBAD TRADE LTD,17229223,active,ltd,,19-05-2026,19-05-2026,[66300],152-154 Walm Lane London England NW2 4RU,only SIC 66300 + incorporated 2024 or later
CAPEL ASSET MANAGEMENT LIMITED,17191384,active,ltd,,30-04-2026,30-04-2026,[66300],20 North Audley Street London England W1K 6WE,only SIC 66300 + incorporated 2024 or later
SCGB LIMITED,15964247,active,ltd,,18-09-2024,18-09-2024,[66300],2nd Floor Woolgate Exchange London England EC2V 5HA,only SIC 66300 + incorporated 2024 or later
SUMERIAN CATALYTIC CAPITAL LIMITED,17270822,active,ltd,,09-06-2026,09-06-2026,[66300],Two Temple Place London United Kingdom WC2R 3BD,only SIC 66300 + incorporated 2024 or later
BROOKFIELD GLOBAL INVESTMENTS LTD,16479952,active,ltd,,28-05-2025,28-05-2025,[66300],Flat 9 6 Ennismore Gardens London United Kingdom SW7 1NL,only SIC 66300 + incorporated 2024 or later
PADVINDER TWO LIMITED,17155815,active,ltd,,14-04-2026,14-04-2026,[66300],81 Faraday Road Wimbledon United Kingdom SW19 8PE,only SIC 66300 + incorporated 2024 or later
BECKFORD CAPITAL LIMITED,16598025,active,ltd,,22-07-2025,22-07-2025,[66300],A4g Suite Nepicar House Wrotham Heath United Kingdom TN15 7RS,only SIC 66300 + incorporated 2024 or later
IONA STAR WMD GENERAL PARTNER LIMITED,17153383,active,ltd,,13-04-2026,13-04-2026,[66300],13 Dirty Lane London England SE1 9PA,only SIC 66300 + incorporated 2024 or later
SEEDCAMP VII INVESTMENTS LTD,17283863,active,ltd,,18-06-2026,18-06-2026,[66300],12 Little Portland Street London United Kingdom W1W 8BJ,only SIC 66300 + incorporated 2024 or later
GVI LIFT BIDCO LIMITED,17030556,active,ltd,,12-02-2026,12-02-2026,[66300],Oribtal 7 Orbital Way Staffordshire United Kingdom WS11 8XW,name pattern: bidco
IPIF SPV1 LIMITED,17281870,active,ltd,,18-06-2026,18-06-2026,[66300],One London United Kingdom EC2R 5AA,only SIC 66300 + incorporated 2024 or later
MOYES INVESTMENTS INTERNATIONAL LTD,17292625,active,ltd,,21-06-2026,21-06-2026,[66300],The Colchester Centre Colchester England CO2 8JX,only SIC 66300 + incorporated 2024 or later
COLBY CAPITAL MANAGEMENT LIMITED,17294996,active,ltd,,22-06-2026,22-06-2026,[66300],46-54 High Street Ingatestone United Kingdom CM4 9DW,only SIC 66300 + incorporated 2024 or later
SOCIETAL LIMITED,17345787,active,ltd,,17-07-2026,17-07-2026,[66300],Capital Tower 91 London United Kingdom SE1 8RT,only SIC 66300 + incorporated 2024 or later
MOLE (BIDCO) LIMITED,12763266,active,ltd,,23-07-2020,23-07-2020,[66300],Fifth Floor London England W1W 5PF,name pattern: bidco
OXCAM ARC GLOBAL ENTERPRISE LIMITED,17313953,active,ltd,,02-07-2026,02-07-2026,[66300],Salisbury House Cambridge United Kingdom CB1 2LA,only SIC 66300 + incorporated 2024 or later
VECTOR MARKETS LTD,16839611,active,ltd,,07-11-2025,07-11-2025,[66300],34 Oakbeer Orchard Exeter England EX5 7BL,only SIC 66300 + incorporated 2024 or later
PSL ASSET MANAGEMENT LIMITED,17235604,active,ltd,,21-05-2026,21-05-2026,[66300],7th Floor 50 Broadway London United Kingdom SW1H 0DB,only SIC 66300 + incorporated 2024 or later
CHARIOT (TOPCO) LIMITED,14232501,active,ltd,,13-07-2022,13-07-2022,[66300],Fifth Floor London England W1W 5PF,name pattern: topco
CHARIOT (BIDCO) LIMITED,14234267,active,ltd,,14-07-2022,14-07-2022,[66300],Fifth Floor London England W1W 5PF,name pattern: bidco
TRIIA LIMITED,16898473,active,ltd,,08-12-2025,08-12-2025,[66300],"Sustainable Ventures,  County Hall County Hall London England SE1 7PB",only SIC 66300 + incorporated 2024 or later
SPARK NORTHWEST GP LIMITED,07409511,active,ltd,,15-10-2010,15-10-2010,[66300],Apartment 14 14 Duke Street Liverpool England L1 5GB,name pattern: GP entity
VERITION ADVISORS (UK) II LTD,13022150,active,ltd,,15-11-2020,15-11-2020,[66300],Lucent London United Kingdom W1F 7BL,name pattern: roman-numeral fund series suffix
BLAISE (MIDCO) LIMITED,17381236,active,ltd,,04-08-2026,04-08-2026,[66300],167-169 Great Portland Street London United Kingdom W1W 5PF,name pattern: midco
LUMARI ASSET MANAGEMENT LTD,16600009,active,ltd,,22-07-2025,22-07-2025,[66300],"Suite F1 Gemini Linford Wood Business Park,  Milton Keynes England MK14 6LQ",only SIC 66300 + incorporated 2024 or later
FARLANE CAPITAL LIMITED,15567436,active,ltd,,16-03-2024,16-03-2024,[66300],Hornbeam House East Molesey England KT8 9HH,only SIC 66300 + incorporated 2024 or later
BLIXON CAPITAL SERVICES LTD,17364664,active,ltd,,27-07-2026,27-07-2026,[66300],27 Old Gloucester Street London United Kingdom WC1N 3AX,only SIC 66300 + incorporated 2024 or later
NORTH EAST FINANCE (HOLDCO) LIMITED,07000577,active,ltd,,25-08-2009,25-08-2009,[66300],"5th Floor,  West One Newcastle Upon Tyne England NE1 3PA",name pattern: holdco
GEOMETRIC ADVISORS UK LIMITED,16537314,active,ltd,,24-06-2025,24-06-2025,[66300],The Pump House Winchester England SO23 9QG,only SIC 66300 + incorporated 2024 or later
HUTCHINSON APAC LIMITED,17308643,active,ltd,,30-06-2026,30-06-2026,[66300],32a Lloyd Road London England E6 2HR,only SIC 66300 + incorporated 2024 or later
DOUBLE BLACK PARTNERS LIMITED,16301406,active,ltd,,07-03-2025,07-03-2025,[66300],Centralis 25 Western Avenue Oxfordshire United Kingdom OX14 4SH,only SIC 66300 + incorporated 2024 or later
ELBOW BEACH CLIMATE IMPACT II GP LIMITED,16079388,active,ltd,,14-11-2024,14-11-2024,[66300],27-29 Union Street London United Kingdom SE1 1SD,name pattern: GP entity
JILAN AUTOMATION HUB LTD,16432087,active,ltd,,06-05-2025,06-05-2025,[66300],16432087 - COMPANIES HOUSE DEFAULT ADDRESS Cardiff CF14 8LH,only SIC 66300 + incorporated 2024 or later
FORTE WEALTH PARTNERS LIMITED,17181281,active,ltd,,27-04-2026,27-04-2026,[66300],55 Abbeygate Street Bury St Edmunds England IP33 1LB,only SIC 66300 + incorporated 2024 or later
NJORD PARTNERS SMA-SEAL GP LIMITED,09116959,active,ltd,,04-07-2014,04-07-2014,[66300],10 Lower James Street London England W1F 9EL,name pattern: GP entity
ECI 13 NOMINEES LIMITED,17338519,active,ltd,,14-07-2026,14-07-2026,[66300],80 Strand London United Kingdom WC2R 0DT,name pattern: nominee entity
ELBOW BEACH CLIMATE IMPACT NOMINEE LIMITED,16079576,active,ltd,,14-11-2024,14-11-2024,[66300],27-29 Union Street London England SE1 1SD,name pattern: nominee entity
OAKHURST TRADING LIMITED,17186768,active,ltd,,28-04-2026,28-04-2026,[66300],Oakhurst Saffron Walden England CB11 4RY,only SIC 66300 + incorporated 2024 or later
BORDER TO COAST WEST SUSSEX GP LIMITED,SC886949,active,ltd,,20-04-2026,20-04-2026,[66300],"C/O Addleshaw Goddard,  24 Edinburgh Scotland EH2 1AF",name pattern: GP entity
ARJUN INFRASTRUCTURE PARTNERS II LIMITED,09429375,active,ltd,,09-02-2015,09-02-2015,[66300],"Aspect House,  Theale Lakes Business Park Reading England RG7 4GB",name pattern: roman-numeral fund series suffix
CAPITAL DYNAMICS MMDVI UK LIMITED,17393774,active,ltd,,11-08-2026,11-08-2026,[66300],One Snowhill Birmingham England B4 6GB,only SIC 66300 + incorporated 2024 or later
VONIXFUSION LTD,17399326,active,ltd,,13-08-2026,13-08-2026,[66300],13 First Avenue London England W3 7JP,only SIC 66300 + incorporated 2024 or later
FUTURE LONDON QAHC LIMITED,17395506,active,ltd,,12-08-2026,12-08-2026,[66300],Linea Fleet England GU51 2UZ,only SIC 66300 + incorporated 2024 or later
L-CUBED LTD,16784716,active,ltd,,14-10-2025,14-10-2025,[66300],10 Queen Street Place London United Kingdom EC4R 1AG,only SIC 66300 + incorporated 2024 or later
AVIVA INVESTORS ENERGY CENTRES NO.1 GP LIMITED,08322963,active,ltd,,07-12-2012,07-12-2012,[66300],80 Fenchurch Street London United Kingdom EC3M 4AE,name pattern: GP entity
AI SPECIAL PFI SPV LIMITED,08090755,active,ltd,,31-05-2012,31-05-2012,[66300],80 Fenchurch Street London United Kingdom EC3M 4AE,name pattern: SPV
NORVESTOR ADVISORY LTD,15753154,active,ltd,,31-05-2024,31-05-2024,[66300],16 Great Queen Street London United Kingdom WC2B 5AH,only SIC 66300 + incorporated 2024 or later
EQUILIBRIUM INVESTMENTS NOMINEE LIMITED,09572883,active,ltd,,05-05-2015,05-05-2015,"[64204, 66300]",83 Kimbolton Road Rushden England NN10 8HL,name pattern: nominee entity
PEMBROKE NOMINEES LIMITED,02825462,active,ltd,,09-06-1993,09-06-1993,[66300],1 Pembroke Rd Bristol BS8 3AU,name pattern: nominee entity
FSE IFS DEBT GP LIMITED,14874902,active,ltd,,17-05-2023,17-05-2023,[66300],First Floor Linea House Fleet England GU51 2UZ,name pattern: GP entity
HYPHA I (SCOTLAND) LTD,SC808329,active,ltd,,25-04-2024,25-04-2024,[66300],50 Lothian Road Edinburgh Scotland EH3 9WJ,only SIC 66300 + incorporated 2024 or later
5 ST PATRICK’S ROAD SOUTH LTD,15742575,active,private-limited-guarant-nsc,,25-05-2024,25-05-2024,[66300],41 Orchard Close Ware England SG12 8AH,only SIC 66300 + incorporated 2024 or later
ADAXIA CAPITAL PRIVATE EQUITY (GP) LIMITED,06258515,active,ltd,,24-05-2007,24-05-2007,[66300],Dawes Road Hub C/O Adaxia Capital Partners London United Kingdom SW6 7EN,name pattern: GP entity
TECHSTART NI GP 3 LIMITED,SC479979,active,ltd,,12-06-2014,12-06-2014,[66300],C/O Cms Cameron Mckenna Naborro Olswang Llp Saltire Court Edinburgh Scotland EH1 2EN,name pattern: GP entity
SQUAREPOINT UK HOLDCO 1 LIMITED,09002384,active,ltd,,17-04-2014,17-04-2014,[66300],One Ropemaker Street London United Kingdom EC2Y 9AW,name pattern: holdco
SQUAREPOINT UK HOLDCO 2 LIMITED,09002478,active,ltd,,17-04-2014,17-04-2014,[66300],One Ropemaker Street London United Kingdom EC2Y 9AW,name pattern: holdco
WAYPARK NOMINEE 1 LIMITED,14355220,active,ltd,,14-09-2022,14-09-2022,[66300],17-19 Maddox Street London United Kingdom W1S 2QH,name pattern: nominee entity
EXPONENT PRIVATE EQUITY FOUNDER PARTNER GP LIMITED,05152983,active,ltd,,14-06-2004,14-06-2004,[66300],30 Broadwick Street London England W1F 8JB,name pattern: GP entity
BGF IRELAND GP LIMITED,10657192,active,ltd,,07-03-2017,07-03-2017,[66300],13-15 York Buildings London United Kingdom WC2N 6JU,name pattern: GP entity
GORE STREET JAPAN HOLDINGS LIMITED,15425240,active,ltd,,18-01-2024,18-01-2024,[66300],First Floor London United Kingdom W1W 8BP,only SIC 66300 + incorporated 2024 or later
PRIMARY CAPITAL V (NOMINEES) LIMITED,12084097,active,ltd,,03-07-2019,03-07-2019,"[64205,64209, 66300]",Augustine House London United Kingdom EC2N 2HA,name pattern: nominee entity
MARLBOROUGH NOMINEE LIMITED,10826027,active,ltd,,19-06-2017,19-06-2017,"[64999,66300, 82990]",Marlborough House Bolton United Kingdom BL1 4QP,name pattern: nominee entity
FORESIGHT NF GP LIMITED,08571108,active,ltd,,17-06-2013,17-06-2013,[66300],C/O Foresight Group Llp The Shard London United Kingdom SE1 9SG,name pattern: GP entity
UK OM (LP2) (GP) LIMITED,06605594,active,ltd,,29-05-2008,29-05-2008,[66300],9th Floor 201 Bishopsgate London EC2M 3BN,name pattern: GP entity
GAD GULLY LTD,15771164,active,ltd,,11-06-2024,11-06-2024,[66300],"Number Ten,  Elm Court Stratford-Upon-Avon United Kingdom CV37 6PA",only SIC 66300 + incorporated 2024 or later
BGF UKEF 3 NOMINEES LIMITED,14831749,active,ltd,,27-04-2023,27-04-2023,[66300],13-15 York Buildings London United Kingdom WC2N 6JU,name pattern: nominee entity
BGF UKEF 2 NOMINEES LIMITED,13995643,active,ltd,,22-03-2022,22-03-2022,[66300],13-15 York Buildings London United Kingdom WC2N 6JU,name pattern: nominee entity
LIMERSTON CAPITAL PARTNERS LIMITED,15610168,active,ltd,,02-04-2024,02-04-2024,[66300],12-18 Grosvenor Gardens London England SW1W 0DH,only SIC 66300 + incorporated 2024 or later
BGF UK ENTERPRISE FUND 1 NOMINEES LIMITED,12892127,active,ltd,,21-09-2020,21-09-2020,[66300],13-15 York Buildings London United Kingdom WC2N 6JU,name pattern: nominee entity
NIMROOD LTD,15865417,active,ltd,,30-07-2024,30-07-2024,[66300],"Medco,  Medco House,  Unit 1 Woking United Kingdom GU21 5LY",only SIC 66300 + incorporated 2024 or later
BOKA CAPITAL LTD,15838813,active,ltd,,15-07-2024,15-07-2024,[66300],Devonshire House London England W1J 8AJ,only SIC 66300 + incorporated 2024 or later
COURTIERS PEP NOMINEE LIMITED,04859001,active,ltd,,07-08-2003,07-08-2003,[66300],18a Hart Street Oxfordshire RG9 2AU,name pattern: nominee entity
SIBNER INVESTMENT MANAGEMENT LTD,15678009,active,ltd,,24-04-2024,24-04-2024,[66300],43 Kelvedon Road London United Kingdom SW6 5BP,only SIC 66300 + incorporated 2024 or later
SEGADA GP LIMITED,14242902,active,ltd,,19-07-2022,19-07-2022,[66300],Third Floor Exchange Tower London United Kingdom E14 9GE,name pattern: GP entity
MAVEN SWIF EQUITY GP LIMITED,SC772546,active,ltd,,13-06-2023,13-06-2023,[66300],Kintyre House Glasgow Scotland G2 2LW,name pattern: GP entity
PROMETHIUM ONE LTD,15778188,active,ltd,,14-06-2024,14-06-2024,[66300],"2nd Floor College House Ruislip,  United Kingdom HA4 7AE",only SIC 66300 + incorporated 2024 or later
AC OVERSEAS LIMITED,15820927,active,ltd,,05-07-2024,05-07-2024,[66300],8th Floor 100 Bishopsgate London England EC2N 4AG,only SIC 66300 + incorporated 2024 or later
DURDLE DOOR CAPITAL LTD,15907768,active,ltd,,20-08-2024,20-08-2024,[66300],Unit 82a James Carter Road Bury St. Edmunds England IP28 7DE,only SIC 66300 + incorporated 2024 or later
LEGAL & GENERAL UK BTR INVESTMENT NOMINEE LIMITED,13199347,active,ltd,,12-02-2021,12-02-2021,[66300],One Coleman Street London United Kingdom EC2R 5AA,name pattern: nominee entity
FORE SIERRA GP LIMITED,08186780,active,ltd,,21-08-2012,21-08-2012,[66300],"C/O Goringe Accountants Ltd,  Waterside,  1650 Arlington Business Park Reading United Kingdom RG7 4SA",name pattern: GP entity
WATLING GRANGE HARROGATE GP LIMITED,13796265,active,ltd,,13-12-2021,13-12-2021,[66300],"C/O Aztec Financial Services (Uk) Limited Forum 4,  Solent Business Park Fareham United Kingdom PO15 7AD",name pattern: GP entity
HUGHES HOUSE LIVERPOOL GP LIMITED,13165884,active,ltd,,28-01-2021,28-01-2021,[66300],"C/O Aztec Financial Services (Uk) Limited Forum 4,  Solent Business Park Fareham United Kingdom PO15 7AD",name pattern: GP entity
MML HOLDCO 7 LTD,11842850,active,ltd,,22-02-2019,22-02-2019,[66300],Orion House London WC2H 9EA,name pattern: holdco
HAVEN NOMINEES LIMITED,04288962,active,ltd,,18-09-2001,18-09-2001,[66300],23 King Street London SW1Y 6QY,name pattern: nominee entity
ELYSIAN CAPITAL GP III (SCOTLAND) LIMITED,SC659650,active,ltd,,21-04-2020,21-04-2020,[66300],50 Lothian Road Edinburgh Scotland EH3 9WJ,name pattern: GP entity
STANLEY MANAGEMENT LIMITED,15887745,active,ltd,,09-08-2024,09-08-2024,[66300],"Streets Steele Stanway House,  Almondsbury Bristol United Kingdom BS32 4QH",only SIC 66300 + incorporated 2024 or later
SPECTRUM FIBRE MIDCO LIMITED,12875875,active,ltd,,13-09-2020,13-09-2020,[66300],Hodge House Cardiff Wales CF10 1DY,name pattern: midco
BAYRIDGE INVESTMENTS LTD,15919487,active,ltd,,27-08-2024,27-08-2024,[66300],9 Greenriggs Avenue Newcastle Upon Tyne England NE3 5QH,only SIC 66300 + incorporated 2024 or later
IQCP V A1 LIMITED,15886953,active,ltd,,08-08-2024,08-08-2024,[66300],45 Whitfield Street London England W1T 4HD,only SIC 66300 + incorporated 2024 or later
L&G AFFORDABLE HOUSING NORTHERN GP LIMITED,15897590,active,ltd,,14-08-2024,14-08-2024,[66300],One London United Kingdom EC2R 5AA,name pattern: GP entity
L&G AFFORDABLE HOUSING ACCESS GP LIMITED,15897574,active,ltd,,14-08-2024,14-08-2024,[66300],One London United Kingdom EC2R 5AA,name pattern: GP entity
STAFFORD INTERNATIONAL TIMBERLAND V GP LIMITED,06698047,active,ltd,,15-09-2008,15-09-2008,[66300],Level 6 Duo London England EC2M 4RB,name pattern: GP entity
THE NEW SILK ROAD (BIDCO) MANAGEMENT COMPANY LIMITED,13500168,active,ltd,,08-07-2021,08-07-2021,"[66300,68320,70221, 70229]",12 Raleigh Close Nottingham England NG11 8RP,name pattern: bidco
WHITEBOX ADVISORS UK HOLDINGS LTD,15965338,active,ltd,,18-09-2024,18-09-2024,[66300],Standbrook House London United Kingdom W1S 4PD,only SIC 66300 + incorporated 2024 or later
REZONATE MASTERS LIMITED,15413921,active,ltd,,15-01-2024,15-01-2024,[66300],Lifford Hall Lifford Lane Birmingham United Kingdom B30 3JN,only SIC 66300 + incorporated 2024 or later
SEEDCAMP V (SCOT) LIMITED,SC673465,active,ltd,,08-09-2020,08-09-2020,[66300],50 Lothian Road Edinburgh Scotland EH3 9WJ,name pattern: roman-numeral fund series suffix
ARCHIPELAGO CIRCULAR ECONOMY GP LIMITED,15975873,active,ltd,,24-09-2024,24-09-2024,[66300],87 Pemberton Road London England N4 1AY,name pattern: GP entity
BLC I NOMINEE LTD,12419325,active,ltd,,22-01-2020,22-01-2020,[66300],25 Southampton Buildings London United Kingdom WC2A 1AL,name pattern: nominee entity
SHACKLETON SECONDARIES 3 GP LIMITED,SC468619,active,ltd,,29-01-2014,29-01-2014,[66300],Thistle Court Edinburgh Scotland EH2 1DD,name pattern: GP entity
HIGHLINE INVESTMENTS GP LIMITED,09825710,active,ltd,,15-10-2015,15-10-2015,[66300],C/O Tmf Group 13th Floor London United Kingdom EC2R 7HJ,name pattern: GP entity
PENTECH GP HOLDINGS LIMITED,SC381985,active,ltd,,14-07-2010,14-07-2010,[66300],19 Ormidale Terrace Edinburgh Scotland EH12 6DY,name pattern: GP entity
COACH HOUSE SETTLEMENT (NO 3) GP LIMITED,11051398,active,ltd,,07-11-2017,07-11-2017,[66300],White House Church Lane Winchester United Kingdom SO21 2NJ,name pattern: GP entity
KINDRED CAPITAL III GP LIMITED,14175017,active,ltd,,15-06-2022,15-06-2022,[66300],Percy House 1st Floor West London England W1T 1QU,name pattern: GP entity
BLUE SKY FAMILY WEALTH MANAGEMENT LTD,15804445,active,ltd,,26-06-2024,26-06-2024,[66300],Btc House Chapel Hill Preston United Kingdom PR3 3JY,only SIC 66300 + incorporated 2024 or later
FSE NOMINEES LIMITED,11705665,active,ltd,,30-11-2018,30-11-2018,[66300],First Floor Linea House Fleet England GU51 2UZ,name pattern: nominee entity
BERWYN LAKELANDS LTD,15841877,active,ltd,,16-07-2024,16-07-2024,[66300],Ty Isaf Llanfyllin Wales SY22 5JB,only SIC 66300 + incorporated 2024 or later
EM3 SME FINANCE II LIMITED,09432696,active,ltd,,10-02-2015,10-02-2015,[66300],First Floor Linea House Fleet England GU51 2UZ,name pattern: roman-numeral fund series suffix
ACTIS MARATHON OGH2 LIMITED,15626961,active,ltd,,08-04-2024,08-04-2024,[66300],C/O Alter Domus (Uk) Limited 10th Floor London United Kingdom EC3A 8BF,only SIC 66300 + incorporated 2024 or later
EQUITIX ENERGY EFFICIENCY EPS GP 1 LIMITED,SC445425,active,ltd,,19-03-2013,19-03-2013,[66300],Citypoint Edinburgh Scotland EH12 5HD,name pattern: GP entity
TRANSITION GLOBAL SERVICES I LIMITED,13968669,active,ltd,,10-03-2022,10-03-2022,[66300],4th Floor 5 Carnaby Street London United Kingdom W1F 9PB,name pattern: roman-numeral fund series suffix
7PERCENT VENTURES GP LIMITED,11710834,active,ltd,,04-12-2018,04-12-2018,[66300],59 St. Martin's Lane London England WC2N 4JS,name pattern: GP entity
"HPS INVESTMENT PARTNERS (UK) I, LTD.",06450720,active,ltd,,,11-12-2007,[66300],"N2,  Floor 10 9 Bressenden Place London England SW1E 5BY",name pattern: roman-numeral fund series suffix
LGPS CENTRAL LP (FEEDER) LIMITED,11600521,active,ltd,,02-10-2018,02-10-2018,[66300],1st Floor I9 Wolverhampton United Kingdom WV1 1LD,name pattern: feeder vehicle
STRIDE VENTURES UK ADVISORS LTD,15709283,active,ltd,,08-05-2024,08-05-2024,[66300],9-11 New Broadway London England W5 5AW,only SIC 66300 + incorporated 2024 or later
API COTSWOLDS HILLS INVESTMENTS LIMITED,15534296,active,ltd,,01-03-2024,01-03-2024,[66300],29 York Street London England W1H 1EZ,only SIC 66300 + incorporated 2024 or later
GOOD MARKETS MANAGEMENT LTD,15602891,active,ltd,,29-03-2024,29-03-2024,[66300],5 The Heights Weybridge England KT13 0NY,only SIC 66300 + incorporated 2024 or later
BARRINGTON ASSET MANAGEMENT LIMITED,15951385,active,ltd,,11-09-2024,11-09-2024,[66300],Oak Tree House Potton End St. Neots England PE19 6TH,only SIC 66300 + incorporated 2024 or later
MERCURI II GP LIMITED,14630694,active,ltd,,01-02-2023,01-02-2023,[66300],Kings Place London United Kingdom N1 9GU,name pattern: GP entity
SIGNATURE SLP GP LIMITED,SC497155,active,ltd,,06-02-2015,06-02-2015,[66300],C/O 10th Floor Glasgow Scotland G3 8HB,name pattern: GP entity
KEY CAPITAL PARTNERS GP IX LIMITED,12984883,active,ltd,,29-10-2020,29-10-2020,[66300],13 Park Place Leeds United Kingdom LS1 2SJ,name pattern: GP entity
ASPIRE NORTH WEST LIMITED,15927014,active,ltd,,30-08-2024,30-08-2024,[66300],Unit 29 Highcroft Industrial Estate Enterprise Road Waterlooville United Kingdom PO8 0BT,only SIC 66300 + incorporated 2024 or later
APOLLO INTERNATIONAL FINANCE III LTD,15161652,active,ltd,,25-09-2023,25-09-2023,[66300],1 Soho Place London United Kingdom W1D 3BG,name pattern: roman-numeral fund series suffix
BLACKROCK DIVERSIFIED PRIVATE DEBT FUND GP LIMITED,SC680149,active,ltd,,06-11-2020,06-11-2020,[66300],50 Lothian Road Edinburgh Scotland EH3 9WJ,name pattern: GP entity
FELIX MANAGEMENT I LIMITED,SC495997,active,ltd,,26-01-2015,26-01-2015,[66300],50 Lothian Road Edinburgh Scotland EH3 9WJ,name pattern: roman-numeral fund series suffix
CIM CSL GP LIMITED,15442813,active,ltd,,25-01-2024,25-01-2024,[66300],25 Maddox Street London United Kingdom W1S 2QN,name pattern: GP entity
MVM (GP) (NO.4A) LIMITED,08974232,active,ltd,,02-04-2014,02-04-2014,[66300],38 Wigmore Street London England W1U 2RU,name pattern: GP entity
MVM (GP) (NO.6A) LIMITED,13858188,active,ltd,,19-01-2022,19-01-2022,"[64209, 66300]",38 38 Wigmore Street London England W1U 2RU,name pattern: GP entity
MVM (GP) (NO.6B) LIMITED,13858360,active,ltd,,19-01-2022,19-01-2022,"[64209, 66300]",38 38 Wigmore Street London England W1U 2RU,name pattern: GP entity
MVM (GP) (NO.4B) LIMITED,08973834,active,ltd,,02-04-2014,02-04-2014,[66300],38 Wigmore Street London England W1U 2RU,name pattern: GP entity
STAKEHOLDERS BUSINESS LTD,16079367,active,ltd,,14-11-2024,14-11-2024,[66300],7a The Close Wembley England HA9 9BY,only SIC 66300 + incorporated 2024 or later
MVM (GP) (NO.3) LIMITED,05959376,active,ltd,,06-10-2006,06-10-2006,[66300],38 Wigmore Street London England W1U 2RU,name pattern: GP entity
EKA II (SCOTLAND) LTD,SC829083,active,ltd,,15-11-2024,15-11-2024,[66300],C/O Brodies Llp Capital Square Edinburgh United Kingdom EH3 8BP,only SIC 66300 + incorporated 2024 or later
CHEEKYPEACH LTD,16090825,active,ltd,,20-11-2024,20-11-2024,[66300],128 City Road London United Kingdom EC1V 2NX,only SIC 66300 + incorporated 2024 or later
HENLEY GP LIMITED,13354491,active,ltd,,23-04-2021,23-04-2021,[66300],112-116 New Oxford Street London England WC1A 1HH,name pattern: GP entity
LG CAPITAL PARTNERS LIMITED,16095086,active,ltd,,22-11-2024,22-11-2024,[66300],F3 Bench London United Kingdom SE1 0QX,only SIC 66300 + incorporated 2024 or later
GLASSHOUSE TEAM MANAGEMENT 2 LTD,16035737,active,ltd,,23-10-2024,23-10-2024,[66300],5 Elstree Gate Borehamwood United Kingdom WD6 1JD,only SIC 66300 + incorporated 2024 or later
THE FORT FLIES,16034824,active,private-unlimited,,22-10-2024,22-10-2024,[66300],Staverton Court Cheltenham GL51 0UX,only SIC 66300 + incorporated 2024 or later
DRAGON (HOLDCO) LIMITED,12860891,active,ltd,,07-09-2020,07-09-2020,[66300],Hodge House Cardiff Wales CF10 1DY,name pattern: holdco
GREEN FINANCE INVESTMENT SOLUTIONS LTD,16039793,active,ltd,,24-10-2024,24-10-2024,[66300],International House London EC3V 3NG,only SIC 66300 + incorporated 2024 or later
DOF UK MERIDIA HOLDINGS IV LIMITED,10996879,active,ltd,,04-10-2017,04-10-2017,[66300],C/O Siguler Guff Uk Llp 17 Albemarle Street London England W1S 4HP,name pattern: roman-numeral fund series suffix
DOF UK MERIDIA HOLDINGS V LIMITED,10996890,active,ltd,,04-10-2017,04-10-2017,[66300],45 Pall Mall 45 Pall Mall London United Kingdom SW1Y 5JG,name pattern: roman-numeral fund series suffix
UK FTF GP LIMITED,SC372585,active,ltd,,08-02-2010,08-02-2010,[66300],"4th Floor,  7 Castle Street,  Edinburgh Edinburgh Scotland EH2 3AH",name pattern: GP entity
SUPER DRUMMOND LP (GP) LIMITED,SC436484,active,ltd,,09-11-2012,09-11-2012,"[66300, 74990]",50 Lothian Road Edinburgh EH3 9WJ,name pattern: GP entity
GRANDAGE HOLDINGS,16018397,active,private-unlimited,,15-10-2024,15-10-2024,[66300],180 Blythe Road London W14 0HD,only SIC 66300 + incorporated 2024 or later
SPARK TMT (GP) LIMITED,10770066,active,ltd,,15-05-2017,15-05-2017,[66300],Suite 6c The Plaza Suite 6c The Plaza Liverpool England L3 9QJ,name pattern: GP entity
SIBNER INVESTMENT MANAGEMENT GP LTD,16021873,active,ltd,,16-10-2024,16-10-2024,[66300],43 Kelvedon Road London United Kingdom SW6 5BP,name pattern: GP entity
DYNAMIC HORIZON INVESTMENTS LIMITED,16118924,active,ltd,,04-12-2024,04-12-2024,[66300],8 The Cloisters Welwyn Garden City England AL8 6DX,only SIC 66300 + incorporated 2024 or later
OTI CAPITAL LTD,16120127,active,ltd,,05-12-2024,05-12-2024,[66300],Albany House Claremont Lane Surrey United Kingdom KT10 9FQ,only SIC 66300 + incorporated 2024 or later
SUPPORTING ALTERNATIVE FINANCE FOR ENTREPRENEURS MANAGEMENT COMPANY LTD,16108301,active,ltd,,28-11-2024,28-11-2024,[66300],Oriel House Richmond England TW9 1DL,only SIC 66300 + incorporated 2024 or later
THORNVALE CAPITAL LTD,15657973,active,ltd,,18-04-2024,18-04-2024,[66300],"6th Floor,  9 Argyll Street London England W1F 7TG",only SIC 66300 + incorporated 2024 or later
SBZ SUPPLY AND TRADING LTD,16079245,active,ltd,,14-11-2024,14-11-2024,[66300],Unit 13 Kendall Court Wickford England SS11 8YB,only SIC 66300 + incorporated 2024 or later
MERCIA FUND 1 GENERAL PARTNER LIMITED,03676974,active,ltd,,01-12-1998,01-12-1998,"[64303, 66300]",Forward House Henley-In-Arden B95 5AA,name pattern: numbered fund vehicle
BCCIM GP LIMITED,13334845,active,ltd,,14-04-2021,14-04-2021,[66300],Grafton House Towcester United Kingdom NN12 7LS,name pattern: GP entity
VESPA CAPITAL III GP 2 LTD,12355626,active,ltd,,09-12-2019,09-12-2019,[66300],3 St. James's Square London England SW1Y 4JU,name pattern: GP entity
MAMHEAD CAPITAL LTD,16130476,active,ltd,,11-12-2024,11-12-2024,[66300],3 The Quadrant Richmond England TW9 1BP,only SIC 66300 + incorporated 2024 or later
REZONATE CONNECT LTD,16130506,active,ltd,,11-12-2024,11-12-2024,[66300],Lifford Hall Lifford Lane Birmingham United Kingdom B30 3JN,only SIC 66300 + incorporated 2024 or later
TRIPLE B CAPITAL LTD,16130845,active,ltd,,11-12-2024,11-12-2024,[66300],"1st Floor,  Spitalfields House Borehamwood England WD6 2FX",only SIC 66300 + incorporated 2024 or later
FAIRTREE HOTELS MIDCO LIMITED,13702009,active,ltd,,25-10-2021,25-10-2021,[66300],2nd Floor 10 Bridge Street Bath United Kingdom BA2 4AS,name pattern: midco
FYI MICROLOAN GP LIMITED,13705142,active,ltd,,26-10-2021,26-10-2021,[66300],First Floor Linea House Fleet England GU51 2UZ,name pattern: GP entity
DAYINSURE HOLDCO LIMITED,13147414,active,ltd,,20-01-2021,20-01-2021,[66300],Mara House Tarporley England CW6 9UY,name pattern: holdco
NAHIF TRUSTEE LTD,16050865,active,ltd,,30-10-2024,30-10-2024,[66300],Eagle House 50 Marshall Street London England W1F 9BQ,only SIC 66300 + incorporated 2024 or later
SAKURA SINGS,16025824,active,private-unlimited,,17-10-2024,17-10-2024,[66300],Staverton Court Cheltenham GL51 0UX,only SIC 66300 + incorporated 2024 or later
SYNDICATE SPORTS MANAGEMENT LTD,16180109,active,ltd,,13-01-2025,13-01-2025,[66300],"1st Floor,  Spitalfields House Borehamwood England WD6 2FX",only SIC 66300 + incorporated 2024 or later
BEACON CAPITAL GP LIMITED,13146875,active,ltd,,20-01-2021,20-01-2021,[66300],C/O Blick Rothenberg London United Kingdom null,name pattern: GP entity
CENKOS NOMINEE UK LIMITED,05380974,active,ltd,,02-03-2005,02-03-2005,[66300],1 Bartholomew Close London England EC1A 7BL,name pattern: nominee entity
JMRC65 LIMITED,16157809,active,ltd,,31-12-2024,31-12-2024,[66300],5 The Grange Lymington England SO41 0ZR,only SIC 66300 + incorporated 2024 or later
ANTICG I GP LIMITED,13822992,active,ltd,,30-12-2021,30-12-2021,[66300],Censeo House St. Albans England AL1 3LF,name pattern: GP entity
JFKAPITAL LTD,16104942,active,ltd,,27-11-2024,27-11-2024,[66300],Unit A5 Quarry Park Old Milverton Lane Leamington Spa England CV32 6RW,only SIC 66300 + incorporated 2024 or later
BGF4 (NOMINEE) LIMITED,12465481,active,ltd,,15-02-2020,15-02-2020,[66300],Grafton House Towcester United Kingdom NN12 7LS,name pattern: nominee entity
MOMENTUM INVESTMENT MANAGEMENT LIMITED,16138196,active,ltd,,16-12-2024,16-12-2024,[66300],124 City Road London United Kingdom EC1V 2NX,only SIC 66300 + incorporated 2024 or later
SARAS CAPITAL II GP LIMITED,15360510,active,ltd,,19-12-2023,19-12-2023,[66300],27 New Dover Road Canterbury England CT1 3DN,name pattern: GP entity
APPIAN BASE METALS MANAGEMENT LIMITED,16142415,active,ltd,,18-12-2024,18-12-2024,[66300],Level 5 45 Pall Mall London United Kingdom SW1Y 5JG,only SIC 66300 + incorporated 2024 or later
MAYFAIR EQUITY PARTNERS NOMINEES LIMITED,09519730,active,ltd,,31-03-2015,31-03-2015,[66300],8 Hanover Street London W1S 1YQ,name pattern: nominee entity
SKIESFIFTY ASSET MANAGEMENT (UK) LIMITED,15631329,active,ltd,,09-04-2024,09-04-2024,[66300],86-87 Campden Street London England W8 7EN,only SIC 66300 + incorporated 2024 or later
RAYAN A&P SERVICES LIMITED,16204182,active,ltd,,23-01-2025,23-01-2025,[66300],50 Vincent Gardens London England NW2 7RP,only SIC 66300 + incorporated 2024 or later
WUD CAPITAL LTD,15411696,active,ltd,,15-01-2024,15-01-2024,[66300],71-75 Shelton Street London United Kingdom WC2H 9JQ,only SIC 66300 + incorporated 2024 or later
EMARI LTD,15561894,active,ltd,,14-03-2024,14-03-2024,[66300],364-368 Cranbrook Road Ilford England IG2 6HY,only SIC 66300 + incorporated 2024 or later
LVP OPPORTUNITY (TRUSTEE) II LIMITED,16237706,active,ltd,,07-02-2025,07-02-2025,[66300],25 Eccleston Place London England SW1W 9NF,name pattern: roman-numeral fund series suffix
3I AURA GP (2022) LIMITED,14097808,active,ltd,,10-05-2022,10-05-2022,"[64205, 66300]",1 Knightsbridge London United Kingdom SW1X 7LX,name pattern: GP entity
3I EUROPEAN MID-MARKET INFRASTRUCTURE GP (2024) LIMITED,16061340,active,ltd,,05-11-2024,05-11-2024,"[64205, 66300]",1 Knightsbridge London United Kingdom SW1X 7LX,name pattern: GP entity
MAUNBY NOMINEES LTD,01985459,active,ltd,,04-02-1986,04-02-1986,[66300],30 Market Place West Ripon England HG4 1BN,name pattern: nominee entity
GORE STREET INTERNATIONAL LIMITED,15424403,active,ltd,,18-01-2024,18-01-2024,[66300],First Floor London United Kingdom W1W 8BP,only SIC 66300 + incorporated 2024 or later
SYCAMORE GAP MANAGEMENT LTD,15475843,active,ltd,,09-02-2024,09-02-2024,[66300],31 Walton Street London England SW3 2HU,only SIC 66300 + incorporated 2024 or later
ADVICE ECOSYSTEM TECHNOLOGIES LIMITED,15564560,active,ltd,,15-03-2024,15-03-2024,[66300],10th Floor 135 Bishopsgate London United Kingdom EC2M 3TP,only SIC 66300 + incorporated 2024 or later
APG PI NO6 LIMITED,16270427,active,ltd,,24-02-2025,24-02-2025,[66300],29 York Street London United Kingdom W1H 1EZ,only SIC 66300 + incorporated 2024 or later
