company_name,company_number,company_status,company_type,company_subtype,incorporation_date,registered_date,nature_of_business,registered_office_address
FUTURE GROWTH CAPITAL LIMITED,15666257,active,ltd,,22-04-2024,22-04-2024,[66300],1 London Wall Place London England EC2Y 5AU
TJRK LIMITED,10774442,active,ltd,,17-05-2017,17-05-2017,[66300],Honeycroft Walton-On-Thames England KT12 1EJ
NJ INVESTCO LIMITED,12565422,active,ltd,,21-04-2020,21-04-2020,[66300],Harbour House Southampton England SO14 2AQ
FIN GREEN LTD,13620301,active,ltd,,14-09-2021,14-09-2021,"[64303, 66300]","85 Great Portland Street,  First Floor London United Kingdom W1W 7LT"
DRASHTA CAPITAL UK LIMITED,10228643,active,ltd,,13-06-2016,13-06-2016,[66300],124 City Road London England EC1V 2NX
INTENT TO SUCCESS LTD,13591197,active,ltd,,29-08-2021,29-08-2021,"[66300, 68100]",9 Corbets Tey Road Upminster England RM14 2AP
ECHIDNA HOLDINGS LIMITED,15731164,active,ltd,,20-05-2024,20-05-2024,[66300],237 Westcombe Hill London United Kingdom SE3 7DW
VULPES INVESTMENT MANAGEMENT UK LTD,14132118,active,ltd,,25-05-2022,25-05-2022,[66300],71-75 Shelton Street London United Kingdom WC2H 9JQ
LANDFAIR CAPITAL LIMITED,12611953,active,ltd,,19-05-2020,19-05-2020,"[66300,68320,70221, 96090]",3rd Floor 1 Ashley Road Altrincham United Kingdom WA14 2DT
AUGMENTUM FINTECH GP LIMITED,11194622,active,ltd,,08-02-2018,08-02-2018,[66300],5th Floor 4 Chiswell Street London England EC1Y 4UP
MAKPAY LTD,12108819,active,ltd,,17-07-2019,17-07-2019,[66300],61 Bridge Street Kington England HR5 3DJ
CDAM (UK) LIMITED,08978722,active,ltd,,04-04-2014,04-04-2014,[66300],Meadows House London England W1J 5PR
RESONANCE ENTERPRISE INVESTMENT CIC,14399700,active,ltd,community-interest-company,05-10-2022,05-10-2022,[66300],The Great Barn 5 Scarne Court Launceston England PL15 9LR
RAHMA INVESTMENTS LIMITED,12480667,active,ltd,,25-02-2020,25-02-2020,[66300],20 Unimix House Abbey Road London England NW10 7TR
BALYASNY INTERNATIONAL II LTD,14715832,active,ltd,,08-03-2023,08-03-2023,[66300],23 King Street London England SW1Y 6QY
BLUE CLOUD GLOBAL U.K. LIMITED,14819323,active,ltd,,21-04-2023,21-04-2023,"[64303,66300, 70221]",20 Havelock Road Hastings England TN34 1BP
ST LEONARDS QUARTER NO 2 LIMITED,13911301,active,ltd,,11-02-2022,11-02-2022,[66300],29 York Street London England W1H 1EZ
CTS FINANCE LIMITED,10744713,active,ltd,,27-04-2017,27-04-2017,[66300],Solar House London United Kingdom N14 6NZ
JK INVESTMENT MANAGEMENT SERVICES LIMITED,04765845,active,ltd,,15-05-2003,15-05-2003,[66300],3 Bury House Guildford GU2 4AW
NEWSOME WEALTH MANAGEMENT LTD,11991197,active,ltd,,13-05-2019,13-05-2019,[66300],4 Running Well Runwell England SS11 7GD
3I GP 2019 (SCOTS) LIMITED,SC630869,active,ltd,,21-05-2019,21-05-2019,"[64205, 66300]",50 Lothian Road Edinburgh Scotland EH3 9WJ
KRYGER CAPITAL LIMITED,12592006,active,ltd,,07-05-2020,07-05-2020,[66300],35 Dover Street London England W1S 4NQ
OXBRIDGE ANGELS NOMINEES 2020 LTD,12145651,active,ltd,,08-08-2019,08-08-2019,[66300],298 A Bath Road Hounslow United Kingdom TW4 7DN
NUPPP (GP) LIMITED,04330905,active,ltd,,29-11-2001,29-11-2001,[66300],80 Fenchurch Street London United Kingdom EC3M 4AE
CHIMARA LIMITED,08986533,active,ltd,,08-04-2014,08-04-2014,"[63990,64999, 66300]",124 City Road 124 City Road London United Kingdom EC1V 2NX
TREMPLIN MANAGEMENT LTD,08519020,active,ltd,,07-05-2013,07-05-2013,[66300],Beckwith Barn Warren Estate Writtle England CM1 3WT
GENIO CAPITAL LIMITED,12351291,active,ltd,,05-12-2019,05-12-2019,[66300],13 Hursley Road Eastleigh United Kingdom SO53 2FW
PARKER CAPITAL PRIVATE EQUITY LIMITED,11594604,active,ltd,,28-09-2018,28-09-2018,[66300],Prospect Park Leeds United Kingdom LS14 1NH
BARRACUDA ENERGY STORAGE LIMITED,13017347,active,ltd,,13-11-2020,13-11-2020,"[07290, 08990,66300, 70221]",13017347 - COMPANIES HOUSE DEFAULT ADDRESS Cardiff CF14 8LH
MATIN GROUP LTD,10885069,active,ltd,,26-07-2017,26-07-2017,[66300],128 City Road London United Kingdom EC1V 2NX
ABRDN (IL INFRASTRUCTURE DEBT) GP LIMITED,14313126,active,ltd,,23-08-2022,23-08-2022,[66300],280 Bishopsgate London United Kingdom EC2M 4AG
AXIUM EUROPE PARTNER LTD,14193917,active,ltd,,24-06-2022,24-06-2022,"[66190, 66300]",Savoystrand London England WC2R 0AA
EZEBIZGROUP LTD,10999818,active,ltd,,06-10-2017,06-10-2017,"[49320, 66300]",3 Wylie Close Oxford United Kingdom OX3 7NH
APEX INDEPENDENT FINANCIAL PLANNING LTD,09747110,active,ltd,,25-08-2015,25-08-2015,[66300],Elm Lodge 14 Elbow Lane Liverpool England L37 4AF
RYAN JOSEPH INVESTMENT LTD,13548403,active,ltd,,04-08-2021,04-08-2021,[66300],264 Malden Road London United Kingdom KT3 6AR
FE LOAN MANAGEMENT LIMITED,06906958,active,ltd,,15-05-2009,15-05-2009,[66300],First Floor Linea House Fleet England GU51 2UZ
ICG LONGBOW SENIOR DEBT I GP LIMITED,02276839,active,ltd,,13-07-1988,13-07-1988,[66300],Procession House London United Kingdom EC4M 7JW
ICG ALTERNATIVE INVESTMENT LIMITED,08547260,active,ltd,,29-05-2013,29-05-2013,[66300],Procession House London United Kingdom EC4M 7JW
ANTERRA LIMITED,07953000,active,ltd,,16-02-2012,16-02-2012,"[64209, 66300]",7-8 Ritz Parade London W5 3RA
BAOBAB INVESTMENT MANAGERS LTD,07456530,active,ltd,,01-12-2010,01-12-2010,[66300],Leytonstone House London England E11 1GA
IONA STAR CAPITAL LIMITED,NI695663,active,ltd,,23-03-2023,23-03-2023,[66300],Floor 8 City Exchange Belfast United Kingdom BT1 4LS
COOK FUNDRAISING CONSULTANCY LTD,09068864,active,ltd,,03-06-2014,03-06-2014,[66300],Tuite Tang Wong Woodford Green England IG8 0HL
ALTIMIST CAPITAL LTD,15761023,active,ltd,,04-06-2024,04-06-2024,[66300],"34 Switch House West,  Battersea Power Station London United Kingdom SW11 8BD"
ALS III MEMBER CO LIMITED,11397908,active,ltd,,05-06-2018,05-06-2018,[66300],27 Fitzroy Square London England W1T 6ES
ARISTATA CAPITAL LIMITED,11645469,active,ltd,,26-10-2018,26-10-2018,[66300],C/O Hillier Hopkins Llp Ground Floor London United Kingdom SW1Y 5JG
CAND CAPITAL LIMITED,10699502,active,ltd,,30-03-2017,30-03-2017,[66300],27a Barker Road Sutton Coldfield United Kingdom B74 2NY
EFG HERMES UK LIMITED,10563064,active,ltd,,13-01-2017,13-01-2017,[66300],18 Upper Brook Street London England W1K 7PU
FIM PARTNERS UK LTD,12108672,active,ltd,,17-07-2019,17-07-2019,[66300],"Suite 1,  7th Floor 50 Broadway London United Kingdom SW1H 0BL"
KYMA CAPITAL LIMITED,11237279,active,ltd,,06-03-2018,06-03-2018,[66300],1 Duchess Street London England W1W 6AN
PROMERITUM MANAGEMENT LIMITED,09055167,active,ltd,,23-05-2014,23-05-2014,[66300],11-12 Hanover Square London United Kingdom W1S 1JJ
ZL EDGE LTD,14346136,active,ltd,,08-09-2022,08-09-2022,[66300],7 Bell Yard London England WC2A 2JR
FINSAI LTD,15012997,active,ltd,,19-07-2023,19-07-2023,"[66110, 66300]","Suite 1-2,  Brookfield Court Selby Road Leeds England LS25 1NB"
MULTI-STRATEGY CONSULTING LIMITED,09594590,active,ltd,,16-05-2015,16-05-2015,[66300],60 Gresham Street London England EC2V 7BB
BRIDGES OUTCOMES LIMITED,12638672,active,ltd,,02-06-2020,02-06-2020,[66300],38 Seymour Street London United Kingdom W1H 7BP
TERRA NOVA HOLDING GROUP LTD,13378322,active,ltd,,05-05-2021,05-05-2021,"[64191,64205,66300, 69109]",20-22 Wenlock Road London England N1 7GU
AUTONOMY SERVICE COMPANY LIMITED,04607476,active,ltd,,03-12-2002,03-12-2002,[66300],9 Appold Street London England EC2A 2AP
PRIMA 200 LIMITED,05099500,active,ltd,,13-04-2004,13-04-2004,[66300],5 The Triangle Worcester WR5 2QX
HASTOO INVESTMENTS LTD,13377745,active,ltd,,05-05-2021,05-05-2021,"[64304,66110, 66300]",Unit 9 Twelve O'Clock Court Sheffield England S4 7WW
GROWTOWN PROPERTY SERVICES LTD,SC632718,active,ltd,,07-06-2019,07-06-2019,"[66300, 98000]",5b Firth Road Livingston Scotland EH54 5DJ
BALYASNY INTERNATIONAL ASSET MANAGEMENT LIMITED,05147664,active,ltd,,08-06-2004,08-06-2004,[66300],23 King Street London England SW1Y 6QY
BALYASNY INTERNATIONAL ASSET MANAGEMENT II LIMITED,05384864,active,ltd,,08-03-2005,08-03-2005,[66300],23 King Street London England SW1Y 6QY
GLENAMBER LIMITED,13644212,active,ltd,,27-09-2021,27-09-2021,[66300],"4th Floor,  58-59 Great Marlborough Street London England W1F 7JY"
HENLEY FM LIMITED,10800818,active,ltd,,02-06-2017,02-06-2017,[66300],50 Grosvenor Hill London England W1K 3QT
SK GROUP ENDOWMENT PROGRAMME LTD,12881709,active,private-limited-guarant-nsc,,15-09-2020,15-09-2020,[66300],Beckwith Barn Warren Estate Writtle England CM1 3WT
PALMER INVESTMENT MANAGEMENT LIMITED,06373531,active,ltd,,18-09-2007,18-09-2007,[66300],1-4 Farrow Road Chelmsford CM1 3TH
HPBF HOLDINGS LTD,12628838,active,ltd,,28-05-2020,28-05-2020,"[66120, 66300]",Basset Down House Swindon England SN4 9QP
DAVID MORGAN CONSULTING LTD,08567373,active,ltd,,12-06-2013,12-06-2013,[66300],30 Boxgrove Avenue Guildford GU1 1XQ
VISION FILED LTD,15762782,active,ltd,,05-06-2024,05-06-2024,"[58110,66110,66120, 66300]",128 City Road London United Kingdom EC1V 2NX
PAUL DODD ASSET MANAGEMENT LIMITED,08716410,active,ltd,,03-10-2013,03-10-2013,[66300],18 Wynmore Avenue Leeds LS16 9DE
GLOBAL PARAMETRICS HOLDING COMPANY LIMITED,10120315,active,ltd,,12-04-2016,12-04-2016,"[64205, 66300]",1 Lime Street London England EC3M 7HA
MULVANEY CAPITAL MANAGEMENT LIMITED,03734035,active,ltd,,17-03-1999,17-03-1999,[66300],5th Floor 3 Moorgate Place London England EC2R 6EA
MILOTARP AGENCIES UK LIMITED,12589637,active,ltd,,06-05-2020,06-05-2020,[66300],50a The Ridgeway London England NW11 8QN
ESS GROUP INTERNATIONAL LTD,07710145,active,ltd,,19-07-2011,19-07-2011,"[41100,62020,66300, 82990]",3rd Floor 207 Regent Street London W1B 3HH
HANGAR X LTD,14116953,active,ltd,,19-05-2022,19-05-2022,[66300],15 Cavendish Square West Central England W1G 0AN
O S ASSET MANAGEMENT LTD,11513259,active,ltd,,13-08-2018,13-08-2018,[66300],New Mill Cottage Barry United Kingdom CF62 3AG
AEGON INVESTMENTS LIMITED,10654248,active,ltd,,06-03-2017,06-03-2017,[66300],Level 26 The Leadenhall Building London United Kingdom EC3V 4AB
LEE BAY VILLAGE INVESTMENTS LIMITED,09021349,active,ltd,,01-05-2014,01-05-2014,[66300],29 York Street London England W1H 1EZ
BLN LOAN SYNDICATES LIMITED,07341131,active,private-limited-guarant-nsc,,10-08-2010,10-08-2010,[66300],Unit 2/3 Charter Point Way Ashby-De-La-Zouch England LE65 1NF
STUYVESANT ADVISORY LTD,11292168,active,ltd,,05-04-2018,05-04-2018,[66300],99 Pennsylvania Road Devon England EX4 6DT
LEISURE SPV1 LIMITED,14881929,active,ltd,,19-05-2023,19-05-2023,[66300],One Coleman Street London United Kingdom EC2R 5AA
AZINI 3 (GENERAL PARTNER) LIMITED,04000835,active,ltd,,19-05-2000,19-05-2000,[66300],32 Maple Street London W1T 6HB
GLAP DELIVERY COMPANY LIMITED,14106617,active,ltd,,13-05-2022,13-05-2022,[66300],Unit 9-12 Jessops Riverside 800 Brightside Lane Sheffield England S9 2RX
AVIVA INVESTORS INFRASTRUCTURE GP LIMITED,07739651,active,ltd,,15-08-2011,15-08-2011,[66300],80 Fenchurch Street London United Kingdom EC3M 4AE
AVIVA INVESTORS COMMERCIAL ASSETS GP LIMITED,07680828,active,ltd,,23-06-2011,23-06-2011,[66300],80 Fenchurch Street London United Kingdom EC3M 4AE
CARDRET LIMITED,09219501,active,ltd,,16-09-2014,16-09-2014,[66300],76 Balcombe Street London NW1 6NE
GRO CAPITAL INTERNATIONAL LIMITED,14206786,active,ltd,,30-06-2022,30-06-2022,[66300],C/O Stevens & Bolton Llp Wey House Guildford United Kingdom GU1 4YD
FNDSIQ LTD.,12569767,active,ltd,,23-04-2020,23-04-2020,"[62090, 66300]",124 124 City Road London England EC1V 2NX
BSIP DELIVERY COMPANY LIMITED,14106720,active,ltd,,13-05-2022,13-05-2022,[66300],Unit 9-12 Jessops Riverside 800 Brightside Lane Sheffield England S9 2RX
BALYASNY INTERNATIONAL (HOLDINGS) LIMITED,14299432,active,ltd,,16-08-2022,16-08-2022,[66300],23 King Street 4th Floor London United Kingdom SW1Y 6QY
ARTCRY LTD,12599165,active,private-limited-guarant-nsc,,13-05-2020,13-05-2020,"[66300, 90030]",41 North Gardens Brighton England BN1 3LB
REDDINGTON WEALTH MANAGEMENT LIMITED,SC511663,active,ltd,,27-07-2015,27-07-2015,[66300],1 Rutland Square Edinburgh Scotland EH1 2AS
APW WHELTON LTD,09156981,active,ltd,,01-08-2014,01-08-2014,[66300],Bramhall House Ack Lane East Stockport England SK7 2BY
VERBENA WEALTH MANAGEMENT LIMITED,11829028,active,ltd,,15-02-2019,15-02-2019,[66300],4 Tannery House Tannery Lane Woking England GU23 7EF
NAPIER PARK GLOBAL CAPITAL LTD,07480435,active,ltd,,31-12-2010,31-12-2010,[66300],5 Hanover Square London England W1S 1HE
SOLIVERA CAPITAL LIMITED,14869220,active,ltd,,15-05-2023,15-05-2023,"[64205, 66300]",Flat 2 19 Henrietta Street London England WC2E 8QH
THREE BODY CAPITAL LIMITED,11642880,active,ltd,,25-10-2018,25-10-2018,"[62012,66190, 66300]",30 Churchill Place London England E14 5RE
BEDROCK ASSET MANAGEMENT (UK) LTD,05171393,active,ltd,,06-07-2004,06-07-2004,"[66300, 70221]",33 Glasshouse Street London United Kingdom W1B 5DG
EMIVIA LIMITED,13413474,active,ltd,,21-05-2021,21-05-2021,[66300],Tall Timbers Orpington England BR6 8NT
J ROTHSCHILD CAPITAL MANAGEMENT LIMITED,02201053,active,ltd,,01-12-1987,01-12-1987,[66300],27 St. James's Place London SW1A 1NR
10 INVESTMENTS LIMITED,14810836,active,ltd,,18-04-2023,18-04-2023,"[64205,66300, 82990]",809 Salisbury House London United Kingdom EC2M 7AQ
PALATIUM INVESTMENT MANAGEMENT LIMITED,05455959,active,ltd,,18-05-2005,18-05-2005,[66300],6th Floor Kings House London England SW1Y 4BP
BENTLEY REID & CO (UK) LIMITED,07602886,active,ltd,,13-04-2011,13-04-2011,[66300],3rd Floor London SW1H 9BU
BLU FAMILY OFFICE LIMITED,09580739,active,ltd,,08-05-2015,08-05-2015,[66300],15 Little Green Richmond England TW9 1QH
FORESIGHT EUROPEAN SOLAR FUND CIP GP LIMITED,SC340909,active,ltd,,07-04-2008,07-04-2008,[66300],C/O Foresight Group Llp Clarence House Edinburgh Scotland EH2 4JS
WMCA JV LIMITED,14734682,active,ltd,,16-03-2023,16-03-2023,[66300],16 Summer Lane Birmingham England B19 3SD
GRANTABRIDGE RESEARCH LIMITED,14479785,active,ltd,,11-11-2022,11-11-2022,"[62012, 66300]",10 Queen Street Place London United Kingdom EC4R 1AG
METAVALLON VENTURES LIMITED,09577290,active,ltd,,06-05-2015,06-05-2015,"[62020, 66300]",120 Cockfosters Road Barnet United Kingdom EN4 0DZ
TRADACE LTD,10753358,active,ltd,,04-05-2017,04-05-2017,"[46900, 66300]",32 Prince Road South Norwood England SE25 6NW
BRACKET VENTURE CONSULTING LIMITED,15709189,active,ltd,,08-05-2024,08-05-2024,[66300],3rd Floor 1 Ashley Road Altrincham United Kingdom WA14 2DT
DUCHEMIN WILLIAMS LIMITED,10328946,active,ltd,,15-08-2016,15-08-2016,[66300],Stable Cottage Henley-On-Thames England RG9 3HY
RAW ADVICE LIMITED,14828852,active,ltd,,26-04-2023,26-04-2023,"[66300,70229, 82990]",1417-1419 London Road London England SW16 4AH
SCRYPT CAPITAL LIMITED,14261818,active,ltd,,28-07-2022,28-07-2022,[66300],4 Stratford House Avenue Bromley England BR1 2WE
TAMI BIDCO LIMITED,11373771,active,ltd,,21-05-2018,21-05-2018,[66300],Ferguson House 15 Marylebone Road London England NW1 5JD
DARWIN ALTERNATIVE INVESTMENT MANAGEMENT LIMITED,08100415,active,ltd,,11-06-2012,11-06-2012,[66300],Empire House London England W1J 9EN
ESPORTS GLOBAL UK LIMITED,13793330,active,ltd,,10-12-2021,10-12-2021,[66300],Oak House Gerrards Cross England SL9 8BR
MFM UNIT TRUST MANAGERS LIMITED,01651703,active,ltd,,15-07-1982,15-07-1982,[66300],Marlborough House Bolton BL1 4QP
MONTANARO ASSET MANAGEMENT LIMITED,03246931,active,ltd,,06-09-1996,06-09-1996,[66300],53 Threadneedle Street null EC2R 8AR
PFPNI LTD,NI608597,active,ltd,,12-08-2011,12-08-2011,[66300],46 Hill Street Belfast BT1 2LB
HG ASIA SECURITIES LIMITED,09224724,active,ltd,,18-09-2014,18-09-2014,[66300],9 Albert Place London England W8 5PD
ABRDN INVESTMENT MANAGEMENT LIMITED,SC123321,active,ltd,,27-02-1990,27-02-1990,[66300],1 George Street null EH2 2LL
WEDGWOOD FAMILY OFFICE LIMITED,14442767,active,ltd,,25-10-2022,25-10-2022,[66300],30 Forest Ridge Keston England BR2 6EQ
NVS INV LIMITED,13383001,active,ltd,,07-05-2021,07-05-2021,[66300],34 The Custom House Redcliff Backs England BS1 6NE
JOBS UK WEST CENTRAL LONDON LTD,14886431,active,ltd,,22-05-2023,22-05-2023,"[64305,64306,66300, 78200]",270 Slade Road Birmingham England B23 7LX
DNZ HOLDING LTD,13059338,active,ltd,,03-12-2020,03-12-2020,"[64192,64303,66110, 66300]",27 Old Gloucester Street London United Kingdom WC1N 3AX
ATF PARTICIPATION LTD,14754333,active,ltd,,24-03-2023,24-03-2023,[66300],Stanhope House C/O Thompson Taraz London England W1K 1PR
QBS INVESTMENTS LTD,08968269,active,ltd,,31-03-2014,31-03-2014,[66300],"Suite A,  1st Floor Luton United Kingdom LU1 3UB"
OAK HILL ADVISORS (U.K. SERVICES) LIMITED,05477617,active,ltd,,10-06-2005,10-06-2005,[66300],45 Pall Mall London SW1Y 5JG
CHICKORY LTD,15786348,active,ltd,,18-06-2024,18-06-2024,[66300],Unit 14 Witney Way Boldon Colliery United Kingdom NE35 9PE
OMESIA LIMITED,10229605,active,ltd,,13-06-2016,13-06-2016,[66300],Beckwith Barn Warren Estate Writtle England CM1 3WT
NEWINGTON (SITTINGBOURNE) LTD,11453709,active,ltd,,09-07-2018,09-07-2018,[66300],Woodgate House Cockfosters England EN4 9HN
ILFORD PARQUET COMPANY LIMITED,01361885,active,ltd,,07-04-1978,07-04-1978,[66300],37 Aylmer Road Essex RM8 3LP
BADBY LIMITED,11069309,active,ltd,,17-11-2017,17-11-2017,[66300],Woodgate House Cockfosters England EN4 9HN
MURRAY ROUND WEALTH MANAGEMENT LIMITED,04010289,active,ltd,,08-06-2000,08-06-2000,"[66190,66290, 66300]",2 Claremont Bank Salop SY1 1RW
AFLAX LTD,06887676,active,ltd,,24-04-2009,24-04-2009,"[66300, 82302]",Suite 58 Princes Court London England SW3 1ET
NADAV ROSENBERG GP LIMITED,12653099,active,ltd,,08-06-2020,08-06-2020,[66300],27 New Dover Road Canterbury England CT1 3DN
AURAYA.WALLET LTD,12654768,active,ltd,,09-06-2020,09-06-2020,"[66120, 66300]",Office 4 Wishing Well Barn Lincoln England LN1 2PW
BEL SOGNO ESTATE LTD,13400163,active,ltd,,16-05-2021,16-05-2021,"[66300, 68100]",71-75 Shelton Street London United Kingdom WC2H 9JQ
LK ADVISERS LIMITED,04310198,active,ltd,,24-10-2001,24-10-2001,[66300],"Berkeley Square House,  Fifth Floor London United Kingdom W1J 6BY"
FYRESQUARE CAPITAL LIMITED,07284517,active,ltd,,15-06-2010,15-06-2010,[66300],2 St. James's Street London England SW1A 1EF
TECHSTART SGS GP LIMITED,SC613139,active,ltd,,09-11-2018,09-11-2018,[66300],C/O Cms Cameron Mckenna Nabarro Olswang Llp Saltire Court Edinburgh United Kingdom EH1 2EN
JBW CAPITAL LIMITED,09635994,active,ltd,,12-06-2015,12-06-2015,[66300],107 East Street Hereford United Kingdom HR1 2LW
ROUNDSHIELD ADVISORS (UK) LIMITED,12478453,active,ltd,,24-02-2020,24-02-2020,[66300],2 Foubert's Place London United Kingdom W1F 7PA
CITAX ASSET MANAGEMENT LIMITED,14355270,active,ltd,,14-09-2022,14-09-2022,[66300],"Tower 42,  2nd Floor Old Broad Street London England EC2N 1HN"
VITA CAPITAL MANAGEMENT LTD,08104498,active,ltd,,13-06-2012,13-06-2012,[66300],Dawes Court House Dawes Court Esher KT10 9QD
ORBIMED (UK) LIMITED,14358042,active,ltd,,15-09-2022,15-09-2022,[66300],"1st Floor West,  Davidson House Reading England RG1 3EU"
CYBER SOCIATY LEX UK,11830375,active,private-limited-guarant-nsc-limited-exemption,,15-02-2019,15-02-2019,"[62020, 66300]",Unit 12a Brickfields Industrial Estate Hemel Hempstead United Kingdom HP2 7QA
OUESTIA PROPERTY GP LIMITED,09073565,active,ltd,,05-06-2014,05-06-2014,[66300],14th Floor 22 Bishopsgate London United Kingdom EC2N 4BQ
H&M INVESTMENT MANAGEMENT LTD,06368165,active,ltd,,11-09-2007,11-09-2007,[66300],"The Old Forge,  141 Main Road Chelmsford CM3 4AA"
AYLIM CAPITAL INVESTMENTS LTD,10840035,active,ltd,,28-06-2017,28-06-2017,[66300],Berkeley Square House London England W1G 6BD
NEW MOUNTAIN CAPITAL (U.K.) LTD.,10783891,active,ltd,,23-05-2017,23-05-2017,[66300],"4th Floor,  16 Hanover Street Hanover Street London England W1S 1YD"
SORENGO PARTNERS LTD,14742464,active,ltd,,20-03-2023,20-03-2023,[66300],9 Argyll Street London United Kingdom W1F 7TG
PWS WEALTH MANAGEMENT LIMITED,06401742,active,ltd,,17-10-2007,17-10-2007,[66300],Butterworth Barlow House Prescot England L34 3LG
IONIC CAPITAL LIMITED,12234927,active,ltd,,30-09-2019,30-09-2019,[66300],47 Ulster Gardens London England N13 5DP
NVYAS WEALTH MANAGEMENT LIMITED,08176476,active,ltd,,13-08-2012,13-08-2012,[66300],9a Leicester Road Leicester LE8 4GR
LCT ASSOCIATES LTD,09235898,active,ltd,,25-09-2014,25-09-2014,[66300],37 Lyncroft Avenue Pinner England HA5 1JU
HAGGER LTD,12275534,active,ltd,,22-10-2019,22-10-2019,[66300],71-75 Shelton Street London United Kingdom WC2H 9JQ
CHANTERELLE UNDERWRITING LIMITED,03853053,active,ltd,,29-09-1999,29-09-1999,"[65120,65202,65300, 66300]",5th Floor 40 Gracechurch Street London England EC3V 0BT
EXPONENT HAVANA CO-INVESTMENT PARTNERS GP LIMITED,08374481,active,ltd,,24-01-2013,24-01-2013,[66300],30 Broadwick Street London England W1F 8JB
PREMIER PENSIONS MANAGEMENT LIMITED,04692580,active,ltd,,11-03-2003,11-03-2003,[66300],Amp House Croydon CR0 2LX
PARK FARM UNDERWRITING LIMITED,03848332,active,ltd,,21-09-1999,21-09-1999,"[65120,65202,65300, 66300]",5th Floor 40 Gracechurch Street London England EC3V 0BT
ALKEN ASSET MANAGEMENT LTD.,09071203,active,ltd,,04-06-2014,04-06-2014,[66300],25 Savile Row London United Kingdom W1S 2ER
ALTIUM INVESTMENT MANAGEMENT LIMITED,11687055,active,ltd,,20-11-2018,20-11-2018,[66300],Scotland Farmhouse Clay Bank Banbury United Kingdom OX15 5PA
RED CASE INVESTMENTS LTD,12051489,active,ltd,,14-06-2019,14-06-2019,[66300],Calyx House Taunton United Kingdom TA1 3DU
GAM STERLING MANAGEMENT LIMITED,01750352,active,ltd,,06-09-1983,06-09-1983,[66300],8 Finsbury Circus London England EC2M 7GB
KEVIN BASSETT WEALTH MANAGEMENT LIMITED,08110078,active,ltd,,19-06-2012,19-06-2012,[66300],37 Church Road London England SW19 5DQ
EXPONENT PRIVATE EQUITY GP OF GP LIMITED,05152985,active,ltd,,14-06-2004,14-06-2004,[66300],30 Broadwick Street London England W1F 8JB
EXPONENT MANAGEMENT SERVICES LIMITED,13177538,active,ltd,,03-02-2021,03-02-2021,[66300],30 Broadwick Street London England W1F 8JB
MATAM LTD,14369501,active,ltd,,22-09-2022,22-09-2022,[66300],The Carriage House Maidstone United Kingdom ME15 6YE
DARCEY CAPITAL LIMITED,09784944,active,ltd,,18-09-2015,18-09-2015,[66300],The Field House Wooburn Green England SL8 5JJ
GAM LONDON LIMITED,00874802,active,ltd,,24-03-1966,24-03-1966,[66300],8 Finsbury Circus London England EC2M 7GB
BERNEL LTD,09635805,active,ltd,,12-06-2015,12-06-2015,[66300],63 Millbrook Road Carlisle CA3 0EU
V&B TRADING LTD,10948705,active,ltd,,06-09-2017,06-09-2017,"[43999,46900,66300, 90020]",10948705 - COMPANIES HOUSE DEFAULT ADDRESS Cardiff CF14 8LH
BRITISH BUSINESS FINANCE LTD,09091928,active,ltd,,18-06-2014,18-06-2014,[66300],Steel City House Sheffield S1 2GQ
EISER INFRASTRUCTURE LIMITED,05375885,active,ltd,,25-02-2005,25-02-2005,[66300],42-46 Station Road Edgware England HA8 7AB
OXX LTD,10493699,active,ltd,,23-11-2016,23-11-2016,[66300],Brock House London England W1W 6BP
EASY GIVING LTD,14838343,active,ltd,,01-05-2023,01-05-2023,[66300],34 Oak Wood Road Wetherby England LS22 7QY
BRISTOW & SUTOR MANAGEMENT SERVICES LIMITED,10709213,active,ltd,,04-04-2017,04-04-2017,[66300],Bartleet Road Redditch England B98 0FL
QUANTIC EAGLE LTD,14897160,active,ltd,,26-05-2023,26-05-2023,"[66190, 66300]",71-75 Shelton Street London United Kingdom WC2H 9JQ
LAGUNA INTERNATIONAL BUSINESS CONSULTING LIMITED,12145682,active,ltd,,08-08-2019,08-08-2019,"[64999,66300,68320, 70229]",Kemp House London United Kingdom EC1V 2NX
UPSILON BETA INVESTMENT LTD,07996938,active,ltd,,20-03-2012,20-03-2012,"[20110,46900,66300, 70100]",3 Chapel Street Congleton England CW12 4AB
GLASHEDY PARTNERS LIMITED,NI669365,active,ltd,,11-05-2020,11-05-2020,[66300],2 Downshire Road Holywood Northern Ireland BT18 9LU
PILOTIS HOLDING LTD,14631572,active,ltd,,01-02-2023,01-02-2023,"[64204,64304,66300, 68320]",410 Point West Building Cromwell Road London England SW7 4XN
CLARITY ADVICE & MANAGEMENT LTD,10058780,active,ltd,,11-03-2016,11-03-2016,"[66190, 66300]",North House Tonbridge United Kingdom TN9 1BE
SYNOVA CAPITAL GP 6 LIMITED,12016643,active,ltd,,24-05-2019,24-05-2019,[66300],3rd Floor 45 Mortimer Street London United Kingdom W1W 8HJ
H/2 CAPITAL PARTNERS UK LIMITED,09032524,active,ltd,,09-05-2014,09-05-2014,[66300],"C/O Tmf Group,  13th Floor London United Kingdom EC2R 7HJ"
GKA INTERNATIONAL (STORAGE) MANAGEMENT LIMITED,10195896,active,ltd,,24-05-2016,24-05-2016,[66300],55 King Street Manchester United Kingdom M2 4LQ
JDC FINANCIAL PLANNING LIMITED,12424254,active,ltd,,24-01-2020,24-01-2020,"[66300, 96090]",Suite E Quayside House Chatham England ME4 4QZ
SAN BECK LEISURE LIMITED,13262609,active,ltd,,12-03-2021,12-03-2021,[66300],"Altus Part,  Skinner House 38-40 Bell Street Reigate United Kingdom RH2 7BA"
ALFA8 INVESTMENTS LIMITED,15593206,active,ltd,,25-03-2024,25-03-2024,[66300],42 New Broad Street London United Kingdom EC2M 1JD
EGCB HOLDINGS LIMITED,11963790,active,ltd,,25-04-2019,25-04-2019,[66300],Brook House Kingswinford England DY6 9HS
RED KEY CAPITAL LIMITED,10414310,active,ltd,,06-10-2016,06-10-2016,"[66110, 66300]",The Treetops Brentwood England CM13 2AG
INEVERSLEY LTD,06784220,active,ltd,,06-01-2009,06-01-2009,[66300],Brook House Kingswinford England DY6 9HS
EMERGE VENTURE PARTNERS (GENERAL PARTNER) II LIMITED,14302903,active,ltd,,17-08-2022,17-08-2022,[66300],Jisc London United Kingdom EC4A 1BW
SCF OXFORD (GP) LIMITED,SC699497,active,ltd,,21-05-2021,21-05-2021,[66300],50 Lothian Road Edinburgh Scotland EH3 9WJ
AZINI 2 (FP) LIMITED,SC375584,active,ltd,,25-03-2010,25-03-2010,[66300],50 Lothian Road Edinburgh EH3 9WJ
LEGAL & GENERAL INVESTMENT MANAGEMENT LIMITED,02091894,active,ltd,,21-01-1987,21-01-1987,[66300],One Coleman Street null EC2R 5AA
SPARROWS CAPITAL LIMITED,08623416,active,ltd,,24-07-2013,24-07-2013,"[66190,66300, 70221]",35-37 Ludgate Hill London England EC4M 7JN
HORIZON UAE VISION BOND ONE BY A.S. AL NABOODAH PLC,13101100,active,plc,,29-12-2020,29-12-2020,"[64303,64304, 66300]",71-75 Shelton Street London United Kingdom WC2H 9JQ
HALO GLOBAL ASSET MANAGEMENT LTD,10193739,active,ltd,,23-05-2016,23-05-2016,[66300],Wades House Winchester England SO21 3RJ
DREADNOUGHT LIMITED,10914094,active,ltd,,14-08-2017,14-08-2017,[66300],60 Seren Park Gardens London United Kingdom SE3 7RP
FM FINANCIAL SOLUTIONS LIMITED,07580031,active,ltd,,28-03-2011,28-03-2011,[66300],6 Oliver Road Tonbridge TN12 0TD
AVIVA LIFE INVESTMENTS INTERNATIONAL (GENERAL PARTNER) LIMITED,07019488,active,ltd,,15-09-2009,15-09-2009,[66300],Aviva York United Kingdom YO90 1WR
GREGORY INC (INVESTMENTS) LTD,13427536,active,ltd,,28-05-2021,28-05-2021,"[64991, 66300]",71-75 Shelton Street London England WC2H 9JQ
CASTLEFORT LIMITED,15018842,active,ltd,,21-07-2023,21-07-2023,[66300],71-75 Shelton Street London United Kingdom WC2H 9JQ
DEVELINVEST LIMITED,12807683,active,ltd,,12-08-2020,12-08-2020,[66300],27 Old Gloucester Street London England WC1N 3AX
HAMILTON LANE (UK) LIMITED,04507221,active,ltd,,08-08-2002,08-08-2002,[66300],"10 Bressenden Place,  4th Floor London United Kingdom SW1E 5DH"
ALPHA VERA CONSULTING LTD,12635168,active,ltd,,30-05-2020,30-05-2020,[66300],2-3 Sheldon House Shipston-On-Stour United Kingdom CV36 4AF
EGOY DISTRIBUTION LIMITED,08702913,active,ltd,,24-09-2013,24-09-2013,"[66300, 70229]",Care Of Goldwins Ltd London England NW6 2EG
KFIM GP 1957 LIMITED,14120718,active,ltd,,20-05-2022,20-05-2022,[66300],"Kfim Llp 7th Floor,  Saddlers House London England EC2V 6BR"
EVEREST INVESTMENTS MANAGEMENT LIMITED,06756975,active,ltd,,24-11-2008,24-11-2008,[66300],Pyramid House London England N12 9RT
IAM INVEST LTD,04007950,active,ltd,,05-06-2000,05-06-2000,"[66300,70221, 82990]",4 Hill Street null W1J 5NE
UMRIGAR INVESTMENTS LIMITED,SC131040,active,ltd,,08-04-1991,08-04-1991,[66300],37 Drumsheugh Gardens Edinburgh EH3 7RN
MAGIS CAPITAL HOLDING LTD,14906641,active,ltd,,31-05-2023,31-05-2023,"[46900,66120,66300, 70221]",20 Wenlock Road London England N1 7GU
PANTHEON JASMIN GP LTD,14248793,active,ltd,,21-07-2022,21-07-2022,[66300],10 Finsbury Square London United Kingdom EC2A 1AF
PRAGMA WEALTH MANAGEMENT LTD.,04191349,active,ltd,,30-03-2001,30-03-2001,[66300],"The Scalpel,  18th Floor London United Kingdom EC3M 7AF"
LONGVIEW PARTNERS (UK) LIMITED,04170481,active,ltd,,01-03-2001,01-03-2001,[66300],Savoystrand London England WC2R 0AA
METIS ASSET MANAGEMENT LTD,11002278,active,ltd,,09-10-2017,09-10-2017,[66300],Brooklands Barn Haywards Heath England RH16 4RR
CONSET CAPITAL LTD,10797299,active,ltd,,01-06-2017,01-06-2017,[66300],Birchin Court London England EC3V 9DJ
RESTITUTION CAPITAL LIMITED,13438402,active,ltd,,04-06-2021,04-06-2021,[66300],3rd Floor 207 Regent Street London United Kingdom W1B 3HH
BSFI LIP 1 LIMITED,07713986,active,ltd,,21-07-2011,21-07-2011,[66300],3 More London Riverside London England SE1 2AQ
BSFI LIP 2 LIMITED,07714002,active,ltd,,21-07-2011,21-07-2011,[66300],3 More London Riverside London England SE1 2AQ
PRBS MANAGEMENT COMPANY LIMITED,11390851,active,ltd,,31-05-2018,31-05-2018,[66300],"The Coach House ,  5 Fountain Court Main Street Stamford England PE9 3BJ"
FUNDMUSIC LIMITED,13568184,active,ltd,,16-08-2021,16-08-2021,"[47630, 66300]",The Tapestry Building London England W1D 4SH
FORE TAURUS GP LIMITED,11388373,active,ltd,,30-05-2018,30-05-2018,[66300],"C/O Goringe Accountants Ltd,  Waterside,  1650 Arlington Business Park Reading United Kingdom RG7 4SA"
REGENERATIO LTD,15794229,active,ltd,,22-06-2024,22-06-2024,[66300],23 Ferncroft Avenue London England NW3 7PG
N.F.U. MUTUAL UNIT MANAGERS LIMITED,01837277,active,ltd,,31-07-1984,31-07-1984,[66300],Tiddington Road null CV37 7BJ
RIDGEWAY INVESTMENT MANAGEMENT LIMITED,10817077,active,ltd,,13-06-2017,13-06-2017,[66300],Dudmore Lodge Ogbourne Road Marlborough England SN8 2LD
POINT72 UK LIMITED,09644084,active,ltd,,17-06-2015,17-06-2015,[66300],8 St James's Square London England SW1Y 4JU
TANGENCY CAPITAL SERVICES LTD,11011809,active,ltd,,13-10-2017,13-10-2017,[66300],125 Old Broad Street London England EC2N 1AR
VIRID PARTNERS LIMITED,15797904,active,ltd,,23-06-2024,23-06-2024,[66300],2 Maple Court Macclesfield United Kingdom SK10 1JE
INVESCO UK SERVICES LIMITED,06649814,active,ltd,,17-07-2008,17-07-2008,[66300],Perpetual Park Henley-On-Thames England RG9 1HH
BORDIER & CIE (UK) PLC,01583393,active,plc,,01-09-1981,01-09-1981,[66300],23 King Street London SW1Y 6QY
RESOLUTION PROPERTY FM LIMITED,04446371,active,ltd,,23-05-2002,23-05-2002,[66300],7 Heddon Street London England W1B 4BD
AVIAN ASSETS,09073444,active,private-unlimited,,05-06-2014,05-06-2014,[66300],The Spinney Rainhill L35 6NG
WEST ASSET MANAGEMENT LIMITED,08146519,active,ltd,,17-07-2012,17-07-2012,[66300],Stable House Calstock United Kingdom PL18 9SF
PIPER EQUITY LIMITED,07706794,active,ltd,,15-07-2011,15-07-2011,[66300],1st Floor London W8 7AS
META ADVISORS LIMITED,08706309,active,ltd,,25-09-2013,25-09-2013,[66300],2 Eaton Gate London SW1W 9BJ
DEVON SOCIAL FINANCE LIMITED,10811977,active,ltd,,09-06-2017,09-06-2017,[66300],The Factory Tiverton England EX16 5LL
GCP EUROPE GP1 LTD,08201425,active,ltd,,04-09-2012,04-09-2012,[66300],14-16 Bruton Place London England W1J 6LX
PRIMARY CAPITAL V (FINANCE) LIMITED,12084053,active,ltd,,03-07-2019,03-07-2019,"[64205,64209, 66300]",Augustine House London EC2N 2HA
ACCELERATOR ADVISORY LIMITED,12144298,active,ltd,,07-08-2019,07-08-2019,[66300],C/O Mills & Reeve Llp Botanic House Cambridge United Kingdom CB2 1PH
ZEUS CAPITAL MANAGEMENT LIMITED,14327438,active,ltd,,31-08-2022,31-08-2022,[66300],Second Floor Flat London England SW7 3BB
CORTHIAN ENTERPRISES LIMITED,12040517,active,ltd,,10-06-2019,10-06-2019,[66300],238 Station Road Addlestone United Kingdom KT15 2PS
ECOMMUNITY TOGETHER CIC,13417949,active,private-limited-guarant-nsc,community-interest-company,25-05-2021,25-05-2021,"[66220,66300, 74901]",Flat Cleethorpes England DN35 8HF
LIV BRIDGING FINANCE LIMITED,08423206,active,ltd,,28-02-2013,28-02-2013,[66300],19-20 Bourne Court Southend Road Woodford Green England IG8 8HD
SUMMA EQUITY ADVISORY LTD.,15810685,active,ltd,,01-07-2024,01-07-2024,[66300],1 Chapel Street Warwick United Kingdom CV34 4HL
HERITAGE INVESTMENT MANAGEMENT LIMITED,08733330,active,ltd,,15-10-2013,15-10-2013,[66300],Beckwith Barn Warren Estate Writtle England CM1 3WT
SEEFO CAP (I) LTD,15273399,active,ltd,,09-11-2023,09-11-2023,"[64205,64303,66300, 68100]",128 City Road London United Kingdom EC1V 2NX
SPE SELECT UK GP IV LIMITED,13165118,active,ltd,,28-01-2021,28-01-2021,[66300],2nd Floor 37 Upper Brook Street London United Kingdom W1K 7PR
WELLINGTON MANAGEMENT INTERNATIONAL LIMITED,04283513,active,ltd,,07-09-2001,07-09-2001,"[66300, 70221]",Cardinal Place London SW1E 5JL
C M WHITE INVESTMENTS LIMITED,02399561,active,ltd,,29-06-1989,29-06-1989,"[55900, 66300]","Arbor C/O Winckworth Sherwood,  Arbor London United Kingdom SE1 9AX"
ESMOND CAPITAL LTD,10842902,active,ltd,,29-06-2017,29-06-2017,[66300],5 Stratford Place London England W1C 1AX
FALCON INVESTMENT MANAGEMENT LTD,09277206,active,ltd,,23-10-2014,23-10-2014,[66300],64 North Row 5th Floor London United Kingdom W1K 7DA
L9 INVESTMENT HOLDINGS GP LIMITED,SC480764,active,ltd,,25-06-2014,25-06-2014,[66300],50 Lothian Road Edinburgh EH3 9WJ
BGF IRELAND NOMINEES LIMITED,10657185,active,ltd,,07-03-2017,07-03-2017,[66300],13-15 York Buildings London United Kingdom WC2N 6JU
ALCUIN GP LIMITED,06442276,active,ltd,,30-11-2007,30-11-2007,[66300],75 Knightsbridge London England SW1X 7BF
SQUAREPOINT SERVICES UK LIMITED,14377445,active,ltd,,26-09-2022,26-09-2022,[66300],Citypoint London United Kingdom EC2Y 9AW
BLACK STARS INVESTMENTS LIMITED,12901646,active,ltd,,24-09-2020,24-09-2020,[66300],124 City Road London England EC1V 2NX
MTE ASSET MANAGEMENT LTD,12250469,active,ltd,,08-10-2019,08-10-2019,"[64304, 66300]",20-22 Wenlock Road London England N1 7GU
SAAYEAH CO LTD,13430133,active,ltd,,01-06-2021,01-06-2021,"[64301,64304,64306, 66300]",56 Eldon House 52 Aerodrome Road London NW9 5ZP
EHG & G PLANNING LTD,10971078,active,ltd,,19-09-2017,19-09-2017,"[64305,64999,66300, 70221]",60 Hilltop Lane Caterham England CR3 5BG
CGN INVESTMENTS LTD,12054155,active,ltd,,17-06-2019,17-06-2019,"[64304,66300, 70221]",The Rectory Church Lane Royston England SG8 9QD
AVAD INVESTMENTS LIMITED,11325278,active,ltd,,24-04-2018,24-04-2018,[66300],1 Wern Road Ammanford Wales SA18 1LN
ELITE UK COMMERCIAL LIMITED,11457097,active,ltd,,10-07-2018,10-07-2018,[66300],16 Berkeley Street London United Kingdom W1J 8DZ
KURO CAPITAL LTD,12025461,active,ltd,,31-05-2019,31-05-2019,[66300],"38 Nye Bevan Estate,  Overbury Street London United Kingdom E5 0AG"
OMP (GP) LIMITED,SC344934,active,ltd,,25-06-2008,25-06-2008,[66300],50 Lothian Road Edinburgh EH3 9WJ
LIGHTSTONE INCOME MANAGEMENT LTD,12070389,active,ltd,,26-06-2019,26-06-2019,[66300],3rd Floor 1 Ashley Road Altrincham United Kingdom WA14 2DT
HOTSPUR CAPITAL PARTNERS LIMITED,10858818,active,ltd,,10-07-2017,10-07-2017,"[64303, 66300]",C/O Armstrong Watson 1st Floor Newcastle Upon Tyne United Kingdom NE1 4BX
IRONWALL CAPITAL SERVICES LTD,09651218,active,ltd,,22-06-2015,22-06-2015,[66300],2 Conduit Street London England W1S 2XB
GGG PRIVATE INVESTMENTS LIMITED,10502525,active,ltd,,29-11-2016,29-11-2016,[66300],Connect House 133-137 Alexandra Road London United Kingdom SW19 7JY
ELLIOT FLETCHER LIMITED,05147846,active,ltd,,08-06-2004,08-06-2004,"[64999, 66300]",Yorkshire House 4th Floor Liverpool United Kingdom L3 9AG
VK MANAGEMENT LIMITED,12291964,active,ltd,,31-10-2019,31-10-2019,"[64991,66300,74202, 74209]",128 City Road London United Kingdom EC1V 2NX
BLACKROCK ADVISORS (UK) LIMITED,00796793,active,ltd,,18-03-1964,18-03-1964,"[64999, 66300]",12 Throgmorton Avenue London EC2N 2DL
F4G INVESTMENTS LTD,13473521,active,ltd,,23-06-2021,23-06-2021,[66300],38 Wigmore Street London England W1U 2RU
WISTON CAPITAL LIMITED,14953453,active,ltd,,22-06-2023,22-06-2023,[66300],22 Friars Street Sudbury England CO10 2AA
F4G CAPITAL LTD,13468391,active,ltd,,21-06-2021,21-06-2021,[66300],38 Wigmore Street London England W1U 2RU
CC FTF (SCOT) LTD,SC738719,active,ltd,,19-07-2022,19-07-2022,[66300],50 Lothian Road Edinburgh Scotland EH3 9WJ
QUERNS INVESTMENTS LIMITED,10851926,active,ltd,,05-07-2017,05-07-2017,[66300],8 Weston Road Watlington United Kingdom OX49 5TU
BLACKROCK INVESTMENT MANAGEMENT (UK) LIMITED,02020394,active,ltd,,16-05-1986,16-05-1986,"[64999, 66300]",12 Throgmorton Avenue London EC2N 2DL
BALOO TRADING LTD,14189804,active,ltd,,22-06-2022,22-06-2022,[66300],"3rd Floor,  45 Albemarle Street London England W1S 4JL"
JAMES BOURNE WEALTH MANAGEMENT LIMITED,10947383,active,ltd,,05-09-2017,05-09-2017,"[65110,65300, 66300]",Fornells Eastbourne BN20 9DB
SFP UK IBERIAN HOTEL OPERATIONS LTD,14960650,active,ltd,,26-06-2023,26-06-2023,"[64209,66300, 68320]",1 Cork Street Mews London England W1S 3BL
CLOCKHOUSE 2018,11451211,active,private-unlimited,,05-07-2018,05-07-2018,[66300],Apartment 3 2a Norroy Road London SW15 1PF
M PANAHEI MANAGEMENT CO LTD,11459226,active,ltd,,11-07-2018,11-07-2018,[66300],41 Heath Park Avenue Cardiff United Kingdom CF14 3RF
RMW ASSET MANAGEMENT LTD,11462502,active,ltd,,13-07-2018,13-07-2018,[66300],50 Bedford Road Bedford United Kingdom MK45 4PP
WHITEROCK FINANCE ENTERPRISES LIMITED,NI670066,active,ltd,,08-06-2020,08-06-2020,[66300],"8th Floor,  11-13,  Gloucester Street Belfast Northern Ireland BT1 4LS"
COACH HOUSE SETTLEMENT (NO 4) GP LIMITED,12500540,active,ltd,,05-03-2020,05-03-2020,[66300],White House Church Lane Winchester England SO21 2NJ
CAPITAL LETTER ALBION LTD,15833062,active,ltd,,11-07-2024,11-07-2024,"[58142, 66300]",71-75 Shelton Street London United Kingdom WC2H 9JQ
HUGGIN CAPITAL GROUP LTD,15830824,active,ltd,,10-07-2024,10-07-2024,[66300],71-75 Shelton Street London United Kingdom WC2H 9JQ
TIME TO DEPLOY LTD,10440638,active,ltd,,21-10-2016,21-10-2016,[66300],Camburgh House Canterbury United Kingdom CT1 3DN
PURPLE RAIN INVESTMENT MANAGEMENT LTD,10192536,active,ltd,,20-05-2016,20-05-2016,[66300],Beckwith Barn Warren Estate Chelmsford United Kingdom CM1 3WT
JIFIC LIMITED,10624174,active,ltd,,16-02-2017,16-02-2017,[66300],Artisans' House Northampton United Kingdom NN4 7BF
SPORTADAM LTD,06404114,active,ltd,,19-10-2007,19-10-2007,[66300],55 Halstow Way Basildon SS13 2NY
MD ONE VENTURES LIMITED,13736446,active,ltd,,10-11-2021,10-11-2021,[66300],1 Connaught Place London England W2 2ET
API JEWSONS LIMITED,15823339,active,ltd,,08-07-2024,08-07-2024,[66300],29 York Street London United Kingdom W1H 1EZ
TVB LOAN MANAGEMENT LIMITED,08338137,active,ltd,,20-12-2012,20-12-2012,[66300],First Floor Linea House Fleet England GU51 2UZ
ASHBOURNE CAPITAL PARTNERS LIMITED,09984520,active,ltd,,03-02-2016,03-02-2016,"[41100, 66300]",C/O Goldwyns London Llp London United Kingdom EC3V 3DG
VCAP CAPITAL LTD,10905629,active,ltd,,08-08-2017,08-08-2017,"[66300, 70221]",Olivers Barn Witham England CM8 3HY
SPRINGFIELD REIM LIMITED,14191682,active,ltd,,23-06-2022,23-06-2022,[66300],Oakwood House Guildford Road Horsham United Kingdom RH12 3JJ
EM3 SME FINANCE LIMITED,08846737,active,ltd,,15-01-2014,15-01-2014,[66300],First Floor Linea House Fleet England GU51 2UZ
JD ASSETS AND INVESTMENTS LTD,11637618,active,ltd,,23-10-2018,23-10-2018,[66300],Ty Royden Carmarthen United Kingdom SA31 3HG
BLACKSTAR TRADING & FINANCE LTD,12265166,active,ltd,,16-10-2019,16-10-2019,"[64999,66300, 68100]",20-22 Wenlock Road London England N1 7GU
FSE SWIF DEBT GP LIMITED,14583526,active,ltd,,10-01-2023,10-01-2023,[66300],"First Floor,  Linea House Fleet England GU51 2UZ"
HERTFORDSHIRE LOAN MANAGEMENT LIMITED,12337693,active,ltd,,28-11-2019,28-11-2019,[66300],First Floor Linea House Fleet England GU51 2UZ
PARALLEL WEALTH MANAGEMENT LIMITED,10691842,active,ltd,,27-03-2017,27-03-2017,[66300],1-3 The Outlook Fox’S Marina Ipswich England IP2 8NJ
REED FINANCIAL PLANNING LIMITED,SC431746,active,ltd,,03-09-2012,03-09-2012,[66300],Radleigh House 1 Golf Road Glasgow G76 7HU
FSE FUND MANAGERS LIMITED,05644712,active,ltd,,05-12-2005,05-12-2005,[66300],First Floor Linea House Fleet England GU51 2UZ
HERACLES CAPITAL LTD,12973217,active,ltd,,26-10-2020,26-10-2020,"[62020,66300,70221, 70229]",1 Lindfield Gardens London England NW3 6PX
INFINITY INVESTMENT PROJECTS LTD,12660982,active,ltd,,10-06-2020,10-06-2020,"[62020,66300,70229, 78300]",49 Foxbourne Road London United Kingdom SW17 8AS
SYDLING BROOK INVESTMENT COMPANY LIMITED,12055194,active,ltd,,17-06-2019,17-06-2019,[66300],Wrackleford House Dorchester United Kingdom DT2 9SN
WORLDINVEST MANAGEMENT LTD.,06950394,active,ltd,,02-07-2009,02-07-2009,[66300],Southwest House London England SW1Y 4LR
BARGAIN MUNKY LIMITED,09133268,active,ltd,,16-07-2014,16-07-2014,"[66120,66190, 66300]",49 Albion Road Birmingham England B21 8BG
LANCE MASON FS LTD,10086628,active,ltd,,29-03-2016,29-03-2016,[66300],Gm House Blackburn England BB1 2EH
VARNA CONSULTANCY LTD,10600992,active,ltd,,06-02-2017,06-02-2017,"[64999,66300, 82990]",Flat 3 St Floor London England WC1N 1AP
VGC MEMBER I LIMITED,11055600,active,ltd,,09-11-2017,09-11-2017,[66300],201 Great Portland Street London England W1W 5AB
N&S WOODSIDE LIMITED,12730126,active,ltd,,08-07-2020,08-07-2020,[66300],55 Loudoun Rd London United Kingdom NW8 0DL
AMOC INVESTMENTS LTD,13486073,active,ltd,,30-06-2021,30-06-2021,"[64991,64999,66120, 66300]",71-75 Shelton Street London United Kingdom WC2H 9JQ
LONGFIELD INVESTMENT PARTNERS LIMITED,12095661,active,ltd,,10-07-2019,10-07-2019,"[66190, 66300]",73 Cornhill London United Kingdom EC3V 3QQ
DOT INVESTING LTD,09660037,active,ltd,,26-06-2015,26-06-2015,[66300],17 Hanover Square London United Kingdom W1S 1BN
ACM INVESTMENTS UK LTD,10400228,active,ltd,,28-09-2016,28-09-2016,[66300],27 Old Gloucester Street London United Kingdom WC1N 3AX
MITSUBISHI UFJ ASSET MANAGEMENT (UK) LTD.,01842259,active,ltd,,20-08-1984,20-08-1984,[66300],24 Lombard Street London EC3V 9AJ
THOMPSON TARAZ MANAGERS LIMITED,04482509,active,ltd,,10-07-2002,10-07-2002,[66300],"C/O Thompson Taraz Llp 4th Floor,  Stanhope House London England W1K 1PR"
SCOTTISH EDGE C.I.C.,SC493104,active,private-limited-guarant-nsc,community-interest-company,10-12-2014,10-12-2014,[66300],The Ca'D'Oro Glasgow G1 3PE
CIVITAS INVESTMENT MANAGEMENT LIMITED,10278444,active,ltd,,14-07-2016,14-07-2016,[66300],25 Maddox Street London England W1S 2QN
PRIMARY CAPITAL LIMITED,02924207,active,ltd,,29-04-1994,29-04-1994,[66300],Augustine House London EC2N 2HA
FLETCHER KING INVESTMENT MANAGEMENT PLC,05862811,active,plc,,30-06-2006,30-06-2006,[66300],19-20 Great Pulteney Street London England W1F 9NF
ZLN CONSULTING LTD,15851804,active,ltd,,22-07-2024,22-07-2024,"[66300,85590,85600, 96090]",128 City Road London United Kingdom EC1V 2NX
A. E. SHARP LIMITED,07714406,active,ltd,,21-07-2011,21-07-2011,[66300],7 Elm Court Stratford Upon Avon CV37 6PA
MENA INVESTMENT PARTNERS GP LIMITED,12100611,active,ltd,,12-07-2019,12-07-2019,[66300],95 Chancery Lane London England WC2A 1DT
RCBIM NOMINEES LIMITED,07161397,active,ltd,,17-02-2010,17-02-2010,[66300],1 The Square Bristol BS1 6DG
ALGO CORP LTD,11097399,active,ltd,,05-12-2017,05-12-2017,[66300],Innovation House Sandwich England CT13 9FF
HANOX INVESTMENT LTD.,11845511,active,ltd,,25-02-2019,25-02-2019,[66300],13 Skimpot Road Luton United Kingdom LU4 0JB
PAUL DONOGHUE LTD,12257765,active,ltd,,11-10-2019,11-10-2019,"[66300, 69201]","Flat 5,  The Black Swan,  Gloucester England GL1 2EA"
EEA RIBBONS LTD,12421764,active,ltd,,23-01-2020,23-01-2020,"[62020,62090,66110, 66300]",44 Wimborne Drive Coventry United Kingdom CV2 2HZ
GREENRAM CAPITAL LIMITED,14190264,active,ltd,,23-06-2022,23-06-2022,"[66300, 70221]",Suite 1-3 24 Southwark Street London United Kingdom SE1 1TY
YEELD INVESTMENTS LTD,15775018,active,ltd,,12-06-2024,12-06-2024,"[64999,66190, 66300]",Level 18 Bank Street London England E14 5NR
MAYFAIR SPORTS VENTURES LTD,12455157,active,ltd,,11-02-2020,11-02-2020,"[66300,70229,93110, 93199]",71-75 Shelton Street London England WC2H 9JQ
SEFM GENERAL PARTNER LIMITED,06324370,active,ltd,,25-07-2007,25-07-2007,[66300],First Floor Linea House Fleet England GU51 2UZ
CHELTON CAPITAL LIMITED,11493173,active,ltd,,31-07-2018,31-07-2018,"[64301,64999, 66300]",128 City Road London United Kingdom EC1V 2NX
LAVIDAN LTD,14216057,active,ltd,,05-07-2022,05-07-2022,[66300],40 Theobald Street Borehamwood England WD6 4SE
VISION INVEST SERVICES LTD,14724763,active,ltd,,13-03-2023,13-03-2023,[66300],Level 5 1 Finsbury Square London United Kingdom EC2A 1AE
SW7 SERVICES (UK) LIMITED,09136537,active,ltd,,17-07-2014,17-07-2014,[66300],86/87 Campden Street London England W8 7EN
PROGRESS FINANCE LTD,12128831,active,ltd,,30-07-2019,30-07-2019,"[64910,64922,64999, 66300]",26 Adelaide Road Leamington Spa United Kingdom CV31 3PL
BERMONDSEY YARDS GENERAL PARTNER LIMITED,12268291,active,ltd,,17-10-2019,17-10-2019,[66300],80 Fenchurch Street London United Kingdom EC3M 4AE
MANNERSTON INVESTMENTS LIMITED,SC778442,active,ltd,,08-08-2023,08-08-2023,[66300],38 Mannerston Holdings Linlithgow United Kingdom EH49 7ND
ECW INVESTMENT SERVICES LIMITED,10314359,active,ltd,,05-08-2016,05-08-2016,[66300],Sea Strand Ventnor England PO38 1RN
ZOUK CLIMATE TECHNOLOGY GENERAL PARTNER LIMITED,SC716743,active,ltd,,03-12-2021,03-12-2021,[66300],50 Lothian Road Edinburgh Scotland EH3 9WJ
ZENITH WEALTH CONSULTING LIMITED,15856918,active,ltd,,24-07-2024,24-07-2024,"[66220,66290,66300, 70221]",7 Fairway Gardens Ilford England IG1 2QG
BAILLIE WIND FARM COMMUNITY BENEFIT FUND,SC455608,active,private-limited-guarant-nsc-limited-exemption,,30-07-2013,30-07-2013,[66300],Naver Business Centre Naver House Thurso KW14 7QA
BGF UKEF 2 GP LIMITED,13995639,active,ltd,,22-03-2022,22-03-2022,[66300],13-15 York Buildings London United Kingdom WC2N 6JU
BGF UK ENTERPRISE FUND 1 GP LIMITED,12837188,active,ltd,,25-08-2020,25-08-2020,[66300],13-15 York Buildings London United Kingdom WC2N 6JU
BVL CAPITAL F3 LIMITED,13674233,active,ltd,,12-10-2021,12-10-2021,[66300],4 Duke Street Mansions London United Kingdom W1K 6JX
CLEAR FINANCIAL SOLUTIONS (MIDLANDS) LTD,07081690,active,ltd,,19-11-2009,19-11-2009,"[66190,66290, 66300]",195 Sandbed Lane Belper England DE56 0SL
K.B.B. MANAGEMENT LIMITED,12121195,active,ltd,,24-07-2019,24-07-2019,[66300],9 East Lynne Gardens Newport Wales NP18 1NT
AC FINANCIAL SERVICES LTD,12044521,active,ltd,,11-06-2019,11-06-2019,[66300],265 Sheppey Road Dagenham United Kingdom RM9 4JU
MAWSAN QUEST LTD,09892408,active,ltd,,27-11-2015,27-11-2015,[66300],41 Randall Road Eastleigh England SO53 5AJ
WATERWORTH CONSULTING LTD,13753892,active,ltd,,19-11-2021,19-11-2021,"[66300,70229,74901, 84130]",128 City Road London United Kingdom EC1V 2NX
IQ CAPITAL PARTNERS GP SPV LIMITED,13573988,active,ltd,,19-08-2021,19-08-2021,[66300],45 Whitfield Street London England W1T 4HD
ROACH-PRICE ASSET MANAGEMENT LTD,11688991,active,ltd,,21-11-2018,21-11-2018,[66300],22a Caroline Street Bridgend United Kingdom CF31 1DQ
RESI CAPITAL MANAGEMENT LIMITED,07588964,active,ltd,,04-04-2011,04-04-2011,"[64999,66120,66190, 66300]",5 New Street Square London England EC4A 3TW
RUTLAND HOLDCO LIMITED,04970968,active,ltd,,20-11-2003,20-11-2003,[66300],Thomas House London England SW1V 1PX
18V MANAGEMENT LIMITED,09155785,active,ltd,,31-07-2014,31-07-2014,"[41100, 66300]",182a-184a 182a-184a Liverpool United Kingdom L15 3JR
PINECROFT CORPORATE SERVICES LIMITED,09713669,active,ltd,,03-08-2015,03-08-2015,[66300],C/O Foresight Group Llp The Shard London United Kingdom SE1 9SG
INSIDE FOOTBALL SERVICE LTD,15305468,active,ltd,,23-11-2023,23-11-2023,"[66300,70221, 93199]",1b Rollesby Road Chessington England KT9 2BY
WAYPOINT INVESTMENT MANAGEMENT LIMITED,10338524,active,ltd,,19-08-2016,19-08-2016,"[66300, 68320]",17-19 Maddox Street London England W1S 2QH
SAMENA CAPITAL LIMITED,06526886,active,ltd,,07-03-2008,07-03-2008,[66300],14 Hanover Square Office 2.15b London United Kingdom W1S 1HN
TRIPLE PRIVATE EQUITY LTD.,15074456,active,ltd,,15-08-2023,15-08-2023,[66300],Foxglove House London England W1J 9EF
FIVE PINS LIMITED,14519202,active,ltd,,01-12-2022,01-12-2022,[66300],71-75 Shelton Street London United Kingdom WC2H 9JQ
IL GUSTO HOLDING LTD,12327134,active,ltd,,21-11-2019,21-11-2019,"[64204,64209,64306, 66300]",71-75 Shelton Street London England WC2H 9JQ
BIOSCIENCE MANAGERS UK LIMITED,10921802,active,ltd,,18-08-2017,18-08-2017,[66300],4th Floor 100 Fenchurch Street London United Kingdom EC3M 5JD
ELAN CAPITAL MANAGEMENT (LONDON) LTD,15059596,active,ltd,,09-08-2023,09-08-2023,[66300],"4th Floor,  116 Brompton Road London United Kingdom SW3 1JJ"
INVEST TO EDUCATE LTD,13765099,active,ltd,,25-11-2021,25-11-2021,[66300],Walgaston Farm Berkeley United Kingdom GL13 9EN
UNIVERSAL FINANCE AND INVESTMENT COMPANY LTD,13702431,active,ltd,,25-10-2021,25-10-2021,"[64301,64303, 66300]",3 Marshall Path London United Kingdom SE28 8DX
RTP GLOBAL RE INVESTMENTS CARRY GP LIMITED,SC638956,active,ltd,,15-08-2019,15-08-2019,[66300],5 South Charlotte Street Edinburgh Scotland EH2 4AN
HELIX EQUITIES LIMITED,10685406,active,ltd,,22-03-2017,22-03-2017,[66300],22 Chancery Lane London England WC2A 1LS
PROSPERITY CAPITAL MANAGEMENT (UK) LIMITED,04959887,active,ltd,,11-11-2003,11-11-2003,[66300],3rd Floor 207 Regent Street London United Kingdom W1B 3HH
DF STRATEGIC INVESTMENTS LIMITED,15913477,active,ltd,,23-08-2024,23-08-2024,"[64301,66110, 66300]",101 New Cavendish Street London United Kingdom W1W 6XH
PROJECT XYZ LIMITED,10346473,active,ltd,,25-08-2016,25-08-2016,"[64999,66300, 70229]",71-75 Shelton Street Covent Garden London United Kingdom WC2H 9JQ
HABROK CAPITAL LIMITED,15911637,active,ltd,,22-08-2024,22-08-2024,[66300],C/O Buzzacott Llp London United Kingdom EC2V 6DL
IV-CAPITAL LTD,14501504,active,ltd,,23-11-2022,23-11-2022,"[64304,64929,66290, 66300]",128 City Road London United Kingdom EC1V 2NX
ELYSIAN CAPITAL GP (ENGLAND) LIMITED,09303998,active,ltd,,10-11-2014,10-11-2014,[66300],1 Southampton Street London WC2R 0LR
LACUNA VENTURES LTD,11176093,active,ltd,,29-01-2018,29-01-2018,[66300],Broughton Grounds House Newport Pagnell England MK16 0HZ
HEDGE FUNDS LIMITED,03591243,active,ltd,,01-07-1998,01-07-1998,[66300],30 Crown Place London England EC2A 4EB
METROPOLIS CAPITAL LTD,07244251,active,ltd,,05-05-2010,05-05-2010,[66300],"First Floor,  Amersham Court,  Amersham England HP6 5DW"
STONEHAVEN CAPITAL LTD,15647725,active,ltd,,15-04-2024,15-04-2024,[66300],Suite 2b Hamilton Court House Westbourne United Kingdom BH4 8DT
STRATFORD ASSET MANAGEMENT LTD,04117195,active,ltd,,30-11-2000,30-11-2000,[66300],The Tithe House Chipping Campden England GL55 6JE
SURVIVING ORPHANS LIMITED,13036888,active,private-limited-guarant-nsc,,23-11-2020,23-11-2020,"[66300,85600, 96040]",59 Kenpas Highway Coventry England CV3 6AW
IFM FINTECH OPPORTUNITIES II GP LIMITED,11592245,active,ltd,,27-09-2018,27-09-2018,"[64303, 66300]",404 The Frames London United Kingdom EC2A 4PS
THARMAN FIC 2017,10909429,active,private-unlimited,,10-08-2017,10-08-2017,[66300],Little Fieldhead Beaconsfield HP9 2LW
TEMPORIS CAPITAL LIMITED,09000848,active,ltd,,16-04-2014,16-04-2014,[66300],"7th Floor,  Wellington House London England WC2R 0AP"
GUARANTCO MANAGEMENT COMPANY LIMITED,10041968,active,ltd,,03-03-2016,03-03-2016,[66300],6 Bevis Marks London United Kingdom EC3A 7BA
SPARTA CAPITAL MANAGEMENT LTD,11178462,active,ltd,,30-01-2018,30-01-2018,[66300],1 Knightsbridge Green London England SW1X 7QA
ABERFORTH LGP IB LIMITED,SC215035,active,ltd,,24-01-2001,24-01-2001,[66300],14 Melville Street Midlothian EH3 7NS
MONASHEE UK LIMITED,10126989,active,ltd,,15-04-2016,15-04-2016,[66300],"C/O Kroll Advisory Ltd.,  The Shard,  Level 14 London England SE1 9SG"
"COLUMBIA LAKE PARTNERS GROWTH LENDING (HOLDINGS SUB), LIMITED",09152444,active,ltd,,,29-07-2014,[66300],6 Windmill Rise Kingston Upon Thames England KT2 7TU
ALPH CAPITAL LIMITED,10293635,active,ltd,,25-07-2016,25-07-2016,[66300],1 Princeton Mews Kingston Upon Thames England KT2 6PT
DELULU LIMITED,15072347,active,ltd,,15-08-2023,15-08-2023,[66300],Flat 205 5 Barking Wharf Square Barking England IG11 7HZ
COLLINS SARRI STATHAM INVESTMENTS LIMITED,06539190,active,ltd,,19-03-2008,19-03-2008,"[64999, 66300]",138 Fortis Green Road Muswell Hill United Kingdom N10 3DU
D AND K CHAPMAN LIMITED,08194522,active,ltd,,29-08-2012,29-08-2012,[66300],"C/O Walkers Accountants Ltd Suite 3,  Aireside House ,  Aireside Business Centre Keighley England BD21 4BZ"
TWENTY EIGHT LTD,15923928,active,ltd,,29-08-2024,29-08-2024,"[62012,62090,66300, 94110]",15 Wadsworth Court Cleckheaton United Kingdom BD19 3UN
PIMCO EUROPE LTD,02604517,active,ltd,,24-04-1991,24-04-1991,[66300],11 Baker Street London W1U 3AH
KEY CAPITAL PARTNERS IX (NOMINEES) LIMITED,15799944,active,ltd,,24-06-2024,24-06-2024,[66300],13 Park Place Leeds United Kingdom LS1 2SJ
PORTLAND INVESTMENTS (AM) LIMITED,07427829,active,ltd,,03-11-2010,03-11-2010,"[66300, 68209]",Portland House Durham England DH1 4QP
EDL CAPITAL (UK) LTD,09346096,active,ltd,,08-12-2014,08-12-2014,[66300],Flat 6 Fawcett Court London United Kingdom SW10 9HW
EUROPEAN BESPOKE SOLUTIONS LTD,13086602,active,ltd,,17-12-2020,17-12-2020,"[64999,66300,68320, 70221]",13 Broadwalk Close Orpington United Kingdom BR6 7RZ
RANCHAN WEALTH LTD,13938994,active,ltd,,24-02-2022,24-02-2022,"[66220,66290, 66300]",3 Thamesfield House Hemel Hempstead England HP2 7SJ
MPH WEALTH MANAGEMENT LIMITED,08913133,active,ltd,,26-02-2014,26-02-2014,[66300],Unit 1-5 West Lea Avenue Harrogate England HG2 0AT
BRETT & WATSON INVESTMENTS LTD,12296123,active,ltd,,04-11-2019,04-11-2019,"[62020, 66300]",Gilfach Rhayader Wales LD6 5LF
ARCHER ASSET & CAPITAL MANAGEMENT LTD,13126940,active,ltd,,11-01-2021,11-01-2021,[66300],46 Down Road Plymouth United Kingdom PL7 2GN
CIFC ASSET MANAGEMENT EUROPE LTD,10930433,active,ltd,,23-08-2017,23-08-2017,[66300],"27 Knightsbridge,  6th Floor London England SW1X 7LY"
MOSCAR CAPITAL LTD,11695794,active,ltd,,26-11-2018,26-11-2018,[66300],Foresters Hall 25 - 27 Westow Street London United Kingdom SE19 3RY
ALTUS INVESTMENT MANAGEMENT LIMITED,04940982,active,ltd,,22-10-2003,22-10-2003,[66300],24 Grosvenor Street London England W1K 4QN
PRUDENTIAL UK REAL ESTATE GENERAL PARTNER LIMITED,10436487,active,ltd,,19-10-2016,19-10-2016,[66300],10 Fenchurch Avenue London EC3M 5AG
LETCHWORTH HOUSING INVESTMENTS LIMITED,07128548,active,ltd,,18-01-2010,18-01-2010,[66300],"Unit 1b,  Focus Four,  Letchworth Garden City England SG6 2TU"
LITTLEWICK WEALTH MANAGEMENT LIMITED,10730990,active,ltd,,19-04-2017,19-04-2017,[66300],Unit A19 Fairoaks Airport Chobham England GU24 8HU
NJ INVESTCO 2 LIMITED,12851606,active,ltd,,02-09-2020,02-09-2020,[66300],Harbour House Southampton England SO14 2AQ
842 INVESTMENTS,15930977,active,private-unlimited,,02-09-2024,02-09-2024,"[64209,66300, 68209]",Brook House Kingswinford DY6 9HS
TRYPOINT (SERVICES) LIMITED,08291433,active,ltd,,13-11-2012,13-11-2012,[66300],14 Rockliffe Avenue Bath BA2 6QP
HJH CONSULTANCY LIMITED(THE),01798194,active,ltd,,08-03-1984,08-03-1984,[66300],121 Green Lane Derby DE1 1RZ
NUTAKI LTD,07162673,active,ltd,,19-02-2010,19-02-2010,[66300],Sbc House Wallington SM6 7AH
PRADERA LIMITED,03786152,active,ltd,,10-06-1999,10-06-1999,[66300],3rd Floor 345 Oxford Street London England W1C 2JD
CT UK RESIDENTIAL REAL ESTATE LIMITED,13199209,active,ltd,,12-02-2021,12-02-2021,[66300],"C/O Aztec Financial Services (Uk) Limited Forum 4,  Solent Business Park Fareham United Kingdom PO15 7AD"
IMPACT X STUDIOS LIMITED,11992054,active,ltd,,13-05-2019,13-05-2019,[66300],Unit 1d Olivers Wharf London England E1W 2PJ
MAYFAIR EQUITY PARTNERS III GENERAL PARTNER LIMITED,14338663,active,ltd,,06-09-2022,06-09-2022,[66300],8 Hanover Street London United Kingdom W1S 1YQ
GREENLANE INVESTMENT MANAGEMENT LTD,15781968,active,ltd,,16-06-2024,16-06-2024,[66300],9 Argyll Street London England W1F 7TG
PEACHTREE CAPITAL LIMITED,14271458,active,ltd,,02-08-2022,02-08-2022,"[66220,66290, 66300]",Nws House / 1e Purley United Kingdom CR8 2AF
CLEAR WATERS INVESTMENTS LIMITED,11556794,active,ltd,,06-09-2018,06-09-2018,"[64301, 66300]",Peplow Hall Market Drayton United Kingdom TF9 3JP
LIVINGBRIDGE ENTERPRISE GP LIMITED,09758974,active,ltd,,02-09-2015,02-09-2015,[66300],100 Wood Street London United Kingdom EC2V 7AN
NSS HEALTHCARE 1 LTD,15937592,active,ltd,,05-09-2024,05-09-2024,[66300],Eagle House First Floor London England W1F 9BQ
BB BIOFORTH AGROTECH LTD,14130043,active,ltd,,25-05-2022,25-05-2022,"[64304,64306,66300, 68100]",128 City Road London United Kingdom EC1V 2NX
ESR EUROPE INVESTMENT MANAGEMENT LIMITED,15032231,active,ltd,,27-07-2023,27-07-2023,[66300],Ferguson House London England NW1 5JD
HERMES CAPITAL INVESTMENT LTD,12123707,active,ltd,,26-07-2019,26-07-2019,"[64301,64306, 66300]",71-75 Shelton Street London WC2H 9JQ
P/E INVESTMENTS LTD,14551648,active,ltd,,20-12-2022,20-12-2022,[66300],Lakes End Leatherhead England KT22 0DJ
TOROCE INVESTMENTS LTD,10291317,active,ltd,,22-07-2016,22-07-2016,[66300],Albany House Esher KT10 9FQ
OPTUM VENTURE GLOBAL MANAGEMENT UK LIMITED,11559301,active,ltd,,07-09-2018,07-09-2018,[66300],25 Bruton Street London England W1J 6QH
VIE EN ROSE LIMITED,13614141,active,ltd,,10-09-2021,10-09-2021,[66300],78 Wembley Park Drive Wembley England HA9 8HB
CLARA ANNABELLE NASH LIMITED,SC587056,active,ltd,,29-01-2018,29-01-2018,"[66110,66300, 68100]",32 Friars Way Linlithgow Scotland EH49 6AY
FORTYSEVEN INVESTMENTS,15924235,active,private-unlimited,,29-08-2024,29-08-2024,"[64209,66300, 68209]",Brook House Kingswinford England DY6 9HS
FIRSTPOINT MERCANTILE (EU) LTD,15110960,active,ltd,,03-09-2023,03-09-2023,[66300],81 Lowfield Street Dartford United Kingdom DA1 1HP
SRFX CAPITAL LTD,12861576,active,ltd,,07-09-2020,07-09-2020,[66300],3 Kirkland Avenue Wigton England CA7 9JQ
CONNECT VENTURES FOUR (ENGLAND) LIMITED,13768077,active,ltd,,26-11-2021,26-11-2021,[66300],4th Floor 89 Great Eastern Street London England EC2A 3HX
POINT ONE GLOBAL INVESTMENT LIMITED,11489860,active,ltd,,30-07-2018,30-07-2018,"[66110,66120,66190, 66300]",88 Sycamore Avenue Peterborough United Kingdom PE1 4JU
OMNICLOUT LIMITED,10314683,active,ltd,,05-08-2016,05-08-2016,"[46900,66110,66300, 70229]",2 - 8 Scrutton Street London England EC2A 4RT
SAB INCORPORATED (1955) ASSETS LTD.,14620337,active,ltd,,27-01-2023,27-01-2023,"[66300,68100,68209, 98000]",31 Belson Road London England SE18 5PU
INET ONE LIMITED,14344713,active,ltd,,08-09-2022,08-09-2022,[66300],11 Easter Industrial Park Rainham England RM13 9BP
7PERCENT VENTURES LTD,11698144,active,ltd,,27-11-2018,27-11-2018,[66300],59 St. Martin's Lane London England WC2N 4JS
BC 2022 LIMITED,13199584,active,ltd,,12-02-2021,12-02-2021,[66300],32 De Montfort Street Leicester United Kingdom LE1 7GD
LINGA UK LIMITED,05374629,active,ltd,,24-02-2005,24-02-2005,[66300],70 Great Arthur House Fann Street City Of London EC1Y 0RQ
TAB LONDON LIMITED,11225821,active,ltd,,26-02-2018,26-02-2018,"[64921, 66300]",101 New Cavendish Street London United Kingdom W1W 6XH
CMT XXII U.K. LIMITED,13376167,active,ltd,,05-05-2021,05-05-2021,[66300],6th Floor 9 Appold Street London EC2A 2AP
BUBU INVESTMENT LTD,15210099,active,ltd,,13-10-2023,13-10-2023,[66300],128 City Road London United Kingdom EC1V 2NX
IL RIDOTTO 1638 LTD.,15947778,active,ltd,,10-09-2024,10-09-2024,"[55100,64303,64306, 66300]",20 Wenlock Road London England N1 7GU
GW  PORTFOLIO MANAGEMENT SERVICES LTD,14312423,active,ltd,,23-08-2022,23-08-2022,[66300],46 Regal Way Middlesex United Kingdom HA3 0RX
STACEY FARMS LIMITED,09361517,active,ltd,,18-12-2014,18-12-2014,[66300],Beckwith Barn Warren Estate Chelmsford United Kingdom CM1 3WT
JAMJAR A LTD,12860236,active,ltd,,07-09-2020,07-09-2020,[66300],The Jam Pot Phoenix Brewery London United Kingdom W10 6SZ
BLUEGLEN INVESTMENT PARTNERS LIMITED,10494530,active,ltd,,24-11-2016,24-11-2016,[66300],9 Stratford Place London England W1C 1AZ
CKR INVESTMENT MANAGEMENT LTD,06812230,active,ltd,,06-02-2009,06-02-2009,[66300],Monks Farm Priory Road Colchester CO5 0QE
WAYPARK COMMERCIAL MORTGAGE 1 LIMITED,13932831,active,ltd,,22-02-2022,22-02-2022,"[64999,66190, 66300]",17-19 Maddox Street London United Kingdom W1S 2QH
EPF NEWCO 2 LIMITED,11092794,active,ltd,,01-12-2017,01-12-2017,[66300],C/O Aztec Financial Services (Uk) Limited Forum 4 Solent Business Park Fareham United Kingdom PO15 7AD
SH INVEST LIMITED,12374889,active,ltd,,23-12-2019,23-12-2019,"[64999,66300, 70229]",55 Riding House Street London England W1W 7EE
MORNINGSTAR WEALTH ADMINISTRATION LIMITED,06016828,active,ltd,,04-12-2006,04-12-2006,"[64304,66190, 66300]",1 Oliver's Yard London England EC1Y 1HQ
RONI P LIMITED,07838152,active,ltd,,07-11-2011,07-11-2011,[66300],Beckwith Barn Warren Estate Writtle England CM1 3WT
FOMCAP IV (SCOTLAND) LIMITED,SC575444,active,ltd,,05-09-2017,05-09-2017,[66300],50 Lothian Road Edinburgh Scotland EH3 9WJ
HANSON ASSET MANAGEMENT LTD,07199183,active,ltd,,23-03-2010,23-03-2010,"[64999, 66300]",6 Arlington Street London SW1A 1RE
WILSON GREENE BUSINESS SOLUTIONS LTD,07878313,active,ltd,,12-12-2011,12-12-2011,[66300],Beckwith Barn Warren Estate Writtle England CM1 3WT
UK INERTIA BUSINESS & CONSULTING LIMITED,14168471,active,ltd,,13-06-2022,13-06-2022,"[59111,59131,66120, 66300]",Summit House Woodland Park Cleckheaton United Kingdom BD19 6BW
INVESTMENT WISE LIMITED,10354965,active,ltd,,01-09-2016,01-09-2016,"[46190,64304,64999, 66300]",52 Marsham Street Maidstone England ME14 1HH
GLANWORTH CAPITAL MANAGEMENT UK LTD,14580194,active,ltd,,09-01-2023,09-01-2023,[66300],20 Lancaster Mews London England W2 3QE
SLINGSHOT THERAPEUTICS LIMITED,15877851,active,ltd,,05-08-2024,05-08-2024,[66300],Burnham House Splash Lane Huntingdon England PE28 2AF
VERACAPITAL LTD,15953439,active,ltd,,12-09-2024,12-09-2024,"[64302,64999, 66300]",128 City Road London United Kingdom EC1V 2NX
ISCLF CI GENERAL PARTNER LIMITED,14990645,active,ltd,,10-07-2023,10-07-2023,[66300],Iona Star Fora London England SE1 9PA
ZEN RULE INVESTMENT MANAGEMENT (UK) LTD,09540245,active,ltd,,14-04-2015,14-04-2015,[66300],Apple Trees Kingswood KT20 6NE
INFRAWORK CAPITAL LIMITED,10629315,active,ltd,,20-02-2017,20-02-2017,"[28990,38320,43999, 66300]",Langland Way Langland Way Newport Wales NP19 4ED
THE ISLAMIC BURIAL PLAN LTD,11663518,active,ltd,,06-11-2018,06-11-2018,"[66300, 96030]",343 Stafford Road Wolverhampton England WV10 6DY
BLACK SWAN CURRENCY LTD,12468045,active,ltd,,17-02-2020,17-02-2020,"[66110,66300,68310, 68320]",4 Garricks House Wadbrook Street Kingston Upon Thames United Kingdom KT1 1HS
TITAN PRIVATE WEALTH LIMITED,04731281,active,ltd,,11-04-2003,11-04-2003,[66300],2 Cardale Park Harrogate England HG3 1RY
BOUNDARY CREEK UK HOLDINGS LTD,11750394,active,ltd,,04-01-2019,04-01-2019,[66300],"2 Babmaes Street,  5th Floor London United Kingdom SW1Y 6HD"
NJORD PARTNERS (SCOTLAND) LIMITED,SC622450,active,ltd,,25-02-2019,25-02-2019,[66300],"Suite 2,  Ground Floor Orchard Brae House Edinburgh United Kingdom EH4 2HS"
PARTY BEAR,15403739,active,private-unlimited,,10-01-2024,10-01-2024,[66300],Saffery Llp Trinity Manchester United Kingdom M2 6HY
HEDGE FUNDS INVESTMENT MANAGEMENT LIMITED,03591241,active,ltd,,01-07-1998,01-07-1998,[66300],30 Crown Place London EC2A 4ES
EG AIFM LTD,15112956,active,ltd,,04-09-2023,04-09-2023,[66300],Felcourt Farm East Grinstead England RH19 2LQ
INVESCO FUND MANAGERS LIMITED,00898166,active,ltd,,14-02-1967,14-02-1967,"[64999, 66300]",Perpetual Park Henley-On-Thames United Kingdom RG9 1HH
VICASSET ADVISORS UK LIMITED,08003325,active,ltd,,23-03-2012,23-03-2012,[66300],"5th Floor,  Verde London United Kingdom SW1E 5DH"
NW1 UK INDUSTRIAL II F1 LIMITED,14621956,active,ltd,,27-01-2023,27-01-2023,[66300],8 Sackville Street London England W1S 3DG
EBI PORTFOLIOS LTD,07473221,active,ltd,,17-12-2010,17-12-2010,[66300],Aurora Bristol England BS1 6BX
BLETHRYN LIMITED,11042110,active,ltd,,01-11-2017,01-11-2017,[66300],Preston Fields House Stratford-Upon-Avon United Kingdom CV37 8LA
LIGHTMAN INVESTMENT MANAGEMENT LIMITED,11647387,active,ltd,,29-10-2018,29-10-2018,[66300],C/O Buzzacott Llp London United Kingdom EC2V 6DL
FIRSTPOINT MERCANTILE (UK) LTD,15110959,active,ltd,,03-09-2023,03-09-2023,[66300],81 Lowfield Street Dartford United Kingdom DA1 1HP
ARK INVESTMENT MANAGEMENT LTD,09281759,active,ltd,,27-10-2014,27-10-2014,[66300],The Sati Room London England W1G 0JR
AUSTRALIANSUPER (UK) LTD,09949713,active,ltd,,13-01-2016,13-01-2016,[66300],Level 3 2 Pancras Square London England N1C 4AG
FIRSTPOINT INTERNATIONAL INCORPORATED (UK) LIMITED,15102700,active,ltd,,29-08-2023,29-08-2023,[66300],81 Lowfield Street Dartford United Kingdom DA1 1HP
R & R C BOND (CHURCHILL TYRES) LIMITED,13833973,active,ltd,,07-01-2022,07-01-2022,[66300],"1 General Street,  Pocklington Industrial Estate York United Kingdom YO42 1NR"
FAIRHOLME MANAGEMENT LIMITED,00698486,active,ltd,,17-07-1961,17-07-1961,[66300],58 Suite 8 London United Kingdom NW8 6AG
FOZ ASSET MANAGEMENT LIMITED,14367140,active,ltd,,21-09-2022,21-09-2022,[66300],The Sati Room London United Kingdom W1G 0JR
ROCCA VENTURES LIMITED,14520062,active,ltd,,02-12-2022,02-12-2022,"[64303, 66300]",71-75 Shelton Street London United Kingdom WC2H 9JQ
BIRCHWOOD CAPITAL LIMITED,09879535,active,ltd,,19-11-2015,19-11-2015,[66300],3 Warners Mill Braintree England CM7 3GB
EXCHANGE CURRENCY LIMITED,14365720,active,ltd,,20-09-2022,20-09-2022,"[64992,66120,66220, 66300]",63 Mount Avenue London England W5 1PN
BGF CO-INVEST GP LIMITED,15157065,active,ltd,,22-09-2023,22-09-2023,[66300],13-15 York Buildings London United Kingdom WC2N 6JU
TRINITY GREEN INVESTMENTS LTD,11714551,active,ltd,,06-12-2018,06-12-2018,"[35110,46120,66300, 96090]","42 Fortune Green Road,  Flat 1 42 Fortune Green Road London England NW6 1UJ"
GRAMPIAN ALBA LIMITED,SC619116,active,private-limited-guarant-nsc,,24-01-2019,24-01-2019,[66300],Blackwood House Aberdeen AB10 6XU
TICO CAPITAL MANAGEMENT LIMITED,12921709,active,ltd,,02-10-2020,02-10-2020,[66300],Apartment 302 Acre House 72 Long Acre London England WC2E 9JS
DEXTER CAPITAL GROUP LIMITED,04328044,active,ltd,,23-11-2001,23-11-2001,[66300],"First Floor,  Brandon House Chesham United Kingdom HP5 1EG"
HAWKEYE INVEST LTD,12769236,active,ltd,,27-07-2020,27-07-2020,"[64205,64303, 66300]",2nd Floor College House Ruislip United Kingdom HA4 7AE
RREEF EUROPEAN VALUE ADDED I (G.P.) LIMITED,05869878,active,ltd,,07-07-2006,07-07-2006,[66300],21 Moorfields London United Kingdom EC2Y 9DB
STARHA ENTERPRISES UK LTD,10389120,active,ltd,,22-09-2016,22-09-2016,"[62020,64205,66300, 70229]",32 St George Street London United Kingdom W1S 2EA
JPQ INVESTMENT LTD,13347639,active,ltd,,20-04-2021,20-04-2021,[66300],167-169 Great Portland Street London (W1w 5pf) Office. 5th Floor London England W1W 5PF
NORTHDOWN (GENERAL PARTNER) LIMITED,13809856,active,ltd,,20-12-2021,20-12-2021,[66300],45 Albemarle Street London England W1S 4JL
ARABESQUE ASSET MANAGEMENT LTD,08636689,active,ltd,,05-08-2013,05-08-2013,[66300],5-7 Ulster Terrace London United Kingdom NW1 4PJ
R6 HOLDINGS UNLIMITED,10969606,active,private-unlimited,,19-09-2017,19-09-2017,"[66300, 68100]",6 Ritherdon Road London United Kingdom SW17 8QD
FIERA REAL ESTATE DEBT STRATEGIES LIMITED,14587999,active,ltd,,12-01-2023,12-01-2023,[66300],Third Floor Queensberry House London United Kingdom W1S 3AE
PARK AVENUE NOMINEES LIMITED,15200402,active,ltd,,10-10-2023,10-10-2023,[66300],49 Wood Vale London United Kingdom SE23 3DT
LONDON LGPS CIV GP LIMITED,12981969,active,ltd,,28-10-2020,28-10-2020,[66300],22 Lavington Street 4th Floor London England SE1 0NZ
PINE TREE PARTNERS LTD,13161371,active,ltd,,27-01-2021,27-01-2021,"[66300,68100, 70229]",71-75 Shelton Street London United Kingdom WC2H 9JQ
"CENTERBRIDGE PARTNERS, UK LTD",07476923,active,ltd,,,22-12-2010,[66300],10 New Burlington Street London United Kingdom W1S 3SE
SENESCHAL DEPOSITARY COMPANY (UK) LIMITED,14579278,active,ltd,,09-01-2023,09-01-2023,[66300],1 Kings Avenue London United Kingdom N21 3NA
SEEDCAMP VI (SCOT) LIMITED,SC744406,active,ltd,,14-09-2022,14-09-2022,[66300],50 Lothian Road Edinburgh Scotland EH3 9WJ
SHORE CAPITAL LIMITED,03841076,active,ltd,,09-09-1999,09-09-1999,[66300],Cassini House London England SW1A 1LD
NOVA LIGHT CAPITAL LIMITED,13069742,active,ltd,,08-12-2020,08-12-2020,[66300],Jefferay House Chiddingly Place Lewes England BN8 6HE
REZONATE MUSIC RIGHTS LIMITED,15210282,active,ltd,,13-10-2023,13-10-2023,[66300],Lifford Hall Lifford Lane Birmingham United Kingdom B30 3JN
DB INVESTMENT PARTNERS LIMITED,13679854,active,ltd,,14-10-2021,14-10-2021,[66300],21 Moorfields London United Kingdom EC2Y 9DB
ZETA-ARTS LIMITED,09102856,active,ltd,,25-06-2014,25-06-2014,[66300],25a Soho Square London England W1D 3QR
RTP GLOBAL UK LTD,12847203,active,ltd,,31-08-2020,31-08-2020,[66300],25 Golden Square London United Kingdom W1F 9LU
UCI FP LIMITED,NI653879,active,ltd,,20-06-2018,20-06-2018,[66300],6th Floor Glengall Exchange Belfast Northern Ireland BT12 5AB
E B PROPERTIES (UK) LIMITED,11713930,active,ltd,,05-12-2018,05-12-2018,[66300],Office 25 Greenbox Weston Hall Road Bromsgrove United Kingdom B60 4AL
GATEWAY SEED II (SCOT) LTD,SC719800,active,ltd,,14-01-2022,14-01-2022,[66300],"4th Floor,  115 George Street Edinburgh United Kingdom EH2 4JN"
NINETY ONE UK LIMITED,02036094,active,ltd,,10-07-1986,10-07-1986,[66300],55 Gresham Street London England EC2V 7EL
POLUNIN CAPITAL PARTNERS LIMITED,04132122,active,ltd,,28-12-2000,28-12-2000,[66300],10 Cavalry Square London SW3 4RB
CRAVEN CAPITAL LIMITED,07209893,active,ltd,,31-03-2010,31-03-2010,[66300],3 Castlegate Grantham NG31 6SF
AVIVA INVESTORS INFRASTRUCTURE INCOME NO.2 LIMITED,09456177,active,ltd,,24-02-2015,24-02-2015,[66300],80 Fenchurch Street London United Kingdom EC3M 4AE
AVIVA INVESTORS INFRASTRUCTURE INCOME NO.5 LIMITED,10156388,active,ltd,,29-04-2016,29-04-2016,[66300],80 Fenchurch Street London United Kingdom EC3M 4AE
AVIVA INVESTORS INFRASTRUCTURE INCOME NO.2B LIMITED,10891015,active,ltd,,31-07-2017,31-07-2017,[66300],80 Fenchurch Street London United Kingdom EC3M 4AE
SCIENTIFIC CAPITAL LIMITED,12974429,active,ltd,,26-10-2020,26-10-2020,[66300],45 Gresham Street London United Kingdom EC2V 7BG
SEPHIRA INVESTMENT ADVISORS (UK) LIMITED,10521470,active,ltd,,12-12-2016,12-12-2016,[66300],"2nd Floor Connaught House,  1-3 Mount Street London United Kingdom W1K 3NB"
ROQUE HOLDINGS LTD,12095019,active,ltd,,10-07-2019,10-07-2019,"[64303,66300,70229, 74909]",20 Market Street Altrincham England WA14 1PF
EJD TRADING AND RISK SOLUTIONS LIMITED,11437316,active,ltd,,28-06-2018,28-06-2018,[66300],2 Desenfans Road London England SE21 7DN
TECHSIVA LTD,14256840,active,ltd,,26-07-2022,26-07-2022,"[58290,62090,64301, 66300]",71-75 Shelton Street London United Kingdom WC2H 9JQ
NUSHORE CAPITAL LTD,14456812,active,ltd,,02-11-2022,02-11-2022,"[64303, 66300]",9 Dingley Road Market Harborough United Kingdom LE16 7ET
ALPHASTAR SCOTLAND LTD,SC817365,active,ltd,,24-07-2024,24-07-2024,"[66300,68100,68209, 85600]",27a Ashley Street Glasgow Scotland G3 6DR
ROSEMOOR CAPITAL LTD,15022918,active,ltd,,24-07-2023,24-07-2023,"[64205, 66300]",22a St. James's Square London England SW1Y 4JH
OTUS CAPITAL MANAGEMENT LIMITED,04095762,active,ltd,,19-10-2000,19-10-2000,[66300],29 Queen Annes Gate London England SW1H 9BU
EBS ASSET MANAGEMENT GROUP LTD,15858359,active,ltd,,25-07-2024,25-07-2024,[66300],"15 Wheelwrights Way Old Stratford,  Milton Keynes England MK19 6NY"
ROLSTON LIMITED,NI040831,active,ltd,,15-05-2001,15-05-2001,[66300],49 Lisleen Road Belfast BT5 7SU
CHELVERTON ASSET MANAGEMENT LIMITED,03429348,active,ltd,,04-09-1997,04-09-1997,[66300],11 Laura Place Bath England BA2 4BL
HYDASPEX LTD,12264230,active,ltd,,16-10-2019,16-10-2019,[66300],128 City Road London United Kingdom EC1V 2NX
THEMIS CAPITAL MANAGEMENT LIMITED,10411937,active,ltd,,05-10-2016,05-10-2016,[66300],"C/O Ake,  Hoddesdon Enterprise Centre Hoddesdon England EN11 0FJ"
FACET CAPITAL LIMITED,08603020,active,ltd,,09-07-2013,09-07-2013,[66300],Suite 1 Staple House Dunstable LU6 1SU
RVKNIGHTSBRIDGE LIMITED,07714185,active,ltd,,21-07-2011,21-07-2011,[66300],24 Russell Road Northwood England HA6 2LL
SWISS LIFE ASSET MANAGERS UK LIMITED,04846209,active,ltd,,25-07-2003,25-07-2003,[66300],55 Wells Street London England W1T 3PT
NRN PROFESSIONALS LTD,11624059,active,ltd,,15-10-2018,15-10-2018,[66300],412 Houldsworth Houldsworth Street Stockport United Kingdom SK5 6DA
DFX TRADING LTD,14035612,active,ltd,,08-04-2022,08-04-2022,"[66120,66300, 70229]",39 Oriel Road Portsmouth England PO2 9EG
PARKGATE 632 LIMITED,NI673726,active,ltd,,27-10-2020,27-10-2020,"[66300, 70221]",56 Connor Road Ballyclare Northern Ireland BT39 0EA
SISPAL DESIGN LIMITED,13658061,active,ltd,,04-10-2021,04-10-2021,"[62020,66300, 74100]","Anjums Accountants Unit 9,  Gemini Business Park Leeds England LS7 3JB"
NCM MEZZANINE GENERAL PARTNER LIMITED,SC314899,active,ltd,,18-01-2007,18-01-2007,[66300],"4th Floor,  7 Castle Street,  Edinburgh Edinburgh Scotland EH2 3AH"
ELITE FLAGON LIMITED,12734072,active,ltd,,10-07-2020,10-07-2020,[66300],16 Berkeley Street London United Kingdom W1J 8DZ
ADF PRICING SOLUTIONS LIMITED,09267849,active,ltd,,16-10-2014,16-10-2014,[66300],8 Goldfinch Close Orpington BR6 6NF
SPEX CAPITAL LTD,13132952,active,ltd,,14-01-2021,14-01-2021,[66300],Albany House Esher England KT10 9FQ
NEW REVIVAL ASSET MANAGEMENT LTD,13485613,active,ltd,,30-06-2021,30-06-2021,"[66300, 70229]",2nd Floor Butler House London England W1T 7AF
CREATE EQUITY LTD,12966294,active,ltd,,21-10-2020,21-10-2020,"[66300, 82990]",35 Palace Gates Road London England N22 7BW
SNOWCO INVESTMENTS LTD,09656243,active,ltd,,25-06-2015,25-06-2015,[66300],Suite 1 & 2 Marshall Business Centre Hereford United Kingdom HR4 9NS
HSEINVESTMENTS LIMITED,07424370,active,ltd,,29-10-2010,29-10-2010,[66300],286 Fulford Road York YO10 4PD
BLUEBOX ASSET MANAGEMENT UK LIMITED,11452623,active,ltd,,06-07-2018,06-07-2018,[66300],5-10 Bolton Street London England W1J 8BA
GREEN VENTURES CAPITAL LTD,13660414,active,ltd,,04-10-2021,04-10-2021,"[66300,70221, 70229]","Kings Court North Flat 15,  Kings Court North London United Kingdom SW3 5EQ"
EQUITIX ENERGY EFFICIENT EPS GP 1 LIMITED,SC428478,active,ltd,,17-07-2012,17-07-2012,[66300],Citypoint Edinburgh Scotland EH12 5HD
YARROW WAY LTD,14955285,active,ltd,,23-06-2023,23-06-2023,"[64205,64304, 66300]",61 Cranbrook Road Ilford United Kingdom IG1 4PG
SIS VENTURES LIMITED,SC576272,active,ltd,,13-09-2017,13-09-2017,[66300],3rd Floor 27 George Street Edinburgh Scotland EH2 2PA
DRAKE HOWELL LIMITED,09244948,active,ltd,,02-10-2014,02-10-2014,"[66190, 66300]",The Old Farmhouse Paices Hill Reading England RG7 4PG
SIGMUND ASSET SOLUTIONS LIMITED,12373486,active,ltd,,20-12-2019,20-12-2019,[66300],25 Bedford Square London England WC1B 3HH
SUNKARI GROUP LIMITED,14344793,active,ltd,,08-09-2022,08-09-2022,[66300],3 Redthorne Grove Kenilworth England CV8 2EF
ORTHOGONAL INVESTMENT LTD,15838898,active,ltd,,15-07-2024,15-07-2024,[66300],243 East End Road London United Kingdom N2 8AY
AG INVESTMENT GROUP LTD,15022052,active,ltd,,24-07-2023,24-07-2023,"[64301,64991,66120, 66300]",71-75 Shelton Street London United Kingdom WC2H 9JQ
IMPEL LONDON LIMITED,12852365,active,ltd,,02-09-2020,02-09-2020,"[62090,66300,68310, 70229]","6th Floor,  Amp House Croydon England CR0 2LX"
BLUETRAIN CAPITAL LIMITED,15494726,active,ltd,,16-02-2024,16-02-2024,[66300],58 Grosvenor Street London England W1K 3JB
MAGNOLIA VENTURES LIMITED,11500070,active,ltd,,03-08-2018,03-08-2018,[66300],2 Leman Street London United Kingdom E1W 9US
RATTAR HOLDINGS LIMITED,SC667301,active,ltd,,13-07-2020,13-07-2020,[66300],13 Queen's Road Aberdeen United Kingdom AB15 4YL
HUDDERSFIELD CARIBBEAN RELIEF COMMITTEE C.I.C.,15875322,active,private-limited-guarant-nsc,community-interest-company,03-08-2024,03-08-2024,"[66300, 88990]",39 Birkby Hall Road Huddersfield England HD2 2TJ
FLOATING CITY LIMITED,13699520,active,ltd,,22-10-2021,22-10-2021,"[30110,50100,66300, 79120]",128 City Road London United Kingdom EC1V 2NX
JT FX INVESTMENTS LTD,14476208,active,ltd,,10-11-2022,10-11-2022,"[66110, 66300]",2b Halkyn Road Flint United Kingdom CH6 5HT
RIVER CAPITAL MANAGEMENT LIMITED,03099944,active,ltd,,08-09-1995,08-09-1995,[66300],"Suite 6c,  The Plaza Liverpool England L3 9QJ"
BARKESTONE ASSOCIATES (WEALTH MANAGEMENT) LIMITED,06968793,active,ltd,,21-07-2009,21-07-2009,[66300],10 Kingswell Avenue Nottingham NG5 6SY
JAG CAPITAL LTD,11865095,active,ltd,,06-03-2019,06-03-2019,"[64303,66300,68100, 68209]",11865095 - COMPANIES HOUSE DEFAULT ADDRESS Cardiff CF14 8LH
ALLSPRING GLOBAL INVESTMENTS (UK) LIMITED,03710963,active,ltd,,10-02-1999,10-02-1999,[66300],30 Cannon Street London United Kingdom EC4M 6XH
FIRST UNITED HOLDINGS LTD,15144591,active,ltd,,18-09-2023,18-09-2023,"[64303,64304,64999, 66300]",128 City Road London United Kingdom EC1V 2NX
CAPITAL DYNAMICS SSCP LIMITED,12128145,active,ltd,,29-07-2019,29-07-2019,[66300],One Snowhill Birmingham United Kingdom B4 6GB
IGLOO REGENERATION (GENERAL PARTNER) LIMITED,04299836,active,ltd,,05-10-2001,05-10-2001,[66300],80 Fenchurch Street London United Kingdom EC3M 4AE
AVIVA INVESTORS INFRASTRUCTURE INCOME NO.4A LIMITED,09796038,active,ltd,,25-09-2015,25-09-2015,[66300],80 Fenchurch Street London United Kingdom EC3M 4AE
"RHEA TRADING CO., LTD.",15082896,active,ltd,,,18-08-2023,"[64205,64209,64991, 66300]",71-75 Shelton Street London United Kingdom WC2H 9JQ
WILLIAM HIGHBOURNE WEALTH MANAGEMENT LIMITED,07193496,active,ltd,,17-03-2010,17-03-2010,[66300],Briar House Exeter EX5 2LZ
NE GROWTH (ERDF) GENERAL PARTNER LIMITED,10660721,active,ltd,,09-03-2017,09-03-2017,[66300],"4 Enterprise House,  Kingsway Gateshead England NE11 0SR"
HERITAGE WEALTH ADVISORY LIMITED,09114851,active,ltd,,03-07-2014,03-07-2014,[66300],Business Box Leicester LE3 1HR
DEMOCRACY X LIMITED,13721096,active,ltd,,03-11-2021,03-11-2021,"[64191,66110, 66300]",128 City Road London United Kingdom EC1V 2NX
NO. 7 THREADNEEDLE LANE LTD,10890167,active,ltd,,31-07-2017,31-07-2017,[66300],9 Bisenden Road Croydon United Kingdom CR0 6UN
BLACKOAK EQUITY LTD,14320050,active,ltd,,26-08-2022,26-08-2022,"[64304,64306,66300, 68100]",128 City Road London United Kingdom EC1V 2NX
IAN DAVENPORT LIMITED,03848333,active,ltd,,21-09-1999,21-09-1999,"[65120,65202,65300, 66300]",5th Floor 40 Gracechurch Street London England EC3V 0BT
ALTIR UNDERWRITING LIMITED,03849926,active,ltd,,24-09-1999,24-09-1999,"[65120,65202,65300, 66300]",5th Floor 40 Gracechurch Street London England EC3V 0BT
KILLYGOWAN LIMITED,03829477,active,ltd,,17-08-1999,17-08-1999,"[65120,65202,65300, 66300]",5th Floor 40 Gracechurch Street London England EC3V 0BT
PB UNDERWRITING LIMITED,03852294,active,ltd,,28-09-1999,28-09-1999,"[65120,65202,65300, 66300]",5th Floor 40 Gracechurch Street London England EC3V 0BT
FORWARD UNDERWRITING LIMITED,03852289,active,ltd,,28-09-1999,28-09-1999,"[65120,65202,65300, 66300]",5th Floor 40 Gracechurch Street London England EC3V 0BT
FERRAVALE LIMITED,03641384,active,ltd,,25-09-1998,25-09-1998,"[65120,65202,65300, 66300]",5th Floor 40 Gracechurch Street London England EC3V 0BT
NEL FUND MANAGERS LIMITED,02564907,active,ltd,,03-12-1990,03-12-1990,[66300],"4 Enterprise House,  Kingsway Gateshead England NE11 0SR"
CLASHEA HOLDINGS LTD,14300227,active,ltd,,16-08-2022,16-08-2022,"[64304,64306,66300, 68100]",128 City Road London United Kingdom EC1V 2NX
FAROS POINT CAPITAL MANAGEMENT LIMITED,13974602,active,ltd,,14-03-2022,14-03-2022,[66300],20 North Audley Street London England W1K 6WE
DARWUS LTD,12342614,active,ltd,,02-12-2019,02-12-2019,"[64304,66300, 74909]",4th Floor 18 St Cross Street London England EC1N 8UN
PICNIC INVESTMENT LIMITED,11459868,active,ltd,,11-07-2018,11-07-2018,"[64929,64999, 66300]",W106 Vox Studios Durham Street London England SE11 5JH
DWS INVESTMENTS UK LIMITED,05233891,active,ltd,,16-09-2004,16-09-2004,[66300],21 Moorfields London United Kingdom EC2Y 9DB
BLUE MARBLE WEALTH LTD,SC750094,active,ltd,,11-11-2022,11-11-2022,[66300],1 Simonsburn Road Kilmarnock United Kingdom KA1 5LA
OASIS CAPITAL LTD,15880385,active,ltd,,06-08-2024,06-08-2024,"[66300,68100,68320, 82990]",71-75 Shelton Street London United Kingdom WC2H 9JQ
WATERSHED MOMENT LIMITED,12824830,active,ltd,,19-08-2020,19-08-2020,"[66300, 85600]",18 Wimmerfield Crescent Swansea Wales SA2 7BU
L1 UK PROPERTY PTY LTD,10785714,active,ltd,,23-05-2017,23-05-2017,[66300],10 Orange Street London United Kingdom WC2H 7DQ
AVIVA INVESTORS CTF HOLDCO 1 LIMITED,13805599,active,ltd,,17-12-2021,17-12-2021,[66300],80 Fenchurch Street London United Kingdom EC3M 4AE
ARR INVESTMENT PARTNERS LTD,11524099,active,ltd,,17-08-2018,17-08-2018,"[66190, 66300]",9 Argyll Street London England W1F 7TG
MAST INVESTMENT MANAGEMENT LTD,09323711,active,ltd,,24-11-2014,24-11-2014,[66300],Beckwith Barn Warren Estate Chelmsford United Kingdom CM1 3WT
FS TOPE LIMITED,09115686,active,ltd,,03-07-2014,03-07-2014,[66300],C/O Foresight Group Llp The Shard London United Kingdom SE1 9SG
IQCP V C1 LIMITED,15887204,active,ltd,,09-08-2024,09-08-2024,[66300],45 Whitfield Street London England W1T 4HD
IQCP V A2 LIMITED,15887202,active,ltd,,09-08-2024,09-08-2024,[66300],45 Whitfield Street London England W1T 4HD
JCC & CO HOLDINGS LIMITED,11698398,active,ltd,,27-11-2018,27-11-2018,"[64209, 66300]",Westcroft House Bradford United Kingdom BD7 4EX
COUNTRY AND CITY FINANCIALS UK LTD,15010610,active,ltd,,18-07-2023,18-07-2023,"[64205,64301,64303, 66300]",128 City Road London United Kingdom EC1V 2NX
HOKULANI LIMITED,14465197,active,ltd,,07-11-2022,07-11-2022,"[64209,64301,66300, 70221]",86-90 Paul Street London United Kingdom EC2A 4NE
AVIVA INVESTORS INFRASTRUCTURE INCOME NO.6B1 LIMITED,13760599,active,ltd,,23-11-2021,23-11-2021,[66300],80 Fenchurch Street London United Kingdom EC3M 4AE
DOLDING LIMITED,10813092,active,ltd,,12-06-2017,12-06-2017,[66300],8 Ash Walk South Ockendon United Kingdom RM15 6TY
CARLATTON CAPITAL LIMITED,11619736,active,ltd,,12-10-2018,12-10-2018,[66300],"Ts4,  Pinewood Business Park Coleshill Road Birmingham England B37 7HG"
BLOC VENTURES MANAGEMENT LIMITED,13557163,active,ltd,,09-08-2021,09-08-2021,"[66300, 70221]",51-52 St. John's Square London England EC1V 4JL
ATLAS PROPERTY GROUP (SCOTLAND) LTD,SC715400,active,ltd,,18-11-2021,18-11-2021,"[41100,64306,66300, 68100]",12 Mcgarvie Drive Redding Scotland FK2 9FR
NOVENA OVERSEAS TRADE LTD,13988669,active,ltd,,19-03-2022,19-03-2022,"[64209,64303,66300, 72190]",85a Creffield Road London England W3 9PU
CORE BUSINESS SERVICES LTD,14530804,active,ltd,,08-12-2022,08-12-2022,"[66300, 70221]",128 City Road London United Kingdom EC1V 2NX
HEARTHSTONE INVESTMENTS (SCOTLAND) LIMITED,SC488587,active,ltd,,09-10-2014,09-10-2014,[66300],Fourth Floor Edinburgh United Kingdom EH2 3AH
QUOIT CAPITAL LTD,15895284,active,ltd,,13-08-2024,13-08-2024,[66300],71-75 Shelton Street London United Kingdom WC2H 9JQ
PARMENION NOMINEES LIMITED,05988005,active,ltd,,03-11-2006,03-11-2006,[66300],Aurora (3rd Floor) Finzels Reach Bristol United Kingdom BS1 6BX
NIF INVESTMENT ADVISOR UK LTD,15033575,active,ltd,,27-07-2023,27-07-2023,[66300],2nd Floor 86 Jermyn Street London England SW1Y 6JD
ARDIAN INVESTMENT UK LIMITED,05654928,active,ltd,,15-12-2005,15-12-2005,[66300],1 Grafton Street London W1S 4FE
FINANCE DURHAM GP LIMITED,10704762,active,ltd,,03-04-2017,03-04-2017,[66300],6th Floor Saddlers House London England EC2V 6BR
SCOTT JORDAN STAPLETON LIMITED,14485334,active,ltd,,15-11-2022,15-11-2022,[66300],Bollin House Wilmslow United Kingdom SK9 1DP
MAVEN NEDF GP LIMITED,11279728,active,ltd,,28-03-2018,28-03-2018,[66300],"6th Floor,  Saddlers House London England EC2V 6BR"
MONTAUK (UK) INVESTMENT HOLDINGS LIMITED,SC531053,active,ltd,,30-03-2016,30-03-2016,[66300],C/O Brodies Llp Capital Square Edinburgh United Kingdom EH3 8BP
"ALGER MANAGEMENT, LTD.",08634056,active,ltd,,,01-08-2013,[66300],"Suite 1,  7th Floor 50 Broadway London United Kingdom SW1H 0BL"
T J MADHOUSE,12132659,active,private-unlimited,,31-07-2019,31-07-2019,[66300],Leigh House 28-32 St Pauls Street Leeds LS1 2JT
NIPPON LIFE SCHRODERS ASSET MANAGEMENT EUROPE LIMITED,03709605,active,ltd,,02-02-1999,02-02-1999,[66300],1 London Wall Place London England EC2Y 5AU
KENNOX ASSET MANAGEMENT LIMITED,SC302037,active,ltd,,08-05-2006,08-05-2006,[66300],33 Melville Street Edinburgh Scotland EH3 7JF
INSPARO ASSET MANAGEMENT LIMITED,06332714,active,ltd,,03-08-2007,03-08-2007,[66300],32 Byron Hill Road Harrow On The Hill United Kingdom HA2 0HY
GUINNESS ASSET MANAGEMENT LIMITED,04647882,active,ltd,,27-01-2003,27-01-2003,[66300],18 Smith Square London England SW1P 3HZ
GLASSHOUSE TEAM MANAGEMENT 1 LTD,14492449,active,ltd,,18-11-2022,18-11-2022,[66300],5 Elstree Gate Borehamwood United Kingdom WD6 1JD
N. RODITI AND CO. LIMITED,12902856,active,ltd,,24-09-2020,24-09-2020,"[66300, 70229]",2 Back Lane London England NW3 1HL
MFM INVESTMENT LTD,09088155,active,ltd,,16-06-2014,16-06-2014,[66300],90-92 Pentonville Road London United Kingdom N1 9HS
PORTLAND HILL ASSET MANAGEMENT LIMITED,10261457,active,ltd,,04-07-2016,04-07-2016,[66300],21 Knightsbridge London United Kingdom SW1X 7LY
ST GEORGE CAPITAL MANAGEMENT LIMITED,12069405,active,ltd,,25-06-2019,25-06-2019,[66300],7 Stratford Place London England W1C 1AY
ARCHGOLD INVESTMENTS LTD,05465594,active,ltd,,27-05-2005,27-05-2005,[66300],21 Oakfield Park Wellington TA21 8EX
OAKRIDGE FINANCIAL PLANNING LIMITED,04477172,active,ltd,,04-07-2002,04-07-2002,"[65300,66220,66290, 66300]",197 Bakers Ground Bristol BS34 8GE
SEGADA MASTER UK HOLDCO LIMITED,14272981,active,ltd,,03-08-2022,03-08-2022,[66300],Third Floor Exchange Tower London United Kingdom E14 9GE
FOREXBOND LTD,12615479,active,ltd,,21-05-2020,21-05-2020,"[64991,64999,66190, 66300]",128 City Road London United Kingdom EC1V 2NX
ROYC LTD,14183287,active,ltd,,20-06-2022,20-06-2022,[66300],2 Leman Street London United Kingdom E1W 9US
FOREVER FAMILY LTD,12686269,active,ltd,,20-06-2020,20-06-2020,"[66300, 84110]",Suite 206 Boston House Boston Manor Road Brentford England TW8 9JJ
RST BALTIC WHARF INVESTMENTS LIMITED,13564557,active,ltd,,13-08-2021,13-08-2021,[66300],29 York Street London England W1H 1EZ
RST FAL ESTUARY INVESTMENT LIMITED,13515464,active,ltd,,16-07-2021,16-07-2021,[66300],29 York Street London England W1H 1EZ
SMITHSON CAPITAL MANAGEMENT LTD,10395814,active,ltd,,27-09-2016,27-09-2016,[66300],128 City Road London United Kingdom EC1V 2NX
EMERGING TECH INNOVATIONS LTD,14150426,active,ltd,,06-06-2022,06-06-2022,"[64209,64303,64304, 66300]",39 Gilhams Avenue London England SM7 1QW
COVALE CAPITAL LTD,14542316,active,ltd,,15-12-2022,15-12-2022,[66300],27 Old Gloucester Street London England WC1N 3AX
LGGP MANAGEMENT LIMITED,10962628,active,ltd,,14-09-2017,14-09-2017,[66300],One London England EC2R 5AA
RYIAD LTD,14949434,active,ltd,,21-06-2023,21-06-2023,"[62090,64999,66300, 96090]",71-75 Shelton Street London United Kingdom WC2H 9JQ
SIR IAIN NOBLE & PARTNERS LIMITED,SC208134,active,ltd,,08-06-2000,08-06-2000,[66300],An Oifig Sleit An T-Eilean IV43 8QR
CONNING ASSET MANAGEMENT LIMITED,03654447,active,ltd,,16-10-1998,16-10-1998,[66300],24 Monument Street London EC3R 8AJ
SEYE OLOKODE LTD,11566196,active,ltd,,12-09-2018,12-09-2018,[66300],46 Dalwood Street Dalwood Street London England SE5 7DU
FAIRVIEW FINANCIAL HOLDINGS LIMITED,10367302,active,ltd,,09-09-2016,09-09-2016,[66300],126 Llanover Road London England SE18 3SU
"GENERATION PE, LTD.",12719811,active,ltd,,,05-07-2020,"[64205,64303,66190, 66300]",128 City Road London United Kingdom EC1V 2NX
NICHE ASSET MANAGEMENT LTD,10805355,active,ltd,,06-06-2017,06-06-2017,[66300],2nd Floor 17 Lennox Gardens London England SW1X 0DB
POLEN CAPITAL UK PARTNER LIMITED,12361375,active,ltd,,12-12-2019,12-12-2019,"[64304, 66300]",First Floor Offices London United Kingdom EC2N 2HE
VANGUARD CENTRE OF EXCELLENCE CIC,14940848,active,private-limited-guarant-nsc,community-interest-company,16-06-2023,16-06-2023,"[62090,66300,82990, 85590]",Flat 10 Evesham House London England NW8 0QX
EREBUS ADVISORS LIMITED,14177877,active,ltd,,16-06-2022,16-06-2022,"[64303,66300, 70229]",22 Belton Road West Loughborough England LE11 5TR
ELEV8ING LTD,14426019,active,ltd,,18-10-2022,18-10-2022,"[58120, 66300]",128 City Road London United Kingdom EC1V 2NX
ABINGER CAPITAL LIMITED,09081126,active,ltd,,11-06-2014,11-06-2014,[66300],98 Abinger Road Abinger Road London England W4 1EX
COURTIERS ISA NOMINEE LIMITED,04858338,active,ltd,,06-08-2003,06-08-2003,[66300],18a Hart Street Oxfordshire RG9 2AU
COHEN & STEERS UK LIMITED,05861206,active,ltd,,29-06-2006,29-06-2006,[66300],The Burlian 3 Dering Street London England W1S 1AA
UK AFRICAN CONNECTION LTD,13833461,active,private-limited-guarant-nsc,,07-01-2022,07-01-2022,"[66300,85600,88990, 94990]",Unit 2 Town Quay Wharf Abbey Road London England IG11 7BZ
NORTHSTAR FINANCIAL CONTENT LTD,12405690,active,ltd,,15-01-2020,15-01-2020,"[62020,66300, 71200]",11 Dover Terrace Sandycombe Road Richmond England TW9 2EF
SIRK INVESTMENTS LIMITED,02167063,active,ltd,,18-09-1987,18-09-1987,[66300],Cheveley Park Stud Newmarket CB8 9DD
YATI CAPITAL LIMITED,07049453,active,ltd,,20-10-2009,20-10-2009,"[66190, 66300]",50 Braeburn Mansions 5 Mary Neuner Road London England N8 0FA
NVESTMENTS LIMITED,11439345,active,ltd,,28-06-2018,28-06-2018,[66300],4 Essex Villas London England W8 7BN
OXX I (ENGLAND) LIMITED,10955433,active,ltd,,11-09-2017,11-09-2017,[66300],Brock House London England W1W 6BP
QUBE RESEARCH & TECHNOLOGIES LIMITED,09867306,active,ltd,,11-11-2015,11-11-2015,[66300],9 Bressenden Place London United Kingdom SW1E 5BY
UNILEVER VENTURES (SLP) GENERAL PARTNER LIMITED,SC511957,active,ltd,,30-07-2015,30-07-2015,[66300],C/O Brodies Llp Capital Square Edinburgh EH3 8BP
PHOENIX CRETRO LIMITED,13046266,active,ltd,,26-11-2020,26-11-2020,"[65202,66220,66300, 85590]",Mead Court 10 The Mead Business Centre Chesham United Kingdom HP5 3EE
MERSEYSIDE SPECIAL INVESTMENT VENTURE FUND LIMITED,03104077,active,ltd,,20-09-1995,20-09-1995,[66300],"Suite 6c,  The Plaza Liverpool England L3 9QJ"
OXFORD TECH INVESTMENT LTD,15921197,active,ltd,,28-08-2024,28-08-2024,"[64303,64304, 66300]",2 Green Street Green Road Dartford England DA1 1QE
EPIDAREX MANAGEMENT LTD,SC640075,active,ltd,,28-08-2019,28-08-2019,[66300],137a George Street Edinburgh United Kingdom EH2 4JY
THREADNEEDLE INTERNATIONAL LIMITED,02283244,active,ltd,,02-08-1988,02-08-1988,[66300],Cannon Place London EC4N 6AG
THREADNEEDLE PENSIONS LIMITED,00984167,active,ltd,,09-07-1970,09-07-1970,"[65110, 66300]",Cannon Place London EC4N 6AG
BONDOROZ CAPITAL LTD,11595792,active,ltd,,29-09-2018,29-09-2018,[66300],11595792 - COMPANIES HOUSE DEFAULT ADDRESS Cardiff CF14 8LH
CENTURION INVESTMENT GROUP LTD,14777539,active,ltd,,03-04-2023,03-04-2023,"[64301, 66300]",Lumaneri House Blythe Gate Solihull United Kingdom B90 8AH
CAL INVESTMENTS LIMITED,01488617,active,ltd,,31-03-1980,31-03-1980,[66300],"1st Floor,  Nicholas House London England EC4R 0EU"
TRESIDOR INVESTMENT MANAGEMENT (UK) LTD,11535890,active,ltd,,24-08-2018,24-08-2018,[66300],72 Welbeck Street London England W1G 0AY
IMPREZACO LTD,08162031,active,ltd,,31-07-2012,31-07-2012,[66300],Jps Casterton Road Business Park Stamford PE9 4DE
THREADNEEDLE ASSET MANAGEMENT LIMITED,00573204,active,ltd,,22-10-1956,22-10-1956,"[66120, 66300]",Cannon Place London EC4N 6AG
BLUEROOT INVESTMENT LIMITED,13513762,active,ltd,,15-07-2021,15-07-2021,"[64999,66300, 70229]",Unit 2 Popin Business Centre Wembley United Kingdom HA9 0HB
MASLOW BROKERAGE LIMITED,12434070,active,ltd,,30-01-2020,30-01-2020,[66300],15 Golden Square London England W1F 9JG
ASCEXIT LIMITED,12194326,active,ltd,,06-09-2019,06-09-2019,[66300],Frenkel House Salford United Kingdom M50 2ZY
HEARTHSTONE ASSET MANAGEMENT LIMITED,07458920,active,ltd,,02-12-2010,02-12-2010,[66300],"Suite 2.06,  Bridge House 181 Queen Victoria Street London United Kingdom EC4V 4EG"
MARSHALL ZOING LIMITED,04615794,active,ltd,,12-12-2002,12-12-2002,"[66190, 66300]",Third Floor Liverpool United Kingdom L3 9SJ
SUNDELL LIMITED,11383586,active,ltd,,25-05-2018,25-05-2018,"[64910,64999,66110, 66300]",27 Old Gloucester Street London United Kingdom WC1N 3AX
BECKETTS WEALTH LIMITED,14372043,active,ltd,,23-09-2022,23-09-2022,[66300],Paradigm House Lower Meadow Road Wilmslow England SK9 3ND
R M ASSET MANAGEMENT LTD,11500827,active,ltd,,06-08-2018,06-08-2018,[66300],Old Mill Cowbridge United Kingdom CF71 7UB
CAPITAL DYNAMICS MMDIV UK LTD,11255824,active,ltd,,14-03-2018,14-03-2018,[66300],One Snowhill Birmingham United Kingdom B4 6GB
ATOMOS INVESTMENTS LIMITED,02041819,active,ltd,,29-07-1986,29-07-1986,[66300],2nd Floor 5 Hatfields (Alto) London United Kingdom SE1 9PG
CARDALE NOMINEES LIMITED,04731286,active,ltd,,11-04-2003,11-04-2003,[66300],2 Cardale Park Harrogate England HG3 1RY
FD DYNAMIC PORTFOLIOS LIMITED,11721242,active,ltd,,11-12-2018,11-12-2018,[66300],20 St. Dunstan's Hill London England EC3R 8HL
READ SHALL GROW (RSG) LTD,15113212,active,ltd,,04-09-2023,04-09-2023,"[66110, 66300]",124 City Road London United Kingdom EC1V 2NX
OWO CAPITAL LTD,12989579,active,ltd,,02-11-2020,02-11-2020,[66300],20-22 Wenlock Road London England N1 7GU
BLACKBIRD CAPITAL INVESTMENTS LIMITED,13701009,active,ltd,,25-10-2021,25-10-2021,[66300],1 Blythe Gate Solihull England B90 8AD
EST PARTNERS LIMITED,12941119,active,ltd,,09-10-2020,09-10-2020,[66300],73 Cornhill London United Kingdom EC3V 3QQ
PINNACLE INVESTMENT MANAGEMENT (UK) LIMITED,11026111,active,ltd,,23-10-2017,23-10-2017,[66300],C/O Norose Company Secretarial Services Ltd London United Kingdom SE1 2AQ
LAURO ASSET MANAGEMENT UK LIMITED,12830844,active,ltd,,21-08-2020,21-08-2020,[66300],M B Associates Hamilton House London United Kingdom EC4Y 0HA
THE OXFORD INVESTMENT MANAGEMENT COMPANY LIMITED,05764864,active,ltd,,31-03-2006,31-03-2006,[66300],Oxam House Oxford England OX1 2BW
ELYON CONSULTANCY LTD,11253144,active,ltd,,13-03-2018,13-03-2018,[66300],242 Stafford Road Wallington United Kingdom SM6 8PF
SOCRATIC CAPITAL MANAGEMENT LTD,09219049,active,ltd,,15-09-2014,15-09-2014,[66300],International House London England EC3V 3NG
DYANTHUS ROCK LTD,13866851,active,ltd,,24-01-2022,24-01-2022,"[62012,62020,66210, 66300]",41 Devonshire Street London England W1G 7AJ
VALORI ADVISORY LTD,16047678,active,ltd,,29-10-2024,29-10-2024,[66300],71-75 Shelton Street London United Kingdom WC2H 9JQ
CLARENCE BRIDGE CAPITAL LIMITED,11178970,active,ltd,,31-01-2018,31-01-2018,[66300],"International House,  36-38 Cornhill London England EC3V 3NG"
GALILEO II LIMITED,15237252,active,ltd,,26-10-2023,26-10-2023,"[66300, 70221]",C/O Tmf Group 13th Floor London United Kingdom EC2R 7HJ
FISCAL ASSET MANAGEMENT LONDON LTD,15164433,active,ltd,,26-09-2023,26-09-2023,"[64205,64303,64999, 66300]",128 City Road London United Kingdom EC1V 2NX
LYNGARTH PROPERTIES LIMITED,00860320,active,ltd,,30-09-1965,30-09-1965,[66300],Tudor House Huby LS17 0EF
DIAMOND GAS MIDOCEAN LIMITED,15259347,active,ltd,,03-11-2023,03-11-2023,[66300],Mid City Place London United Kingdom WC1V 6BA
TRADING COMPASS LTD,15251363,active,ltd,,01-11-2023,01-11-2023,"[66190,66300,85590, 85600]",71-75 Shelton Street London United Kingdom WC2H 9JQ
AZUR FINANCIAL AND ADVISORY SERVICES LTD,13663415,active,ltd,,05-10-2021,05-10-2021,"[47910,66190,66220, 66300]",27 Lune Drive Manchester United Kingdom M45 8NL
SOMEDAY NFT LIMITED,13737448,active,ltd,,11-11-2021,11-11-2021,[66300],Bugle Rocks Plymouth England PL8 1JX
NICHOLL INVESTMENT RESEARCH LTD,13157624,active,ltd,,26-01-2021,26-01-2021,[66300],198 Derlwyn Swansea Wales SA2 7PE
S & J FINANCIAL MANAGEMENT LIMITED,05721827,active,ltd,,24-02-2006,24-02-2006,[66300],26 Peatburn Avenue Derby DE75 7RL
NEXT WAVE PARTNERS GP LIMITED,05987738,active,ltd,,03-11-2006,03-11-2006,[66300],87-89 Baker Street London United Kingdom W1U 6RJ
ASTERISK HOLDING LTD,15235396,active,ltd,,25-10-2023,25-10-2023,[66300],81b Macfarlane Road London United Kingdom W12 7JY
WREN INVESTMENT OFFICE LIMITED,10286208,active,ltd,,19-07-2016,19-07-2016,"[66300, 70221]",66 Lincoln's Inn Fields London United Kingdom WC2A 3LH
ELWOOD FM LIMITED,12043434,active,ltd,,11-06-2019,11-06-2019,"[64305, 66300]",Salisbury House Cambridge United Kingdom CB1 2LA
LEDGER CAPITAL LIMITED,09377220,active,ltd,,07-01-2015,07-01-2015,[66300],24 Tekels Avenue Camberley GU15 2LB
KING STREET INVESTMENT MANAGEMENT LIMITED,12964464,active,ltd,,21-10-2020,21-10-2020,[66300],41 South King Street Manchester England M2 6DE
DEMBPIC LIMITED,11209252,active,ltd,,16-02-2018,16-02-2018,[66300],Calyx House Taunton United Kingdom TA1 3DU
FSG LTD,09289478,active,ltd,,31-10-2014,31-10-2014,[66300],32 Clarence Street Southend-On-Sea England SS1 1BD
CRYPTO INC LTD,13133811,active,ltd,,14-01-2021,14-01-2021,[66300],59 C/O David Stott Accountancy Services Gravesend England DA12 4HJ
TATTY MANAGEMENT LTD,07917468,active,ltd,,20-01-2012,20-01-2012,[66300],"23,  Church Walk Leatherhead England KT22 8HH"
AUDACITY CAPITAL LTD,08865122,active,ltd,,28-01-2014,28-01-2014,[66300],The Frames 1 Phipp Street Ec2a 4ps London England EC2A 4PS
ETF LIQUIDITY LIMITED,09165123,active,ltd,,06-08-2014,06-08-2014,[66300],134 Sandridge Road St. Albans England AL1 4AP
MAN ASSET MANAGEMENT LIMITED,15600440,active,ltd,,28-03-2024,28-03-2024,[66300],58 Marksbury Avenue Richmond England TW9 4JF
M12 GLOBAL LIMITED,11459056,active,ltd,,11-07-2018,11-07-2018,[66300],C/O Milsted Langdon Llp Freshford House Bristol BS1 6NL
BSF HOLDINGS LTD,11675920,active,ltd,,13-11-2018,13-11-2018,"[64991, 66300]",161 Elm Grove Southsea United Kingdom PO5 1LU
PACE BIDCO LIMITED,09213529,active,ltd,,11-09-2014,11-09-2014,[66300],"3rd Floor,  South Building,  London England EC1A 4HD"
BREGAL (CUSTODY) LIMITED,04615819,active,ltd,,12-12-2002,12-12-2002,[66300],20 Air Street London England W1B 5AN
SOLOMAR ADVISORS LIMITED,14078629,active,ltd,,29-04-2022,29-04-2022,[66300],22 Chancery Lane London United Kingdom WC2A 1LS
MACTAGGART FAMILY & PARTNERS LIMITED,10581509,active,ltd,,24-01-2017,24-01-2017,[66300],2 Babmaes Street London United Kingdom SW1Y 6HD
NAVORA LIMITED,11981852,active,ltd,,07-05-2019,07-05-2019,[66300],21 5 Sloane Court East London England SW3 4TQ
COMMANDER ASSET MANAGEMENT LIMITED,04301639,active,ltd,,09-10-2001,09-10-2001,[66300],2 St. Andrew's Hill London EC4V 5BY
S J ELMS CONSULTING LIMITED,08018637,active,ltd,,04-04-2012,04-04-2012,[66300],Edinburgh House Clevedon England BS21 7NP
ASSET FINANCE HOLDCO LIMITED,11590363,active,ltd,,26-09-2018,26-09-2018,[66300],3rd Floor 22 Old Bond Street London England W1S 4PY
B KING ASSOCIATES LTD,07477764,active,ltd,,23-12-2010,23-12-2010,"[63990,66300, 82990]",Flat 3 North Lodge London N22 7UB
PUMA INVESTMENT MANAGEMENT LIMITED,08210180,active,ltd,,11-09-2012,11-09-2012,[66300],Cassini House London England SW1A 1LD
BLC II GP MEMBER LTD,13233722,active,ltd,,27-02-2021,27-02-2021,[66300],25 Southampton Buildings London United Kingdom WC2A 1AL
ICG EFV MLP GP LIMITED,07758327,active,ltd,,31-08-2011,31-08-2011,[66300],Procession House London EC4M 7JW
UCI GP LIMITED,NI614689,active,ltd,,27-09-2012,27-09-2012,[66300],6th Floor Glengall Exchange Belfast Northern Ireland BT12 5AB
HCY LTD,16020578,active,ltd,,16-10-2024,16-10-2024,"[17120,17230,46900, 66300]",71-75 Shelton Street London United Kingdom WC2H 9JQ
PLAYING FIELD (LENDCO) LIMITED,16020908,active,ltd,,16-10-2024,16-10-2024,"[66300, 90020]",124 Finchley Road London United Kingdom NW3 5JS
FIRSTGROUP PENSION GP LIMITED,13793855,active,ltd,,10-12-2021,10-12-2021,[66300],"8th Floor,  The Point London United Kingdom W2 1AF"
FIRST BUS PENSION GP LIMITED,13793860,active,ltd,,10-12-2021,10-12-2021,[66300],"8th Floor,  The Point London United Kingdom W2 1AF"
PARUS FINANCE (UK) LTD,08260823,active,ltd,,19-10-2012,19-10-2012,[66300],100 Pall Mall London SW1Y 5NQ
JL EQUITY GROUP LTD.,16021581,active,ltd,,16-10-2024,16-10-2024,[66300],71-75 Shelton Street London United Kingdom WC2H 9JQ
UNLTD VENTURE GROWTH SUPPORT LTD,11568325,active,ltd,,13-09-2018,13-09-2018,[66300],123 Whitecross Street London EC1Y 8JJ
S RADIA MANAGEMENT LTD,08250340,active,ltd,,12-10-2012,12-10-2012,[66300],Winston House Harrow England HA3 6SL
FIELDMASTER CAPITAL LTD,13129928,active,ltd,,13-01-2021,13-01-2021,"[66300,68100, 68209]",Lower Eastrip Farm Chippenham United Kingdom SN14 8AX
BINJAI INVESTMENTS LIMITED,10800430,active,ltd,,02-06-2017,02-06-2017,[66300],2nd Floor Medway Bridge House Maidstone England ME14 1JP
UCI GP II LIMITED,NI653919,active,ltd,,22-06-2018,22-06-2018,[66300],6th Floor Glengall Exchange Belfast Northern Ireland BT12 5AB
PLAYING FIELD GP LIMITED,16017113,active,ltd,,14-10-2024,14-10-2024,"[66300, 90020]",124 Finchley Road London United Kingdom NW3 5JS
ZARIBA HOLDINGS,16018318,active,private-unlimited,,15-10-2024,15-10-2024,[66300],180 Blythe Road London W14 0HD
SYNERGIC LINKS LIMITED,06277715,active,ltd,,13-06-2007,13-06-2007,"[62020,64205,65202, 66300]",164 Forum House Empire Way Wembley England HA9 0HL
ONEWORLD UNITYBRIDGE CIC,15165721,active,private-limited-guarant-nsc,community-interest-company,26-09-2023,26-09-2023,"[66300,74300,85590, 88990]",237 The Bentleys Stockport England SK5 7SD
SURE VALLEY GENERAL PARTNER LIMITED,13691270,active,ltd,,20-10-2021,20-10-2021,[66300],International House London England EC3V 3NG
PANTELLI CAPITAL LIMITED,13095797,active,ltd,,22-12-2020,22-12-2020,[66300],62 Strafford Gate Potters Bar England EN6 1PL
SKIRFARE INVESTMENTS LIMITED,07780354,active,ltd,,20-09-2011,20-09-2011,[66300],71 Queen Victoria Street London United Kingdom EC4V 4BE
HECLA INVESTMENTS LIMITED,15173204,active,ltd,,28-09-2023,28-09-2023,[66300],Pipers Wood Mackies Hill Guildford England GU5 9RH
ASPECT CAPITAL LIMITED,03491169,active,ltd,,12-01-1998,12-01-1998,[66300],10 Portman Square London W1H 6AZ
E.SKINNER HOLDINGS LTD.,10109622,active,ltd,,07-04-2016,07-04-2016,[66300],19-20 Bourne Court Southend Road Woodford Green United Kingdom IG8 8HD
CAMBRIDGE ASSOCIATES LIMITED,06135829,active,ltd,,05-03-2007,05-03-2007,"[64999,66190,66300, 96090]",62 Buckingham Gate London England SW1E 6AJ
AXA INVESTMENT MANAGERS UK LIMITED,01431068,active,ltd,,19-06-1979,19-06-1979,"[66120, 66300]",22 Bishopsgate London United Kingdom EC2N 4BQ
AXA INVESTMENT MANAGERS GS LIMITED,03601496,active,ltd,,21-07-1998,21-07-1998,"[66120, 66300]",22 Bishopsgate London United Kingdom EC2N 4BQ
MAKOR PARTNERS LIMITED,07275915,active,ltd,,07-06-2010,07-06-2010,[66300],30 Panton Street London England SW1Y 4AJ
CONNECT VENTURES FOUR (SCOTLAND) LIMITED,SC716231,active,ltd,,26-11-2021,26-11-2021,[66300],Citypoint Edinburgh Scotland EH12 5HD
KERRERA PARTNERS LTD,11917075,active,ltd,,30-03-2019,30-03-2019,[66300],Marine House Haywards Heath England RH16 3LH
REDWOOD CAPITAL (EUROPE) LIMITED,03899931,active,ltd,,21-12-1999,21-12-1999,[66300],"3rd Floor,  Waverley House London United Kingdom W1F 8GQ"
ASGA GLOBAL TIMBERLAND AND FARMLAND GP LIMITED,10648507,active,ltd,,02-03-2017,02-03-2017,[66300],Level 6 Duo London England EC2M 4RB
ALPHANE CAPITAL LIMITED,11078907,active,ltd,,23-11-2017,23-11-2017,[66300],8th Floor 71 Queen Victoria Street London England EC4V 4AY
LIVE FX HUB LIMITED,15980515,active,ltd,,26-09-2024,26-09-2024,"[64205,64991,64999, 66300]",27 Old Gloucester Street London United Kingdom WC1N 3AX
DAISY BLUE TOO LTD,07905781,active,ltd,,11-01-2012,11-01-2012,[66300],Beckwith Barn Warren Estate Writtle England CM1 3WT
TOWER INVESTMENTS INTERNATIONAL LIMITED,12718310,active,ltd,,04-07-2020,04-07-2020,"[64910,64921,64999, 66300]",7a Abbey Business Park Farnham United Kingdom GU9 8HT
MKP CAPITAL UK LTD,07400336,active,ltd,,07-10-2010,07-10-2010,[66300],5 Hanover Square London England null
OXFORD INNOVATION AND INVESTMENT GROUP LTD,13869914,active,ltd,,25-01-2022,25-01-2022,"[64303,66300,70229, 72190]",71-75 Shelton Street London United Kingdom WC2H 9JQ
SUMMIT APV INVESTMENT LIMITED,12949817,active,ltd,,14-10-2020,14-10-2020,[66300],Vintners' Place London England EC4V 3BJ
SMART RISK ALPHA LTD,13161575,active,ltd,,27-01-2021,27-01-2021,[66300],69 Moss Lane Pinner England HA5 3AZ
RENAISSANCE WEALTH MANAGEMENT (UK) LIMITED,10524129,active,ltd,,14-12-2016,14-12-2016,[66300],Niddry Lodge London England W8 7JB
FUNDMENT LIMITED,08884918,active,ltd,,10-02-2014,10-02-2014,[66300],58-60 Berners Street London England W1T 3NQ
3FR GROUP LTD,13833144,active,ltd,,06-01-2022,06-01-2022,"[66300, 68100]",86-90 Paul Street London United Kingdom EC2A 4NE
HEXIGON HORIZON LIMITED,14069220,active,ltd,,26-04-2022,26-04-2022,"[64999,66300, 70229]","Unit 12,  York Eco Business Centre York England YO30 4TN"
WOODLANDS W M LTD,13171990,active,ltd,,01-02-2021,01-02-2021,[66300],Purkis House Borley England CO10 7AG
UNICORN ASSET MANAGEMENT LIMITED,03919499,active,ltd,,04-02-2000,04-02-2000,[66300],First Floor Office Preacher's Court Charterhouse Square United Kingdom EC1M 6AU
IAE DENMARK LIMITED,15945892,active,ltd,,09-09-2024,09-09-2024,[66300],C/O Alter Domus 10th Floor London United Kingdom EC3A 8BF
INVESTOR ALLIANCE CAPITAL LIMITED,13867180,active,ltd,,24-01-2022,24-01-2022,[66300],124 Finchley Road London England NW3 5JS
ALITER CAPITAL GENERAL PARTNER LIMITED,10424193,active,ltd,,12-10-2016,12-10-2016,[66300],14 Brook's Mews London England W1K 4DG
BELVEDERE INVESTMENTS LIMITED,09113133,active,ltd,,02-07-2014,02-07-2014,"[66290, 66300]",42 Ground Floor Lawrence Street Sunderland England SR1 2PD
WEALTHN3ST LTD,16029163,active,ltd,,20-10-2024,20-10-2024,[66300],16 Ascot Gardens Southall United Kingdom UB1 2RZ
A J BUCKLEY ASSET MANAGEMENT LIMITED,02730015,active,ltd,,09-07-1992,09-07-1992,"[64999,66190, 66300]",The Old Rectory Weybridge KT13 8DE
HARKUS LTD,10546140,active,ltd,,04-01-2017,04-01-2017,"[64302, 66300]",208 Wellington Street Gravesend Kent United Kingdom DA12 1JG
IGNAZIO INVESTMENTS LIMITED,15122318,active,ltd,,07-09-2023,07-09-2023,[66300],Flat 24 173 Rosebery Avenue London United Kingdom EC1R 4UL
ALICORN LIMITED,14414039,active,ltd,,12-10-2022,12-10-2022,[66300],"Block D,  Part First Floor Morelands London United Kingdom EC1V 9HL"
PROPERTYLIFT TRADING LTD,09569060,active,ltd,,30-04-2015,30-04-2015,[66300],19-23 Ironmonger Row London England EC1V 3QN
TRIPLE POINT GP LTD,16032300,active,ltd,,21-10-2024,21-10-2024,[66300],1 King William Street London United Kingdom EC4N 7AF
EVLEN  CAPITAL  INVESTMENTS LTD,12272000,active,ltd,,21-10-2019,21-10-2019,"[64301,64304,64999, 66300]",20-22 Wenlock Road London England N1 7GU
JC ASSET MANAGEMENT LTD,11637641,active,ltd,,23-10-2018,23-10-2018,[66300],78 South Rise Cardiff United Kingdom CF14 0RG
SURE VALLEY NOMINEE LIMITED,13691530,active,ltd,,20-10-2021,20-10-2021,[66300],International House London England EC3V 3NG
ERBJ INVESTMENTS LTD,16035755,active,ltd,,23-10-2024,23-10-2024,[66300],71 Wheeleys Road Birmingham England B15 2LN
EARTHMIND CIC,16035853,active,private-limited-guarant-nsc,community-interest-company,23-10-2024,23-10-2024,"[62020,66300,81300, 96040]",8 Paynton Road St. Leonards-On-Sea England TN37 7DY
OC I ENGCO LIMITED,16036188,active,ltd,,23-10-2024,23-10-2024,[66300],First Floor 1 Des Roches Square Witney United Kingdom OX28 4BE
GAMETECH VENTURES LTD,11690143,active,ltd,,21-11-2018,21-11-2018,[66300],24 Lionel Mansions London United Kingdom W14 0JH
KESTROM GLOBAL LIMITED,12337254,active,ltd,,27-11-2019,27-11-2019,"[62012,62020,66300, 68100]",128 City Road London United Kingdom EC1V 2NX
ESKMUIR FM LIMITED,09249737,active,ltd,,06-10-2014,06-10-2014,[66300],8 Queen Anne Street London W1G 9LD
CHETWOOD INVESTMENT MANAGEMENT LIMITED,11810284,active,ltd,,06-02-2019,06-02-2019,"[64999, 66300]",St Denys House St. Austell United Kingdom PL25 4TR
HITGROUP INCORPORATED LTD,11021779,active,ltd,,19-10-2017,19-10-2017,"[66300,69109,72190, 80300]",35 Ballards Lane London United Kingdom N3 1XW
AGI INVESTMENTS NO4 LIMITED,16084963,active,ltd,,18-11-2024,18-11-2024,[66300],29 York Street London United Kingdom W1H 1EZ
AGI INVESTMENTS NO2 LIMITED,16084987,active,ltd,,18-11-2024,18-11-2024,[66300],29 York Street London United Kingdom W1H 1EZ
AGI INVESTMENTS NO5 LIMITED,16086385,active,ltd,,18-11-2024,18-11-2024,[66300],29 York Street London United Kingdom W1H 1EZ
D.C. COMPANY HOLDINGS LIMITED,15028504,active,ltd,,25-07-2023,25-07-2023,[66300],C/O Hillier Hopkins Llp Ground Floor London United Kingdom SW1Y 5JG
OMSZ LIMITED,16089538,active,ltd,,19-11-2024,19-11-2024,[66300],6th Floor Charlotte Building London United Kingdom W1T 1QL
IFM GLOBAL INFRASTRUCTURE (UK) GP LIMITED,06547980,active,ltd,,28-03-2008,28-03-2008,[66300],2 London Wall Place London England EC2Y 5AU
IBIZTECH ASSET MANAGEMENT LTD,12470323,active,ltd,,18-02-2020,18-02-2020,"[66300, 70229]",284-285 Oswald House Gt Yarmouth United Kingdom NR31 0JB
SH INVESTMENT MANAGEMENT LTD,07078543,active,ltd,,17-11-2009,17-11-2009,[66300],Beckwith Barn Warren Estate Writtle England CM1 3WT
SPEKTRM TECH LIMITED,16084468,active,ltd,,18-11-2024,18-11-2024,"[62012,62090,64999, 66300]",71-75 Shelton Street London United Kingdom WC2H 9JQ
EXCALIBUR INVESTMENTS LTD,SC498043,active,ltd,,17-02-2015,17-02-2015,[66300],15 Sinclair Terrace Wick Scotland KW1 5AB
AGI INVESTMENTS NO6 LIMITED,16085341,active,ltd,,18-11-2024,18-11-2024,[66300],29 York Street London United Kingdom W1H 1EZ
FW CAPITAL LIMITED,07078439,active,ltd,,17-11-2009,17-11-2009,[66300],Unit J Yale Business Village Wrexham Wales LL13 7YL
PROVINCIAL RESIDENTIAL HOLDINGS LIMITED,00321968,active,ltd,,16-12-1936,16-12-1936,[66300],Traumerei Ashford England TN24 8HJ
B & PD GP LIMITED,SC684475,active,ltd,,24-12-2020,24-12-2020,[66300],61 Dublin Street Edinburgh Scotland EH3 6NL
TWO RIVERS FINANCIAL PLANNING LIMITED,05298510,active,ltd,,26-11-2004,26-11-2004,"[66290, 66300]",33 Main Road Caldicot NP26 5SA
UNITY GROUP MANAGEMENT LIMITED,14678125,active,ltd,,20-02-2023,20-02-2023,"[66300,68100,68320, 70229]",590 Green Lanes London England N13 5RY
MIDTOWN INVESTMENTS LIMITED,03714138,active,ltd,,16-02-1999,16-02-1999,[66300],69 Moss Lane Middlesex HA5 3AZ
HBBA CERTIFIED MANAGEMENT ACCOUNTANTS LTD,11275283,active,ltd,,26-03-2018,26-03-2018,"[64205, 66300]",4200 Waterside Solihull Parkway Solihull Parkway Birmingham England B37 7YN
ONE FOUR NINE PORTFOLIO MANAGEMENT LIMITED,11871594,active,ltd,,09-03-2019,09-03-2019,[66300],16 Berkeley Street London England W1J 8DZ
BRITISH PATIENT CAPITAL LIMITED,11271076,active,ltd,,22-03-2018,22-03-2018,[66300],Steel City House Sheffield S1 2GQ
CORNERSTONE GP HOLDINGS LIMITED,13864570,active,ltd,,21-01-2022,21-01-2022,[66300],10 Orange Street London United Kingdom WC2H 7DQ
IGENE IGENERATION LTD,16090716,active,ltd,,20-11-2024,20-11-2024,"[66300,68100,70221, 70229]",20 Wenlock Road London England N1 7GU
WINNINGTON FINANCIAL PLANNING LTD,11076621,active,ltd,,22-11-2017,22-11-2017,[66300],27 Beryl Avenue Tottington Bury England BL8 3NF
GUNSBROOK LIMITED,13762041,active,ltd,,24-11-2021,24-11-2021,"[64991,66300, 68100]",Vine Barn Northchapel England GU28 9HU
LONSIN CAPITAL LIMITED,09502842,active,ltd,,23-03-2015,23-03-2015,[66300],Flat 4 19 Beaufort Gardens London United Kingdom SW3 1PS
MONKS FARM DEVELOPMENTS LTD,11249016,active,ltd,,11-03-2018,11-03-2018,[66300],Monks Farm Priory Road Colchester England C05 0QE
EUKLID LTD,10599858,active,ltd,,03-02-2017,03-02-2017,[66300],"C/O Windsor House Station Court,  Station Road Cambridge England CB22 5NE"
KING & SHAXSON ASSET MANAGEMENT LIMITED,03870667,active,ltd,,03-11-1999,03-11-1999,"[64999, 66300]",155 Fenchurch Street London England EC3M 6AL
OOJIT LTD,10829573,active,ltd,,21-06-2017,21-06-2017,[66300],58 Whitehouse Rise Belper England DE56 2TW
HAYCOCK FINANCIAL PLANNING LIMITED,16094501,active,ltd,,21-11-2024,21-11-2024,[66300],21 Blackwell Road Birmingham England B45 8BT
FOREX AI LTD,16111698,active,ltd,,02-12-2024,02-12-2024,"[66120,66300,85421, 85590]",86-90 Paul Street London England EC2A 4NE
DRAPER CAPITAL LIMITED,12989328,active,ltd,,02-11-2020,02-11-2020,[66300],Vine Cottage 4 Pound Lane Reading England RG4 6XE
STATHAM WEALTH MANAGEMENT LIMITED,08408648,active,ltd,,19-02-2013,19-02-2013,[66300],5 Homelands Road Sale M33 4BJ
GREENMOND,13776194,active,private-unlimited,,01-12-2021,01-12-2021,[66300],1 Chamberlain Square Cs Birmingham England B3 3AX
ILLUMINATE EARLY GROWTH GP LTD,15307516,active,ltd,,24-11-2023,24-11-2023,"[64303, 66300]",404 The Frames London United Kingdom EC2A 4PS
LOGEX LTD,11126296,active,ltd,,28-12-2017,28-12-2017,"[64303,64304,66190, 66300]","Studio No. 28,  138 Marylebone Road London England NW1 5PH"
CIT FINANCIAL SERVICES LIMITED,03889608,active,ltd,,07-12-1999,07-12-1999,[66300],1st Floor 1 Red Place London England W1K 6PL
BROKEN HILL INVESTMENT LIMITED,15279761,active,ltd,,13-11-2023,13-11-2023,"[64303,66300, 70229]",Unit 2 Popin Business Centre Wembley United Kingdom HA9 0HB
OSMOSIS INVESTMENT MANAGEMENT UK LIMITED,09960550,active,ltd,,20-01-2016,20-01-2016,[66300],36-38 Botolph Lane London England EC3R 8DE
WHITEROCK FINANCE LIMITED,NI630529,active,ltd,,07-04-2015,07-04-2015,[66300],"8th Floor,  11-13 Gloucester Street Belfast Northern Ireland BT1 4LS"
AZNAH LIMITED,12316750,active,ltd,,15-11-2019,15-11-2019,"[66300, 68209]",10 Sharon Road London England W4 4PD
GENERX LIMITED,11682241,active,ltd,,16-11-2018,16-11-2018,[66300],155 Wellingborough Road Rushden England NN10 9TB
HILLARYS INVESTMENTS LIMITED,11039049,active,ltd,,31-10-2017,31-10-2017,[66300],32 Croft Road Nottingham England NG12 4BW
PARK LIDGETT WEALTH MANAGEMENT LIMITED,12334893,active,ltd,,26-11-2019,26-11-2019,"[66300, 70221]",The Stables Park Lidgett Farm Newark England NG23 6LG
VALERIAN DEVELOPMENTS LIMITED,02864025,active,ltd,,19-10-1993,19-10-1993,[66300],13/15 Netherhall Rd Doncaster DN1 2PH
QUOINSTONE INVESTMENT MANAGEMENT LIMITED,11188380,active,ltd,,05-02-2018,05-02-2018,"[66300, 68100]",Telephone House London United Kingdom EC2A 4NW
TEMPEST CAPITAL INVESTMENTS LIMITED,15161333,active,ltd,,25-09-2023,25-09-2023,"[64301, 66300]",6-7 Waterside Station Road Harpenden United Kingdom AL5 4US
EOK LTD,08926301,active,ltd,,06-03-2014,06-03-2014,[66300],Beckwith Barn Warren Estate Writtle England CM1 3WT
USQUE LTD,15314252,active,ltd,,28-11-2023,28-11-2023,[66300],97 Alderley Road Wilmslow England SK9 1PT
ATS CAPITAL LIMITED,15290362,active,ltd,,16-11-2023,16-11-2023,[66300],Milcombe House Mill Hill Brentwood England CM15 8EU
SAB CAPITAL LTD,16106198,active,ltd,,27-11-2024,27-11-2024,[66300],35 Church Road London England SW13 9HQ
WENTWORTH INVESTMENT MANAGEMENT LIMITED,06802517,active,ltd,,27-01-2009,27-01-2009,[66300],Beckwith Barn Warren Estate Writtle England CM1 3WT
POWERHOUSE FS LIMITED,16105238,active,ltd,,27-11-2024,27-11-2024,"[64999,66190, 66300]",1&2 Mercia Business Village Torwood Close Coventry England CV4 8HX
I M INVESTING LTD,10604676,active,ltd,,07-02-2017,07-02-2017,[66300],122 West Avenue Birmingham United Kingdom B20 2LY
LIZANIA BUSINESS LTD,11839918,active,ltd,,21-02-2019,21-02-2019,"[66300,69201, 70221]","Carlyle House 235-237 Vauxhall Bridge Road,  Lower Ground Floor London United Kingdom SW1V 1EJ"
BEAUTIFUL HARVEST LTD,13757340,active,ltd,,22-11-2021,22-11-2021,[66300],1 Towerfield Close Southend-On-Sea England SS3 9QP
SINCLAIR ADVISORY SERVICES LTD.,07595733,active,ltd,,07-04-2011,07-04-2011,"[47910,58190,66300, 90030]",Elklands Petworth England GU28 0EA
KNIGHT DOLLYS LIMITED,03853046,active,ltd,,29-09-1999,29-09-1999,"[65120,65202,65300, 66300]",5th Floor 40 Gracechurch Street London England EC3V 0BT
SPORTING CAPITAL LIMITED,10673757,active,ltd,,16-03-2017,16-03-2017,"[64929,64999, 66300]",W106 Vox Studios - None - United Kingdom SE11 5JH
APIARY MANAGING MEMBER LTD,11044566,active,ltd,,02-11-2017,02-11-2017,[66300],6 Warwick Street London United Kingdom W1B 5LX
MASTER FINCAPITAL LTD,07431816,active,ltd,,08-11-2010,08-11-2010,"[66190,66300, 70229]",C/O Rpgcc London England EC3V 0BT
EQUITIX INITIAL GP LIMITED,12925808,active,ltd,,03-10-2020,03-10-2020,[66300],"3rd Floor,  South Building London United Kingdom EC1A 4HD"
WINCREST CAPITAL SERVICES (UK) LTD,11103963,active,ltd,,08-12-2017,08-12-2017,[66300],4th Floor Phoenix House Reading United Kingdom RG1 1NB
NNQ ASSET MANAGEMENT LTD,15103420,active,ltd,,29-08-2023,29-08-2023,[66300],128 City Road London United Kingdom EC1V 2NX
S-8 GROUP INVEST LTD,16001806,active,ltd,,07-10-2024,07-10-2024,"[64301,64303,64304, 66300]",201b.3 Cardinal Point Park Road Rickmansworth England WD3 1RE
COLESCO CAPITAL LTD.,15046206,active,ltd,,03-08-2023,03-08-2023,[66300],27 Mortimer Street London W1T 3JF
VALLANCE PLACE LIMITED,15039133,active,ltd,,31-07-2023,31-07-2023,[66300],Flat 2 4 Prospect Mews Reading England RG1 7NN
RJD GENERAL PARTNER III LIMITED,09468809,active,ltd,,03-03-2015,03-03-2015,[66300],Rjd Partners Limited London England W1W 6XX
ONTARIO TEACHERS' PENSION PLAN (EUROPE) LIMITED,09828459,active,ltd,,16-10-2015,16-10-2015,[66300],10 Portman Square London United Kingdom W1H 6AZ
FIDERA VECTA LIMITED,13347193,active,ltd,,20-04-2021,20-04-2021,[66300],25-28 Old Burlington Street London England W1S 3AN
PIERS COURT CAPITAL LIMITED,07454416,active,ltd,,29-11-2010,29-11-2010,"[64303,64999, 66300]",65 Cadogan Square London SW1X 0DY
BVO GROEP LIMITED,05577569,active,ltd,,28-09-2005,28-09-2005,[66300],43 Owston Road Carcroft England DN6 8DA
HELIKON INVESTMENTS LIMITED,12237605,active,ltd,,01-10-2019,01-10-2019,[66300],C/O Buzzacott Llp London United Kingdom EC2V 6DL
"FIRST EAGLE INVESTMENT MANAGEMENT, LTD",10464101,active,ltd,,,04-11-2016,"[64304,64999,66190, 66300]",27 Old Gloucester Street London WC1N 3AX
CLENDINNING (HOLDINGS) LIMITED,NI004528,active,ltd,,31-03-1960,31-03-1960,[66300],1 Coastguard Cottage Holywood BT18 0AG
DELTA CAPITAL MANAGEMENT LIMITED,13767933,active,ltd,,26-11-2021,26-11-2021,"[64301,64303, 66300]",One Canada Square London England E14 5DY
SWALLOWCLIFFE FINANCE LIMITED,13058427,active,ltd,,02-12-2020,02-12-2020,[66300],5 Wigmore Street London England W1U 1PB
MAGNECORDE LTD,12381834,active,ltd,,31-12-2019,31-12-2019,"[64304,66300, 68100]",C/O Chesterton House Accounting Services Llp Loughborough United Kingdom LE11 1UW
RENAISSANCE GLOBAL ADVISORS LTD,13891353,active,ltd,,03-02-2022,03-02-2022,"[66190,66300, 70229]",71-75 Shelton Street London United Kingdom WC2H 9JQ
A&M CAPITAL ADVISORS EUROPE HOLDINGS LIMITED,11865507,active,ltd,,07-03-2019,07-03-2019,[66300],6 Grosvenor Street London United Kingdom W1K 4PZ
J.BATTY AND CO.LIMITED,00183343,active,ltd,,24-07-1922,24-07-1922,[66300],"Unit A,  Belgrave Court Caxton Road Preston United Kingdom PR2 9PL"
RHOMBUS PRIVATE CAPITAL LIMITED,04404988,active,ltd,,27-03-2002,27-03-2002,"[66120, 66300]",116 Silverdale Avenue Walton-On-Thames United Kingdom KT12 1EQ
WEALTH TRADING LIMITED,10968854,active,ltd,,18-09-2017,18-09-2017,"[66300, 85590]",157 Beacon Park Road Plymouth United Kingdom PL2 2QR
NEW SPARTA ENERGY LIMITED,09476767,active,ltd,,09-03-2015,09-03-2015,[66300],Willowdene Worcester England WR5 3EU
S-1 GROUP INVEST LTD,15987007,active,ltd,,30-09-2024,30-09-2024,"[64301,64303,64304, 66300]",201b.3 Cardinal Point Park Road Rickmansworth England WD3 1RE
ROSERNE CAPITAL LIMITED,09854422,active,ltd,,03-11-2015,03-11-2015,[66300],3 Warners Mill Braintree England CM7 3GB
"HOXTON VENTURES II, (SCOT) LTD",SC585595,active,ltd,,,15-01-2018,[66300],50 Lothian Road Edinburgh Scotland EH3 9WJ
"HPS INVESTMENT PARTNERS (UK) II, LTD.",06450731,active,ltd,,,11-12-2007,[66300],"N2,  Floor 10 9 Bressenden Place London England SW1E 5BY"
GOLDING CAPITAL PARTNERS (UK) LIMITED,11786886,active,ltd,,24-01-2019,24-01-2019,[66300],17 Hanover Square London United Kingdom W1S 1BN
COLLIERS CAPITAL HOLDINGS LIMITED,06430656,active,ltd,,19-11-2007,19-11-2007,[66300],95 Wigmore Street London England W1U 1FF
"HOXTON VENTURES II, (ENG) LTD",11082171,active,ltd,,,24-11-2017,[66300],483 Green Lanes London United Kingdom N13 4BS
WORLDX35 LTD,09119814,active,ltd,,07-07-2014,07-07-2014,[66300],Riverside House 3 Place Farm St. Albans England AL4 8SB
WOODSIDE AREA COMMUNITY INTEREST COMPANY,11001603,active,private-limited-guarant-nsc,community-interest-company,09-10-2017,09-10-2017,[66300],Pacific Road Business Hub Birkenhead CH41 1LJ
LCH PARTNERS (UK) LIMITED,11679643,active,ltd,,15-11-2018,15-11-2018,[66300],6th Floor 25 Farringdon Street London EC4A 4AB
SILVERSTRIPE INVESTMENT MANAGEMENT LIMITED,13685719,active,ltd,,18-10-2021,18-10-2021,[66300],6th Floor 3 Valentine Place London United Kingdom SE1 8QH
KEY CAPITAL PARTNERS (NOMINEES) LIMITED,06357261,active,ltd,,31-08-2007,31-08-2007,[66300],13 Park Place Leeds England LS1 2SJ
BLUE SKY WEALTH LTD,10994751,active,ltd,,04-10-2017,04-10-2017,[66300],1 Irbyside Cottages Wirral United Kingdom CH48 1NS
S-2 GROUP INVEST LTD,15987478,active,ltd,,30-09-2024,30-09-2024,"[64301,64303,64304, 66300]",201b.3 Cardinal Point Park Road Rickmansworth England WD3 1RE
PEARL LEGAL INVESTMENT GROUP LTD,14643260,active,ltd,,06-02-2023,06-02-2023,"[64999,66220, 66300]",128 City Road London United Kingdom EC1V 2NX
WATERLAND PRIVATE EQUITY LTD,10574749,active,ltd,,20-01-2017,20-01-2017,[66300],Ladyfield House Wilmslow SK9 1BU
YORK INVEST LTD,11295584,active,ltd,,06-04-2018,06-04-2018,"[64306,64910,64922, 66300]",16 Alwoodley Gardens Leeds England LS17 7BQ
TRANSITION GLOBAL MANAGEMENT LIMITED,13659299,active,ltd,,04-10-2021,04-10-2021,[66300],4th Floor 5 Carnaby Street London United Kingdom W1F 9PB
L CATTERTON MANAGEMENT LIMITED,09923013,active,ltd,,18-12-2015,18-12-2015,[66300],Belgrave House London United Kingdom SW1W 9TQ
FINANCE EARTH LIMITED,12955180,active,ltd,,15-10-2020,15-10-2020,"[64304,64999,66300, 70229]",W106 Vox Studios 1-45 Durham Street London United Kingdom SE11 5JH
BRIDGES VENTURES III (GENERAL PARTNER) LIMITED,07790936,active,ltd,,28-09-2011,28-09-2011,[66300],38 Seymour Street London W1H 7BP
DBM ADVISORY LIMITED,09935269,active,ltd,,05-01-2016,05-01-2016,"[66300,68310, 68320]",55 Loudoun Road London United Kingdom NW8 0DL
MVM (GP) (NO.5B) LIMITED,07033935,active,ltd,,29-09-2009,29-09-2009,[66300],38 Wigmore Street London England W1U 2RU
LONDON CAPITAL RETURNS LTD,15167561,active,ltd,,26-09-2023,26-09-2023,[66300],3 Church Street Hook United Kingdom RG29 1LU
DREOF II UK MERIDIA HOLDINGS II LIMITED,09973532,active,ltd,,27-01-2016,27-01-2016,[66300],45 45 Pall Mall London United Kingdom SW1Y 5JG
CHARLES TAYLOR INVESTMENT MANAGEMENT COMPANY LIMITED,02597752,active,ltd,,27-03-1991,27-03-1991,[66300],2 Minster Court London United Kingdom EC3R 7BB
AGILE SUSTAINABLE INFRASTRUCTURE LIMITED,NI703049,active,ltd,,12-10-2023,12-10-2023,"[66300, 70221]",23a School Lane Magherafelt Northern Ireland BT45 8PE
ENTRES LTD,09940117,active,ltd,,07-01-2016,07-01-2016,"[55100,66300,69203, 85100]",12 Crabtree Lane Harpenden England AL5 5TB
S G WEALTH MANAGEMENT LIMITED,04164888,active,ltd,,21-02-2001,21-02-2001,[66300],53-57 St Martin's Lane Norwich NR3 3SA
RST LIMEHOUSE INVESTMENTS LIMITED,15142015,active,ltd,,15-09-2023,15-09-2023,[66300],29 York Street London United Kingdom W1H 1EZ
ENHANCE FINANCIAL PLANNING LIMITED,10256599,active,ltd,,29-06-2016,29-06-2016,[66300],"Unit 12,  Trent Business Park Lichfield England WS13 6RN"
RAB CAPITAL LIMITED,03694213,active,ltd,,12-01-1999,12-01-1999,[66300],6 Kilmington Close Brentwood England CM13 2JZ
LEROY PATTERSON LTD,14557817,active,ltd,,27-12-2022,27-12-2022,[66300],1 Wren Close Wren Close Gloucester England GL4 4XR
SYNGENTA PENSIONS TRUSTEE LIMITED,03919501,active,ltd,,04-02-2000,04-02-2000,[66300],Jealott's Hill International Research Centre Bracknell England RG42 6EY
PORTLAND CRESCENT MANAGEMENT SERVICES LTD,15990507,active,ltd,,01-10-2024,01-10-2024,"[39000, 66300]",71-75 Shelton Street London United Kingdom WC2H 9JQ
ALPHA QUANTS LIMITED,09395881,active,ltd,,19-01-2015,19-01-2015,"[62012,66300,72190, 74909]",115 Hampstead Road London England NW1 3EE
BRITANNIC INVESTMENT MANAGEMENT LIMITED,11770864,active,ltd,,16-01-2019,16-01-2019,[66300],Tattersall House Harrogate England HG1 5LT
VRG LIMITED,11283443,active,ltd,,29-03-2018,29-03-2018,[66300],Oakfield House Nether Alderley England SK10 4TB
AYRES PUNCHARD INVESTMENT MANAGEMENT LIMITED,06746940,active,ltd,,11-11-2008,11-11-2008,"[66190, 66300]",Tudor Mead Newport Road Ventnor PO38 2DF
TIEBE LIMITED,10609397,active,ltd,,08-02-2017,08-02-2017,[66300],50 Scarsdale Villas London England W8 6PP
AVENUE PENSIONS LIMITED,09994124,active,ltd,,09-02-2016,09-02-2016,[66300],138 The Avenue Sunbury-On-Thames England TW16 5EA
VANNA LIMITED,13181182,active,ltd,,04-02-2021,04-02-2021,[66300],71-75 Shelton Street London United Kingdom WC2H 9JQ
VANEX GROUPS LIMITED,16106925,active,ltd,,28-11-2024,28-11-2024,[66300],30 St. Mary Axe London England EC3A 8BF
SION GROUP LTD,14657887,active,ltd,,13-02-2023,13-02-2023,"[62020,66300,71122, 96090]",20-22 Wenlock Road London England N1 7GU
DERWENT CAPITAL INVESTMENT LIMITED,13754129,active,ltd,,19-11-2021,19-11-2021,"[66300,68100, 68209]",Hearth House Wirksworth Road Belper England DE56 2LS
AKO CAPITAL MANAGEMENT LIMITED,05411627,active,ltd,,01-04-2005,01-04-2005,[66300],One Newman Street London England W1T 1PB
GY AND SON'S TRADING LIMITED,12489930,active,ltd,,28-02-2020,28-02-2020,"[66110,66300, 70221]",54 Ruby Street Saltburn-By-The-Sea England TS12 1EG
MURFITT WEALTH MANAGEMENT LIMITED,13765258,active,ltd,,25-11-2021,25-11-2021,[66300],"Suite 206,  Britannia House,  11 Glenthorne Road London England W6 0LH"
HORSFALL FINANCIAL SERVICES LIMITED,09600850,active,ltd,,20-05-2015,20-05-2015,[66300],5 & 6 Manor Court Scarborough England YO11 3TU
EASY PAY TECH SOLUTIONS LTD,16054890,active,ltd,,01-11-2024,01-11-2024,"[64999,66190, 66300]",128 City Road London United Kingdom EC1V 2NX
H&O SYNERGY LTD,16055603,active,ltd,,01-11-2024,01-11-2024,"[47910,66110, 66300]",20 Wenlock Road London England N1 7GU
J M FLETCHER CONSULTING LIMITED,08230278,active,ltd,,26-09-2012,26-09-2012,[66300],Stumps House Shore Road Chichester England PO18 8QL
SHARE CREDIT INVESTMENT LIMITED,09579739,active,ltd,,07-05-2015,07-05-2015,[66300],72 Turnpike Link Croydon England CR0 5NY
VIJAY ASSOCIATES LIMITED,03380291,active,ltd,,03-06-1997,03-06-1997,"[61900,66300, 85600]",24 Gatehill Road Northwood England HA6 3QD
GLUON INFRASTRUCTURE PARTNERS LIMITED,14702830,active,ltd,,03-03-2023,03-03-2023,[66300],25 Bedford Square London England WC1B 3HH
ADAM FINANCE LIMITED,13000479,active,ltd,,05-11-2020,05-11-2020,"[64991,66300, 70221]",Chevron House Hillingdon England UB10 9PF
PCML INVESTMENTS LIMITED,09047456,active,ltd,,20-05-2014,20-05-2014,"[66300, 82110]",1-3 High Street Great Dunmow CM6 1UU
BROADALE INVESTMENTS LIMITED,12519335,active,ltd,,16-03-2020,16-03-2020,[66300],29 Temple Lane Copmanthorpe United Kingdom YO23 3TB
KANKOM LIMITED,16083097,active,ltd,,15-11-2024,15-11-2024,"[66300, 68100]",2 Stonegate Bingley England BD16 4SA
GC UNITED,13772975,active,private-unlimited,,30-11-2021,30-11-2021,[66300],1 Chamberlain Square Cs Birmingham England B3 3AX
HZ LIQUIDART LTD,13972638,active,ltd,,12-03-2022,12-03-2022,[66300],18 Fairholme Road Manchester England M20 4NT
HENSOL CASTLE (CARDIFF) INVESTMENTS LIMITED,14487397,active,ltd,,16-11-2022,16-11-2022,[66300],29 York Street London United Kingdom W1H 1EZ
JJBB EQUITIES LIMITED,08434932,active,ltd,,07-03-2013,07-03-2013,[66300],"113 Warwick House,  2 Chancellor Way London England RM8 2GP"
BLUEBAY ASSET MANAGEMENT INTERNATIONAL LIMITED,05310624,active,ltd,,10-12-2004,10-12-2004,[66300],100 Bishopsgate London England EC2N 4AA
FORWARD QUANTITATIVE ASSET MANAGEMENT LTD,15455599,active,ltd,,31-01-2024,31-01-2024,"[62020,64205,64301, 66300]",69 Aberdeen Avenue Cambridge England CB2 8DL
AINSWORTH CAPITAL LIMITED,07300332,active,ltd,,30-06-2010,30-06-2010,"[62020,66300, 70229]",22 The Chase Reigate RH2 7DH
PLUVIA INVESTMENTS LIMITED,16213999,active,ltd,,28-01-2025,28-01-2025,[66300],20 Wenlock Road London England N1 7GU
ASHTON FRASER INVESTMENTS,NI625706,active,private-unlimited,,16-07-2014,16-07-2014,"[66300, 82990]",Alfred House Belfast Northern Ireland BT2 8EQ
BOOST CAPITAL PARTNERS GP I LIMITED,14665245,active,ltd,,15-02-2023,15-02-2023,[66300],"Unit D,  Heathmans House London United Kingdom SW6 4TJ"
L CATTERTON UK SERVICES LIMITED,12303991,active,ltd,,07-11-2019,07-11-2019,[66300],Belgrave House London United Kingdom SW1W 9TQ
NEXFIN CAPITAL LTD,16220310,active,ltd,,31-01-2025,31-01-2025,"[62020,66300, 68320]",128 City Road London United Kingdom EC1V 2NX
GRIGG CAPITAL INVESTMENTS & HOLDINGS LIMITED,12573631,active,ltd,,27-04-2020,27-04-2020,[66300],Flat 1 Bourne Court West Bracklesham Drive Chichester England PO20 8QR
WILLOW EQUITY MANAGEMENT LIMITED,11707254,active,ltd,,03-12-2018,03-12-2018,[66300],5 Barons Drive Cranleigh England GU6 8BG
NEXT GENERATION INVESTMENT MANAGEMENT LIMITED,14031145,active,ltd,,06-04-2022,06-04-2022,"[64205,64303,64991, 66300]",Camburgh House Canterbury United Kingdom CT1 3DN
RJG ADVISORS LIMITED,08986159,active,ltd,,08-04-2014,08-04-2014,[66300],64 St Quintin Avenue London W10 6PA
AI FUNDS LIMITED,11908280,active,ltd,,27-03-2019,27-03-2019,[66300],37 Dorset Road London United Kingdom SW19 3EZ
BSJ BUSINESS LIMITED,11874048,active,ltd,,11-03-2019,11-03-2019,[66300],53 Corporation Street Wednesbury United Kingdom WS10 9AJ
LIJARO SERVICES LIMITED,07536318,active,ltd,,21-02-2011,21-02-2011,[66300],Kings Copse Virginia Water England GU25 4PZ
CHS UK MANCO LIMITED,15911986,active,ltd,,22-08-2024,22-08-2024,[66300],"Duo,  Level 6 London England EC2M 4RB"
SENSIFI LIMITED,14813117,active,ltd,,18-04-2023,18-04-2023,"[62090,66190,66300, 85590]",71-75 Shelton Street Shelton Street London England WC2H 9JQ
GREEN LION MEDIA LIMITED,07936417,active,ltd,,06-02-2012,06-02-2012,[66300],First Floor Lipton House Leighton Buzzard United Kingdom LU7 4QQ
BURDETT O'HANLON LTD,08123624,active,ltd,,28-06-2012,28-06-2012,[66300],Beckwith Barn Warren Estate Writtle England CM1 3WT
KERNOW INVESTMENTS,13878546,active,private-unlimited,,28-01-2022,28-01-2022,[66300],1 Chamberlain Square Cs Birmingham United Kingdom B3 3AX
C.M.B. REAL ESTATE LTD,08860244,active,ltd,,24-01-2014,24-01-2014,[66300],29 Harbour Exchange Square London E14 9GE
DIGICROP TECHNOLOGIES LTD.,10583740,active,ltd,,25-01-2017,25-01-2017,"[66300,70210,70221, 70229]",71-75 Shelton Street London England WC2H 9JQ
C.M.B. COMPANIES LTD,08860245,active,ltd,,24-01-2014,24-01-2014,[66300],29 Harbour Exchange Square London E14 9GE
VALOR CAPITAL & PROPERTIES UK LTD,16233991,active,ltd,,06-02-2025,06-02-2025,"[66300,68100,68209, 98000]",124 City Road London England EC1V 2NX
NEWMARKET IM UK LTD,15420838,active,ltd,,17-01-2024,17-01-2024,[66300],"Suite 1,  7th Floor 50 Broadway London United Kingdom SW1H 0DB"
FERMAT CAPITAL MANAGEMENT (U.K.) LIMITED,13901791,active,ltd,,08-02-2022,08-02-2022,[66300],Victoria House Farnborough GU14 7PG
J&J SUTERWALLA LIMITED,12316826,active,ltd,,15-11-2019,15-11-2019,"[66300, 68209]",137 Watling Street Radlett England WD7 7NQ
LVP SEED (TRUSTEE) II LIMITED,16237626,active,ltd,,07-02-2025,07-02-2025,[66300],25 Eccleston Place London England SW1W 9NF
CMAGIC CIC,14738328,active,private-limited-guarant-nsc,community-interest-company,17-03-2023,17-03-2023,[66300],17 Cmagic Cic C/O Lcr Pride Foundation Liverpool United Kingdom L3 1BP
VENTUREFUND LIMITED,13165746,active,ltd,,28-01-2021,28-01-2021,"[64303, 66300]",71-75 Shelton Street London United Kingdom WC2H 9JQ
NAISBITT KING ASSET MANAGEMENT LIMITED,09922315,active,ltd,,18-12-2015,18-12-2015,[66300],"Nicholas House,  3 Laurence Pountney Hill London England EC4R 0EU"
CAPUMBRELLA LTD,16176616,active,ltd,,10-01-2025,10-01-2025,[66300],128 City Road London United Kingdom EC1V 2NX
LULWORTH INVESTMENT MANAGEMENT LTD,15813035,active,ltd,,01-07-2024,01-07-2024,[66300],Temple Chambers London England EC4Y 0DT
GMO U.K. LIMITED,04658801,active,ltd,,06-02-2003,06-02-2003,[66300],No. 1 London Bridge London SE1 9BG
YS INVESTRADE LTD,14584280,active,ltd,,11-01-2023,11-01-2023,[66300],11 Meredith Avenue London England NW2 4AG
ORLEANS CAPITAL LTD,13807469,active,ltd,,17-12-2021,17-12-2021,[66300],6 Orleans Grove Middlesbrough England TS7 8QH
URBAN VISTA INVESTMENTS LTD,16165001,active,ltd,,06-01-2025,06-01-2025,[66300],797 Harrow Road Sudbury Town Wembley United Kingdom HA0 2LP
GREEN PARK RESEARCH LIMITED,09938703,active,ltd,,06-01-2016,06-01-2016,[66300],Stratton House London W1J 8LA
ANGELS UNLEASHED NOMINEES LIMITED,10139550,active,ltd,,21-04-2016,21-04-2016,[66300],Suite 207 Equitable House 7 General Gordon Square London England SE18 6FH
ANETO UK LTD,15947784,active,ltd,,10-09-2024,10-09-2024,"[46900,66300,70100, 82990]",4th Floor Office London England W1B 4HB
DOWNING DEVELOPMENT FINANCE PLC,10952607,active,plc,,08-09-2017,08-09-2017,[66300],10 Lower Thames Street London England EC3R 6AF
22 VENTURES LIMITED,13311339,active,ltd,,03-04-2021,03-04-2021,"[62020, 66300]","4 Newmans Row,  Lincoln Business Centre Lincoln Road High Wycombe England HP12 3RE"
PANCHAL CAPITAL PARTNERS LTD,16179809,active,ltd,,13-01-2025,13-01-2025,"[64209,64991,64999, 66300]",85 Great Portland Street London England W1W 7LT
BLUE OCEAN INVESTMENT PARTNERS LIMITED,11107541,active,ltd,,12-12-2017,12-12-2017,[66300],Flat 1002 9 Steedman Street London United Kingdom SE17 3BA
ODYSSEY VC (UK) LIMITED,15259437,active,ltd,,03-11-2023,03-11-2023,[66300],Park House Farm Fernhurst United Kingdom GU27 3JP
TONY FENTON & SONS WEALTH MANAGEMENT LIMITED,09746771,active,ltd,,25-08-2015,25-08-2015,[66300],Lancaster House Ackhurst Business Park Chorley England PR7 1NY
GUINNESS GLOBAL INVESTORS LTD,13836141,active,ltd,,09-01-2022,09-01-2022,[66300],18 Smith Square London England SW1P 3HZ
APSARA HOLDING GROUP LTD,13900591,active,ltd,,08-02-2022,08-02-2022,"[64202,64205,64303, 66300]",13900591 - COMPANIES HOUSE DEFAULT ADDRESS Cardiff CF14 8LH
CORNELIAN ASSET MANAGERS LIMITED,SC113646,active,ltd,,30-09-1988,30-09-1988,[66300],Hobart House Edinburgh Scotland EH2 1EL
BALBEC CAPITAL LIMITED,07123905,active,ltd,,13-01-2010,13-01-2010,[66300],1st Floor 3-4 London NW4 2EL
KERENDE GOLD CORP LIMITED,10706278,active,ltd,,03-04-2017,03-04-2017,"[64209, 66300]",Control Tower Winkleigh England EX19 8DW
COMMON WEALTH SHARE,13120544,active,private-limited-guarant-nsc-limited-exemption,,07-01-2021,07-01-2021,"[66300,85590, 96090]","2nd Floor College House Ruislip,  United Kingdom HA4 7AE"
CORROUR LIMITED,08024794,active,ltd,,11-04-2012,11-04-2012,[66300],Counsells Cranleigh United Kingdom GU6 8JJ
DMB MANAGEMENT LTD,14197688,active,ltd,,27-06-2022,27-06-2022,"[41100,46120,66120, 66300]",85 Park Road Prestwich England M25 0DX
DTZI CO-INVESTMENT GP LIMITED,10780442,active,ltd,,19-05-2017,19-05-2017,[66300],125 Old Broad Street London England EC2N 1AR
CT PARTNERS GROUP LTD,13376174,active,ltd,,05-05-2021,05-05-2021,"[62020,66300,70229, 82990]",C/O Lucia Accounts Partners Concord House Dartford England DA1 1UP
CHENPEN LTD,07129192,active,ltd,,19-01-2010,19-01-2010,[66300],Highlands Farm Southend Road Chelmsford CM3 8EB
SHAUN HART FINANCIAL PLANNING LIMITED,07850024,active,ltd,,16-11-2011,16-11-2011,[66300],Woodstock House The Avenue Lewes BN7 3LL
THE FARLEYER NOMAD LTD,SC734555,active,ltd,,06-06-2022,06-06-2022,"[64303,66300,68100, 68320]",East Cottage Aberfeldy Scotland PH15 2JG
RIVERSTONE CAPITAL GROUP LTD,16014522,active,ltd,,13-10-2024,13-10-2024,[66300],2b-2c Deerbrook Road London England SE24 9BE
ETHOS PORTFOLIO CONSULTANTS LIMITED,15986859,active,ltd,,30-09-2024,30-09-2024,[66300],3rd Floor 1 Earlham Street London United Kingdom WC2H 9LL
HUNTFIELD CAPITAL LTD.,11116019,active,ltd,,18-12-2017,18-12-2017,"[66300, 68100]",99-101 Farringdon Road London United Kingdom EC1R 3BN
LION STORE LTD.,15308758,active,ltd,,27-11-2023,27-11-2023,"[46190,46420,46499, 66300]",2 Frederick Street London United Kingdom WC1X 0ND
SAORSA CAPITAL LIMITED,15144410,active,ltd,,18-09-2023,18-09-2023,[66300],Flat 23 Artichoke Hill London England E1W 2BA
EURO LEX POLSKA LTD,15174488,active,ltd,,29-09-2023,29-09-2023,"[65300,66220,66300, 70229]",27 Old Gloucester Street London United Kingdom WC1N 3AX
27FOUR (UK) LTD,15947372,active,ltd,,10-09-2024,10-09-2024,[66300],"C/O Windsor House Station Court,  Station Road Cambridge United Kingdom CB22 5NE"
PHOENIX UNIVERSAL  SOLUTIONS LIMITED,07116827,active,ltd,,05-01-2010,05-01-2010,"[66110,66120,66300, 70229]",10 Offord Grove Offord Grove Watford England WD25 7NE
BLAISE (TOPCO) LIMITED,12903298,active,ltd,,24-09-2020,24-09-2020,[66300],Burdett House London England WC2N 6DU
GRESHAM HOUSE INITIAL PARTNER LIMITED,09461250,active,ltd,,26-02-2015,26-02-2015,[66300],5 New Street Square London England EC4A 3TW
ZIPPEN LIMITED,11450243,active,ltd,,05-07-2018,05-07-2018,"[65300,66220, 66300]",Censeo House St. Albans England AL1 3LF
VAULT INVESTMENTS LTD,14621217,active,ltd,,27-01-2023,27-01-2023,"[64999,66110,66190, 66300]",71-75 Shelton Street London United Kingdom WC2H 9JQ
AWARE SUPER UK LIMITED,14452509,active,ltd,,31-10-2022,31-10-2022,[66300],Charles House Fifth Floor London United Kingdom SW1Y 4LR
"CABL II (UK), LTD.",15991414,active,ltd,,,01-10-2024,[66300],"Suite 1,  7th Floor 50 Broadway London United Kingdom SW1H 0DB"
RHFC (HOLDINGS) LTD,09274727,active,ltd,,22-10-2014,22-10-2014,"[64209, 66300]",Ash House Cook Way Taunton United Kingdom TA2 6BJ
NSANCHEZ LIMITED,14296695,active,ltd,,15-08-2022,15-08-2022,[66300],C/O Lucia Accounts Partners Concord House Dartford England DA1 1UP
BEAMISH INVESTMENTS LIMITED,07415255,active,ltd,,21-10-2010,21-10-2010,[66300],Hill View House Cranbrook TN17 3AD
WCPF,14628882,active,private-unlimited,,31-01-2023,31-01-2023,[66300],Brook House Kingswinford England DY6 9HS
SIMPLY AFFORDABLE HOMES 2 GP LIMITED,14682674,active,ltd,,22-02-2023,22-02-2023,[66300],33 Margaret Street London United Kingdom W1G 0JD
"TRUE GREEN CAPITAL MANAGEMENT (UK), LIMITED",14761805,active,ltd,,,27-03-2023,[66300],22 Great Marlborough Street London England W1F 7HU
SHEEPY MAGNA INVESTMENTS LTD,09015892,active,ltd,,29-04-2014,29-04-2014,[66300],30 Nelson Street Leicester United Kingdom LE1 7BA
PIPER PE V GP COMPANY LIMITED,SC389814,active,ltd,,02-12-2010,02-12-2010,[66300],50 Lothian Road Edinburgh EH3 9WJ
SAPPHIRE CAPITAL LTD,04675455,active,ltd,,24-02-2003,24-02-2003,"[62020, 66300]","47 Velsheda Court Hythe Marina Village Hythe,  Southampton United Kingdom SO45 6DW"
ACCENT PARTNERS LIMITED,13167788,active,ltd,,29-01-2021,29-01-2021,[66300],Joyce Hall Southfleet England DA13 9PB
HARPIN ENTERPRISES LIMITED,14834232,active,ltd,,28-04-2023,28-04-2023,[66300],Estate Office The Priory Estate York United Kingdom YO26 8ES
OLD DOCK INVESTMENTS LIMITED,11246047,active,ltd,,09-03-2018,09-03-2018,[66300],Calyx House Taunton United Kingdom TA1 3DU
CLARKE FINANCIAL CONSULTING LIMITED,10536319,active,ltd,,22-12-2016,22-12-2016,"[66300, 70221]",The Old House Aston Abbotts England HP22 4LX
AMIN VENTURES LIMITED,14762283,active,ltd,,27-03-2023,27-03-2023,"[66300,68209, 96090]",C/O Dynamic Accountants London United Kingdom E1 1RD
RIVERSIDE CAPITAL FUND MANAGERS LIMITED,09410254,active,ltd,,28-01-2015,28-01-2015,[66300],Seebeck House 1 Seebeck Place Milton Keynes United Kingdom MK5 8FR
LIMITLESS INVEST LTD,13292455,active,ltd,,25-03-2021,25-03-2021,"[64301,64991,66300, 68100]",Ground Floor Office 2 Carnegie Court The Broadway Slough England SL2 3PQ
LAIGNES HOLDING LTD,11247156,active,ltd,,10-03-2018,10-03-2018,[66300],22 Hyde Way London United Kingdom N9 9RT
SALORIA ECO BUSINESS LTD,08815861,active,ltd,,16-12-2013,16-12-2013,"[43999,66300, 74909]",Unit 27 Cygnus Business Centre London England NW10 2XA
A WILSON INVESTMENTS LIMITED,06796869,active,ltd,,21-01-2009,21-01-2009,[66300],Beckwith Barn Warren Estate Chelmsford United Kingdom CM1 3WT
LONDON AND FRANKFURT LIMITED,08564458,active,ltd,,11-06-2013,11-06-2013,[66300],1a Shepherd Market London England W1J 7PA
PETERS FAMILY INVESTMENT COMPANY LIMITED,14307671,active,ltd,,19-08-2022,19-08-2022,[66300],4 Reading Road Reading England RG8 7LY
STONE RIDGE LIMITED,13843391,active,ltd,,12-01-2022,12-01-2022,"[62020,66300, 70229]",17a Cavendish Road London United Kingdom NW6 7XT
PIGEON CAPITAL PARTNERS LIMITED,12590643,active,ltd,,07-05-2020,07-05-2020,[66300],Salisbury House Cambridge United Kingdom CB1 2LA
AUGMENTUM FINTECH MANAGEMENT LIMITED,11194408,active,ltd,,08-02-2018,08-02-2018,[66300],5th Floor 4 Chiswell Street London England EC1Y 4UP
XYZ HOLDINGS GROUP LTD,16158922,active,ltd,,02-01-2025,02-01-2025,"[62012,66190, 66300]",Manchester Technology Centre Manchester England M1 7ED
IQCP III C2 LIMITED,11206211,active,ltd,,14-02-2018,14-02-2018,[66300],45 Whitfield Street London England W1T 4HD
IQCP GF1 LIMITED,11968785,active,ltd,,29-04-2019,29-04-2019,[66300],45 Whitfield Street London England W1T 4HD
SOPHIA SEF MANAGEMENT LIMITED,11282077,active,ltd,,28-03-2018,28-03-2018,[66300],100 Liverpool Street London England EC2M 2AT
DDG LEAGUE LIMITED,14638442,active,ltd,,03-02-2023,03-02-2023,"[66300,68320,70229, 93199]",22 Padstow Street Manchester England M40 7AD
SUSTAIN SPACE LTD,13913625,active,ltd,,14-02-2022,14-02-2022,"[66300,73200, 74901]",18 Park Road Bristol England BS7 0RH
EUROPEAN VENTURE CAPITAL CO-INVESTMENTS LTD,11988297,active,ltd,,10-05-2019,10-05-2019,[66300],Level 5 Berkeley Square House London United Kingdom W1J 6BY
NESTA GP LIMITED,08231985,active,ltd,,27-09-2012,27-09-2012,[66300],58 Victoria Embankment London England EC4Y 0DS
BLUESTONE WEALTH LTD,09975033,active,ltd,,28-01-2016,28-01-2016,[66300],Unit 4 Woodbury Business Park Exeter England EX5 1AY
PAUL BYLES WEALTH MANAGEMENT LIMITED,07455427,active,ltd,,30-11-2010,30-11-2010,[66300],Southmoor Farmhouse Stonehill Lane Abingdon England OX13 5HU
AYLIM CAPITAL LTD,09725945,active,ltd,,10-08-2015,10-08-2015,[66300],Berkeley Square House Berkeley Sqaure London England W1G 6BD
WELLTHEX LTD,16641176,active,ltd,,11-08-2025,11-08-2025,[66300],65 London Wall London England EC2M 5TU
IO TRADES LTD,16642476,active,ltd,,11-08-2025,11-08-2025,"[62012,66120, 66300]",167-169 Great Portland Street London England W1W 5PF
AIHOURLY IO LTD,16680056,active,ltd,,28-08-2025,28-08-2025,"[64205,64301, 66300]",The Chapterhouse London England EC4M 8AD
PRIVATE INVESTORS CLUB LTD,SC671270,active,ltd,,18-08-2020,18-08-2020,"[64303,64304,64921, 66300]","The Stables, Unit 2 Glasgow Scotland G5 9JP"
SCULPTOR EUROPE LOAN MANAGEMENT LIMITED,09417428,active,ltd,,02-02-2015,02-02-2015,[66300],25 Baker Street London United Kingdom W1U 8EQ
BESTCHANGE LTD,16684395,active,private-limited-guarant-nsc,,01-09-2025,01-09-2025,[66300],164 Sutherland Avenue London England W9 1HR
NEOMINEX LTD,16685063,active,ltd,,01-09-2025,01-09-2025,[66300],22 Gilbert Street London England W1K 5EJ
TENEO ASSET SOLUTIONS LIMITED,16680149,active,ltd,,29-08-2025,29-08-2025,"[66300, 70221]",11 Pilgrim Street London United Kingdom EC4V 6RN
AMPLITUDE MIDCO LIMITED,16558793,active,ltd,,03-07-2025,03-07-2025,[66300],Unit 1 Kembrey Street Swindon England SN2 8UY
SECRETARY & CORPORATE SUPPORT LTD,16448461,active,ltd,,13-05-2025,13-05-2025,"[66300,70229,82110, 82990]",Suite 3h - The Old Courthouse Dukinfield United Kingdom SK16 4DT
MORNING SUN INVESTMENT MANAGEMENT LIMITED,16687490,active,ltd,,02-09-2025,02-09-2025,[66300],82a James Carter Road Mildenhall United Kingdom IP28 7DE
PROPEDGE SOLUTIONS LTD,16684662,active,ltd,,01-09-2025,01-09-2025,"[66110,66120,66300, 70221]",128 City Road London United Kingdom EC1V 2NX
WALTHER INVESTMENTS LIMITED,10936325,active,ltd,,29-08-2017,29-08-2017,[66300],Part 4th & 5th Floor One Centenary Way Birmingham United Kingdom B3 3AY
CHART TL CAPITAL LIMITED,07112486,active,ltd,,24-12-2009,24-12-2009,[66300],Second Floor Ridgeland House Horsham England RH12 1ER
INQUEZTOR LIMITED,10494780,active,ltd,,24-11-2016,24-11-2016,[66300],Perrott Wood Graffham GU28 0NZ
AXIMORA CORP LTD,16562588,active,ltd,,07-07-2025,07-07-2025,"[66110, 66300]",1 Canada Square London England E14 5AB
CC CAPITAL LONDON LTD,16565608,active,ltd,,07-07-2025,07-07-2025,[66300],79 Cissbury Ring South London England N12 7BJ
AYRES INVESTMENT MANAGEMENT (UK) LIMITED,12419444,active,ltd,,22-01-2020,22-01-2020,[66300],Warnford Court London England EC2N 2AT
STORM CAPITAL GROWTH LTD,SC854523,active,ltd,,03-07-2025,03-07-2025,[66300],7 Broomknowe Dalmellington United Kingdom KA6 7RL
STEVENS INVESTMENT HOLDINGS LTD,15713463,active,ltd,,10-05-2024,10-05-2024,"[64929,64991, 66300]",71-75 Shelton Street London United Kingdom WC2H 9JQ
JAALNE-QUAERERE LTD,08604882,active,ltd,,10-07-2013,10-07-2013,[66300],10 The Copse Gloucester GL4 3FR
305 INVESTMENTS (LONDON) LTD,15852386,active,ltd,,22-07-2024,22-07-2024,[66300],9 Hambling Place Dunstable England LU6 1PP
HUSSON CAPITAL LIMITED,12846014,active,ltd,,31-08-2020,31-08-2020,"[64999, 66300]",809 Salisbury House 29 Finsbury Circus London United Kingdom EC2M 7AQ
CLEARSTOCK CAPITAL LTD,16654037,active,ltd,,15-08-2025,15-08-2025,[66300],82 Knowsley Road London England SW11 5BL
TALOMON CAPITAL LIMITED,10572980,active,ltd,,19-01-2017,19-01-2017,[66300],5 Bolton Street London United Kingdom W1J 8BA
IDESE INVESTMENTS LIMITED,16657899,active,ltd,,18-08-2025,18-08-2025,[66300],24 Milner Square London England N1 1TL
TENFIFTY CAPITAL GROUP LIMITED,16660508,active,ltd,,19-08-2025,19-08-2025,"[64999,66300, 82990]",10 Queen Street Place London United Kingdom EC4R 1AG
BNF CAPITAL LIMITED,08474039,active,ltd,,04-04-2013,04-04-2013,[66300],25 Hanover Square London England W1S 1JF
D&CL FAMILY INVESTMENT COMPANY,NI732602,active,private-unlimited,,22-08-2025,22-08-2025,[66300],Gatelodge Cottage Downpatrick BT30 9BL
TALOMON INVESTMENTS LTD,14356795,active,ltd,,14-09-2022,14-09-2022,[66300],5 Bolton Street London United Kingdom W1J 8BA
TALOMON VALUE LIMITED,09234148,active,ltd,,24-09-2014,24-09-2014,[66300],5 Bolton Street London United Kingdom W1J 8BA
CLARMOND WEALTH LIMITED,08704352,active,ltd,,24-09-2013,24-09-2013,[66300],Suite 8 Phoenix House Basildon United Kingdom SS14 3EZ
RESCAO LIMITED,16697706,active,ltd,,05-09-2025,05-09-2025,"[64209,66300,70229, 74909]",50 Princes Street Ipswich England IP1 1RJ
FEF FINANCING LIMITED,15718618,active,ltd,,14-05-2024,14-05-2024,[66300],3rd Floor 86 - 90 Paul Street London England EC2A 4NE
AIKA ASSET MANAGEMENT LIMITED,16692252,active,ltd,,03-09-2025,03-09-2025,[66300],38 Whitfield Road London England E6 1AS
AURIX CAPITAL LTD,16696636,active,ltd,,05-09-2025,05-09-2025,"[66300, 70221]",1a Cotefield Avenue Bolton England BL3 2EB
HANDELSBANKEN WEALTH & ASSET MANAGEMENT LIMITED,04132340,active,ltd,,29-12-2000,29-12-2000,[66300],25 Basinghall Street London England EC2V 5HA
THE ANA MARIA FOUNDATION,13630819,active,private-limited-guarant-nsc-limited-exemption,,20-09-2021,20-09-2021,"[58190,66300,91011, 94110]",71-75 Shelton Street London United Kingdom WC2H 9JQ
THE TABLE MANAGEMENT COMPANY LIMITED,16330317,active,ltd,,20-03-2025,20-03-2025,[66300],19-20 Bourne Court Southend Road Woodford Green England IG8 8HD
PASSION ASSETS CAPITAL PARTNERS LTD,16700777,active,ltd,,08-09-2025,08-09-2025,[66300],4 Ingate Place London England SW8 3NS
GOLDEN WINGS FINANCE HOLDING LTD,16702753,active,ltd,,08-09-2025,08-09-2025,"[64205,64999,66300, 70221]",20 Wenlock Road London England N1 7GU
VALINOR WEALTH LIMITED,SC862075,active,ltd,,08-09-2025,08-09-2025,"[64301, 66300]",114 Primrose Avenue Dunfermline Scotland KY11 2TZ
AI BTC TRADE LTD,16696025,active,ltd,,04-09-2025,04-09-2025,[66300],56 Victoria Street London England SW1E 6QW
OAK RIDGE MANAGEMENT HOLDINGS LIMITED,16670923,active,ltd,,26-08-2025,26-08-2025,"[64303, 66300]",International House London United Kingdom WC2R 3JF
FUNDACO DE AJUDA PARA MULHERES E CRIANCAS LIMITED,16672748,active,private-limited-guarant-nsc,,26-08-2025,26-08-2025,[66300],10-16 Tiller Road London England E14 8PX
POINTFIELD ADVISORY T/A POINTFIELD ACCOUNTANTS LIMITED,16641510,active,ltd,,11-08-2025,11-08-2025,"[66300,69201,69203, 70221]","Flat 31 Flat 31,  Salgado Apartments,  Eastman Village,  East Harrow United Kingdom HA1 4BQ"
ADJEM LTD,SC590766,active,ltd,,08-03-2018,08-03-2018,[66300],60 Constitution Street Leith Edinburgh Scotland EH6 6RR
THE RD GROUP HOLDING LTD,16678098,active,ltd,,28-08-2025,28-08-2025,"[64205,64301,66300, 70221]",117-119 Station Road Edgware England HA8 7JG
12 FLAGS GLOBAL LIMITED,16704833,active,ltd,,09-09-2025,09-09-2025,[66300],Smithson Tower 9th Floor London England SW1A 1HA
MASTER STROKE GROUP LTD,16706201,active,ltd,,09-09-2025,09-09-2025,"[64205,66110,66120, 66300]",71-75 Shelton Street London United Kingdom WC2H 9JQ
THAMESIDE CAPITAL LIMITED,16148930,active,ltd,,23-12-2024,23-12-2024,[66300],33 Lawns Crescent Grays England RM17 6EZ
MCT UK HOLDINGS LTD.,16706802,active,ltd,,10-09-2025,10-09-2025,[66300],C/O Fieldfisher Riverbank House London United Kingdom EC4R 3TT
GIVMARKETS LIMITED,16710127,active,ltd,,11-09-2025,11-09-2025,"[66300, 70229]","4th Floor,  95 Chancery Lane London United Kingdom WC2A 1DT"
SOLAR INDUSTRY DEV LTD,16711957,active,ltd,,11-09-2025,11-09-2025,"[42990,64306,66300, 68100]",128 City Road London United Kingdom EC1V 2NX
RICHMOND SPRING CAPITAL PARTNERS LTD,10367157,active,ltd,,09-09-2016,09-09-2016,"[66190,66300,68100, 70229]",7 Stratford Place London England W1C 1AY
WILLIAMS DIGITAL ASSETS LTD,16716574,active,ltd,,15-09-2025,15-09-2025,"[62090,64999,66300, 82990]",61 Victoria Park Colwyn Bay Wales LL29 7AJ
CTA & MACRO STRATEGIES FOR CORPORATIONS ONLY LTD,04014398,active,ltd,,14-06-2000,14-06-2000,[66300],5 Elstree Gate Borehamwood United Kingdom WD6 1JD
ATS FINANCIAL SERVICES AND CONSULTANCY LIMITED,16715936,active,ltd,,14-09-2025,14-09-2025,"[66300, 69201]",25 Sheerness Street Manchester England M18 8TY
GLD INVESTMENTS LTD,NI733330,active,ltd,,15-09-2025,15-09-2025,[66300],32-38 Linenhall Street Belfast Northern Ireland BT2 8BG
STADIAKA LTD,16719106,active,ltd,,15-09-2025,15-09-2025,[66300],Spelsburydown House Dean United Kingdom OX7 3LD
BLADE INVESTMENTS LIMITED,14375411,active,ltd,,26-09-2022,26-09-2022,[66300],Parkhill Business Centre Wetherby United Kingdom LS22 5DZ
FDC TRADE LTD,16724426,active,ltd,,17-09-2025,17-09-2025,[66300],"2nd Floor College House Ruislip,  United Kingdom HA4 7AE"
ZIONIX GLOBAL LTD,16724648,active,ltd,,17-09-2025,17-09-2025,"[62090,66300, 85600]",82a James Carter Road Mildenhall United Kingdom IP28 7DE
SFC1 LTD,13078014,active,ltd,,11-12-2020,11-12-2020,"[64205,64303, 66300]",8 C/O Sandfield Capital Limited Liverpool England L3 1DL
MATTERHORN SWISS LIMITED,16726395,active,ltd,,18-09-2025,18-09-2025,"[64205,64304, 66300]",128 City Road London United Kingdom EC1V 2NX
ZETTA CAPITAL LIMITED,13501151,active,ltd,,08-07-2021,08-07-2021,[66300],Salatin House Sutton England SM2 5DA
CLAUDE BOSI INVESTMENTS LTD,15082091,active,ltd,,18-08-2023,18-08-2023,[66300],Studio I1c Witan Studios Milton Keynes England MK9 1EF
CLARENDON INVESTMENT GROUP LIMITED,16721155,active,ltd,,16-09-2025,16-09-2025,[66300],20 Hollidays Road Huntingdon England PE28 3LP
API BRISTOL ZOO NO5 LIMITED,17048816,active,ltd,,23-02-2026,23-02-2026,[66300],29 York Street London United Kingdom W1H 1EZ
MINO CAPITAL MANAGEMENT LTD,13891054,active,ltd,,03-02-2022,03-02-2022,"[66300, 74990]",71-75 Shelton Street London United Kingdom WC2H 9JQ
JX ENTERPRISES LTD,14656445,active,ltd,,12-02-2023,12-02-2023,"[66300, 85600]",Longacre Warwick England CV34 6SL
API BRISTOL ZOO NO8 LIMITED,17047322,active,ltd,,23-02-2026,23-02-2026,[66300],29 York Street London United Kingdom W1H 1EZ
KNEALE & MCCONVILLE LIMITED,13728931,active,ltd,,08-11-2021,08-11-2021,"[62020,66300, 68100]",Unit A310 Liverpool Business Centre 25 Goodlass Road Liverpool United Kingdom L24 9HJ
WOOLLEY INVESTMENTS LTD,14973924,active,ltd,,02-07-2023,02-07-2023,[66300],90a Kingsgate Road Kingsgate Road London England NW6 4LA
API BRISTOL ZOO LIMITED,17048726,active,ltd,,23-02-2026,23-02-2026,[66300],29 York Street London United Kingdom W1H 1EZ
EIP LONDON LTD,16974324,active,ltd,,20-01-2026,20-01-2026,[66300],73 Cornhill London United Kingdom EC3V 3QQ
SIXTY7 CAPITAL LTD,16981697,active,ltd,,22-01-2026,22-01-2026,[66300],167-169 Great Portland Street London United Kingdom W1W 5PF
GSERDAN LTD,16985812,active,ltd,,25-01-2026,25-01-2026,[66300],197a Northfield Avenue London England W13 9QU
INGENIOUS CAPITAL MANAGEMENT LIMITED,07728908,active,ltd,,04-08-2011,04-08-2011,"[66300, 82990]",Myo Piccadilly London United Kingdom W1F 7BL
INGENIOUS REAL ESTATE LIMITED,13447122,active,ltd,,09-06-2021,09-06-2021,"[66300, 82990]",Myo Piccadilly London United Kingdom W1F 7BL
VEGA INVESTMENT TECHNOLOGIES LIMITED,14404352,active,ltd,,07-10-2022,07-10-2022,"[62012, 66300]",2 Eastbourne Terrace London England W2 6LG
TAJ EXCHANGE LIMITED,12150889,active,ltd,,12-08-2019,12-08-2019,"[64999,66190, 66300]","Suit 118,  1st Floor 239 Kensington High Street London England W8 6SN"
INNOVAETHER LTD,17068218,active,ltd,,03-03-2026,03-03-2026,"[66300,70229,72110, 74909]",71-75 Shelton Street London United Kingdom WC2H 9JQ
TF8 FUTURES LTD,06834254,active,ltd,,02-03-2009,02-03-2009,[66300],4 Wharfe Mews Wetherby United Kingdom LS22 6LX
INSIGHT VENTURE MANAGEMENT UK LIMITED,10386901,active,ltd,,21-09-2016,21-09-2016,[66300],"91 Wimpole Street,  Suite 4.12 London United Kingdom W1G 0EF"
297MM LIMITED,14832945,active,ltd,,27-04-2023,27-04-2023,"[64304,66300,68100, 68209]",1 Triton Square London England NW1 3DX
WEALTH MAX LIMITED,15906718,active,ltd,,20-08-2024,20-08-2024,[66300],Lawton Place Benover Road Maidstone England ME18 6AU
TAJ GENERAL TRADING LTD,11929657,active,ltd,,05-04-2019,05-04-2019,"[64999,66190, 66300]","Suit 118,  1st Floor 239 Kensington High Street London England W8 6SN"
KING & MEYER HOLDINGS LIMITED,16053522,active,ltd,,31-10-2024,31-10-2024,"[66300,68320, 70229]",85 Great Portland Street London England W1W 7LT
ATLAS VENTURES INVESTMENT ADVISERS LIMITED,17062442,active,ltd,,02-03-2026,02-03-2026,"[66300, 70229]",9 Benhill Road London England SE5 7FT
AEON CAPITAL LIMITED,16991834,active,ltd,,27-01-2026,27-01-2026,"[64205,66110, 66300]","Level 3,  207 Regent Street London United Kingdom W1B 3HH"
ALDETR LTD,15063306,active,ltd,,10-08-2023,10-08-2023,"[58290,62012,64991, 66300]","Unit 501 Leroy House,  434-436 Essex Road London United Kingdom N1 3FY"
HIPPOCRATES LTD,14603576,active,ltd,,19-01-2023,19-01-2023,"[66300, 70221]",Mansfield Accounting Ltd Unit 11 Rochford United Kingdom SS4 1ND
CEO EQUITY III LTD,14729958,active,ltd,,14-03-2023,14-03-2023,[66300],"2nd Floor, Heathmans House London United Kingdom SW6 4TJ"
KINSEY MCBAIN CAPITAL MANAGEMENT LTD,15396035,active,ltd,,08-01-2024,08-01-2024,"[66110, 66300]",Suite A 82 James Carter Road Bury St. Edmunds England IP28 7DE
DRY LTD,17000495,active,ltd,,30-01-2026,30-01-2026,[66300],128 City Road London United Kingdom EC1V 2NX
CREO CAPITAL INVESTMENTS LTD,17001467,active,ltd,,30-01-2026,30-01-2026,[66300],207 Blazer Court 28a St John's Wood Road London United Kingdom NW8 7JY
BELLEROPHON CAPITAL CONSULTANCY LIMITED,11155677,active,ltd,,17-01-2018,17-01-2018,[66300],128 High Street Maidenhead England SL6 1PT
STEINBERG CAPITAL LTD,15889982,active,ltd,,10-08-2024,10-08-2024,"[64999,66300, 82990]","3rd Floor,  86-90 Paul Street London England EC2A 4NE"
SCRIMGEOUR FAMILY INVESTMENTS LTD,10697652,active,ltd,,29-03-2017,29-03-2017,[66300],No.11 Riverside Riverside Park Farnham England GU9 7UG
BESKAPITAL LTD,17076449,active,ltd,,07-03-2026,07-03-2026,"[64999,66190, 66300]",11 Cunard Apartments 1 Picture House Mews London England E17 3GW
TENTEN INVESTMENTS LTD,10591126,active,ltd,,30-01-2017,30-01-2017,[66300],"One London Wall,  4th Floor 1 London Wall London England EC2Y 5EA"
VALLOOP INVESTMENT MANAGEMENT LIMITED,14803768,active,ltd,,15-04-2023,15-04-2023,"[64999,66300,70221, 82990]",167-169 Great Portland Street London England W1W 5PF
BEECHBROOK UK SME CO-INVESTMENT LIMITED,12996510,active,ltd,,04-11-2020,04-11-2020,[66300],93 Gloucester Place London United Kingdom W1U 6JQ
PETL HOLDINGS LTD,14867651,active,ltd,,15-05-2023,15-05-2023,[66300],"Unit 3 Unit 3,  Hawthorn Business Park London England NW2 2AZ"
DRW ASSET MANAGEMENT UK LTD,17090565,active,ltd,,13-03-2026,13-03-2026,[66300],The Leadenhall Building London United Kingdom EC3V 4AB
W3 HOLDINGS LTD,17085725,active,ltd,,11-03-2026,11-03-2026,"[62020,63990, 66300]",71-75 Shelton Street London United Kingdom WC2H 9JQ
ASCENDER FUND PARTNERS (UK) LIMITED,06795280,active,ltd,,20-01-2009,20-01-2009,[66300],33 Turner Street Manchester England M4 1DW
MARSAXLOKK CAPITAL LTD,16120479,active,ltd,,05-12-2024,05-12-2024,[66300],Welkin House Milton Hill Abingdon OX13 6AB
BRITANNIA SAXON INTERNATIONAL LIMITED,17084242,active,ltd,,11-03-2026,11-03-2026,"[66300,68100, 68320]",19 Charles Street London England W1J 5DT
GALMERROW SECURITIES LIMITED,00934842,active,ltd,,03-07-1968,03-07-1968,"[66300, 68100]",2 Piries Place Horsham United Kingdom RH12 1EH
HINDOCHA CAPITAL PARTNERS LIMITED,17094704,active,ltd,,16-03-2026,16-03-2026,[66300],71-75 Shelton Street London United Kingdom WC2H 9JQ
ASSET BRIDGE LTD,16534348,active,ltd,,23-06-2025,23-06-2025,"[64301,66300, 96090]","C/O Unit B,  Greenhill House Peterborough United Kingdom PE3 6RU"
ONS FX LTD,13933276,active,ltd,,22-02-2022,22-02-2022,"[66110, 66300]",14 Le Noke Avenue Romford England RM3 7GN
RONALD 100% GLOBAL MANAGEMENT HANNAH LIMITED,SC653771,active,ltd,,06-02-2020,06-02-2020,"[64304,66300,68100, 80300]",SC653771 - COMPANIES HOUSE DEFAULT ADDRESS Edinburgh EH7 9HR
ROCKWOOD HOUSE INVESTMENTS LTD,17097693,active,ltd,,17-03-2026,17-03-2026,"[64304,66300,68100, 68209]",71-75 Shelton Street London United Kingdom WC2H 9JQ
MONEYPIE LTD,14731835,active,ltd,,15-03-2023,15-03-2023,"[64306, 66300]",167-169 Great Portland Street London England W1W 5PF
MINAUN CAPITAL LIMITED,13896593,active,ltd,,06-02-2022,06-02-2022,[66300],59c Fulham Park Gardens London United Kingdom SW4 4LB
UNEARTH CAPITAL LIMITED,14226802,active,ltd,,11-07-2022,11-07-2022,[66300],"3rd Floor,  Great Titchfield House London United Kingdom W1W 8BD"
STONEX CAPITAL PARTNERS LTD,13415104,active,ltd,,24-05-2021,24-05-2021,[66300],3rd Floor London United Kingdom EC4V 6EB
WMC CAPITAL LTD,13382165,active,ltd,,07-05-2021,07-05-2021,[66300],3rd Floor London United Kingdom EC4V 6EB
ASHMORE INVESTMENT ADVISORS LIMITED,08723494,active,ltd,,08-10-2013,08-10-2013,[66300],16 Palace Street London England SW1E 5JD
ASHMORE INVESTMENT MANAGEMENT LIMITED,03344281,active,ltd,,03-04-1997,03-04-1997,[66300],16 Palace Street London England SW1E 5JD
AURELIAN INVESTMENTS LTD,16765543,active,ltd,,06-10-2025,06-10-2025,[66300],21 Dunniwood Drive Dunniwood Drive Castleford England WF10 5EW
UTREATIBILL LIMITED,17107253,active,ltd,,20-03-2026,20-03-2026,"[66220,66300, 82200]",48 Harescombe Drive Gloucester England GL1 3LE
SQN ASSET MANAGEMENT LIMITED,10646013,active,ltd,,01-03-2017,01-03-2017,[66300],238 Station Road Addlestone England KT15 2PS
ZENNOR CAPITAL HOLDINGS LTD,12309798,active,ltd,,12-11-2019,12-11-2019,[66300],The Gaumont Level 2a London England SW3 5XP
IWP INVESTMENT MANAGEMENT LIMITED,01812617,active,ltd,,01-05-1984,01-05-1984,[66300],101 Wigmore Street London United Kingdom W1U 1QU
ENCRYPTICON LTD,11770092,active,ltd,,16-01-2019,16-01-2019,"[62012,63110,66300, 70221]",20-22 Wenlock Road London England N1 7GU
WALLEYE CAPITAL (UK) LIMITED,14088131,active,ltd,,05-05-2022,05-05-2022,[66300],"15-16 Moss House,  Floor 2,  15-16 Brooks Mews London England W1K 4DS"
GAD MANAGEMENT LTD,09886896,active,ltd,,24-11-2015,24-11-2015,[66300],70 High Drive New Malden England KT3 3UB
EVERMERE CAPITAL MANAGEMENT LTD,16942675,active,ltd,,05-01-2026,05-01-2026,[66300],"The Scalpel,  18th Floor London United Kingdom EC3M 7AF"
FUTUREGUARD INVESTMENTS LTD,17202708,active,ltd,,06-05-2026,06-05-2026,[66300],1st Floor 8 Bridle Close Kingston Upon Thames England KT1 2JW
HUKE WEALTH MANAGEMENT LTD,09557577,active,ltd,,23-04-2015,23-04-2015,[66300],64 High Street Wanstead London England E11 2RJ
SKELTON FAMILY INVESTMENTS LIMITED,17211568,active,ltd,,11-05-2026,11-05-2026,[66300],"2nd Floor College House Ruislip,  United Kingdom HA4 7AE"
FUTURE 30 GLOBAL LTD,13396874,active,ltd,,14-05-2021,14-05-2021,"[64999, 66300]",52 Debden Road Saffron Walden England CB11 4AB
CONCORDE PAYROLL SERVICES LTD,16616520,active,ltd,,30-07-2025,30-07-2025,[66300],3 Parkes Road Torrington England EX38 7NW
PGC BUTLER CONSULTING LTD,17215177,active,ltd,,12-05-2026,12-05-2026,[66300],"Suite 7,  2nd Floor Apple Market Hub Kingston Upon Thames United Kingdom KT1 1JD"
LONGBON & CO LTD,06904497,active,ltd,,13-05-2009,13-05-2009,[66300],Quay Point Woodbridge England IP12 4AL
GSMH LIMITED,17200501,active,ltd,,05-05-2026,05-05-2026,[66300],C/O Aardvark Accounting 1 Cedar Office Park Wimborne United Kingdom BH21 7SB
HEJAZ CAPITAL UK LTD,15322838,active,ltd,,01-12-2023,01-12-2023,[66300],The Cabot London England E14 4QZ
PRESLEY HART CAPITAL LIMITED,17131380,active,ltd,,01-04-2026,01-04-2026,[66300],35 Berkeley Square Mayfair England W1J 5BF
A KNIGHTS MANAGEMENT CONSULTING LIMITED,09589655,active,ltd,,13-05-2015,13-05-2015,[66300],Knoll House Camberley United Kingdom GU15 3SY
POLYARB CAPITAL LTD,17143435,active,ltd,,08-04-2026,08-04-2026,"[64999,66300, 70229]",128 City Road London United Kingdom EC1V 2NX
API CHILLINGTON INVESTMENTS LIMITED,17135103,active,ltd,,02-04-2026,02-04-2026,[66300],29 York Street London United Kingdom W1H 1EZ
ORION CAPITAL MANAGEMENT LTD,17141799,active,ltd,,07-04-2026,07-04-2026,[66300],71-75 Shelton Street London United Kingdom WC2H 9JQ
BRUNO HERTIZE MANAGEMENT LIMITED,17140777,active,ltd,,07-04-2026,07-04-2026,[66300],167-169 Great Portland Street London England W1W 5PF
SIGLA LTD,16394803,active,ltd,,17-04-2025,17-04-2025,[66300],One St Peter's Square Manchester United Kingdom M2 3DE
MEI FLOWER INTERNATIONAL HOLDINGS LTD,13695230,active,ltd,,21-10-2021,21-10-2021,"[46450,46480,66300, 68100]",37 Croydon Road Beckenham United Kingdom BR3 4AB
MAKARIOS INVESTMENT GROUP LIMITED,NI679471,active,ltd,,21-05-2021,21-05-2021,[66300],4 Jubilee Road Newtownards Northern Ireland BT23 4WN
TITAN AM LTD,17144849,active,ltd,,08-04-2026,08-04-2026,[66300],71-75 Shelton Street London United Kingdom WC2H 9JQ
FINSOR HOLDING PLC,15416498,active,plc,,16-01-2024,16-01-2024,"[64304,66300,70100, 82990]",15416498 - COMPANIES HOUSE DEFAULT ADDRESS Cardiff CF14 8LH
CADOGAN LONDON LIMITED,14220295,active,ltd,,07-07-2022,07-07-2022,[66300],60 Sloane Avenue London United Kingdom SW3 3DD
SUNTERA DEPOSITARY (UK) LIMITED,08458300,active,ltd,,22-03-2013,22-03-2013,[66300],95 Chancery Lane London England WC2A 1DT
REST SUPER (UK) LIMITED,10365975,active,ltd,,08-09-2016,08-09-2016,[66300],Squire Patton Boggs (Uk) Llp (Ref: Csu) Birmingham England B3 2DX
DRAGON GENERAL PARTNER LIMITED,17129375,active,ltd,,31-03-2026,31-03-2026,[66300],Regus House Malthouse Avenue Cardiff Wales CF23 8RU
KRUGER STRAUSS GROUP GLOBAL LTD,14799628,active,ltd,,13-04-2023,13-04-2023,"[64205,64999,66120, 66300]",21 Navigation Business Village Preston United Kingdom PR2 2YP
BF HOLDINGS BLOCCO REGNO UNITO LIMITED,17166568,active,ltd,,19-04-2026,19-04-2026,[66300],30 Orange Street London England WC2H 7HF
VERMEER INVESTMENT MANAGEMENT LIMITED,09081916,active,ltd,,11-06-2014,11-06-2014,[66300],16 Babmaes Street London England SW1Y 6AH
FOCUS INDUSTRIAL PROPCO GP LIMITED,14819899,active,ltd,,21-04-2023,21-04-2023,[66300],Cinch Self Storage Woking Woking England GU21 5SB
COLE CAPITAL LIMITED,15652898,active,ltd,,16-04-2024,16-04-2024,"[58190,62012,64999, 66300]",64 Nile Street London England N1 7SR
QUANTUM QB LTD,14738632,active,ltd,,17-03-2023,17-03-2023,[66300],71-75 Shelton Street London United Kingdom WC2H 9JQ
STELLAR CHADWELL GP LIMITED,16660858,active,ltd,,19-08-2025,19-08-2025,[66300],C/O Stellar Asset Management Limited Liverpool United Kingdom L3 9AG
MALESKII LTD,17230622,active,ltd,,19-05-2026,19-05-2026,[66300],71-75 Shelton Street London United Kingdom WC2H 9JQ
RE NATURE GENERAL PARTNER LTD,16440576,active,ltd,,09-05-2025,09-05-2025,[66300],Wogan House London United Kingdom W1W 7NY
GOLD JLB LTD,14742512,active,ltd,,20-03-2023,20-03-2023,"[46720,64301,66190, 66300]",14742512 - COMPANIES HOUSE DEFAULT ADDRESS Cardiff CF14 8LH
PRIMOSENTIA LTD,14667056,active,ltd,,16-02-2023,16-02-2023,"[62012,64304,64999, 66300]",24 Millfield Avenue London United Kingdom E17 5HH
PBSC LTD,17243882,active,ltd,,26-05-2026,26-05-2026,[66300],5 Wolsey House London United Kingdom NW5 2AX
KAUR CAPITAL GROUP LTD,17217432,active,ltd,,13-05-2026,13-05-2026,"[64205,64303,64999, 66300]",9 Foxdown Close Kidlington England OX5 2YE
LOW CARBON FOUNDATION,09307930,active,private-limited-guarant-nsc-limited-exemption,,12-11-2014,12-11-2014,[66300],Oxygen House Grenadier Road Exeter United Kingdom EX1 3LH
HASTA PARTNERS LIMITED,17254488,active,ltd,,01-06-2026,01-06-2026,"[64303, 66300]",27 Old Gloucester Street London United Kingdom WC1N 3AX
J H LOWSON & COMPANY LIMITED,08013456,active,ltd,,30-03-2012,30-03-2012,"[64999,66220, 66300]",16 Dalton Square Lancaster England LA1 1PL
ELBOW BEACH MEMBER I LIMITED,16079391,active,ltd,,14-11-2024,14-11-2024,[66300],27-29 Union Street London England SE1 1SD
BURCAP LIMITED,17235360,active,ltd,,21-05-2026,21-05-2026,"[64301,64999, 66300]",66 Paul Street London England EC2A 4NA
GCPE 1 LIMITED,15872840,active,ltd,,02-08-2024,02-08-2024,[66300],15872840 - COMPANIES HOUSE DEFAULT ADDRESS Cardiff CF14 8LH
BORDER TO COAST EAST RIDING GP LIMITED,SC626602,active,ltd,,03-04-2019,03-04-2019,[66300],"C/O Addleshaw Goddard,  24 Edinburgh Scotland EH2 1AF"
BORDER TO COAST EAST SUSSEX GP LIMITED,SC886919,active,ltd,,20-04-2026,20-04-2026,[66300],"C/O Addleshaw Goddard,  24 Edinburgh Scotland EH2 1AF"
BORDER TO COAST GLOBAL VALUE-ADD REAL ESTATE GP LIMITED,SC770548,active,ltd,,24-05-2023,24-05-2023,[66300],"C/O Addleshaw Goddard,  24 Edinburgh Scotland EH2 1AF"
BORDER TO COAST DURHAM GP LIMITED,SC626601,active,ltd,,03-04-2019,03-04-2019,[66300],C/O Addleshaw Goddard Edinburgh Scotland EH2 1AF
BORDER TO COAST KENT GP LIMITED,SC886926,active,ltd,,20-04-2026,20-04-2026,[66300],"C/O Addleshaw Goddard,  24 Edinburgh Scotland EH2 1AF"
BORDER TO COAST HERTFORDSHIRE GP LIMITED,SC886925,active,ltd,,20-04-2026,20-04-2026,[66300],"C/O Addleshaw Goddard,  24 Edinburgh Scotland EH2 1AF"
BORDER TO COAST SOUTH YORKSHIRE GP LIMITED,SC626611,active,ltd,,03-04-2019,03-04-2019,[66300],"C/O Addleshaw Goddard,  24 Edinburgh Scotland EH2 1AF"
BORDER TO COAST TYNE & WEAR GP LIMITED,SC626610,active,ltd,,03-04-2019,03-04-2019,[66300],"C/O Addleshaw Goddard,  24 Edinburgh Scotland EH2 1AF"
ANDEEN HOLDINGS LTD,13872659,active,ltd,,26-01-2022,26-01-2022,"[64303, 66300]",71-75 Shelton Street London United Kingdom WC2H 9JQ
BLACKFIN CAPITAL PARTNERS UK LTD,13633802,active,ltd,,21-09-2021,21-09-2021,[66300],5 Savile Row London United Kingdom W1S 3PB
VOYAGER FINANCIAL SERVICES LIMITED,03294877,active,ltd,,20-12-1996,20-12-1996,[66300],Workspace Albert Road Methodist Church Penarth Wales CF64 1BY
FIVE TRADING AND FINANCING LTD,14787689,active,ltd,,10-04-2023,10-04-2023,"[64301,64991, 66300]",21 Ellis Street London United Kingdom SW1X 9AL
OX GLOBAL INVESTMENTS LTD,06884280,active,ltd,,22-04-2009,22-04-2009,[66300],22a St James's Square London England SW1Y 4JH
NSS VI HOLDCO LTD,17248767,active,ltd,,29-05-2026,29-05-2026,[66300],"First Floor,  50 Marshall Street London United Kingdom W1F 9BQ"
TC TRUSTEES (CAMBRIDGE) LIMITED,10518470,active,ltd,,09-12-2016,09-12-2016,[66300],Tc Thompson Taraz Rand 1st Floor Cambridge England CB5 8AF
BORDER TO COAST NORTHAMPTONSHIRE GP LIMITED,SC886947,active,ltd,,20-04-2026,20-04-2026,[66300],"C/O Addleshaw Goddard,  24 Edinburgh Scotland EH2 1AF"
HALLMARK CORPORATE FINANCE LTD,11622352,active,ltd,,15-10-2018,15-10-2018,"[64999,66190,66300, 70221]",31 Belson Road London England SE18 5PU
MODERN PRODUCTIVITY LTD,09932056,active,ltd,,30-12-2015,30-12-2015,[66300],71-75 Shelton Street London United Kingdom WC2H 9JQ
KRISKU INVESTMENTS LTD,11472548,active,ltd,,19-07-2018,19-07-2018,[66300],Lynwood House Harrow United Kingdom HA1 2AW
STEVE MAYBURY FINANCIAL PLANNING LTD,15958302,active,ltd,,16-09-2024,16-09-2024,[66300],28 College Street Worcester England WR1 2LS
LONSDALE CAPITAL PARTNERS I LIMITED,09735130,active,ltd,,16-08-2015,16-08-2015,[66300],36 Upper Brook Street London United Kingdom W1K 7QJ
BIZDB LIMITED,10669975,active,ltd,,14-03-2017,14-03-2017,"[59200,62020,66300, 74909]",Chestnut Cottage Main Road Winchester England SO21 2EE
ASWATREALESTATE LTD,16622209,active,ltd,,01-08-2025,01-08-2025,[66300],124 City Road London United Kingdom EC1V 2NX
3K INVESTMENTS LIMITED,13941187,active,ltd,,25-02-2022,25-02-2022,[66300],Orchard Bungalow Oakley Green Road Windsor England SL4 4QF
MK TOMIC LIMITED,17010782,active,ltd,,03-02-2026,03-02-2026,"[66300,68100, 70221]",61 Bridge Street Kington United Kingdom HR5 3DJ
ANTLER VENTURES UK GP I LTD,12049691,active,ltd,,13-06-2019,13-06-2019,[66300],140 Goswell Road London England EC1V 7DY
GUARANTCO MANAGEMENT SERVICES LIMITED,17026159,active,ltd,,11-02-2026,11-02-2026,[66300],6 Bevis Marks London England EC3A 7BA
OBSIDIAN INVESTMENT SOLUTIONS LTD.,14594350,active,ltd,,16-01-2023,16-01-2023,[66300],1 Allied Business Centre Harpenden England AL5 4UT
MANFIELD WEALTH MANAGEMENT LIMITED,12217582,active,ltd,,20-09-2019,20-09-2019,[66300],North East Business & Innovation Centre (Bic) Wearfield Sunderland England SR5 2TA
INVESTENGINE (UK) LIMITED,10438231,active,ltd,,20-10-2016,20-10-2016,[66300],3rd Floor Harling House London United Kingdom SE1 0BS
ANTLER VENTURES UK GP II LIMITED,15529921,active,ltd,,28-02-2024,28-02-2024,[66300],140 Goswell Road London England EC1V 7DY
MINTUS TRADING LIMITED,12643726,active,ltd,,03-06-2020,03-06-2020,[66300],"167-169,  Great Portland Street,  5th Floor,  London,  Great Portland Street London England W1W 5PF"
ACORN GREEN INVESTMENTS NO 5 LIMITED,17026946,active,ltd,,11-02-2026,11-02-2026,[66300],29 York Street London United Kingdom W1H 1EZ
SAPIENTI LIMITED,07756538,active,ltd,,30-08-2011,30-08-2011,"[41100,66300,68209, 70229]",82a James Carter Road Officeserv Mildenhall England IP28 7DE
BEPARTNER X LTD,16284287,active,ltd,,28-02-2025,28-02-2025,"[64191,66300, 84110]",128 City Road London United Kingdom EC1V 2NX
NIST INVESTMENTS LTD,16089624,active,ltd,,19-11-2024,19-11-2024,[66300],33 Nether Field Way Leicester England LE3 3TQ
DEO WILLIAMS CONSULTING LIMITED,11192411,active,ltd,,07-02-2018,07-02-2018,"[64191,64991, 66300]",Trafalgar House Huddersfield England HD2 1YY
DUKE STREET GENERAL PARTNER LIMITED,03565673,active,ltd,,18-05-1998,18-05-1998,[66300],"Third Floor (East),  Carrington House London England W1B 5SE"
7115 VCP LIMITED,14978993,active,ltd,,04-07-2023,04-07-2023,[66300],4th Floor 95 Chancery Lane London WC2A 1DT
IMPERIUM ADMINISTRATION HOLDINGS UK LIMITED,17018382,active,ltd,,06-02-2026,06-02-2026,[66300],15 Hanover Square London United Kingdom W1S 1HS
HARBOUR LITIGATION FUNDING LTD,06426478,active,ltd,,14-11-2007,14-11-2007,[66300],Suite 2a Princes House London England SW1Y 6DN
CORINTH PRIVATE EQUITY LTD,15639493,active,ltd,,12-04-2024,12-04-2024,"[66300, 70221]",71-75 Shelton Street London England WC2H 9JQ
NUBIA GROUP LIMITED,13849619,active,ltd,,14-01-2022,14-01-2022,"[64304, 66300]",71-75 Shelton Street London England WC2H 9JQ
API ST CHRISTOPHER LIMITED,17035416,active,ltd,,16-02-2026,16-02-2026,[66300],29 York Street London United Kingdom W1H 1EZ
RPG GLOBAL INVESTMENTS LTD.,14436078,active,ltd,,21-10-2022,21-10-2022,"[64205,64301,64304, 66300]",27 Scott Gardens London England TW5 9JU
NAVY INC. LIMITED,11150150,active,ltd,,15-01-2018,15-01-2018,"[64999, 66300]",Flat 45 Western Avenue Greenford England UB6 8AT
FAIRMONT INVESTMENT MANAGEMENT LIMITED,10605099,active,ltd,,07-02-2017,07-02-2017,[66300],33 Cavendish Square London United Kingdom W1G 0PW
HOPESTOCK LTD,10810164,active,ltd,,08-06-2017,08-06-2017,[66300],Unit 11 Mansfield Accounting Ltd Rochford United Kingdom SS4 1ND
LIVEFXM CAPITAL LIMITED,16952965,active,ltd,,09-01-2026,09-01-2026,"[64205,64999,66120, 66300]",Suite10 Capital House London United Kingdom E8 1LL
ENESEL PARTNERS LIMITED,16953313,active,ltd,,09-01-2026,09-01-2026,[66300],5 Hanover Square London - England W1S 1HE
MOONSHOT CAPITAL LTD,16949782,active,ltd,,08-01-2026,08-01-2026,[66300],11 Welbeck Street London United Kingdom W1G 9XZ
M&A CAPITAL GROUP LTD,16954953,active,ltd,,11-01-2026,11-01-2026,"[64306,66300, 70229]",10-16 Tiller Road London England E14 8PX
GOPAYLIX FINANCE LTD,16594987,active,ltd,,21-07-2025,21-07-2025,"[64301,66300, 70221]",82a James Carter Road Mildenhall United Kingdom IP28 7DE
KASSPEEDLOAN LTD,16945085,active,ltd,,06-01-2026,06-01-2026,"[64205,64999, 66300]",40a Sedlescomberoadnorth St Leonards On Sea Hastings United Kingdom TN37 7DG
WAYNE AUSTIN IFA LIMITED,05729483,active,ltd,,03-03-2006,03-03-2006,[66300],Ground Floor Market Court Altrincham England WA14 4DW
NASSOURI PARTNERS LTD,17041177,active,ltd,,18-02-2026,18-02-2026,"[64999,66190,66300, 70221]",117 Station Road Edgware England HA8 7JG
HAWFINCH FINANCIAL SERVICES LIMITED,05681767,active,ltd,,20-01-2006,20-01-2006,[66300],16 St. Owen Street Hereford England HR1 2PL
AMPLIFYCHANGE,12482833,active,private-limited-guarant-nsc-limited-exemption,,25-02-2020,25-02-2020,"[66300, 70221]",Runway East Kings Court Bath England BA1 1ER
VITRUVIAN MANAGERS LIMITED,16965734,active,ltd,,15-01-2026,15-01-2026,[66300],"105 Wigmore Street,  London England W1U 1QY"
FLUID7 LIMITED,05826599,active,ltd,,23-05-2006,23-05-2006,"[64999,66190,66300, 82990]",C11 Generator Hall Electric Wharf Coventry England CV1 4JL
INFINIUM ELECTRIC MOBILITY GP LIMITED,16971511,active,ltd,,19-01-2026,19-01-2026,[66300],42 New Broad Street London England EC2M 1JD
KNIGHTS MANAGEMENT CONSULTING LTD,08955612,active,ltd,,24-03-2014,24-03-2014,[66300],Knoll House Camberley GU15 3SY
NOVION CAPITAL LIMITED,17145193,active,ltd,,09-04-2026,09-04-2026,[66300],24 Conduit Place Conduit Place London England W2 1EP
SJM INVESTMENTS LIMITED,11722406,active,ltd,,11-12-2018,11-12-2018,[66300],6 Rockfield Business Park Cheltenham England GL53 0AN
HELIOS CAPITAL PARTNERS LIMITED,16344341,active,ltd,,26-03-2025,26-03-2025,[66300],Office 7765 321-323 High Road Essex England RM6 6AX
THINKING CAPITAL PARTNERS LIMITED,17183887,active,ltd,,27-04-2026,27-04-2026,[66300],8 St. James's Square London England SW1Y 4JU
ARBRA INVESTMENT MANAGEMENT LTD,15690057,active,ltd,,29-04-2024,29-04-2024,"[66300, 99999]",58 Grosvenor Street London England W1K 3JB
SKY BLUE (DEVON) LIMITED,12014645,active,ltd,,23-05-2019,23-05-2019,"[66300, 70229]",30 Fore Street Totnes United Kingdom TQ9 5RP
IMPERIAL ASSET MANAGEMENT GLOBAL LTD,15788293,active,ltd,,19-06-2024,19-06-2024,[66300],4 Capricorn Centre Basildon SS14 3JJ
HEDLEY & COMPANY STOCKBROKERS LIMITED,06355300,active,ltd,,29-08-2007,29-08-2007,"[64999, 66300]",Suite 20 Manor Court Salesbury Hall Road Preston England PR3 3XR
ONE WORLD AI LIMITED,17173227,active,ltd,,22-04-2026,22-04-2026,"[62012,63110,63120, 66300]",71-75 Shelton Street London United Kingdom WC2H 9JQ
HALLMARK ASSETS MANAGEMENT LIMITED,12234241,active,ltd,,30-09-2019,30-09-2019,"[65300,66300,70221, 82990]",31 Belson Road London England SE18 5PU
HOMER PHOENIX LTD,17176015,active,ltd,,23-04-2026,23-04-2026,"[64306,66300, 68100]",25 Linden Avenue Kidderminster United Kingdom DY10 3AB
POKEMYFACE LIMITED,16757408,active,ltd,,02-10-2025,02-10-2025,"[66300, 70229]",98 Salisbury Road Cardiff Wales CF24 4AE
AKT INCLUSIVE FINANCE LTD,17189981,active,ltd,,29-04-2026,29-04-2026,"[64205,66300,70221, 70229]",128 City Road London United Kingdom EC1V 2NX
UORPAY LIMITED,17189862,active,ltd,,29-04-2026,29-04-2026,"[62020,62090, 66300]",71-75 Shelton Street London United Kingdom WC2H 9JQ
HIGHER PARK LIMITED,11287513,active,ltd,,03-04-2018,03-04-2018,[66300],Building 1000 Cambridge Research Park Waterbeach England CB25 9PD
INSULA VECTA LIMITED,16721950,active,ltd,,16-09-2025,16-09-2025,[66300],12 Bugle Street Southampton England SO14 2JY
WEALTHFUND LTD,17193359,active,ltd,,01-05-2026,01-05-2026,[66300],128 City Road London United Kingdom EC1V 2NX
CMS ALDRED LIMITED,17193944,active,ltd,,01-05-2026,01-05-2026,[66300],Unit 6 Penn Street Works Amersham England HP7 0FA
QW CAPITAL LTD,17156379,active,ltd,,14-04-2026,14-04-2026,[66300],Unit 8a Wingbury Courtyard Business Village Aylesbury England HP22 4LW
AS INVEST CAPITAL LTD,17151330,active,ltd,,11-04-2026,11-04-2026,"[64203,64306,66300, 68100]",128 City Road London United Kingdom EC1V 2NX
SELARIS CAPITAL LTD,16448761,active,ltd,,13-05-2025,13-05-2025,[66300],25 Wilton Road London England SW1V 1LW
INVESTORS.CH LIMITED,16099711,active,ltd,,25-11-2024,25-11-2024,[66300],71-75 Shelton Street London United Kingdom WC2H 9JQ
VIDI SOVEREIGN WEALTH LTD,17171265,active,ltd,,21-04-2026,21-04-2026,"[66300, 74909]",71-75 Shelton Street London United Kingdom WC2H 9JQ
PEXBRIDGE INVESTMENTS LIMITED,13081205,active,ltd,,14-12-2020,14-12-2020,"[64301,64303, 66300]",Fernhills Business Centre Foerster Chambers Bury United Kingdom BL9 5BJ
WATANI INVESTMENT GROUP LTD,15690100,active,ltd,,29-04-2024,29-04-2024,"[64999,66300,68209, 68320]",5 Edgeworth Close Slough England SL3 7FS
STRATON ASSET MANAGEMENT LTD,17166872,active,ltd,,19-04-2026,19-04-2026,[66300],Northgate Business Centre 38-40 Northgate Notts United Kingdom NG24 1EZ
MASTERS BLUEPRINT PROPERTY SERVICES LTD,17197494,active,ltd,,05-05-2026,05-05-2026,"[66300,68100,68310, 68320]",Unit 9 57 River Road Barking England IG11 0DA
CARDPLOT TECHNOLOGIES LIMITED,17194866,active,ltd,,01-05-2026,01-05-2026,"[64205,64999,66110, 66300]",71-75 Shelton Street London United Kingdom WC2H 9JQ
ABACUS 88 LIMITED,10391890,active,ltd,,23-09-2016,23-09-2016,"[59111,64303,64304, 66300]",10391890 - COMPANIES HOUSE DEFAULT ADDRESS Cardiff CF14 8LH
XRPAID LTD,15410296,active,ltd,,13-01-2024,13-01-2024,"[64301,66110,66300, 70221]","60 Tottenham Court Road,  Suite 7024a London United Kingdom W1T 2EW"
COR INVESTMENT MANAGEMENT LIMITED,17066425,active,ltd,,03-03-2026,03-03-2026,[66300],C/O Hwb Accountants Highland House Chandlers Ford England SO53 4AR
NHERITAGE LIMITED,17199519,active,ltd,,05-05-2026,05-05-2026,"[41201,64205,66110, 66300]",66 Paul Street London England EC2A 4NA
HANOVER CARRY NOMINEE LIMITED,13277348,active,ltd,,19-03-2021,19-03-2021,[66300],21 Sackville Street London England W1S 3DN
ALLIANCE GLOBAL BANCO LTD,14385302,active,ltd,,29-09-2022,29-09-2022,"[64191,64910,64921, 66300]","The Bristol Office 2nd Floor,  5 High Street Bristol England BS9 3BY"
ANNAMITE CAPITAL LIMITED,15949283,active,ltd,,11-09-2024,11-09-2024,[66300],70 White Lion Street White Lion Street London England N1 9PP
ARINI CAPITAL MANAGEMENT LIMITED,14124097,active,ltd,,23-05-2022,23-05-2022,[66300],Centralis 25 Western Avenue Oxfordshire United Kingdom OX14 4SH
EFEXIA UK LIMITED,13083723,active,ltd,,15-12-2020,15-12-2020,[66300],128b The Street Littlehampton BN16 3DA
MPEA GROUP LTD,16273590,active,ltd,,25-02-2025,25-02-2025,"[64201,64204,64205, 66300]",16273590 - COMPANIES HOUSE DEFAULT ADDRESS Cardiff CF14 8LH
SPACE EDGE LIMITED,16048820,active,ltd,,29-10-2024,29-10-2024,"[64205,64991,66120, 66300]",71-75 Shelton Street London United Kingdom WC2H 9JQ
RAYYAN GLOBAL INVESTMENTS LIMITED,16474691,active,ltd,,27-05-2025,27-05-2025,"[64303,64304,66300, 84130]",189 Gary Court Flat 18 London Road Croydon England CR0 2DR
AU DEFI LTD,16053887,active,ltd,,31-10-2024,31-10-2024,"[64999,66110, 66300]",Office 376 Unit 5 London England W1C 2BU
RISEHEM SOCIAL LIMITED,16219259,active,ltd,,30-01-2025,30-01-2025,[66300],C/O Shaw Financial Limited London United Kingdom SW17 9SH
RISEHEM GROUP LIMITED,16209710,active,ltd,,27-01-2025,27-01-2025,[66300],C/O Shaw Financial Limited London United Kingdom SW17 9SH
CLIMSEN LTD,16129031,active,ltd,,10-12-2024,10-12-2024,"[66120,66300,70229, 74901]",Millenium Village Child Lane London England SE10 0PZ
Q CAPITAL (LONDON) LIMITED,04848199,active,ltd,,28-07-2003,28-07-2003,[66300],11/12 Hallmark Trading Centre Fourth Way Middlesex United Kingdom HA9 0LB
QUANTUM CAPITAL VENTURES GROUP LTD,15612641,active,ltd,,03-04-2024,03-04-2024,[66300],128 City Road London United Kingdom EC1V 2NX
CLAIMS GATE INVEST LTD,16199114,active,ltd,,21-01-2025,21-01-2025,[66300],110 Bishopsgate London England EC2N 4AY
SHORT FLOW CAPITAL LTD,16403243,active,ltd,,23-04-2025,23-04-2025,"[64209,64303,64304, 66300]",16403243 - COMPANIES HOUSE DEFAULT ADDRESS Cardiff CF14 8LH
CUMBRIA CVS TRADING LIMITED,08703970,active,ltd,,24-09-2013,24-09-2013,[66300],Suite 3 Warwick House Carlisle United Kingdom CA1 2UT
FRAMECORE CAPITAL LIMITED,14779786,active,ltd,,04-04-2023,04-04-2023,"[08990, 09900,64999, 66300]",207 Regent Street London United Kingdom W1B 4ND
ADYTON LIMITED,15940357,active,ltd,,06-09-2024,06-09-2024,[66300],163 Herne Hill London United Kingdom SE24 9LR
BAILLIE GIFFORD & CO LIMITED,SC069524,active,ltd,,08-10-1979,08-10-1979,[66300],3 Haymarket Square Edinburgh United Kingdom EH3 8RY
XETA CAPITAL LIMITED,16389590,active,ltd,,15-04-2025,15-04-2025,"[64301,66110, 66300]",16389590 - COMPANIES HOUSE DEFAULT ADDRESS Cardiff CF14 8LH
RESONANCE NI POWER LIMITED,12156840,active,ltd,,14-08-2019,14-08-2019,[66300],7th Floor York House London United Kingdom WC2B 6UJ
CHARTERIS ASSET MANAGEMENT NOMINEES LIMITED,05186604,active,ltd,,22-07-2004,22-07-2004,[66300],"Suite 10,  4th Floor Amp House Croydon England CR0 2LX"
DEVON EQUITY MANAGEMENT LIMITED,11939535,active,ltd,,11-04-2019,11-04-2019,[66300],2 Savoy Court London England WC2R 0EZ
CARAVELA ENERGY PARTNERS UK LTD,16122709,active,ltd,,09-12-2024,09-12-2024,[66300],Centralis 25 Western Avenue Oxfordshire United Kingdom OX14 4SH
CROWN & BENTLEY COMMERCIAL FINANCE LIMITED,12056446,active,ltd,,18-06-2019,18-06-2019,[66300],3 Royal Court London England EC3V 3LR
MOMODAYER LTD,16415981,active,ltd,,29-04-2025,29-04-2025,"[64991,66120, 66300]",16415981 - COMPANIES HOUSE DEFAULT ADDRESS Cardiff CF14 8LH
GORILLA TECH CAPITAL LIMITED,03564275,active,ltd,,14-05-1998,14-05-1998,[66300],64 North Row London England W1K 7DA
FTSE FINANCE MANAGEMENT LTD,15865378,active,ltd,,30-07-2024,30-07-2024,[66300],37 Croydon Road Beckenham United Kingdom BR3 4AB
ANGLES INVESTMENT GROUP LTD,17119309,active,ltd,,26-03-2026,26-03-2026,"[64999, 66300]","2nd Floor College House Ruislip,  United Kingdom HA4 7AE"
L-GAM UK ADVISORS LIMITED,11423301,active,ltd,,19-06-2018,19-06-2018,[66300],22 Grosvenor Gardens London England SW1W 0DH
NAMAA VENTURES LTD,14601624,active,ltd,,18-01-2023,18-01-2023,"[66300, 70229]",555-557 Cranbrook Road Ilford Essex United Kingdom IG2 6HE
RIO CAPITAL ADVISERS LTD,09204824,active,ltd,,05-09-2014,05-09-2014,[66300],9 Hills Road Cambridge England CB2 1GE
JASPY LIMITED,SC591811,active,ltd,,19-03-2018,19-03-2018,[66300],"C/O Wright,  Johnston & Mackenzie Llp,   12 Edinburgh Scotland EH2 4DB"
TWO SIGMA INTERNATIONAL LIMITED,06486331,active,ltd,,28-01-2008,28-01-2008,"[64999,66120,66190, 66300]",Level 5 7 Devonshire Square London United Kingdom EC2M 4YH
MIDDLETON PRIVATE CAPITAL LTD.,11148660,active,ltd,,15-01-2018,15-01-2018,[66300],Cavendish House Worksop United Kingdom S80 3LL
UNITED DEVELOPMENT COOPERATIVES (UNI-COOP) GROUP HOLDING LTD,16677213,active,ltd,,28-08-2025,28-08-2025,"[66110,66120,66190, 66300]",16677213 - COMPANIES HOUSE DEFAULT ADDRESS Cardiff CF14 8LH
TERAWATT INFRASTRUCTURE UK LIMITED,17260323,active,ltd,,04-06-2026,04-06-2026,"[66300, 68320]",Brierly Place Chelmsford England CM2 0AP
CLEAR SKY CAPITAL UK LIMITED,14819895,active,ltd,,21-04-2023,21-04-2023,[66300],Cinch Self Storage Woking Woking England GU21 5SB
CAPITAL INTERNATIONAL LIMITED,01613098,active,ltd,,11-02-1982,11-02-1982,"[64999, 66300]",1 Paddington Square London United Kingdom W2 1GL
SOUTHERN BUILDING INVESTMENTS LTD,10261788,active,ltd,,05-07-2016,05-07-2016,[66300],45 Cowley Close Southampton England SO16 9WD
JENSON CD LIMITED,12603030,active,ltd,,14-05-2020,14-05-2020,[66300],"Ground Floor,  Radley House Leeds England LS28 6LE"
BRANTHAM COURT INVESTMENTS LIMITED,16514199,active,ltd,,12-06-2025,12-06-2025,"[64205,64999,66110, 66300]",82a 82 James Carter Road Mildenhall England IP28 7DE
NSS VI HEALTHCARE 1 LTD,17276368,active,ltd,,17-06-2026,17-06-2026,[66300],"First Floor,  50 Marshall Street London United Kingdom W1F 9BQ"
SOLANITY LIMITED,12518232,active,ltd,,16-03-2020,16-03-2020,"[66300, 70229]",19 Eastbourne Terrace London England W2 6LG
R H BROKING LIMITED,07628557,active,ltd,,10-05-2011,10-05-2011,[66300],10 Brixham Close Rayleigh England SS6 9PG
NEXUS GLOBAL SPORTS LTD,11256767,active,ltd,,15-03-2018,15-03-2018,"[47990, 66300]","Floor 2 ,  The Warehouse Hereford England HR4 9DP"
NSS VI HEALTHCARE 2 LTD,17290419,active,ltd,,20-06-2026,20-06-2026,[66300],"First Floor,  50 Marshall Street London United Kingdom W1F 9BQ"
HALVORSEN INVEST LTD,17282815,active,ltd,,18-06-2026,18-06-2026,"[41100,66300, 70221]",Oakley Place Farm Oakley Green Road Windsor England SL4 4PZ
MREF III INTERMEDIATE GP LIMITED,12490723,active,ltd,,02-03-2020,02-03-2020,[66300],"7th Floor,  Parcels Building London United Kingdom W1U 1BU"
MREF III GP LIMITED,08405058,active,ltd,,15-02-2013,15-02-2013,[66300],"7th Floor,  Parcels Building London United Kingdom W1U 1BU"
KODEON LTD,10098026,active,ltd,,01-04-2016,01-04-2016,[66300],"167 To 169 Great Portland Street,  5th Floor London England W1W 5PF"
3IN MIA II HOLDCO LIMITED,17283829,active,ltd,,18-06-2026,18-06-2026,[66300],1 Knightsbridge London United Kingdom SW1X 7LX
ENTREPRENEURS FIRST FOUNDER GP (SINGAPORE) LIMITED,SC522351,active,ltd,,11-12-2015,11-12-2015,[66300],5 South Charlotte Street Edinburgh Scotland EH2 4AN
SK & WK INVESTMENTS LIMITED,16309779,active,ltd,,12-03-2025,12-03-2025,[66300],Low Barn Usk United Kingdom NP15 1HY
BS SERVICE COMPANY LTD,15501161,active,ltd,,18-02-2024,18-02-2024,"[49410,62012,66300, 82990]",149 Nether Priors Basildon United Kingdom SS14 1LT
LUMYNA INVESTMENTS LIMITED,08824800,active,ltd,,23-12-2013,23-12-2013,[66300],11 Bressenden Place London United Kingdom SW1E 5BY
BREVAN HOWARD INVESTMENT MANAGEMENT LIMITED,15910588,active,ltd,,21-08-2024,21-08-2024,[66300],50 Broadway London England SW1H 0DB
GLOBAL INFINITE SOURCE LTD,15514133,active,ltd,,22-02-2024,22-02-2024,"[66300,70221, 82990]",Company Service A111 2 Alexandra Gate Cardiff United Kingdom CF24 2SA
ACCRUE INVESTMENT MANAGEMENT LIMITED,04263019,active,ltd,,01-08-2001,01-08-2001,[66300],4 Queen Street Bath England BA1 1HE
LILIT EXCHANGE LTD,15414760,active,ltd,,16-01-2024,16-01-2024,"[64999, 66300]",Flat 1 Unite 2 Cutbush Court Danehill Reading England RG6 4UW
CONORS TRADING HUB LTD,16257873,active,ltd,,17-02-2025,17-02-2025,[66300],"3rd Floor,  86-90 Paul Street London England EC2A 4NE"
ORANGE (IRELAND) LTD,NI676259,active,ltd,,08-02-2021,08-02-2021,[66300],14 Donegall Place Belfast Northern Ireland BT1 5BA
TKS COMMODITIES TRADING LTD,14403599,active,ltd,,07-10-2022,07-10-2022,"[66120,66190,66300, 70221]",1259 London Road Leigh-On-Sea England SS9 2AF
TRADE BAZAAR LTD,16273908,active,ltd,,25-02-2025,25-02-2025,"[66120, 66300]",71-75 Shelton Street London United Kingdom WC2H 9JQ
STREETLY DEMENTIA SUPPORT GROUP CIC,16276260,active,private-limited-guarant-nsc,community-interest-company,25-02-2025,25-02-2025,[66300],23 Egerton Road Sutton Coldfield England B74 3PQ
INSIDERS VENTURES ADVISORS LIMITED,16260673,active,ltd,,18-02-2025,18-02-2025,[66300],71-75 Shelton St London United Kingdom WC2H 9JQ
CARBON ASSET SOLUTIONS LTD,13176983,active,ltd,,03-02-2021,03-02-2021,"[64205, 66300]",71-75 Shelton Street London England WC2H 9JQ
AB INVESTMENT SOLUTIONS LIMITED,09138865,active,ltd,,21-07-2014,21-07-2014,[66300],1 Queen's Square Ascot Business Park Ascot England SL5 9FE
AQUINELLA NO.1 LIMITED,15475704,active,ltd,,09-02-2024,09-02-2024,[66300],Berkeley House Cobham United Kingdom KT11 1JG
AUREA INVESTMENT MANAGEMENT LTD,09857646,active,ltd,,05-11-2015,05-11-2015,"[64301,64303,64991, 66300]",09857646 - COMPANIES HOUSE DEFAULT ADDRESS Cardiff CF14 8LH
JENTA NO.1 LIMITED,16280534,active,ltd,,27-02-2025,27-02-2025,[66300],"Berkeley House Cobham,  Surrey United Kingdom KT11 1JG"
LEEBURN FINANCIAL PLANNING (NI) LIMITED,NI628209,active,ltd,,05-12-2014,05-12-2014,[66300],4 Orchard Mews Royal Hillsborough Northern Ireland BT26 6GR
PHAURE & HAWKINS BECAUSE YOU CAN C.I.C.,15497605,active,private-limited-guarant-nsc,community-interest-company,17-02-2024,17-02-2024,[66300],2 High Street Aylesford England ME20 7BG
JAMJAR C LTD,15430576,active,ltd,,22-01-2024,22-01-2024,[66300],The Jam Pot Unit 3d Phoenix Brewery London United Kingdom W10 6SZ
ALGORITHM TRADINGS LTD,16284624,active,ltd,,28-02-2025,28-02-2025,"[64301, 66300]",61 Bridge Street Kington United Kingdom HR5 3DJ
WINWESTOR CONSULTANTS LIMITED,16304178,active,ltd,,10-03-2025,10-03-2025,"[62020,64301,66300, 70229]",19 Cotton Hill Bromley England BR1 5RT
ENTREPRENEURS FIRST INVESTMENT (II) GPCO LIMITED,13379555,active,ltd,,06-05-2021,06-05-2021,[66300],International House London England N1 7SR
DELOREAN HOMES LTD,14031188,active,ltd,,06-04-2022,06-04-2022,"[64209,64304,64999, 66300]",Office 1 Hatherton Court Walsall England WS4 2LA
THE PARTY CALLS LTD,15090443,active,ltd,,22-08-2023,22-08-2023,"[64209,64304,64999, 66300]",Office 1 Hatherton Court Walsall England WS4 2LA
FLYING COLOURS INVESTMENT MANAGEMENT LIMITED,12433663,active,ltd,,30-01-2020,30-01-2020,[66300],"2nd Floor,  Greenwood House Bracknell England RG12 2AA"
EMERGE VENTURE PARTNERS (SCOTLAND) II LIMITED,SC741676,active,ltd,,18-08-2022,18-08-2022,[66300],"Fourth Floor,  7 Edinburgh Scotland EH2 3AH"
GCC GESTION DE COBROS LTD,13481474,active,ltd,,28-06-2021,28-06-2021,"[66300, 70221]",20 Wenlock Road London England N1 7GU
TATBELS LIMITED,09938736,active,ltd,,06-01-2016,06-01-2016,[66300],44d Queen's Gate London England SW7 5HR
IQCP IV A2 LIMITED,12973903,active,ltd,,26-10-2020,26-10-2020,[66300],45 Whitfield Street London England W1T 4HD
INITIAM CAPITAL LIMITED,13904805,active,ltd,,09-02-2022,09-02-2022,"[64999, 66300]",7 Bell Yard London WC2A 2JR
DBW FM LIMITED,01833687,active,ltd,,17-07-1984,17-07-1984,[66300],Unit J Yale Business Village Wrexham Wales LL13 7YL
ROB NORTH FINANCIAL SERVICES LIMITED,07226226,active,ltd,,16-04-2010,16-04-2010,[66300],Sansome Lodge Worcester England WR1 1LH
JOHN FALCON LIMITED,16061534,active,ltd,,05-11-2024,05-11-2024,"[64301,64304,65300, 66300]",128 City Road London United Kingdom EC1V 2NX
RADIANTE UK LIMITED,15313634,active,ltd,,28-11-2023,28-11-2023,"[66300, 70221]",C/O Tmf Group 13th Floor London United Kingdom EC2R 7HJ
HIMALAYAN SPACE CENTER LTD,16099464,active,ltd,,25-11-2024,25-11-2024,"[64205,64301,64910, 66300]",42-44 Bishopsgate London England EC2N 4AH
32 DREAMS LIMITED,14067605,active,ltd,,25-04-2022,25-04-2022,[66300],65 Strathearn Avenue Twickenham United Kingdom TW2 6JT
FUTURE VALUE LIMITED,07433597,active,ltd,,09-11-2010,09-11-2010,[66300],167-169 Great Portland Street London England W1W 5PF
MANOR PARK CARE LIMITED,04681146,active,ltd,,27-02-2003,27-02-2003,[66300],Pyramid House London England N12 9RT
KAMO INVESTMENTS LIMITED,03791859,active,ltd,,18-06-1999,18-06-1999,[66300],1 Spring Mews null W1U 6AS
PRIMROSE INDUSTRIES LIMITED,16126918,active,ltd,,09-12-2024,09-12-2024,"[46110, 66300]",272 The Tideway Rochester England ME1 3PR
FARRINGDON ASSET MANAGEMENT LIMITED,13794298,active,ltd,,10-12-2021,10-12-2021,[66300],99-100 Turnmill Street London England EC1M 5QP
EPIDAREX CAPITAL PARTNERS LIMITED,SC437985,active,ltd,,30-11-2012,30-11-2012,[66300],137a George Street Edinburgh Scotland EH2 4JY
UNDERRIVER ENTERPRISES LIMITED,00682494,active,ltd,,03-02-1961,03-02-1961,[66300],St Julians Kent TN15 0RX
AK JENSEN INVESTMENT MANAGEMENT LIMITED,08939656,active,ltd,,14-03-2014,14-03-2014,[66300],49 Grosvenor Street London United Kingdom W1K 3HP
GUPPY WEALTH MANAGEMENT LTD.,11066235,active,ltd,,15-11-2017,15-11-2017,[66300],Foxmead Haywards Heath United Kingdom RH16 4BW
SOCIAL LOGIC LTD,11675749,active,ltd,,13-11-2018,13-11-2018,"[64303,66300,70229, 73110]",101 Corson House City Island Way London England E14 0TL
RAIDER ASSET MANAGEMENT LTD,15246342,active,ltd,,30-10-2023,30-10-2023,"[64303,64304,64991, 66300]",71-75 Shelton Street London United Kingdom WC2H 9JQ
"CARLEX ESTATES,LIMITED",00407586,active,ltd,,,03-04-1946,[66300],Fullertons Limited Manchester House Leeds United Kingdom LS20 8AB
ASPENROCK LTD,10722957,active,ltd,,12-04-2017,12-04-2017,"[66300, 68209]",The Grain Store 2 Signet Hill Barns Burford United Kingdom OX18 4JE
BLS MANAGEMENT SERVICES LIMITED,SC615552,active,ltd,,06-12-2018,06-12-2018,[66300],London Road Centre Kilmarnock United Kingdom KA3 7BU
IJP WEALTH MANAGEMENT LIMITED,08044091,active,ltd,,24-04-2012,24-04-2012,[66300],C/O Camargue Wealth Management Ltd Pure Office Ltd Brooks Drive Cheadle England SK8 3TD
INNISFREE COINVESTMENTS LIMITED,05118369,active,ltd,,04-05-2004,04-05-2004,[66300],"1st Floor,  Boundary House London United Kingdom EC1M 6HR"
INNISFREE LIMITED,03039792,active,ltd,,30-03-1995,30-03-1995,[66300],"First Floor,  Boundary House London United Kingdom EC1M 6HR"
INNISFREE RESOURCES LIMITED,03817389,active,ltd,,30-07-1999,30-07-1999,[66300],"1st Floor,  Boundary House London United Kingdom EC1M 6HR"
BRENMATCH LIMITED,03496512,active,ltd,,21-01-1998,21-01-1998,[66300],Dancing Ghyll Keswick CA12 5UQ
INNISFREE SECONDARY SLP LIMITED,06223514,active,ltd,,23-04-2007,23-04-2007,[66300],"1st Floor,  Boundary House London United Kingdom EC1M 6HR"
INNISFREE IMPPP 1 LIMITED,04386611,active,ltd,,04-03-2002,04-03-2002,[66300],"1st Floor,  Boundary House London United Kingdom EC1M 6HR"
LUNICORN INVESTMENTS LTD,16131349,active,ltd,,11-12-2024,11-12-2024,[66300],71-75 Shelton Street London United Kingdom WC2H 9JQ
INNISFREE CONTINUATION PARTNERS (MEMBER) LIMITED,03552874,active,ltd,,24-04-1998,24-04-1998,[66300],"1st Floor,  Boundary House London United Kingdom EC1M 6HR"
THF GROUP LIMITED,14727261,active,ltd,,13-03-2023,13-03-2023,[66300],23 23 Lydstep Close Derby England DE21 2RY
INNISFREE CONTINUATION SLP LIMITED,05623327,active,ltd,,15-11-2005,15-11-2005,[66300],"1st Floor,  Boundary House London England EC1M 6HR"
INNISFREE EXGP SECONDARY LIMITED,06243650,active,ltd,,10-05-2007,10-05-2007,[66300],"1st Floor,  Boundary House London United Kingdom EC1M 6HR"
POLAR CAPITAL SECRETARIAL SERVICES LIMITED,04138229,active,ltd,,10-01-2001,10-01-2001,[66300],16 Palace Street London SW1E 5JD
JAGUAR INVESTMENTS LIMITED,04401454,active,ltd,,22-03-2002,22-03-2002,[66300],71 Queen Victoria Street London England EC4V 4BE
MLFC LTD,14761801,active,ltd,,27-03-2023,27-03-2023,"[64991,66300,68100, 68209]",43 Overstone Road London United Kingdom W6 0AD
PLAYFAIR CAPITAL INVESTMENTS LIMITED,08410647,active,ltd,,19-02-2013,19-02-2013,[66300],8 Warner Yard London EC1R 5EY
DIGITAL ANALYTICS LTD,11299980,active,ltd,,09-04-2018,09-04-2018,"[66300, 70229]",Rawa House Coalville England LE67 3FA
LADHAM PROPERTIES LIMITED,07544227,active,ltd,,28-02-2011,28-02-2011,"[66300,68100, 68209]",Hill View House Cranbrook TN17 3AD
BARWOOD GENERAL PARTNER 2017 (NOMINEE) LIMITED,10594695,active,ltd,,01-02-2017,01-02-2017,[66300],Grafton House Towcester United Kingdom NN12 7LS
JAD MANAGMENT LTD,07998565,active,ltd,,20-03-2012,20-03-2012,[66300],Beckwith Barn Warren Estate Writtle England CM1 3WT
PDH FINANCIAL SERVICES LTD,16134769,active,ltd,,13-12-2024,13-12-2024,"[66300, 70221]",11 King Edward Avenue Broadstairs England CT10 1PH
FAIRTREE CAPITAL UK LTD,11181734,active,ltd,,01-02-2018,01-02-2018,[66300],"C/O Kroll Advisory Ltd.,  The Shard,  Level 14 London England SE1 9SG"
UCI FP II LIMITED,NI724636,active,ltd,,13-12-2024,13-12-2024,[66300],6th Floor Glengall Exchange Belfast United Kingdom BT12 5AB
FINANCIAL MODELLING LTD,14014759,active,ltd,,31-03-2022,31-03-2022,"[66190, 66300]",1 Shirehall Lane London United Kingdom NW4 2PE
QUADRIFOGLIO FOUR LTD,16135075,active,ltd,,13-12-2024,13-12-2024,"[58290,62012,62090, 66300]",14 Cotton's Gardens London United Kingdom E2 8DN
BLACK CHORDS LIMITED,13987445,active,ltd,,18-03-2022,18-03-2022,[66300],Studio 62 Great Western Studios London England W2 5EU
NETZERO HOLDINGS LTD,13118750,active,ltd,,07-01-2021,07-01-2021,"[64209, 66300]",20-22 Wenlock Road London England N1 7GU
TURFMOOR CONSULTING LTD,11257260,active,ltd,,15-03-2018,15-03-2018,"[64999,66120,66220, 66300]",6 Richmond Mansions East Twickenham England TW1 2HH
MAZAL E&Y LTD,06522503,active,ltd,,04-03-2008,04-03-2008,"[64303,66300, 68100]",35 Ballards Lane London N3 1XW
ENSPIRE LIMITED,07671663,active,ltd,,15-06-2011,15-06-2011,[66300],Suite 540 5th Floor Linen Hall London W1B 5TF
LFF FND ONE LIMITED,15328899,active,ltd,,05-12-2023,05-12-2023,[66300],Venture House Bracknell England RG12 1WA
SOLD IT ONLINE LIMITED,11161877,active,ltd,,22-01-2018,22-01-2018,"[64209,64304,64999, 66300]",4 Wimbledon Close London England SW20 8HW
RHITHM LTD,13111596,active,ltd,,04-01-2021,04-01-2021,[66300],154 Commercial Street London United Kingdom E1 6NU
FRONTHIDE LIMITED,01996190,active,ltd,,05-03-1986,05-03-1986,[66300],1 Downham Grove Wymondham England NR18 0SN
HILBERT INVESTMENT SOLUTIONS LTD,08956837,active,ltd,,25-03-2014,25-03-2014,[66300],2 Leman Street London United Kingdom E1W 9US
CINNAMON GP4 LIMITED,SC581651,active,ltd,,15-11-2017,15-11-2017,[66300],"Tlt Llp,  9th Floor Glasgow Scotland G2 6SE"
RYTON EQUITY LIMITED,13232946,active,ltd,,27-02-2021,27-02-2021,[66300],Serlby Hall Bawtry England DN10 6BA
MARMEL LIMITED,08938608,active,ltd,,13-03-2014,13-03-2014,[66300],Beckwith Barn Warren Estate Writtle England CM1 3WT
VESTCO1878,10623877,active,private-unlimited,,16-02-2017,16-02-2017,[66300],124 City Road London England EC1V 2NX
PORTOBELLO CAPITAL LTD.,15571551,active,ltd,,17-03-2024,17-03-2024,"[64304, 66300]",Flat 428 Flagstaff House 10 St. George Wharf London United Kingdom SW8 2LZ
NE SMALLER LOANS FUND CARRIED INTEREST PARTNER LIMITED,15478366,active,ltd,,10-02-2024,10-02-2024,[66300],Unit 4 Enterprise House Kingsway Gateshead United Kingdom NE11 0SR
RON COATES & CO LIMITED,04196358,active,ltd,,09-04-2001,09-04-2001,[66300],27 Warren Drive Caerphilly Wales CF83 1HQ
PRESTIGE WORLDWIDE SERVICES & MANAGEMENT LTD,13007332,active,ltd,,10-11-2020,10-11-2020,"[43290,45112, 66300]","The Cottage,  Hampden Bottom Farm Great Missenden England HP16 9PT"
FITOVATE LIMITED,14231312,active,ltd,,13-07-2022,13-07-2022,"[64209,64304,64999, 66300]",Office 1 Hatherton Court Walsall England WS4 2LA
VR FINANZ E.G.,08867022,active,private-unlimited-nsc,,29-01-2014,29-01-2014,"[64205,66300,70221, 82990]",Companyplanet Unit Hounslow/Greater London England TW4 6JQ
EVDOPES LTD,16333128,active,ltd,,21-03-2025,21-03-2025,"[64205,64301, 66300]",71-75 Shelton Street London United Kingdom WC2H 9JQ
PC GROUP NOMINEES LIMITED,12994733,active,ltd,,03-11-2020,03-11-2020,[66300],84 South Croxted Road London England SE21 8BD
INVESTGROUPA LTD,15592605,active,ltd,,25-03-2024,25-03-2024,[66300],128 City Road London United Kingdom EC1V 2NX
AMEDIA WEALTH LTD,11407821,active,ltd,,11-06-2018,11-06-2018,[66300],235-237 Vauxhall Bridge Road London England SW1V 1EJ
CMAB HOLDING LTD,15504234,active,ltd,,19-02-2024,19-02-2024,[66300],128 City Road London United Kingdom EC1V 2NX
CRYPTINIX TRADING GLOBAL LTD,16344865,active,ltd,,26-03-2025,26-03-2025,"[64301,66120,66300, 70229]",Flat 62 Block B Oxford England OX1 1AE
IFM INVESTORS (UK) LTD,05857982,active,ltd,,26-06-2006,26-06-2006,[66300],2 London Wall Place London England EC2Y 5AU
GPG ADVISERS LIMITED,15713920,active,ltd,,11-05-2024,11-05-2024,[66300],Ort House London England NW1 7ET
ACE CREDIT EXCHANGE LIMITED,09782717,active,ltd,,17-09-2015,17-09-2015,[66300],38 Lombard Streeet Lombard Street London England EC3V 9BS
RHEA CAPITAL LIMITED,10800628,active,ltd,,02-06-2017,02-06-2017,[66300],58 Cobden Road London England E11 3PE
IFDC LIMITED,01746367,active,ltd,,16-08-1983,16-08-1983,[66300],33 Cavendish Square London England W1G 0PW
HART ADVISORS LTD,16353107,active,ltd,,31-03-2025,31-03-2025,[66300],5-8 The Sanctuary London United Kingdom SW1P 3JS
THE ICELY DONE FOUNDATION CIC,14772106,active,private-limited-guarant-nsc,community-interest-company,31-03-2023,31-03-2023,[66300],Unit 1e Rawmec Business Park Hoddesdon United Kingdom EN11 0EE
GAINSBOROUGH UPHILLS MUGA GROUP LIMITED,10288510,active,private-limited-guarant-nsc,,20-07-2016,20-07-2016,"[43999, 66300]",1 Willoughton Place Gainsborough England DN21 1EB
CHAPTER WEALTH MANAGEMENT LTD,07941744,active,ltd,,08-02-2012,08-02-2012,[66300],Lancaster House Ackhurst Business Park Chorley England PR7 1NY
NSII HEALTHCARE 1 LTD,16359469,active,ltd,,02-04-2025,02-04-2025,[66300],"First Floor,  50 Marshall Street London United Kingdom W1F 9BQ"
ADMINISTRATIVE SERVICES INTERNATIONAL LIMITED,09393496,active,ltd,,16-01-2015,16-01-2015,[66300],18 School Road Sale England M33 7XP
GROWTH PARTNER VENTURES LIMITED,15581319,active,ltd,,21-03-2024,21-03-2024,[66300],Estate Office Priory Estate York England YO26 8ES
NSII HEALTHCARE 2 LTD,16359426,active,ltd,,02-04-2025,02-04-2025,[66300],"First Floor,  50 Marshall Street London United Kingdom W1F 9BQ"
FUSION RIVERS INVESTMENT COMPANY LTD,16282925,active,ltd,,28-02-2025,28-02-2025,"[64991,66300, 68100]",13 Burdon Lane Sutton England SM2 7PP
AKJ FX LTD,16363153,active,ltd,,03-04-2025,03-04-2025,"[66110,66120, 66300]",128 City Road London United Kingdom EC1V 2NX
FARO GLOBAL INVESTMENTS LTD,13988873,active,ltd,,19-03-2022,19-03-2022,"[66300, 68100]",62b Warren Road London England E10 5QA
IRIC LTD,16361243,active,ltd,,02-04-2025,02-04-2025,[66300],71-75 Shelton Street London United Kingdom WC2H 9JQ
GOLDTRUCK PEGC LIMITED,14023367,active,ltd,,04-04-2022,04-04-2022,[66300],Old School House Honey Lane Maidenhead England SL6 6TG
AS INTERNATIONAL GROUP LTD,16362690,active,ltd,,03-04-2025,03-04-2025,"[64209,64999,66300, 70229]",128 City Road London United Kingdom EC1V 2NX
WHITMAN ASSET MANAGEMENT LIMITED,11283688,active,ltd,,29-03-2018,29-03-2018,[66300],1 Manchester Square London United Kingdom W1U 3AB
IXC I (ENGLAND) LTD,11911928,active,ltd,,28-03-2019,28-03-2019,[66300],#1d Olivers Wharf London England E1W 2PJ
TRANQUILO,11294506,active,private-unlimited,,05-04-2018,05-04-2018,[66300],Drayton House Malthouse Lane Alresford SO24 9RD
ARS EQUITIES LTD,16365219,active,ltd,,04-04-2025,04-04-2025,"[66120, 66300]",86-90 Paul Street London England EC2A 4NE
MARSHALL STERLING ASSET MANAGEMENT LIMITED,06773042,active,ltd,,15-12-2008,15-12-2008,"[64303,64999, 66300]",27 Old Gloucester Street London England WC1N 3AX
ARXCA LTD,11206567,active,ltd,,14-02-2018,14-02-2018,"[66300, 82990]",7 Clough Avenue Sale United Kingdom M33 4HX
JAB VENTURES AND HOLDINGS LTD,16365884,active,ltd,,04-04-2025,04-04-2025,"[64303,64999,66120, 66300]",128 City Road London United Kingdom EC1V 2NX
EUROPA GENERATION LIMITED,10771479,active,ltd,,15-05-2017,15-05-2017,[66300],5th Floor 42 Berners Street London England W1T 3ND
M&G SOCIAL INVESTMENT GP2 LTD,15618092,active,ltd,,05-04-2024,05-04-2024,[66300],10 Fenchurch Avenue London United Kingdom EC3M 5AG
NUVEEN INVESTMENT MANAGEMENT INTERNATIONAL LIMITED,02137726,active,ltd,,04-06-1987,04-06-1987,[66300],9th Floor 201 London EC2M 3BN
IMPERIUM ADMINISTRATION SERVICES UK LIMITED,15997889,active,ltd,,04-10-2024,04-10-2024,[66300],15 Hanover Square Mayfair London United Kingdom W1S 1HS
CLEAR BOOKINGS LTD,16376934,active,ltd,,09-04-2025,09-04-2025,[66300],Railway Arch 463 Andre Street London England E8 2AA
JK GORDONS LTD,16370613,active,ltd,,07-04-2025,07-04-2025,"[64999,66110,66290, 66300]",128 City Road London United Kingdom EC1V 2NX
AUDIMO INVESTMENTS LTD,14015068,active,ltd,,31-03-2022,31-03-2022,[66300],4th Floor Tuition House London England SW19 4EU
PLANHAPPY INVESTMENT MANAGEMENT LTD,09511883,active,ltd,,26-03-2015,26-03-2015,"[66290, 66300]",The Planning Rooms Wellington Court Stockton-On-Tees England TS18 3TA
LIQUID STAKING PROTOCOL LTD,16380325,active,ltd,,10-04-2025,10-04-2025,"[64301,64304, 66300]",40 Bank Street London United Kingdom E14 5NR
DIVYESH LIMITED,16401830,active,ltd,,23-04-2025,23-04-2025,[66300],2a Cambridge Road Hastings England TN34 1DJ
MD SOLUTION GROUP LIMITED,10746006,active,ltd,,28-04-2017,28-04-2017,"[64999,66190,66300, 68100]",Suite 1 Mease Croft Birmingham B9 4PW
MORVEX FX LTD,16407055,active,ltd,,24-04-2025,24-04-2025,"[66110, 66300]",71-75 Shelton Street London United Kingdom WC2H 9JQ
VIDEO TRIPPER LTD,14810620,active,ltd,,18-04-2023,18-04-2023,"[47910,63990,66300, 73110]",40 Farnborough Avenue London United Kingdom E17 6HX
HK LEGACY PLANNING LTD,16407497,active,ltd,,25-04-2025,25-04-2025,[66300],1g Brighouse Road Middlesbrough England TS2 1RT
ELMET INVESTMENTS,10126652,active,private-unlimited,,15-04-2016,15-04-2016,[66300],12 Market Street Hebden Bridge England HX7 6AD
ATACAMA INVESTMENTS LIMITED,16407963,active,ltd,,25-04-2025,25-04-2025,[66300],4 The Sanctuary Surbiton United Kingdom KT6 6DU
REZONATE CAPITAL LIMITED,16381828,active,ltd,,11-04-2025,11-04-2025,[66300],Lifford Hall Lifford Lane Birmingham United Kingdom B30 3JN
ALT PRIME GLOBAL LTD,16383999,active,ltd,,13-04-2025,13-04-2025,[66300],22 Second Avenue London England W3 7RX
THAMARA INVESTMENT LTD,13915231,active,ltd,,14-02-2022,14-02-2022,[66300],5 Woodford Close Wigston England LE18 2RS
LONG VOL TECHNOLOGIES LTD,16389710,active,ltd,,15-04-2025,15-04-2025,[66300],Georg Fattinger West Drayton United Kingdom UB7 0LB
ALPHA B INVESTMENTS CORP LTD,16389634,active,ltd,,15-04-2025,15-04-2025,"[66110, 66300]",1 Canada Square London England E14 5AB
METCROFT ACHILLES COMPANY,14042138,active,private-unlimited,,12-04-2022,12-04-2022,[66300],12 Woodbourne Road Edgbaston Birmingham United Kingdom B15 3QH
SOWING OUR HORIZONS LIMITED,SC845055,active,ltd,,14-04-2025,14-04-2025,"[56290,62090, 66300]",'The Green House' Edinburgh Scotland EH4 1NR
NCI FINANCIAL CONCEPT LTD,16388237,active,ltd,,15-04-2025,15-04-2025,"[64992, 66300]",71-75 Shelton Street London United Kingdom WC2H 9JQ
PROXIMUS CAPITAL PARTNERS LTD,15636094,active,ltd,,11-04-2024,11-04-2024,[66300],20 Wenlock Road London England N1 7GU
AMBANK ASSET MANAGEMENT LTD,16394677,active,ltd,,17-04-2025,17-04-2025,"[64205,64999,66300, 70100]",4th Floor Silverstream House London United Kingdom W1T 6EB
"THOMAS MACKIE & SONS, LIMITED",SC005312,active,ltd,,,30-03-1903,[66300],19 Succoth Place null EH12 6BJ
SE INVESTMENT GROUP LTD,16398369,active,ltd,,22-04-2025,22-04-2025,[66300],3 Newbridge Square Swindon United Kingdom SN1 1HN
SARKIS LIMITED,08544538,active,ltd,,24-05-2013,24-05-2013,[66300],Chute Forest Farm House Andover SP11 9DQ
GBIM LIMITED,07746731,active,ltd,,19-08-2011,19-08-2011,[66300],Milford House Salisbury England SP1 2BP
ZENTARY LIMITED,16411529,active,ltd,,28-04-2025,28-04-2025,[66300],Imparando 56 Commercial Rd London United Kingdom E1 1LP
WEDBOLIS FINANCIAL SERVICES LIMITED,16412183,active,ltd,,28-04-2025,28-04-2025,"[66300,68310, 70221]",12 Worcester Parade Gloucester England GL1 3AR
PAYSAT MONEY LTD,16416875,active,ltd,,29-04-2025,29-04-2025,"[64191,64991,66190, 66300]",71-75 Shelton Street London United Kingdom WC2H 9JQ
LYDIA INVESTMENT HOLDING LTD,16230985,active,ltd,,05-02-2025,05-02-2025,"[64203,64205,66190, 66300]",First Floor Office London United Kingdom W8 4LZ
CREATIVE CAPITAL FUND GENERAL PARTNER LIMITED,05349344,active,ltd,,01-02-2005,01-02-2005,"[66300, 70229]",57g Randolph Avenue London W9 1BQ
ISI INVESTMENTS LTD,09897864,active,ltd,,02-12-2015,02-12-2015,[66300],37 Ulleswater Street Bolton United Kingdom BL1 8LR
EFES CONSULTING UK LTD,13087903,active,ltd,,17-12-2020,17-12-2020,"[66300,70221,70229, 85590]",Britannia House London England W6 0LH
AR GLOBAL INVESTMENT GROUP LTD,16154565,active,ltd,,30-12-2024,30-12-2024,"[64991,66120,66300, 70229]",86-90 Paul Street London England EC2A 4NE
ICENI CAPITAL GP LIMITED,05329305,active,ltd,,11-01-2005,11-01-2005,[66300],32 Hampstead High Street null NW3 1JQ
BLUE WHALE INVESTMENT MANAGEMENT LIMITED,10931669,active,ltd,,24-08-2017,24-08-2017,[66300],21-22 Grosvenor Street London England W1K 4QJ
ESI VENTURE CAPITAL LTD,13245824,active,ltd,,04-03-2021,04-03-2021,"[64303, 66300]",Marine House Haywards Heath United Kingdom RH16 3LH
RWR CAPITAL MARKETS PRIVATE LIMITED,10608612,active,ltd,,08-02-2017,08-02-2017,[66300],Flat 2 215 Lower Mortlake Road Richmond England TW9 2LN
SOVAH LTD,08805033,active,ltd,,06-12-2013,06-12-2013,[66300],43 Overstone Road London England W6 0AD
MINERVA FUND MANAGEMENT SOLUTIONS LIMITED,12310712,active,ltd,,12-11-2019,12-11-2019,[66300],27-29 Townfield Street Chelmsford England CM1 1QL
E.D. CHAPMAN LIMITED,00712109,active,ltd,,03-01-1962,03-01-1962,"[66300, 68100]",61 Bridge Street Kington United Kingdom HR5 3DJ
MAVEN MEIF II ESEM DEBT GP LTD,SC792907,active,ltd,,19-12-2023,19-12-2023,[66300],Kintyre House Glasgow Scotland G2 2LW
D'ORSA CAPITAL LIMITED,07183440,active,ltd,,09-03-2010,09-03-2010,[66300],4th Floor Fitzrovia House London W1T 6QW
PEOVER TRUST COMPANY LIMITED,13250793,active,private-limited-guarant-nsc,,08-03-2021,08-03-2021,[66300],31 Wellington Road Nantwich England CW5 7ED
IQCP IV C2 LIMITED,13250129,active,ltd,,08-03-2021,08-03-2021,[66300],45 Whitfield Street London England W1T 4HD
CGM UK ADVISORS LTD.,11699202,active,ltd,,27-11-2018,27-11-2018,[66300],29 Bolton Street London United Kingdom W1J 8BP
TRAILS FINANCIAL LTD,14859313,active,ltd,,10-05-2023,10-05-2023,"[64999,65110,66290, 66300]",The Barn Green Farm Hitchin United Kingdom SG4 8JD
PLEIADES CAPITAL LIMITED,12371619,active,ltd,,19-12-2019,19-12-2019,[66300],The Shed Cambridge United Kingdom CB5 8HY
INTUNE TRADING CONSULTANTS LTD,14016402,active,ltd,,31-03-2022,31-03-2022,[66300],"Flat 3,  Duke House London England E9 6GL"
INVESTING IN YOUR FUTURE LIMITED,08416754,active,ltd,,25-02-2013,25-02-2013,"[46341,46342,64191, 66300]",36 Westlake Rotherhithe New Road London SE16 2BW
LANSDOWNE PARTNERS LIMITED,03514088,active,ltd,,20-02-1998,20-02-1998,[66300],65 Curzon Street London England W1J 8PE
VENTURE ALLIANCE PARTNERS LTD,15373760,active,ltd,,28-12-2023,28-12-2023,"[64303,64304, 66300]",61 Bridge Street Kington United Kingdom HR5 3DJ
IW CAPITAL GENERAL PARTNER NO. 1 LIMITED,11241858,active,ltd,,08-03-2018,08-03-2018,[66300],42 Bruton Place London United Kingdom W1J 6PA
CENKOS FUND MANAGEMENT LIMITED,06181222,active,ltd,,23-03-2007,23-03-2007,[66300],1 Bartholomew Close London England EC1A 7BL
FOUR OAKS 4 PROPERTY INVESTMENTS LIMITED,10597821,active,ltd,,02-02-2017,02-02-2017,[66300],Beckwith Barn Warren Estate Writtle England CM1 3WT
MUSSARD & CO. WEALTH MANAGEMENT LIMITED,07203602,active,ltd,,25-03-2010,25-03-2010,[66300],Turnpike House 1208-1210 London Road Leigh-On-Sea SS9 2UA
OLD PARK MANAGEMENT TRUST LIMITED,08885330,active,private-limited-guarant-nsc,,11-02-2014,11-02-2014,[66300],2nd Floor 10-12 Bourlet Close London United Kingdom W1W 7BR
STEAD INVESTMENTS LIMITED,11088640,active,ltd,,29-11-2017,29-11-2017,[66300],99 Napier Court Ranelagh Gardens London United Kingdom SW6 3XA
HJF INVESTMENTS LIMITED,11722436,active,ltd,,11-12-2018,11-12-2018,[66300],Units 4&5 Rockfield Business Park Cheltenham United Kingdom GL53 0AN
SLAWSTON INVESTMENTS LTD,09007896,active,ltd,,23-04-2014,23-04-2014,[66300],Haramead Business Centre Leicester England LE1 2LH
W8 WEALTH LIMITED,10678664,active,ltd,,20-03-2017,20-03-2017,[66300],C/O Rayner Essex Llp Tavistock House South London United Kingdom WC1H 9LG
CONTEGO CAPITAL LIMITED,08456101,active,ltd,,21-03-2013,21-03-2013,[66300],Crumpsbank House Churchill DY10 3LT
M D H DERIVATIVES LIMITED,05743078,active,ltd,,15-03-2006,15-03-2006,[66300],Unit 5 Swaker Yard Herts England WD6 4SE
BROMPTON PARTNERS LIMITED,07184850,active,ltd,,10-03-2010,10-03-2010,[66300],1 Knightsbridge Green London SW1X 7QA
MUSTARD SEED STEWARDSHIP LTD,15286277,active,ltd,,15-11-2023,15-11-2023,"[62090,63110,64999, 66300]",71-75 Shelton Street London United Kingdom WC2H 9JQ
GL BROTHERS CAPITAL LTD,11767800,active,ltd,,15-01-2019,15-01-2019,"[64205,64991,66120, 66300]",128 City Road London United Kingdom EC1V 2NX
AZS FINANCE LTD,13202447,active,ltd,,15-02-2021,15-02-2021,"[66300,68100,68209, 69201]",2 Sketty Road Enfield United Kingdom EN1 3SE
THE CHAMBERLAIN GROUP LIMITED,05741560,active,ltd,,14-03-2006,14-03-2006,[66300],New Mill House Park Lane Tamworth England B78 3HX
THP CM TWO LIMITED,13874414,active,ltd,,26-01-2022,26-01-2022,[66300],"Level 4,  Dashwood House London United Kingdom EC2M 1QS"
ST IVES BID LTD,08409718,active,private-limited-guarant-nsc,,19-02-2013,19-02-2013,[66300],The Old School St. Ives TR26 1QU
BALAVAGH INVESTMENTS,09306227,active,private-unlimited,,11-11-2014,11-11-2014,[66300],20 Somerdale Road Birmingham B31 2EG
WANSFELL HOLDINGS LIMITED,11316662,active,ltd,,18-04-2018,18-04-2018,[66300],Staverton Court Cheltenham United Kingdom GL51 0UX
FOSCADH DIGITAL ASSETS LTD,13128421,active,ltd,,12-01-2021,12-01-2021,"[62090,64999,66190, 66300]",One Canada Square 1 Canada Square London England E14 5AA
ABRAXAS CAPITAL MANAGEMENT LIMITED,04519371,active,ltd,,27-08-2002,27-08-2002,[66300],4th Floor 399-401 Strand London United Kingdom WC2R 0LT
J.A.SARGEANT LTD,15257551,active,ltd,,03-11-2023,03-11-2023,"[64991,66120, 66300]","Annexe,  29 Oak Lodge Tye Chelmsford United Kingdom CM1 6GY"
ADABIM INVESTMENT COMPANY LTD,14788976,active,ltd,,10-04-2023,10-04-2023,[66300],The Hart Shaw Building Sheffield United Kingdom S9 1XU
BOOST CAPITAL PARTNERS LTD,14257225,active,ltd,,26-07-2022,26-07-2022,[66300],"Unit D,  Heathmans House London England SW6 4TJ"
GLOCKNER CAPITAL MANAGEMENT (UK) LTD,11139772,active,ltd,,09-01-2018,09-01-2018,[66300],21 Knightsbridge London England SW1X 7LY
SALT & LIGHT FINANCIAL SERVICES LIMITED,11756474,active,ltd,,08-01-2019,08-01-2019,[66300],4b Pach Way Newark England NG24 3UP
CLARHOS MANAGEMENT COMPANY LIMITED,10122973,active,ltd,,14-04-2016,14-04-2016,[66300],Beckwith Barn Warren Estate Writtle England CM1 3WT
CLUARAN CAPITAL LIMITED,16185671,active,ltd,,15-01-2025,15-01-2025,[66300],63 Oakmead Road London England SW12 9SH
GCF CI GENERAL PARTNER LIMITED,NI705317,active,ltd,,24-11-2023,24-11-2023,[66300],8th Floor City Exchange Belfast Northern Ireland BT1 4LS
PRICE FINANCIAL SOLUTIONS LIMITED,08563287,active,ltd,,10-06-2013,10-06-2013,[66300],Genesis House 212 Ingram Road Walsall WS3 3AD
ELE F REVOLUTION LTD,16199506,active,ltd,,21-01-2025,21-01-2025,"[64191,66290, 66300]",26 Bostall Lane London England SE2 0NH
CSIOF SCOTTISH INVESTOR GP LIMITED,SC321881,active,ltd,,20-04-2007,20-04-2007,[66300],"C/O Azets,  Quay 2,  139 Fountainbridge Edinburgh EH3 9QG"
CYROCK CAPITAL LTD,10181912,active,ltd,,16-05-2016,16-05-2016,[66300],71-75 Shelton Street London United Kingdom WC2H 9JQ
AVANTULO LTD,11969410,active,ltd,,29-04-2019,29-04-2019,"[66300, 70229]",20-22 Wenlock Road London England N1 7GU
ROOT CAPITAL (FOUNDER PARTNER) LIMITED,04762967,active,ltd,,13-05-2003,13-05-2003,[66300],44 Catherine Place London England SW1E 6HL
4JS INVEST LIMITED,15409371,active,ltd,,12-01-2024,12-01-2024,[66300],71-75 Shelton Street London United Kingdom WC2H 9JQ
ALANGO EVENTS CONSULTING INTERNATIONAL LTD,11716122,active,ltd,,06-12-2018,06-12-2018,"[62020,64999,66300, 70229]",2nd Floor College House Ruislip United Kingdom HA4 7AE
BELGRAVE CAPITAL MANAGEMENT LIMITED,03105821,active,ltd,,22-09-1995,22-09-1995,[66300],85 Great Portland Street London United Kingdom W1W 7LT
ALGEA GROUP LTD,14612851,active,ltd,,24-01-2023,24-01-2023,[66300],9 Crouch Cross Lane Chichester England PO18 0EF
MEDITOR CAPITAL MANAGEMENT LIMITED,03516926,active,ltd,,25-02-1998,25-02-1998,[66300],Donald Reid Group Limited 1010 Eskdale Road Wokingham United Kingdom RG41 5TS
E.G.I. ENTERPRISE LTD,15402033,active,ltd,,10-01-2024,10-01-2024,"[41100,62020,66300, 82990]",3rd Floor 207 Regent Street London United Kingdom W1B 3HH
COLNE INVESTMENT MANAGEMENT LTD,08977318,active,ltd,,03-04-2014,03-04-2014,[66300],Beckwith Barn Warren Estate Chelmsford United Kingdom CM1 3WT
FOX ASSET MANAGEMENT LIMITED,15428634,active,ltd,,20-01-2024,20-01-2024,[66300],7 Hoo Street Neath Wales SA11 2PA
SMARAGDUS LTD,SC695701,active,ltd,,14-04-2021,14-04-2021,"[64205, 66300]",Balgarvie Farm Perth United Kingdom PH2 6NS
CHESHIRE AND WARRINGTON DF (GP) LIMITED,12225197,active,ltd,,24-09-2019,24-09-2019,[66300],Cheshire East Borough Council C/O Delamere House Crewe England CW1 2LL
DOMA CAPITAL LIMITED,13679908,active,ltd,,14-10-2021,14-10-2021,[66300],63 Westwick Gardens London England W14 0BS
SAGAX CAPITAL LIMITED,14787817,active,ltd,,10-04-2023,10-04-2023,[66300],"20,  Alcon Court,  Flat 4 Earlsfield Road London United Kingdom SW18 3DW"
LIBERATE ENTERPRISES LTD,12553471,active,ltd,,09-04-2020,09-04-2020,"[41202,66300,68209, 70229]",9 Mill Mead Basingstoke England RG25 3FD
MIDDLETON BRAY GROUP HOLDINGS LTD,13812764,active,ltd,,22-12-2021,22-12-2021,[66300],Suite B First Floor Tourism House Exeter England EX2 5WS
BISHOP'S GLEN INVESTMENT PARTNERS LIMITED,SC735498,active,ltd,,14-06-2022,14-06-2022,[66300],Mid Village Croft Cairndow Scotland PA27 8DB
PRIDELAND LIMITED,03718334,active,ltd,,23-02-1999,23-02-1999,[66300],Westville Brockenhurst SO42 7ST
TACCONIS LTD,13948465,active,ltd,,02-03-2022,02-03-2022,[66300],Flat 7 28 Leathermarket Street London United Kingdom SE1 3FZ
ETHEREUM ENTERPRISES LTD,12408117,active,ltd,,16-01-2020,16-01-2020,[66300],2nd Floor College House Ruislip United Kingdom HA4 7AE
GESTORIA LIMITED,07953766,active,ltd,,17-02-2012,17-02-2012,"[64209, 66300]",7-8 Ritz Parade London W5 3RA
QUATREFOIL INVESTMENTS LIMITED,10652920,active,ltd,,06-03-2017,06-03-2017,[66300],Advantage House Stowe Court Lichfield United Kingdom WS13 6AQ
LUXCESS GROUP LTD,16296571,active,ltd,,06-03-2025,06-03-2025,"[66110, 66300]",110 Bishopsgate London England EC2N 4AY
CAPEL COURT LIMITED,02686967,active,ltd,,12-02-1992,12-02-1992,"[64999,66120, 66300]",The Pavilions Eden Park Bristol United Kingdom BS20 0DD
RUDIUS MANAGEMENT (UK) LIMITED,13303027,active,ltd,,30-03-2021,30-03-2021,[66300],"4th Floor,  58-59 Great Marlborough Street London England W1F 7JY"
UBUNTU ASSET MANAGEMENT LTD,15512111,active,ltd,,21-02-2024,21-02-2024,"[66300, 82302]",Office 1.01 411-413 London England W1C 2PE
EXCLUSIVE CAPITAL PARTNERS GLOBAL LIMITED,12507585,active,ltd,,10-03-2020,10-03-2020,"[46190,46720,64999, 66300]",7 Bell Yard London United Kingdom WC2A 2JR
RESPONSIBLE WEALTH LTD,08520020,active,ltd,,08-05-2013,08-05-2013,[66300],Responsible Wealth Elmfield House Witney England OX28 1PB
J SAINSBURY COMMON INVESTMENT FUND LIMITED,02789936,active,ltd,,15-02-1993,15-02-1993,[66300],33 Charterhouse Street London England EC1M 6HA
MISSION WINNOW LIMITED,14089112,active,ltd,,05-05-2022,05-05-2022,"[62090,63120,64999, 66300]",7 Bell Yard London United Kingdom WC2A 2JR
AMYNA LTD.,11836954,active,ltd,,20-02-2019,20-02-2019,"[64999, 66300]",98 Dukes Avenue London England W4 2AF
R.COOPER CONSULTING LIMITED,15612725,active,ltd,,03-04-2024,03-04-2024,[66300],27 Old Gloucester Street London United Kingdom WC1N 3AX
B42 INVESTMENTS,10756211,active,private-unlimited,,05-05-2017,05-05-2017,[66300],Third Floor 20 Old Bailey London EC4M 7AN
PRIMETIER CORP LTD,16425701,active,ltd,,02-05-2025,02-05-2025,"[66110, 66300]",110 Bishopsgate London England EC2N 4AY
NEWTON MANAGEMENT LIMITED,02769904,active,ltd,,02-12-1992,02-12-1992,[66300],160 Queen Victoria Street London England EC4V 4LA
RESURGENT CAPITAL LTD,15604496,active,ltd,,30-03-2024,30-03-2024,[66300],"21 Ellis Street Knightsbridge,  London England SW1X 9AL"
FIFTY EIGHT CAPITAL LTD,14920236,active,ltd,,07-06-2023,07-06-2023,[66300],17 Willowcourt Avenue Harrow England HA3 8ET
MAKSIMES LTD,16431989,active,ltd,,06-05-2025,06-05-2025,"[65300,66220,66300, 70229]",27 Old Gloucester Street London United Kingdom WC1N 3AX
CITY FINANCIAL ASSET MANAGEMENT LIMITED,01151609,active,ltd,,14-12-1973,14-12-1973,[66300],21 Clifford Grove Middlesex TW15 2JS
QUASAR WAVE CAPITAL LTD,16431060,active,ltd,,06-05-2025,06-05-2025,"[46900,64205,66300, 70229]",167 - 169 Great Portland Street London England W1W 5PF
EPIEIKES LTD,16426559,active,private-limited-guarant-nsc,,02-05-2025,02-05-2025,[66300],Wessex House Newton Abbot United Kingdom TQ12 4AA
GENEVA WEALTH LIMITED,09572386,active,ltd,,01-05-2015,01-05-2015,[66300],Rivers Lodge Harpenden England AL5 2JD
CANVEY PILAH HOLDINGS LTD,16429564,active,ltd,,06-05-2025,06-05-2025,"[64209,65300, 66300]",82 Meadow Way Norwich United Kingdom NR6 6XX
ALL IN ONE COMMUNITY SOLUTIONS LTD,15684451,active,ltd,,26-04-2024,26-04-2024,"[66300,96090, 98000]",Office 8 Jarodale House Nottingham United Kingdom NG7 6LB
AUREUM CAPITAL MANAGEMENT LTD,16431329,active,ltd,,06-05-2025,06-05-2025,[66300],20 Wenlock Road London England N1 7GU
SENTINEL-UK LIMITED,16432157,active,ltd,,06-05-2025,06-05-2025,[66300],71-75 Shelton Street London United Kingdom WC2H 9JQ
TEMPLE NORTH MANAGEMENT LTD,10388440,active,ltd,,21-09-2016,21-09-2016,"[66300,68100, 68209]",6 Bridge Street Northampton England NN1 1NW
A2M INVESTMENTS LIMITED,16757501,active,ltd,,02-10-2025,02-10-2025,"[64209, 66300]",Unit 39 Cariocca Business Park Manchester United Kingdom M40 8BB
GLOBAL MARKETING LTD,16757984,active,ltd,,02-10-2025,02-10-2025,[66300],128 City Road London United Kingdom EC1V 2NX
QUANTUM REAL ESTATE PARTNERS LTD,16761915,active,ltd,,03-10-2025,03-10-2025,"[66300,68320, 70229]",Suite 212 Butlers Wharf Building London England SE1 2YE
ACCUMULUS WEALTH MANAGEMENT LIMITED,10043154,active,ltd,,04-03-2016,04-03-2016,[66300],The Old Rectory Weybridge England KT13 8DE
M D FINANCIAL LIMITED,04215592,active,ltd,,14-05-2001,14-05-2001,[66300],2 Station View Stockport England SK7 5ER
AGL SOLUTIONS LIMITED,11236665,active,ltd,,06-03-2018,06-03-2018,[66300],48 Whitehouse Crescent Chelmsford CM2 7LW
STEPHEN GRUNDY LIMITED,07384282,active,ltd,,22-09-2010,22-09-2010,"[66300, 68320]",Towngate House 2-8 Parkstone Road Poole BH15 2PW
KYLENDALE LIMITED,05187788,active,ltd,,23-07-2004,23-07-2004,[66300],Suite 8 Phoenix House Basildon United Kingdom SS14 3EZ
SAMSY CAPITAL LIMITED,16761239,active,ltd,,03-10-2025,03-10-2025,[66300],4 Whitfield Road London England E6 1AS
OPTIMUM PENSION MANAGEMENT LTD,16761679,active,ltd,,03-10-2025,03-10-2025,[66300],128 City Road London United Kingdom EC1V 2NX
EOLITH MANAGEMENT LTD,16738830,active,ltd,,24-09-2025,24-09-2025,[66300],"Unit 7a Moor Park Industrial Estate,  Tolpits Lane Watford England WD18 9SP"
ORANGE CAT ENERGY TECHNOLOGY INVESTMENT LIMITED,16735781,active,ltd,,23-09-2025,23-09-2025,"[64303,66120, 66300]",199 Bishopsgate London United Kingdom EC2M 3TY
SDCL EE (CO) (UK) CIP HOLDINGS LIMITED,08148673,active,ltd,,18-07-2012,18-07-2012,[66300],One London England W1H 7AL
EVOLEN CAPITAL LTD,16742687,active,ltd,,25-09-2025,25-09-2025,"[66190, 66300]","4th Floor,  Rex House London United Kingdom SW1Y 4PE"
CONNECT VENTURES FIVE (ENGLAND) LIMITED,16743087,active,ltd,,25-09-2025,25-09-2025,[66300],4th Floor 89 Great Eastern Street London United Kingdom EC2A 3HX
EJS FINANCIAL SERVICES LIMITED,10118281,active,ltd,,11-04-2016,11-04-2016,[66300],"Suite 6,  Enterprise House Bicester England OX26 4LD"
HILALAH LTD,16734699,active,ltd,,22-09-2025,22-09-2025,"[47910,66300,70229, 73200]",265a New North Road London England N1 7AA
SUSTAINABLE DATA CENTERS LTD,12046082,active,ltd,,12-06-2019,12-06-2019,[66300],One London England W1H 7AL
LAROC COMPANY LTD,16743339,active,ltd,,25-09-2025,25-09-2025,[66300],Orchard Corner Littleworth Stroud England GL5 5AL
CONNECT VENTURES FIVE (SCOTLAND) LIMITED,SC864576,active,ltd,,30-09-2025,30-09-2025,[66300],Citypoint Edinburgh United Kingdom EH12 5HD
ELEPHANTA CAPITAL LTD,16000765,active,ltd,,07-10-2024,07-10-2024,[66300],11 Bolton Street London England W1J 8BB
GSCM CAPITAL I LIMITED,11645304,active,ltd,,26-10-2018,26-10-2018,[66300],Moor Place London England EC2Y 9DT
SARTHIFXM CAPITAL LIMITED,16752864,active,ltd,,30-09-2025,30-09-2025,"[64192,64910,66110, 66300]",Suite10 Capital House London United Kingdom E8 1LL
NIGHTINGALE CAPITAL ADVISORS (UK) LTD,12981815,active,ltd,,28-10-2020,28-10-2020,[66300],21 Barnfield Road Harpenden England AL5 5TH
BLACK BUSINESS FOUNDERS CIC,16167590,active,private-limited-guarant-nsc,community-interest-company,07-01-2025,07-01-2025,"[66300,70229, 78300]",6 Brewery Gardens Liverpool L25 3PB
ECI 12 SPECIAL PURPOSE MIDCO 2 LIMITED,16559406,active,ltd,,03-07-2025,03-07-2025,[66300],Building 4 Croxley Park Watford United Kingdom WD18 8YF
SALT PROJECTS CORNWALL LTD,11883408,active,ltd,,14-03-2019,14-03-2019,"[66300,82301, 90030]","Unit 3 Building B Green Court,  Truro Business Park Truro England TR4 9LF"
UCBI GROUP TECHNOLOGIES LTD,16774681,active,ltd,,09-10-2025,09-10-2025,"[62020,64191,64301, 66300]",20 Wenlock Road London England N1 7GU
KRYPTON HOLDINGS LTD,16776717,active,ltd,,10-10-2025,10-10-2025,"[64209,66300,68100, 68209]",1 Dairy Cottage Beaminster England DT8 3NP
AIM IRELAND LIMITED,14098132,active,ltd,,10-05-2022,10-05-2022,[66300],C/O Tlt Llp Bristol England BS1 6TP
CONYERS FAMILY PIC LTD,12250889,active,ltd,,09-10-2019,09-10-2019,[66300],22 Highacre Dorking England RH4 3BF
SCRP CORPORATE PARTNER LTD,13715178,active,ltd,,01-11-2021,01-11-2021,[66300],5th Floor 167-169 Great Portland Street London England W1W 5PF
AUSTERE LTD,16795148,active,ltd,,20-10-2025,20-10-2025,"[64991,64999, 66300]",71-75 Shelton Street London United Kingdom WC2H 9JQ
BRITANNIA SAXON HOLDING LIMITED,16791452,active,ltd,,17-10-2025,17-10-2025,"[66300,68100, 68320]",19 Charles Street London England W1J 5DT
U3 FOUNDATION,16362674,active,private-limited-guarant-nsc-limited-exemption,,03-04-2025,03-04-2025,"[64205,64304,66120, 66300]",Suite 302 4 Station Square Cambridge England CB1 2GE
BYNIRI LTD,14005325,active,ltd,,28-03-2022,28-03-2022,[66300],Unit 1 Cilmedw Way Llangollen Wales LL20 8AG
CASEY AND COWE LTD,12972038,active,ltd,,23-10-2020,23-10-2020,"[47910, 66300]",136 Ladies Grove St. Albans England AL3 5UB
S.M.U CAPITAL LIMITED,13430252,active,ltd,,01-06-2021,01-06-2021,"[66120, 66300]",195-197 Wood Street London England E17 3NU
BITE FAST EXCHANGE LTD,16795707,active,ltd,,20-10-2025,20-10-2025,"[64209,64301,64303, 66300]",128 City Road London United Kingdom EC1V 2NX
VOLPI CAPITAL INVESTMENTS CONTI LIMITED,14461218,active,ltd,,04-11-2022,04-11-2022,[66300],1 Hoopers Court London England SW3 1AF
LIFEWAY CAPITAL LTD,14406603,active,ltd,,09-10-2022,09-10-2022,"[64205,64999, 66300]",86-90 Paul Street London England EC2A 4NE
MATIFBOAT LTD,16773535,active,ltd,,09-10-2025,09-10-2025,"[64999,66210, 66300]",71-75 Shelton Street London United Kingdom WC2H 9JQ
FELICITATEM CAPITAL,11685379,active,private-unlimited,,19-11-2018,19-11-2018,[66300],Burleigh House Cassington Road Woodstock England OX20 1RX
THE COGS INVESTMENT GROUP LIMITED,15070453,active,ltd,,14-08-2023,14-08-2023,"[66300,68209,87100, 90020]",Flat 6 Kings Meadow Batley England WF17 9QU
RAMSENA COIN LTD,16812180,active,ltd,,27-10-2025,27-10-2025,"[66300,68100,85600, 88100]",128 City Road London United Kingdom EC1V 2NX
STG PARTNERS UK LIMITED,15748325,active,ltd,,29-05-2024,29-05-2024,[66300],6 Upper Grosvenor Street London United Kingdom W1K 2LJ
ADAPTIC ASSET MANAGEMENT (UK) LIMITED,16806129,active,ltd,,23-10-2025,23-10-2025,"[62020, 66300]",12 Old Bond Street London England W1S 4PW
MARGAUX PLATFORMS LIMITED,16632395,active,ltd,,06-08-2025,06-08-2025,[66300],84 Brook Street London United Kingdom W1K 5EH
ENHANCED CAPITAL LTD,15349614,active,ltd,,13-12-2023,13-12-2023,[66300],Christchurch Golf Centre Bournemouth England BH7 7ES
GUIXOLS ASSET MANAGEMENT LTD,16815833,active,ltd,,28-10-2025,28-10-2025,[66300],35/37 Ludgate Hill London United Kingdom EC4M 7JN
ARCHAX CAPITAL LTD,11477975,active,ltd,,23-07-2018,23-07-2018,[66300],71-75 Shelton Street London England WC2H 9JQ
TPT INVESTMENT MANAGEMENT LIMITED,14527587,active,ltd,,07-12-2022,07-12-2022,[66300],5th Floor 3 South Brook Street Leeds England LS10 1FT
MITOFF.AI LTD,16535787,active,ltd,,23-06-2025,23-06-2025,"[66300, 70221]",Office 13187 182-184 High Street North London United Kingdom E6 2JA
ASSET PORTFOLIO GROUP LTD,16538115,active,ltd,,24-06-2025,24-06-2025,[66300],128 City Road London United Kingdom EC1V 2NX
HASLIBERG 2005 LIMITED,16538586,active,ltd,,24-06-2025,24-06-2025,[66300],C/O Guy Payne & Co Neston United Kingdom CH64 9XF
INTERA AI HOLDINGS UK LIMITED,16462908,active,ltd,,20-05-2025,20-05-2025,"[64305,66110, 66300]",27 Old Gloucester Street London United Kingdom WC1N 3AX
DREAM CHASING INVESTMENT MANAGEMENT COMPANY LTD,13674188,active,ltd,,12-10-2021,12-10-2021,"[66110,66190,66300, 70221]",13674188 - COMPANIES HOUSE DEFAULT ADDRESS Cardiff CF14 8LH
GOLDFIELDS VAULTX LTD,12739243,active,ltd,,13-07-2020,13-07-2020,"[64301,66190,66300, 70221]",128 City Road London United Kingdom EC1V 2NX
OMN INVESTMENTS LIMITED,15628175,active,ltd,,08-04-2024,08-04-2024,"[64304,66300, 68320]",45 Price Road Wednesbury England WS10 0EZ
PROSPE CAPITAL LTD,16456629,active,ltd,,19-05-2025,19-05-2025,"[64301,64306, 66300]",84 Ridgmount Gardens London England WC1E 7AY
CHEFS ON MOVE LTD,12029968,active,ltd,,03-06-2019,03-06-2019,"[56210,66300, 68100]","Anuyu Hair And Beauty Ltd,  126 A Hounslow England TW3 1UG"
AMOL LIFE LTD,15571430,active,ltd,,17-03-2024,17-03-2024,"[65300, 66300]",9 Primrose Road Bristol England BS16 7HR
GLADMAX GROUP LIMITED,10790521,active,ltd,,26-05-2017,26-05-2017,"[66300,68100,70100, 82990]",31 Belson Road London England SE18 5PU
DMG RENOWN INVESTMENTS LIMITED,16301454,active,ltd,,07-03-2025,07-03-2025,[66300],Northcliffe House London United Kingdom W8 5HY
GLOBEWAVE TRADING LTD,16459974,active,ltd,,19-05-2025,19-05-2025,"[64999, 66300]",71-75 Shelton Street London United Kingdom WC2H 9JQ
GRANITEMARK CORP LTD,16464597,active,ltd,,21-05-2025,21-05-2025,"[66110, 66300]",The Shard London England SE1 9SG
BLC III GP MEMBER LTD,15635295,active,ltd,,11-04-2024,11-04-2024,[66300],25 Southampton Buildings London United Kingdom WC2A 1AL
BLC III NOMINEE LTD,15635302,active,ltd,,11-04-2024,11-04-2024,[66300],25 Southampton Buildings London United Kingdom WC2A 1AL
WHITEOAK PARTNERSHIP LIMITED,16506169,active,ltd,,09-06-2025,09-06-2025,"[64209,64304,66300, 82990]",2 Statham Court Macclesfield England SK11 6XN
BARBROOK MANAGEMENT COMPANY LTD,08103821,active,private-limited-guarant-nsc,,13-06-2012,13-06-2012,[66300],17 Kent Road Swindon England SN1 3NJ
NAVERA INVESTMENT MANAGEMENT LIMITED,12516583,active,ltd,,13-03-2020,13-03-2020,[66300],Riverside House London United Kingdom SE1 9HA
ABHIVIO LTD,16507107,active,ltd,,10-06-2025,10-06-2025,[66300],71-75 Shelton Street London United Kingdom WC2H 9JQ
ELMSTONE CAPITAL LTD,16511730,active,ltd,,11-06-2025,11-06-2025,[66300],Flat 2 61 Argyle Road London England W13 0LW
HELIX CAPITAL SERVICES LIMITED,11405616,active,ltd,,08-06-2018,08-06-2018,[66300],51 The Grove London England W5 5DX
SVM FINANCIAL LIMITED,15032077,active,ltd,,27-07-2023,27-07-2023,"[64209,64304,64999, 66300]",4 Wimbledon Close London England SW20 8HW
CHARTERIS TREASURY PORTFOLIO MANAGERS LIMITED,01830771,active,ltd,,06-07-1984,06-07-1984,[66300],Suite 10 4th Floor Amp House Croydon England CR0 2LX
COMINVEST SYSTEMS (UK) LIMITED,01861657,active,ltd,,07-11-1984,07-11-1984,[66300],Stag Gates House Southampton SO17 1XS
CAVAN ASSET MANAGEMENT (UK) LIMITED,16517941,active,ltd,,13-06-2025,13-06-2025,"[64209,64999, 66300]",71-75 Shelton Street London United Kingdom WC2H 9JQ
PEOPLE PLANET PROFIT LIMITED,12057332,active,ltd,,18-06-2019,18-06-2019,[66300],Office 601 The Chandlery Business Centre London United Kingdom SE1 7QY
RENTELLIGENCE LIMITED,16522288,active,ltd,,17-06-2025,17-06-2025,[66300],44 Whitfield Road London England E6 1AS
RISKSAVE TECHNOLOGIES LTD,09930262,active,ltd,,29-12-2015,29-12-2015,"[66300, 70229]",2 Eastbourne Terrace London England W2 6LG
SOVEREIGN ASSETS & INVESTMENTS LIMITED,07975354,active,ltd,,05-03-2012,05-03-2012,"[66110,66300, 68320]",6 Barnfield Place London England E14 9YA
INGATESTONE GOVERNANCE AND COMPLIANCE LIMITED,07447290,active,ltd,,22-11-2010,22-11-2010,"[64205,64304,66300, 68100]",146 New London Road Chelmsford England CM2 0AW
ENDLESS FOURTH PARTNER LIMITED,12357593,active,ltd,,10-12-2019,10-12-2019,[66300],Ground Floor Leeds England LS1 2HL
ASSETCURE LTD,16475325,active,ltd,,27-05-2025,27-05-2025,[66300],275 New North Road London England N1 7AA
ENIGMA INVESTMENTS LIMITED,10674994,active,ltd,,16-03-2017,16-03-2017,[66300],Chapmansford Farm House Whitchurch United Kingdom RG28 7RR
FOCUS CAPITAL MANAGEMENT AND INVESTMENT LIMITED,11765451,active,ltd,,14-01-2019,14-01-2019,"[66300,68310, 98000]",Design District Coworking C3 London England SE10 0AX
A.I. STRATEGY LTD,16549034,active,ltd,,30-06-2025,30-06-2025,[66300],Flat 612 Gilbert House Barbican London England EC2Y 8BD
HIMALAYA CAPITAL MANAGEMENT (UK) LIMITED,16549045,active,ltd,,30-06-2025,30-06-2025,[66300],4th Floor 3 More London Riverside London United Kingdom SE1 2AQ
ANTIMATTER AI LABS LTD,16550406,active,ltd,,30-06-2025,30-06-2025,"[64304,66300,68100, 68209]",128 City Road London United Kingdom EC1V 2NX
LACANN LIMITED,13980740,active,ltd,,16-03-2022,16-03-2022,[66300],1 Fore Street Avenue London England EC2Y 9DT
ASCOT LLOYD INVESTMENT MANAGEMENT LIMITED,08197347,active,ltd,,31-08-2012,31-08-2012,[66300],45 Church Street Birmingham United Kingdom B3 2RT
NUMBER FIVE CAPITAL LTD,15748404,active,ltd,,29-05-2024,29-05-2024,"[64303,66120,66300, 70221]",Flat 66 Richmond Court London England SW1X 9QU
MACTAGGART & MICKEL INVESTMENTS LIMITED,10037922,active,ltd,,02-03-2016,02-03-2016,[66300],London (W1w 5pf) Office 167-169 Great Portland Street London England W1W 5PF
MARROWGATE HOLDINGS LTD,16578590,active,ltd,,13-07-2025,13-07-2025,"[64209,64303, 66300]",71-75 Shelton Street London United Kingdom WC2H 9JQ
KEITH GEOFFREY INVESTMENTS,16579475,active,private-unlimited,,14-07-2025,14-07-2025,[66300],"Mha The Pinnacle,  Building A Milton Keynes MK9 1LZ"
REPEAT VC LIMITED,16520628,active,ltd,,16-06-2025,16-06-2025,[66300],"2nd Floor Connaught House,  1-3 Mount Street London United Kingdom W1K 3NB"
SVL FINANCIAL INC LTD,15766674,active,ltd,,07-06-2024,07-06-2024,"[42220,66110,66300, 99000]",Unit Fs.113a 154-160 Fleet Street London England EC4A 2DQ
SPOSITO FAMILY OFFICE LIMITED,15011715,active,ltd,,18-07-2023,18-07-2023,[66300],167-169 Great Portland Street London United Kingdom W1W 5PF
RIGEL MARKETS LTD,16581200,active,ltd,,14-07-2025,14-07-2025,"[64991,66110,66120, 66300]",71-75 Shelton Street London United Kingdom WC2H 9JQ
SHOREFOX PARTNERS LIMITED,16132647,active,ltd,,12-12-2024,12-12-2024,"[64304,66300, 70221]",73 Cornhill London United Kingdom EC3V 3QQ
JARDIN SIROCCO FOUNDATION,16579376,active,private-limited-guarant-nsc-limited-exemption,,14-07-2025,14-07-2025,"[66300,74990, 94990]",5 Upton Close Ipswich United Kingdom IP4 2QQ
ARVE GLOBAL GROUP LTD,16553600,active,ltd,,01-07-2025,01-07-2025,[66300],128 City Road London United Kingdom EC1V 2NX
METAMOR GLOBAL INVESTORS LTD,13727558,active,ltd,,07-11-2021,07-11-2021,[66300],Michelin House London England SW3 6RD
ORION GROVE CAPITAL LIMITED,16629408,active,ltd,,05-08-2025,05-08-2025,[66300],Office 1212 Or 182-184 High Street North Area 1/1 East Ham United Kingdom E6 2JA
ALPHA TRADE LTD,14436378,active,ltd,,22-10-2022,22-10-2022,[66300],50 Burnaby Gardens London England W4 3DP
MACLAREN INVESTMENTS LIMITED,16594570,active,ltd,,21-07-2025,21-07-2025,[66300],C/O Elliot Woolfe & Rose Limited Stanmore United Kingdom HA7 1JS
2NA CAPITAL MANAGEMENT LTD,16595019,active,ltd,,21-07-2025,21-07-2025,[66300],"3rd Floor,  86-90 Paul Street London England EC2A 4NE"
SUPERNOVA FINANCE HOLDINGS LTD,16596346,active,ltd,,21-07-2025,21-07-2025,"[64301,64304, 66300]","3rd Floor,  86-90 Paul Street London England EC2A 4NE"
TRADINGSTOP LIMITED,16105285,active,ltd,,27-11-2024,27-11-2024,[66300],266 Shelley Road Wellingborough England NN8 3ED
PENTALPHA CAPITAL LTD,08679155,active,ltd,,05-09-2013,05-09-2013,[66300],85 Great Portland Street London United Kingdom W1W 7LT
BETTER CAPITAL INVEST LTD,16588671,active,ltd,,17-07-2025,17-07-2025,"[64205,64301, 66300]","7a The Close,  Barnhill Road Wembley England HA9 9BY"
TRUFFLE PIG INVESTMENTS LTD,13330320,active,ltd,,13-04-2021,13-04-2021,"[64205,64303, 66300]","The Venture Centre,  Cambridge Innovation Park Denny End Road Cambridge England CB25 9PB"
GAMANSO ASSET MANAGEMENT LTD,16597782,active,ltd,,22-07-2025,22-07-2025,"[64209,66300,70100, 82990]",71-75 Shelton Street London United Kingdom WC2H 9JQ
CRE MANAGEMENT (HOLDINGS) LIMITED,13119982,active,ltd,,07-01-2021,07-01-2021,[66300],First Floor London United Kingdom W1U 2BP
ORBIS SYNDICATE LIMITED,16599372,active,ltd,,22-07-2025,22-07-2025,[66300],Flat 48 Providence House Maidenhead England SL6 8BF
ZIVE CAPITAL - CARDIFF FRIARY UK GP LIMITED,16467595,active,ltd,,22-05-2025,22-05-2025,[66300],Stanhope House London England W1K 1PR
ELLERSLIE INVESTMENTS LIMITED,16603262,active,ltd,,24-07-2025,24-07-2025,[66300],Rowlands Pulborough England RH20 1PQ
SHIPROCK CAPITAL MANAGEMENT LIMITED,14057969,active,ltd,,20-04-2022,20-04-2022,[66300],5 Savile Row London W1S 3PB
BOSSA INVESTMENTS LTD,13002534,active,ltd,,06-11-2020,06-11-2020,"[64209,64304,66300, 68100]",1 Wern Road Ammanford Wales SA18 1LN
HENGWEI COMMERCIAL MANAGEMENT LIMITED,16615022,active,ltd,,30-07-2025,30-07-2025,"[64306,66300, 68209]","7 Copperfield Road,  Coventry West Midlands,  England United Kingdom CV2 4AQ"
AURUM HEAVEN COMMUNITY GROUP LTD.,16609359,active,ltd,,28-07-2025,28-07-2025,[66300],Suite10 Capital House London United Kingdom E8 1LL
"JIESONGLIN INVESTMENT HOLDING GROUP CO., LTD",16607578,active,ltd,,,25-07-2025,"[46190,66190,66300, 73110]",Suite 13265 61 Bridge Street Kington United Kingdom HR5 3DJ
GARDENIA FINANCIAL LIMITED,13112954,active,ltd,,05-01-2021,05-01-2021,[66300],8-10 Grosvenor Gardens London England SW1W 0DH
GENERAL PARTNER UMI SCOTLAND LIMITED,SC606306,active,ltd,,24-08-2018,24-08-2018,[66300],Capital Square C/O Brodies Llp Edinburgh Scotland EH3 8BP
ASTOLAT INVESTMENT GROUP LIMITED,16634573,active,ltd,,07-08-2025,07-08-2025,[66300],27 Old Gloucester Street London United Kingdom WC1N 3AX
AINNOV TECH LTD,16616816,active,ltd,,30-07-2025,30-07-2025,"[66300, 70221]",5 Auckland Gardens London United Kingdom SE19 2UG
VAYUMIND TECHNOLOGIES LTD,16619415,active,ltd,,31-07-2025,31-07-2025,"[66120,66300,73110, 74909]",First Floor Office London United Kingdom W8 4LZ
CLOVER LANCE LTD,16638683,active,ltd,,08-08-2025,08-08-2025,"[64205,64303, 66300]",71-75 Shelton Street London United Kingdom WC2H 9JQ
COMPTON INVESTMENT MANAGEMENT LIMITED,16636394,active,ltd,,07-08-2025,07-08-2025,[66300],45-51 Wychtree Street Swansea Wales SA6 8EX
IVERSON AND CO. LIMITED,16638873,active,ltd,,08-08-2025,08-08-2025,"[64991,66190, 66300]",128 City Road London United Kingdom EC1V 2NX
FLUID FINANCE LTD,16622979,active,ltd,,01-08-2025,01-08-2025,[66300],5 Yarnfield Croft Stone England ST15 0GH
EMVIOS LIMITED,16625069,active,ltd,,04-08-2025,04-08-2025,[66300],5 St Botolph St London United Kingdom EC3A 7DH
SHENANDOAH CAPITAL LTD.,16626886,active,ltd,,04-08-2025,04-08-2025,[66300],71-75 Shelton Street London United Kingdom WC2H 9JQ
DOSTIA C.I.C.,16627067,active,private-limited-guarant-nsc,community-interest-company,04-08-2025,04-08-2025,"[66300,73200, 85590]",14 Bird Brook Close Wednesbury England WS10 8NB
TRVX GROUP HOLDING LTD,16842212,active,ltd,,10-11-2025,10-11-2025,"[64209,64999,66300, 70229]",100 Bishopsgate London England EC2N 4AG
SOLOMON PAPAS CAPITAL LIMITED,16839957,active,ltd,,07-11-2025,07-11-2025,"[64304, 66300]",35 Ballards Lane London United Kingdom N3 1XW
9912085 LTD,09912085,active,ltd,,10-12-2015,10-12-2015,"[24100,66300, 70221]","C/O Specialist Mobility Training Ltd,  Unit 6 Leamington Spa England CV31 3RG"
FIVE PILLARS CONSULT LIMITED,16604458,active,ltd,,24-07-2025,24-07-2025,"[66300,69201,70221, 78300]",35 Scotney Drive Greenhithe England DA9 9ZS
MINGANAX LIMITED,16847788,active,ltd,,11-11-2025,11-11-2025,"[66300,72190,86900, 94910]",105b Fairlop Road London England E11 1BE
VERAX CAPITAL LTD,14434708,active,ltd,,21-10-2022,21-10-2022,[66300],Unit 8 Stephenson Close Daventry England NN11 8RF
TIBURON PARTNERS LIMITED,05509734,active,ltd,,15-07-2005,15-07-2005,[66300],Crabfields Farm Drungewick Lane Billingshurst England RH14 0RS
SANDSTONE WEALTH MANAGEMENT LTD,16842537,active,ltd,,10-11-2025,10-11-2025,[66300],Rookery Cottage Main Road Nantwich England CW5 6DJ
THIRD WAVE CAPITAL LIMITED,12369094,active,ltd,,18-12-2019,18-12-2019,"[66110,66300, 85590]",Apartment 845 Baltimore Wharf London England E14 9FG
QWAY ORG LIMITED,16849367,active,ltd,,12-11-2025,12-11-2025,"[66300, 70221]",4 Corfton Rd London United Kingdom W5 2HS
PASSION CAPITAL NOMINEES LIMITED,10454087,active,ltd,,31-10-2016,31-10-2016,[66300],"Second Floor,  Laxmi,  The Tanneries,  57 London England SE1 3XJ"
CARTHAGE EUROPE LTD,16845204,active,ltd,,10-11-2025,10-11-2025,"[46120,64205,64999, 66300]",27 Old Gloucester Street London United Kingdom WC1N 3AX
ULBRRY LTD,13756705,active,ltd,,22-11-2021,22-11-2021,"[66300, 94110]",Ulbrry Oxford United Kingdom OX4 2BB
ELIPSIS HOLDINGS LTD,16895582,active,ltd,,08-12-2025,08-12-2025,"[64205,66120, 66300]",71-75 Shelton Street London United Kingdom WC2H 9JQ
POST ROAD EUROPE (V) HOLDINGS LIMITED,16911879,active,ltd,,15-12-2025,15-12-2025,[66300],22 Great Marlborough Street London United Kingdom W1F 7HU
SEEDCAMP VI INVESTMENTS LTD,16490193,active,ltd,,02-06-2025,02-06-2025,[66300],12 Little Portland Street London England W1W 8BJ
HAFREN INVESTMENTS LTD,02181722,active,ltd,,21-10-1987,21-10-1987,[66300],1 Carlton Parade Wembley England HA9 8NE
KEMPSFORD CAPITAL LTD,16852860,active,ltd,,13-11-2025,13-11-2025,[66300],2 Old Bath Road Newbury United Kingdom RG14 1QL
MELAN & COA LIMITED,12943236,active,ltd,,12-10-2020,12-10-2020,[66300],Production Atelier The Long Barrow Ashford TN24 0GP
DIRECT ACCOUNTING SOLUTIONS LIMITED,09743498,active,ltd,,21-08-2015,21-08-2015,[66300],09743498 - COMPANIES HOUSE DEFAULT ADDRESS Cardiff CF14 8LH
FIN HUB CAPITAL (UK) LIMITED,16853721,active,ltd,,13-11-2025,13-11-2025,"[64999,66300,70221, 70229]",14 Harrow Place London England E1 7DB
VASEY & HARRIS ASSET MANAGEMENT LIMITED,10214397,active,ltd,,03-06-2016,03-06-2016,[66300],Level 7 One Canada Square London England E14 5AA
NOSTOS CAPITAL LTD,16845124,active,ltd,,10-11-2025,10-11-2025,[66300],167-169 Great Portland Street London England W1W 5PF
JRC SOLUTIONS LIMITED,13737787,active,ltd,,11-11-2021,11-11-2021,[66300],33 King William Road Gillingham England ME7 1PD
NSII EDUCATION 2 LTD,16863798,active,ltd,,18-11-2025,18-11-2025,[66300],"First Floor,  50 Marshall Street London United Kingdom W1F 9BQ"
AVALEX AM CONSULTANCY LTD,16866188,active,ltd,,20-11-2025,20-11-2025,"[64304, 66300]",71-75 Shelton Street London United Kingdom WC2H 9JQ
TIE-STONE INVESTMENTS LIMITED,10476013,active,ltd,,14-11-2016,14-11-2016,"[66300, 68209]",1 Copperhouse Court Milton Keynes England MK7 8NL
AMPERSAND MANAGEMENT UK LTD,16460662,active,ltd,,20-05-2025,20-05-2025,[66300],Myo Piccadilly (Suite 2.03) 1 Sherwood Street London United Kingdom W1F 7BL
AJW ASSET MANAGEMENT LTD,11457152,active,ltd,,10-07-2018,10-07-2018,[66300],16 Stigand Close Wallingford England OX10 9SN
MONPAY GLOBAL NETWORK LIMITED,15894722,active,ltd,,13-08-2024,13-08-2024,"[64999,66110,66190, 66300]",54 Chelsea Crescent Chelsea Harbour London England SW10 0XB
EVENLODE IMPACT LIMITED,13673026,active,ltd,,12-10-2021,12-10-2021,[66300],Home Farm Barns Evenlode England GL56 0NY
LUMIN PORTFOLIO MANAGEMENT LIMITED,12682375,active,ltd,,19-06-2020,19-06-2020,[66300],"2nd Floor,  4 Beaconsfield Road St. Albans England AL1 3RD"
CACTI CAPITAL LTD,15604259,active,ltd,,30-03-2024,30-03-2024,[66300],37 Lombard Street London England EC3V 9BQ
42 LEGAL CAPITAL LIMITED,14049125,active,ltd,,14-04-2022,14-04-2022,[66300],International House London England WC2R 3JF
PRINCIPAL REAL ESTATE EUROPE LIMITED,06434632,active,ltd,,22-11-2007,22-11-2007,[66300],1 Wood Street London United Kingdom EC2V 7JB
GLOBAL GUARANTEE CAPITAL INVESTMENT PARTNERSHIP 1 MANAGEMENT COMPANY LTD,16873441,active,ltd,,25-11-2025,25-11-2025,[66300],Oriel House 26 The Quadrant Richmond England TW9 1DL
MACKENZIE TAYLOR WEALTH MANAGEMENT LTD.,SC313079,active,ltd,,06-12-2006,06-12-2006,"[66220, 66300]",53 Culduthel Mains Gardens Inverness Scotland IV2 6RD
AURELIS CAPITAL LTD,16893957,active,ltd,,05-12-2025,05-12-2025,"[64205,66120, 66300]",71-75 Shelton Street London United Kingdom WC2H 9JQ
LIVLA GROUP LTD,16893999,active,ltd,,05-12-2025,05-12-2025,"[64205,64306,66120, 66300]",71-75 Shelton Street London United Kingdom WC2H 9JQ
AMT BROTHERS LIMITED,15097288,active,ltd,,25-08-2023,25-08-2023,"[46900,47110, 66300]",31 Booth Road Bacup England OL13 0QP
ALETHEUM PARTNERS (UK) LTD,16817990,active,ltd,,29-10-2025,29-10-2025,"[64303,66190, 66300]",Aletheum Partners Liberty House London United Kingdom W1B 5TR
ROSHA INVESTMENT (UK) LTD,16892923,active,ltd,,05-12-2025,05-12-2025,"[64209,66300, 70100]",128 City Road London United Kingdom EC1V 2NX
NOVUM INVESTMENT MANAGEMENT LIMITED,14537642,active,ltd,,13-12-2022,13-12-2022,"[64999, 66300]","Wsm,  Connect House 133-137 Alexandra Road London United Kingdom SW19 7JY"
VENUSXVS LIMITED,16898452,active,ltd,,08-12-2025,08-12-2025,"[66300, 70221]",275 New North Road London England N1 7AA
QUOPI LTD,14590259,active,ltd,,13-01-2023,13-01-2023,[66300],1 Canada Square London England E14 5DY
ERDA CONSULTANCY LTD,16138757,active,ltd,,16-12-2024,16-12-2024,"[64203,64306,66300, 68100]",6 Gordon Road Surbiton England KT5 9AR
PROFITO CAPITAL LTD,16919128,active,ltd,,18-12-2025,18-12-2025,"[66300, 70221]",Office 1904cw 182-184 High Street North London United Kingdom E6 2JA
INTERNATIONAL GESTION (HOLDINGS) LIMITED,16477554,active,ltd,,27-05-2025,27-05-2025,"[64301,66300, 99000]",C/O Hcr Law Llp 4th Floor London United Kingdom EC3V 3NH
R L FINANCIAL GROUP LIMITED,16495558,active,ltd,,04-06-2025,04-06-2025,"[42220,64201,64301, 66300]",Flat 3 Scotia Building London England E1W 3WA
DL BAY INVESTMENTS,SC450999,active,private-unlimited,,28-05-2013,28-05-2013,[66300],6 St. Colme Street Edinburgh EH3 6AD
ROAD GREEN LIMITED,16486027,active,ltd,,30-05-2025,30-05-2025,"[64209,64303,66300, 70221]",1 Blossom Yard London United Kingdom E1 6RS
SIGNAL LOAN MANAGEMENT LIMITED,16486150,active,ltd,,30-05-2025,30-05-2025,[66300],4th Floor 25 Golden Square London United Kingdom W1F 9LU
INNOVATIVE PAYMENT SOLUTIONS LTD,16483398,active,ltd,,29-05-2025,29-05-2025,"[43999,62090,63110, 66300]",31 Glossop Street Derby United Kingdom DE24 8DU
CLIMATE INSULATION LIMITED,06869211,active,ltd,,03-04-2009,03-04-2009,"[41202,43999,66300, 96090]",Sovereign House Cheadle SK8 2EA
ENERGY MIX VENTURES LTD,SC848022,active,ltd,,09-05-2025,09-05-2025,"[64303, 66300]",C/O Johnston Carmichael Glasgow Scotland G2 2ND
CORDOVAN CAPITAL MANAGEMENT LIMITED,NI609393,active,ltd,,07-10-2011,07-10-2011,[66300],The Kelvin Suite 204 Belfast Northern Ireland BT1 6DE
LEADING CAPITAL LIMITED,14082796,active,ltd,,03-05-2022,03-05-2022,"[66300,68100, 68209]",72 Lairgate Beverley United Kingdom HU17 8EU
LINFELD LTD,12179453,active,ltd,,29-08-2019,29-08-2019,"[64306,66300,70229, 82990]",99 Blenheim Court Navestock Crescent Woodford Green England IG8 7BB
ASCOT ASSET MANAGEMENT LIMITED,03646575,active,ltd,,08-10-1998,08-10-1998,[66300],20-22 Greenham Business Park Thatcham England RG19 6HX
DIGITAL ENERGY VENTURES LTD,16492427,active,ltd,,03-06-2025,03-06-2025,[66300],21 Commonfields Woking England GU24 9JA
JM GLOBALMARKETS HOLDINGS LTD,16496418,active,ltd,,04-06-2025,04-06-2025,"[64209,64999,66300, 70229]",71-75 Shelton Street London United Kingdom WC2H 9JQ
ENNILL LTD,12467479,active,ltd,,17-02-2020,17-02-2020,[66300],"Ty Caer Wyr,  Charter Court,  Phoenix Way Swansea Wales SA7 9FS"
FINANCIAL LINK LIMITED,02106689,active,ltd,,05-03-1987,05-03-1987,"[64301,65110,65300, 66300]",29 Wayland Avenue Brighton England BN1 5LW
ALIMITA 2 LIMITED,16493335,active,ltd,,03-06-2025,03-06-2025,[66300],Office 1 Hatherton Court Walsall United Kingdom WS4 2LA
CAPINC LIMITED,13130826,active,ltd,,13-01-2021,13-01-2021,[66300],36 Newsham Road Blyth England NE24 5RA
SEVERUS CAPITAL LTD,14515179,active,ltd,,30-11-2022,30-11-2022,"[64205,66300,69203, 70221]",Cannon Green London United Kingdom EC4R 0AA
EAST ANGLIA ASSET MANAGEMENT COMPANY LTD,16874160,active,ltd,,25-11-2025,25-11-2025,[66300],12a Ampthill Road Shefford United Kingdom SG17 5BD
AVESTOR INVESTMENT MANAGEMENT LTD,16883143,active,ltd,,01-12-2025,01-12-2025,[66300],99 Columbia Way Blackburn England BB2 7EA
RIPPON CAPITAL LIMITED,16716831,active,ltd,,15-09-2025,15-09-2025,"[66300, 70229]",20-22 Great Titchfield Street London England W1W 8BE
CLARA-PENSIONS LIMITED,10925368,active,ltd,,21-08-2017,21-08-2017,[66300],Myo St Paul's London United Kingdom EC4M 9AF
ALDERWAY (ENGCO) LTD,15982106,active,ltd,,27-09-2024,27-09-2024,[66300],54 Welbeck Street London England W1G 9XS
KIG INVESTMENTS UK LIMITED,10220096,active,ltd,,08-06-2016,08-06-2016,[66300],6th Floor 9 Appold Street London United Kingdom EC2A 2AP
AGAVE CAPITAL MANAGEMENT LIMITED,16083024,active,ltd,,15-11-2024,15-11-2024,[66300],C/O Buzzacott Llp London United Kingdom EC2V 6DL
YOGIKTOKEN LIMITED,16877425,active,ltd,,27-11-2025,27-11-2025,"[64205, 66300]",128 City Road London United Kingdom EC1V 2NX
APOLLO MEDIA LTD,03192726,active,ltd,,30-04-1996,30-04-1996,"[59111,59113,64303, 66300]",Flat 8 30 Redcliffe Square London England SW10 9JY
PM GLOBAL CAPITAL LIMITED,16878627,active,ltd,,27-11-2025,27-11-2025,[66300],"6th Floor,  Amp House Croydon United Kingdom CR0 2LX"
4LIFE WEALTH MANAGEMENT LIMITED,12341438,active,ltd,,29-11-2019,29-11-2019,[66300],Lumaneri House Blythe Gate Solihull United Kingdom B90 8AH
HASTINGS REAL ESTATE GROUP LTD,16824059,active,ltd,,31-10-2025,31-10-2025,"[64306,66300,68310, 68320]",71-75 Shelton Street London United Kingdom WC2H 9JQ
SWISS SECURITIES INVESTMENT 12 NORDIC LTD,16818062,active,ltd,,29-10-2025,29-10-2025,"[64205,64992,64999, 66300]",Third Floor London England W1B 3HH
TTX SERVICES UK LIMITED,14253026,active,ltd,,25-07-2022,25-07-2022,[66300],15 Stratton Street London United Kingdom W1J 8LQ
API MAWGAN PORTH INVESTMENTS LIMITED,15534432,active,ltd,,01-03-2024,01-03-2024,[66300],29 York Street London England W1H 1EZ
ARBRA LIMITED,14419998,active,ltd,,14-10-2022,14-10-2022,[66300],58 Grosvenor Street London England W1K 3JB
HASHUP LTD,16826925,active,ltd,,03-11-2025,03-11-2025,"[66120, 66300]",40 Bowling Green Lane London United Kingdom EC1R 0NE
REGAL CAPITAL MANAGEMENT LTD,15117684,active,ltd,,06-09-2023,06-09-2023,"[66300,70221, 70229]",101 Gordon Crescent Croydon England CR0 6NU
GCC ASSETS HOLDING COMPANY LTD,16889709,active,ltd,,03-12-2025,03-12-2025,"[64205,66190, 66300]",71-75 Shelton Street London United Kingdom WC2H 9JQ
LEXLEA LIMITED,08159880,active,ltd,,27-07-2012,27-07-2012,[66300],64 Charlotte House 10 Lapidge Drive London England SW17 0ZL
ACMR CAPITAL MANAGEMENT LIMITED,10873902,active,ltd,,19-07-2017,19-07-2017,[66300],9 Argyll Street London England W1F 7TG
RESOLUTIO MUNDI LIMITED,16819786,active,ltd,,30-10-2025,30-10-2025,"[62020,66300,68310, 70229]",Unit 82a James Carter Road Bury St. Edmunds England IP28 7DE
JS GROUP INVESTMENT LIMITED,16827880,active,ltd,,03-11-2025,03-11-2025,[66300],55 Station Road Beaconsfield England HP91 QL
KATZ GENERAL PARTNER LIMITED,16819246,active,ltd,,29-10-2025,29-10-2025,[66300],6 Hill Street London United Kingdom W1J 5NF
JAM CAPITAL INVESTMENTS LIMITED,15393659,active,ltd,,06-01-2024,06-01-2024,[66300],38 Reed Drive Redhill RH1 6TA
CHIKARA INVESTMENTS UK LTD,15035199,active,ltd,,28-07-2023,28-07-2023,[66300],5-10 Bolton Street London United Kingdom W1J 8BA
BOTSWANA TECH LTD,16820966,active,ltd,,30-10-2025,30-10-2025,[66300],The Stables Alton England GU34 1HG
SUTTON OAKS WEALTH MANAGEMENT LTD,09238725,active,ltd,,29-09-2014,29-09-2014,[66300],Mere Green House Sutton Coldfield England B75 5BT
CHIKARA INVESTMENT SERVICES LIMITED,05396509,active,ltd,,17-03-2005,17-03-2005,[66300],5-10 Bolton Street London United Kingdom W1J 8BA
TRD HOLDING INVESTMENT LTD,16828793,active,ltd,,03-11-2025,03-11-2025,"[64209,64999, 66300]",71-75 Shelton Street London United Kingdom WC2H 9JQ
QUANTARA CAPITAL LTD,16827821,active,ltd,,03-11-2025,03-11-2025,"[64301,64303, 66300]",71-75 Shelton Street London United Kingdom WC2H 9JQ
ARCSTEN CAPITAL LIMITED,16828821,active,ltd,,03-11-2025,03-11-2025,[66300],Flat 5 5 Vicarage Gate London England W8 4HH
OXYLUS CAPITAL LTD,12474451,active,ltd,,20-02-2020,20-02-2020,[66300],54 Blenheim Crescent London England W11 1NY
SUYU GROUP LTD,16833877,active,ltd,,05-11-2025,05-11-2025,"[46460,64301,66300, 68100]",71-75 Shelton Street London United Kingdom WC2H 9JQ
WESTBRIDGE MANAGEMENT LIMITED,03441221,active,ltd,,29-09-1997,29-09-1997,[66300],1 Westbridge Maghull Merseyside Westway Liverpool England L31 2PQ
EXXONMOBIL PENSION TRUST LIMITED,00371341,active,ltd,,18-12-1941,18-12-1941,"[65300, 66300]",Fawley Administration Building Fawley Refinery Fawley United Kingdom SO45 1TX
HOUSE OF JUPITER LIMITED,15914952,active,ltd,,23-08-2024,23-08-2024,[66300],167-169 Great Portland Street London England W1W 5PF
GREYBOURNE CAPITAL MANAGEMENT LTD,16945894,active,ltd,,06-01-2026,06-01-2026,"[62012,63120,66300, 85590]",128 City Road London United Kingdom EC1V 2NX
BULLIONEDGE FX LIMITED,16887514,active,ltd,,03-12-2025,03-12-2025,[66300],47 Redgrave Street Oldham England OL4 2DY
RIGHTSLEND LTD,16925078,active,ltd,,22-12-2025,22-12-2025,"[64301,66290, 66300]",Flat 18 Imperial House London England E14 8BQ
KOODOS LTD,12352270,active,ltd,,06-12-2019,06-12-2019,"[63120,64304,64999, 66300]",Unit 2.02 High Weald House Bexhill United Kingdom TN39 5ES
LEAFY TUNNEL LTD,13312326,active,ltd,,03-04-2021,03-04-2021,[66300],6 Stannary Street London England SE11 4AA
NEREA LIMITED,16943909,active,ltd,,05-01-2026,05-01-2026,"[66120,66300, 96040]",61 Bridge Street Kington United Kingdom HR5 3DJ
TRILORNA CAPITAL LTD,16944166,active,ltd,,05-01-2026,05-01-2026,[66300],167-169 Great Portland Street London England W1W 5PF
ATLAS INCORPORATION LTD,16944964,active,ltd,,06-01-2026,06-01-2026,"[64999,66110,66120, 66300]","D H D & Co,  651a Mauldeth Road West Manchester United Kingdom M21 7SA"
CORDOVEN LIMITED,14488864,active,ltd,,16-11-2022,16-11-2022,"[66120, 66300]","82 Holland Park,  Flat 1 Holland Park London England W11 3RZ"
PROJECT EUROPE CARRY GP LIMITED,SC873561,active,ltd,,24-12-2025,24-12-2025,[66300],C/O Brodies Llp Capital Square Edinburgh United Kingdom EH3 8BP
WELBIT LIMITED,NI736476,active,ltd,,22-12-2025,22-12-2025,"[66190, 66300]",Arthur House Belfast Northern Ireland BT1 4GB
FINANCE TRINITY LIMITED,09206275,active,ltd,,05-09-2014,05-09-2014,[66300],Apollo House Whitehills Business Park England FY4 5FS
MIKLIN ENTERPRISES LTD,16097476,active,ltd,,24-11-2024,24-11-2024,"[47429,47910,66300, 95210]","4th Floor,  Silverstream House London England W1T 6EB"
SD HARMONY INVEST LIMITED,16339170,active,ltd,,24-03-2025,24-03-2025,"[64209,64303,66300, 70229]","7 Copperfield Road,  Coventry West Midlands,  England United Kingdom CV2 4AQ"
COPIA CAPITAL MANAGEMENT LIMITED,14171823,active,ltd,,14-06-2022,14-06-2022,[66300],"2nd Floor,  Royal Mead Bath England BA1 1SR"
SANTANDER ALTERNATIVE INVESTMENTS UK LIMITED,17325485,active,ltd,,07-07-2026,07-07-2026,[66300],Nations House 5th Floor West London United Kingdom W1U 1QS
COMMITTED CAPITAL LIMITED,04479415,active,ltd,,08-07-2002,08-07-2002,"[66300, 82990]",148-150 Buckingham Palace Road London England SW1W 9TR
ELBA PRINCIPAL CAPITAL LIMITED,17327597,active,ltd,,08-07-2026,08-07-2026,"[64209,64303, 66300]",128 City Road London United Kingdom EC1V 2NX
FRIGG RESEARCH LTD,17332919,active,ltd,,10-07-2026,10-07-2026,"[64205,64209,66300, 70229]",66 Paul Street London England EC2A 4NA
U S MALIK TRADING LTD,17337707,active,ltd,,13-07-2026,13-07-2026,"[64991, 66300]",198 Allison Road Bristol England BS4 4NZ
SCI VENTURES BIOTECH LTD,17336857,active,ltd,,13-07-2026,13-07-2026,[66300],30 Old Bailey London United Kingdom EC4M 7AU
CHARTERS INVESTMENTS LTD,09129185,active,ltd,,14-07-2014,14-07-2014,[66300],9 Kerry Street Leeds England LS18 4AW
BYTECODE LABS LTD,13292658,active,ltd,,25-03-2021,25-03-2021,[66300],Suite Ff10 Brooklands House Lancing England BN15 8AF
JURISGENIX CONSULTANCY SERVICES LIMITED,17097614,active,ltd,,17-03-2026,17-03-2026,"[64209,66300,69109, 70229]",128 City Road London United Kingdom EC1V 2NX
PERBAK CAPITAL SERVICES LIMITED,13362845,active,ltd,,28-04-2021,28-04-2021,[66300],Centralis 25 Western Avenue Oxfordshire United Kingdom OX14 4SH
STEAKSODA LIMITED,14222430,active,ltd,,08-07-2022,08-07-2022,"[66300, 70229]",C/O Merit Accountants London England WC1H 0AF
COGENIO GROUP LIMITED,11663787,active,ltd,,06-11-2018,06-11-2018,[66300],Fifth Floor London England W1W 5PF
ICP (FINCH) GP 2 LIMITED,13716590,active,ltd,,01-11-2021,01-11-2021,[66300],Fifth Floor London England W1W 5PF
ZENITRON GENERAL TRADING LTD,16448043,active,ltd,,13-05-2025,13-05-2025,"[47910,62020,63110, 66300]",16448043 - COMPANIES HOUSE DEFAULT ADDRESS Cardiff CF14 8LH
ANTAH CAPITAL LTD,17342661,active,ltd,,16-07-2026,16-07-2026,"[66190,66300, 70221]",124 City Road London United Kingdom EC1V 2NX
PLANNING TRADE & FINANCE LIMITED,17342922,active,ltd,,16-07-2026,16-07-2026,"[64302,66120,66190, 66300]",71-75 Shelton Street London United Kingdom WC2H 9JQ
DUDOK GP1 LTD,15319336,active,ltd,,30-11-2023,30-11-2023,[66300],Fifth Floor London England W1W 5PF
NABUCCO (TOPCO) LIMITED,13817888,active,ltd,,24-12-2021,24-12-2021,[66300],Fifth Floor London England W1W 5PF
MOLE (HOLDCO) LIMITED,12759550,active,ltd,,21-07-2020,21-07-2020,[66300],Fifth Floor London England W1W 5PF
PRIXMO LTD,17351863,active,ltd,,21-07-2026,21-07-2026,"[64999,66110, 66300]",128 City Road London United Kingdom EC1V 2NX
LIFE TENANCY INVESTMENTS LIMITED,10744662,active,ltd,,27-04-2017,27-04-2017,"[64301,64304,64306, 66300]",71-75 Shelton Street London United Kingdom WC2H 9JQ
CCLA FUND MANAGERS LIMITED,08735639,active,ltd,,16-10-2013,16-10-2013,[66300],The Zig Zag Building London England SW1E 6SQ
ZD INVESTMENTS LIMITED,13049960,active,ltd,,30-11-2020,30-11-2020,[66300],110 Carlton Avenue East Wembley England HA9 8LY
JJJ CAPITAL MANAGEMENT (UK) LTD,17355520,active,ltd,,22-07-2026,22-07-2026,[66300],"5th Floor,  Greycoat Stores London United Kingdom SW1P 1SB"
ROBUS CAPITAL MANAGEMENT LIMITED,07745735,active,ltd,,18-08-2011,18-08-2011,[66300],Central Court London England WC2A 1AL
REFRESH INVEST LTD,13735417,active,ltd,,10-11-2021,10-11-2021,"[41201,66300, 68100]",9 Caldon Close Hinckley England LE10 0PQ
JS INVESTMENT MANAGEMENT LIMITED,17364035,active,ltd,,27-07-2026,27-07-2026,[66300],18 Sussex Place London England W2 2TP
NEXGEN REALITY LIMITED,17364641,active,ltd,,27-07-2026,27-07-2026,"[41100,66300,68100, 68320]","Cunningham House Pike Way, North Weald England United Kingdom CM16 6BL"
VANTRADE LTD,17366541,active,ltd,,28-07-2026,28-07-2026,[66300],128 City Road London United Kingdom EC1V 2NX
H DOBSON HOLDINGS LTD,17374038,active,ltd,,31-07-2026,31-07-2026,[66300],Devon Suite Dencora Business Centre Ipswich England IP1 5LT
BAZAAR FX LTD,15167804,active,ltd,,27-09-2023,27-09-2023,[66300],15167804 - COMPANIES HOUSE DEFAULT ADDRESS Cardiff CF14 8LH
KALYAN ADVISORY LIMITED,17380199,active,ltd,,04-08-2026,04-08-2026,[66300],16 Great Queen Street London United Kingdom WC2B 5AH
ASHOW STRATEGIC LTD,17373663,active,ltd,,31-07-2026,31-07-2026,[66300],128 City Road London United Kingdom EC1V 2NX
SUPER TRADE FX LIMITED,16704985,active,ltd,,09-09-2025,09-09-2025,"[64301,64910, 66300]",16704985 - COMPANIES HOUSE DEFAULT ADDRESS Cardiff CF14 8LH
KINETIC CAPITAL LIMITED,12627836,active,ltd,,27-05-2020,27-05-2020,[66300],52 Bedford Row London England WC1R 4LR
CARTWRIGHT FIC LIMITED,15266328,active,ltd,,07-11-2023,07-11-2023,[66300],Maple House Park West Chester United Kingdom CH1 4RN
THIRD OBJECTIVE LIMITED,17370307,active,ltd,,30-07-2026,30-07-2026,[66300],Little Ghyll Wisborough Green England RH14 0DQ
FALCON MONEY MANAGEMENT UK LIMITED,06726423,active,ltd,,17-10-2008,17-10-2008,[66300],Elementa Workspace London United Kingdom W1G 0PW
DAIWA ASSET MANAGEMENT (EUROPE) LTD,02045607,active,ltd,,11-08-1986,11-08-1986,[66300],62-64 Cornhill London England EC3V 3NH
ANGLO EUROPEAN PROPERTY LTD,11820362,active,ltd,,11-02-2019,11-02-2019,"[66300,68100,68209, 87300]",1 Beachamp Court Barnet England EN5 5TZ
BANQUE CAPITAL SUISSE LTD,08041240,active,ltd,,23-04-2012,23-04-2012,"[64205,64999,66300, 70100]",08041240 - COMPANIES HOUSE DEFAULT ADDRESS Cardiff CF14 8LH
YOUR.CLOUD UK HOLDING LIMITED,15992483,active,ltd,,02-10-2024,02-10-2024,"[64209,66300,70221, 70229]","Suite 3.02,  6 - 9 Snow Hill London England EC1A 2AY"
DN PRIVATE EQUITY CANARY WHARF LIMITED,13817321,active,ltd,,24-12-2021,24-12-2021,"[66300,68100, 68209]",8a Electric Avenue London England SW9 8JX
HIGHBRIDGE INT LIMITED,17390600,active,ltd,,10-08-2026,10-08-2026,[66300],Woodhill Farm Gerrards Cross England SL9 7AZ
TAFCO LIMITED,08714242,active,ltd,,02-10-2013,02-10-2013,[66300],11 Hope Street Sandbach England CW11 1BA
AUBREY CAPITAL INTERNATIONAL LIMITED,SC727545,active,ltd,,25-03-2022,25-03-2022,[66300],37 Melville Street Edinburgh Scotland EH3 7JF
PINEWOOD ASSET MANAGEMENT LTD,15106472,active,ltd,,31-08-2023,31-08-2023,"[66290,66300,68100, 68310]",151 Stanmore Hill Stanmore United Kingdom HA7 3EF
FYRTORR HOLDINGS LTD,11766940,active,ltd,,15-01-2019,15-01-2019,[66300],15 Canfield Place London United Kingdom NW6 3BT
TDB FINANCIAL MANAGEMENT CONSULTANCY LTD,13020675,active,ltd,,15-11-2020,15-11-2020,"[66300,69202,70221, 70229]",3 Vanguard Court Southsea England PO4 9TD
HEIM GLOBAL INVESTOR UK LIMITED,15300277,active,ltd,,21-11-2023,21-11-2023,[66300],1st Floor London United Kingdom WC2N 5LR
ROSSINGTON WEALTH MANAGEMENT LTD,09937771,active,ltd,,06-01-2016,06-01-2016,"[66190,66220,66290, 66300]",3 Crickets Drive Lincoln England LN2 2GS
BGG ASSET MANAGEMENT LTD,17390978,active,ltd,,10-08-2026,10-08-2026,"[64991,64999,66300, 70221]",82a James Carter Road Bury St. Edmunds England IP28 7DE
NOVA LEGACY LTD,16511000,active,ltd,,11-06-2025,11-06-2025,"[66300,85590,86900, 88990]",16511000 - COMPANIES HOUSE DEFAULT ADDRESS Cardiff CF14 8LH
ALTERA CAPITAL LTD,17386381,active,ltd,,06-08-2026,06-08-2026,[66300],128 City Road London United Kingdom EC1V 2NX
IRE FGC REAL ESTATE DEBT GP LIMITED,17361191,active,ltd,,24-07-2026,24-07-2026,[66300],Perpetual Park Henley-On-Thames United Kingdom RG9 1HH
HG3 TRADING LTD,15910694,active,ltd,,21-08-2024,21-08-2024,"[64991, 66300]",Orchard House Preston Road Preston England PR2 5SD
ZAGALETA INVESTMENT LTD,15445712,active,ltd,,26-01-2024,26-01-2024,"[64303,66300,68100, 68320]","59 Suite 6259,  Trent Road,  Slough,  England,  United Kingdom SL3 3NF"
WARD PROPERTY & INVESTMENTS LIMITED,13079259,active,ltd,,14-12-2020,14-12-2020,[66300],21 Stafford Road Croydon England CR0 4NG
ZABETH LIMITED,11398673,active,ltd,,05-06-2018,05-06-2018,[66300],15 Newland Lincoln England LN1 1XG
BILLION WISE INVESTMENT SOLUTIONS LIMITED,15425586,active,ltd,,18-01-2024,18-01-2024,"[62030,66300, 70221]",15425586 - COMPANIES HOUSE DEFAULT ADDRESS Cardiff CF14 8LH
ORVEX CAPITAL LIMITED,17388778,active,ltd,,08-08-2026,08-08-2026,"[64303, 66300]",37th Floor 1 Canada Square London United Kingdom E14 5AA
NORTH EAST TECHNOLOGY (GP) LIMITED,06628835,active,ltd,,24-06-2008,24-06-2008,[66300],"5th Floor,  West One Newcastle Upon Tyne England NE1 3PA"
BASTION ASSET MANAGEMENT LTD,13598339,active,ltd,,02-09-2021,02-09-2021,[66300],3 Lombard Street London England EC3V 9AG
MPKG INVESTMENTS LIMITED,NI736941,active,ltd,,15-01-2026,15-01-2026,"[66300, 68100]",27 College Gardens Belfast Northern Ireland BT9 6BS
SIMPLY EFFECTIVE SOLUTIONS LTD,SC497134,active,ltd,,06-02-2015,06-02-2015,"[66300,70100,70229, 82990]",SC497134 - COMPANIES HOUSE DEFAULT ADDRESS Edinburgh EH7 9HR
SWB CAPITAL LTD,17399528,active,ltd,,13-08-2026,13-08-2026,[66300],23 St. Stephens Crescent Grays England RM16 4AU
LA MATTINA TRADING LTD,15238400,active,ltd,,26-10-2023,26-10-2023,"[66300, 96090]",61a Hackford Road London England SW9 0RE
SET TIME SERVICES LTD,17402409,active,ltd,,15-08-2026,15-08-2026,"[56290,66300,78200, 81299]",48 Betterton Road Rainham England RM13 8NB
GELMANN VENTURES LTD,11153218,active,ltd,,16-01-2018,16-01-2018,[66300],167-169 167 - 169 Great Portland Street London England W1W 5PF
PLAYGROUND GLOBAL ADVISERS LTD,17404165,active,ltd,,17-08-2026,17-08-2026,[66300],100 Lambeth Palace Road London United Kingdom SE1 7AR
OPTIMUS SOCIALLY RESPONSIBLE INVESTMENTS LTD,08623337,active,ltd,,24-07-2013,24-07-2013,[66300],33 St. James's Square London England SW1Y 4JS
PDGREEN LIMITED,10021231,active,ltd,,23-02-2016,23-02-2016,[66300],28 Spennithorne Road Spennithorne Road Manchester United Kingdom M41 5BU
TRISPAN SERVICES (UK) LTD,09592138,active,ltd,,14-05-2015,14-05-2015,[66300],4th Floor Phoenix House Reading United Kingdom RG1 1NB
EQUITIX NO. 4 LIMITED,09604414,active,ltd,,22-05-2015,22-05-2015,[66300],"3rd Floor,  South Building,  London England EC1A 4HD"
AVIVA INVESTORS CTF INFRASTRUCTURE MIDCO 1 LIMITED,14313704,active,ltd,,23-08-2022,23-08-2022,[66300],80 Fenchurch Street London United Kingdom EC3M 4AE
MORRIS BUILDERS (AYLESBURY) LIMITED,00537701,active,ltd,,03-09-1954,03-09-1954,[66300],Wenn Townsend Oxford OX1 3LE
MRM INVESTMENT MANAGEMENT LTD,08069237,active,ltd,,15-05-2012,15-05-2012,[66300],Beckwith Barn Warren Estate Writtle England CM1 3WT
CBH WEALTH UK LIMITED,07013856,active,ltd,,09-09-2009,09-09-2009,[66300],One Fleet Place London EC4M 7WS
BOWMORE INVESTMENTS LIMITED,09924895,active,ltd,,21-12-2015,21-12-2015,[66300],Bowmore Lytham St Annes United Kingdom FY8 4LQ
BYFIELD CAPITAL LIMITED,09720365,active,ltd,,06-08-2015,06-08-2015,[66300],Third Floor London England W1B 3HH
UHUSIANO CAPITAL LIMITED,10198144,active,ltd,,25-05-2016,25-05-2016,[66300],207 Regent Street London W1B 3HH
DAVID LISTER LIMITED,07619330,active,ltd,,03-05-2011,03-05-2011,[66300],Galla House North Finchley N12 0BT
RST OCH TRURO INVESTMENTS LIMITED,13521165,active,ltd,,20-07-2021,20-07-2021,[66300],29 York Street London England W1H 1EZ
OLIVE RACE LIMITED,08213986,active,ltd,,13-09-2012,13-09-2012,[66300],"6th Floor,  Charlotte Building London England W1T 1QL"
CYGNUM CAPITAL ASSET MANAGEMENT LIMITED,11543285,active,ltd,,30-08-2018,30-08-2018,[66300],130-132 Buckingham Palace Road London SW1W 9SA
HEDGE AND SACHS FINANCING BROKERS LTD,14055960,active,ltd,,20-04-2022,20-04-2022,"[64205, 66300]","2nd Floor College House Ruislip,  United Kingdom HA4 7AE"
AMB BEREAVEMENT ORGANISATION LTD,14378901,active,private-limited-guarant-nsc,,27-09-2022,27-09-2022,"[66300,88990, 96030]",132 Banks Road Birmingham England B10 9PH
THEODORA FINANCIAL LIMITED,10758971,active,ltd,,08-05-2017,08-05-2017,[66300],12 Milton Road W7 1lf United Kingdom W7 1LF
BEACHWOOD CAPITAL LIMITED,09009596,active,ltd,,24-04-2014,24-04-2014,"[64303, 66300]",6 Dukes Lane London England W8 4JL
FLY MY CLOUD LIMITED,09756179,active,ltd,,01-09-2015,01-09-2015,"[62012,62020,63120, 66300]",50 Collins Cross Bishop's Stortford England CM23 2DD
S MARSH ASSET MANAGEMENT LTD,11459196,active,ltd,,11-07-2018,11-07-2018,[66300],36 Victoria Gardens Neath United Kingdom SA11 3BH
ALBERON SERVICES LIMITED,02802006,active,ltd,,22-03-1993,22-03-1993,[66300],Chancellors House 3 Brampton Lane London England NW4 4AB
EATON VANCE MANAGEMENT (INTERNATIONAL) LIMITED,04228294,active,ltd,,04-06-2001,04-06-2001,[66300],125 Old Broad Street London EC2N 1AR
LARCH DELIVERY COMPANY LIMITED,14105633,active,ltd,,13-05-2022,13-05-2022,[66300],Unit 9-12 Jessops Riverside 800 Brightside Lane Sheffield England S9 2RX
CORPORATION ONE LTD,06889334,active,ltd,,28-04-2009,28-04-2009,[66300],29 Langland Gardens London England NW3 6QE
KCC INITIAL LP 1 LIMITED,09917805,active,ltd,,15-12-2015,15-12-2015,[66300],Sessions House Maidstone United Kingdom ME14 1XQ
DIF INFRA 4 UK PARTNER LIMITED,09270199,active,ltd,,20-10-2014,20-10-2014,[66300],2.05 Clockwise Old Town Hall Bromley England BR1 3FE
JEDS INVESTMENT MANAGEMENT LIMITED,12570901,active,ltd,,24-04-2020,24-04-2020,[66300],1 Hazlewell Road London United Kingdom SW15 6LU
LONDON MANAGEMENT GROUP LIMITED,09609607,active,ltd,,27-05-2015,27-05-2015,[66300],105 Piccadilly London England W1J 7NJ
ELEMENTAL CAPITAL LTD,09035491,active,ltd,,12-05-2014,12-05-2014,[66300],14 Beech Hill Westgate Otley LS21 3AX
MIDLANDS INVESTMENT AGENCY LIMITED,09221850,active,ltd,,17-09-2014,17-09-2014,[66300],16 High Street Wolverhampton WV6 8QT
ANOUSHKA LTD,07645375,active,ltd,,24-05-2011,24-05-2011,[66300],80 The Woodfields South Croydon England CR2 0HF
DROMEUS CAPITAL MANAGEMENT (UK) LTD,09459348,active,ltd,,26-02-2015,26-02-2015,[66300],42 Berkeley Square London England W1J 5AW
PENGALIA LTD,11546064,active,ltd,,31-08-2018,31-08-2018,[66300],6 Waun Ganol Penarth United Kingdom CF64 3RH
ANTIPODES PARTNERS MANAGEMENT (UK) LIMITED,13379203,active,ltd,,06-05-2021,06-05-2021,[66300],C/O Norose Company Secretarial Services Ltd London United Kingdom SE1 2AQ
EDENTREE ASSET MANAGEMENT LIMITED,11923964,active,ltd,,03-04-2019,03-04-2019,"[64999, 66300]","Benefact House,  2000 Pioneer Avenue Gloucester United Kingdom GL3 4AW"
GARNER'S BUSES(BRIDGE OF WEIR)LIMITED,SC020372,active,ltd,,05-05-1938,05-05-1938,[66300],North Cottage Wemyss Bay Scotland PA18 6AN
RUGBY RADIO STATION (GENERAL PARTNER) LIMITED,04944892,active,ltd,,27-10-2003,27-10-2003,[66300],80 Fenchurch Street London United Kingdom EC3M 4AE
HWC MANAGEMENT LTD,11500851,active,ltd,,06-08-2018,06-08-2018,[66300],Castle Lodge Cardiff United Kingdom CF5 6EW
BREEZE NETWORK & CONSULT LTD,13355102,active,ltd,,23-04-2021,23-04-2021,"[66300,71122,85600, 94200]",32 Apartment 2 Brewery Lane Wharf House London United Kingdom TW1 1AX
BALYASNY INTERNATIONAL LTD,14351329,active,ltd,,12-09-2022,12-09-2022,[66300],23 King Street 4th Floor London United Kingdom SW1Y 6QY
AVIVA INVESTORS UK CRESD GP LIMITED,08424756,active,ltd,,28-02-2013,28-02-2013,[66300],80 Fenchurch Street London United Kingdom EC3M 4AE
AVIVA SPECIAL PFI GP LIMITED,08080716,active,ltd,,23-05-2012,23-05-2012,[66300],80 Fenchurch Street London United Kingdom EC3M 4AE
VIP (UK) ADVISERS II LIMITED,10812268,active,ltd,,09-06-2017,09-06-2017,[66300],"4th Floor,  Nova South London England SW1E 5LB"
LE CHAPEAU LIMITED,15805586,active,ltd,,27-06-2024,27-06-2024,[66300],25 Redston Road London England N8 7HL
SWIMR LIMITED,12878452,active,ltd,,14-09-2020,14-09-2020,[66300],C/O Tax Partners London England WC1X 8AQ
AREIM UK LIMITED,14176182,active,ltd,,16-06-2022,16-06-2022,[66300],16 Great Queen Street London United Kingdom WC2B 5AH
AJM ASSET MANAGEMENT LTD,11459194,active,ltd,,11-07-2018,11-07-2018,[66300],Crown Cottage The Square Caerphilly United Kingdom CF83 8DY
RL WEALTH MANAGEMENT LIMITED,10518916,active,ltd,,09-12-2016,09-12-2016,[66300],1 Regent Drive Billericay England CM12 0GD
MAHER BROWNSWORD LIMITED,04460050,active,ltd,,13-06-2002,13-06-2002,"[64922,66300,70221, 82990]",10 Guild Street Stratford-Upon-Avon CV37 6RE
J I ASSET MANAGEMENT LTD,11457186,active,ltd,,10-07-2018,10-07-2018,[66300],68 Commercial Road Port Talbot United Kingdom SA13 1LR
ROOTS ASSET MANAGEMENT LTD,12207474,active,ltd,,15-09-2019,15-09-2019,"[46160,46420,66300, 68100]","Unit E,  Preston England PR1 1PB"
ANDY DOWNEY CONSULTING LTD,08567216,active,ltd,,12-06-2013,12-06-2013,[66300],70 High Drive New Malden KT3 3UB
ARES INITIAL GP LIMITED,09932377,active,ltd,,30-12-2015,30-12-2015,[66300],"C/O Tmf Group,  13th Floor London United Kingdom EC2R 7HJ"
ATRI CAPITAL LTD,12248794,active,ltd,,08-10-2019,08-10-2019,"[64205,64303,64304, 66300]",Flat 12 Peacon House London England NW9 4DS
PERSPECTIVE INVEST LIMITED,14368915,active,ltd,,21-09-2022,21-09-2022,[66300],Tavira 88 Wood Street London England EC2V 7DA
WESTOVER LIMITED,10974117,active,ltd,,21-09-2017,21-09-2017,[66300],1 Worsley Court High Street Manchester England M28 3NJ
ARCANUM ASSET MANAGEMENT LIMITED,07369908,active,ltd,,08-09-2010,08-09-2010,[66300],11 Saville Place Bristol England BS8 4EJ
FELIX ADVISORS LIMITED,14373749,active,ltd,,23-09-2022,23-09-2022,[66300],27 Beak Street 4th Floor London United Kingdom W1F 9RU
LIME TREE ASSETS LTD.,10530839,active,ltd,,17-12-2016,17-12-2016,"[66300,68100, 68209]",Battleswick Farm Colchester United Kingdom CO5 7JP
AEGF 2 LTD,05893079,active,ltd,,01-08-2006,01-08-2006,[66300],Redroofs Tenbury Wells England WR15 8EN
AGRIP LIMITED,09949980,active,ltd,,13-01-2016,13-01-2016,"[52290, 66300]",3a Heath Road Maidstone England ME17 4DF
ADVANTAGE EARLY GROWTH LIMITED,04847732,active,private-limited-guarant-nsc,,28-07-2003,28-07-2003,[66300],Redroofs Tenbury Wells England WR15 8EN
ALPHA TELECOMMUNICATIONS LIMITED,07051047,active,ltd,,20-10-2009,20-10-2009,"[61900,66120, 66300]",118 Park Avenue Barking England IG11 8QX
AMUNDI (UK) LIMITED,01753527,active,ltd,,16-09-1983,16-09-1983,[66300],77 Coleman Street London United Kingdom EC2R 5BJ
CITIDEL LIMITED,09251424,active,ltd,,07-10-2014,07-10-2014,[66300],76 Balcombe Street London NW1 6NE
BLACK DIAMOND ASSET MANAGEMENT LIMITED,SC636676,active,ltd,,22-07-2019,22-07-2019,[66300],Flat1/2 21 Redshank Avenue Renfrewshire Scotland PA4 8SG
SAUNDERSON HOUSE LIMITED,00940473,active,ltd,,14-10-1968,14-10-1968,"[64999,65110,65120, 66300]",30 Gresham Street London England EC2V 7QN
XENA CAPITAL LIMITED,13493261,active,ltd,,05-07-2021,05-07-2021,[66300],71-75 Shelton Street London England WC2H 9JQ
CRYPTO INVESTMENT OPTIONS LTD,15785811,active,ltd,,18-06-2024,18-06-2024,[66300],27 Lakeside Beckenham England BR3 6LX
BLUEBELL FUNDING UK LTD,12667685,active,ltd,,12-06-2020,12-06-2020,"[64191,64205,64910, 66300]",Lyndale House Addlestone England KT15 1TN
AKTIVEDGE SOLUTIONS LIMITED,10574652,active,ltd,,20-01-2017,20-01-2017,[66300],1 Parkshot Richmond England TW9 2RD
PEDIMENT CAPITAL PARTNERS LIMITED,11527558,active,ltd,,20-08-2018,20-08-2018,"[66300,68209, 82990]",11 Conduit Mews London England W2 3RE
EPIPHRON CAPITAL (UK) LIMITED,10366895,active,ltd,,08-09-2016,08-09-2016,[66300],C/O Kroll Advisory Ltd London United Kingdom SE1 9SG
SILK INVEST LIMITED,06603042,active,ltd,,27-05-2008,27-05-2008,[66300],30 Churchill Place London England E14 5RE
BRITISH BUSINESS INVESTMENTS LTD,09091930,active,ltd,,18-06-2014,18-06-2014,[66300],Steel City House Sheffield S1 2GQ
FOUNDATION PROPERTY COMPANY LIMITED,01930587,active,ltd,,15-07-1985,15-07-1985,[66300],101 New Cavendish Street London United Kingdom W1W 6XH
BGFV FEEDER LTD,14935348,active,ltd,,14-06-2023,14-06-2023,[66300],Grafton House Towcester United Kingdom NN12 7LS
SPRING CAPITAL GROUP HOLDINGS LIMITED,13450502,active,ltd,,10-06-2021,10-06-2021,[66300],Basildon House London England EC2R 6AF
BROAD STREET ASSET MANAGEMENT LTD,11235406,active,ltd,,05-03-2018,05-03-2018,"[64205,64999,66120, 66300]",7/8 Avon Reach Chippenham United Kingdom SN15 1EE
PANAMA INVESTMENTS LIMITED,15785258,active,ltd,,18-06-2024,18-06-2024,"[56103,56290,66300, 96090]",203 Kilburn High Road London United Kingdom NW6 7HY
LHC INVESTMENT ADVISORY LIMITED,14139491,active,ltd,,30-05-2022,30-05-2022,[66300],"Wsm,  Connect House 133-137 Alexandra Road London United Kingdom SW19 7JY"
EQUITIX NO. 5 LIMITED,10972596,active,ltd,,20-09-2017,20-09-2017,[66300],"3rd Floor,  South Building,  London England EC1A 4HD"
PARTNERS GROUP (UK) MANAGEMENT LTD,09172998,active,ltd,,13-08-2014,13-08-2014,[66300],33 Charterhouse Street London England EC1M 6HA
MILLENNIUM GLOBAL INVESTMENTS LIMITED,02964847,active,ltd,,05-09-1994,05-09-1994,[66300],15th Floor 88 Wood Street London England EC2V 7QR
ELYSIAN CAPITAL GP III (ENGLAND) LIMITED,12563377,active,ltd,,20-04-2020,20-04-2020,[66300],1 Southampton Street London England WC2R 0LR
COACH HOUSE SETTLEMENT (NO 5) GP LIMITED,13051511,active,ltd,,30-11-2020,30-11-2020,[66300],White House Church Lane Winchester England SO21 2NJ
GREG RICHMOND LIMITED,05386444,active,ltd,,09-03-2005,09-03-2005,"[66120, 66300]",23 West Avenue Exeter England EX4 4SD
COACH HOUSE LITIGATION (NO 3) GP LIMITED,11087876,active,ltd,,29-11-2017,29-11-2017,[66300],White House Church Lane Winchester United Kingdom SO21 2NJ
TUNGATE CAPITAL PLC,10257377,active,plc,,29-06-2016,29-06-2016,[66300],16 Riverside Omega Park Alton GU34 2UF
RADIANT ASSET MANAGEMENT LIMITED,13497014,active,ltd,,06-07-2021,06-07-2021,[66300],Sovereign Place Market Harborough England LE16 7QU
CORINTHIA GLOBAL MANAGEMENT LIMITED,14213211,active,ltd,,04-07-2022,04-07-2022,[66300],"Sixth Floor,  33 Cavendish Square London England W1G 0PW"
FORTY TWO FINANCIAL PLANNING LIMITED,SC294648,active,ltd,,19-12-2005,19-12-2005,[66300],4 Kingshill Park Westhill Scotland AB32 6FL
DARLEY ROAD LIMITED,11897314,active,ltd,,21-03-2019,21-03-2019,"[66300, 70221]",Courtenay House Exeter England EX2 5AZ
VGC MEMBER II LIMITED,11055584,active,ltd,,09-11-2017,09-11-2017,[66300],"2nd Floor,  201 Great Portland Street,  London United Kingdom W1W 5AB"
PARK VALE CAPITAL LIMITED,08209203,active,ltd,,11-09-2012,11-09-2012,[66300],50 Sloane Avenue Sloane Avenue London England SW3 3DD
VE07 BRIP FEEDER LIMITED,15843680,active,ltd,,17-07-2024,17-07-2024,[66300],Grafton House Towcester United Kingdom NN12 7LS
NEURAL CAPITAL LIMITED,08436120,active,ltd,,08-03-2013,08-03-2013,[66300],Austen House Guildford United Kingdom GU1 4AR
ESR UK ASSET MANAGEMENT LIMITED,11624166,active,ltd,,15-10-2018,15-10-2018,[66300],4th Floor Phoenix House Reading United Kingdom RG1 1NB
IQ CAPITAL PARTNERS GP LIMITED,05463283,active,ltd,,25-05-2005,25-05-2005,[66300],45 Whitfield Street London England W1T 4HD
POLZEATH VILLAGE CIC,15845379,active,private-limited-guarant-nsc,community-interest-company,18-07-2024,18-07-2024,[66300],35 Higher Tristram Wadebridge England PL27 6TF
SANTANDER ASSET MANAGEMENT UK LIMITED,SC106669,active,ltd,,14-09-1987,14-09-1987,[66300],287 St. Vincent Street Glasgow G2 5NB
WHITEROCK GCF NOMINEES LIMITED,NI716456,active,ltd,,31-05-2024,31-05-2024,[66300],8th Floor City Exchange Building Belfast Northern Ireland BT1 4LS
KHAGA LIMITED,07548762,active,ltd,,02-03-2011,02-03-2011,"[66300,68100,68310, 68320]",Flat 6 Fitzjohns Avenue London England NW3 6NP
LONDON CAPITAL INTERNATIONAL LTD,11385866,active,ltd,,29-05-2018,29-05-2018,"[47770,66300,70229, 78109]",128 City Road London United Kingdom EC1V 2NX
KNOX CAPITAL COMPANY LIMITED,08531026,active,ltd,,16-05-2013,16-05-2013,[66300],22 Chancery Lane London England WC2A 1LS
RIBK-UK LTD,14852269,active,ltd,,08-05-2023,08-05-2023,"[64999,66300,70221, 70229]",Flat 56 Eldon House London England NW9 5ZP
LATITUDE TRUSTEES LIMITED,11371917,active,ltd,,21-05-2018,21-05-2018,[66300],Clearwater House London United Kingdom W1U 5LH
PARK HOUSE FAMILY INVESTMENTS,10752651,active,private-unlimited,,03-05-2017,03-05-2017,[66300],21 High Street Stamford England PE9 3LN
SEVEN EARTHS CAPITAL LTD,13786427,active,ltd,,07-12-2021,07-12-2021,"[64301, 66300]",71-75 Shelton Street London United Kingdom WC2H 9JQ
ALPHIDENCE CAPITAL LIMITED,12590895,active,ltd,,07-05-2020,07-05-2020,[66300],14 Gray's Inn Road London United Kingdom WC1X 8HN
FIDELIO CAPITAL LIMITED,14040238,active,ltd,,11-04-2022,11-04-2022,[66300],14-16 Bruton Place London United Kingdom W1J 6LX
STATCHASE INVESTMENTS LIMITED,03194593,active,ltd,,03-05-1996,03-05-1996,[66300],3 Queensfield Nr Basingstoke Hampshire RG25 2AY
LAWRANCE VENTURES LTD,08182155,active,ltd,,16-08-2012,16-08-2012,[66300],Cedarwood Grove Lane Gerrards Cross England SL9 9LN
HARRIS FAMILY INVESTMENTS LIMITED,11391595,active,ltd,,31-05-2018,31-05-2018,[66300],Lordship House Lordship Stud Newmarket United Kingdom CB8 0TP
KEEN VENTURE PARTNERS ADVISER UK LIMITED,09060584,active,ltd,,28-05-2014,28-05-2014,[66300],"Michelin House,  Office 121 81 Fulham Road London England SW3 6RD"
SIKHOUSE INVESTMENTS LTD,12604892,active,ltd,,15-05-2020,15-05-2020,[66300],57 High Street Rowley Regis England B65 0EH
ALMA RESOURCES LIMITED,07626744,active,ltd,,09-05-2011,09-05-2011,[66300],57 Greystoke Park Newcastle Upon Tyne NE3 2DZ
LINDSELL TRAIN LIMITED,03941727,active,ltd,,07-03-2000,07-03-2000,[66300],66 Buckingham Gate London England SW1E 6AU
AIM ASSET MANAGEMENT LTD,11536603,active,ltd,,25-08-2018,25-08-2018,[66300],Six Acres Stroud United Kingdom GL6 6TX
A.P.R. MORRIS LIMITED,12626615,active,ltd,,27-05-2020,27-05-2020,[66300],91 Gypsy Lane Castleford United Kingdom WF10 3PA
BENDITO HOLDINGS LIMITED,11963774,active,ltd,,25-04-2019,25-04-2019,[66300],Brook House Kingswinford England DY6 9HS
SORS ASSET MANAGEMENT EUROPE LIMITED,07342518,active,ltd,,11-08-2010,11-08-2010,"[64999, 66300]",23 Berkeley Square London England W1J 6EJ
MUSIC METAVERSE LTD,14123593,active,ltd,,23-05-2022,23-05-2022,[66300],Summit House London United Kingdom NW3 6BP
BLUE-H CAPITAL PARTNERS LTD,13367645,active,ltd,,29-04-2021,29-04-2021,"[64202,64204,64205, 66300]",17a Walton Street London United Kingdom SW3 2HX
BUTTERMERE CAPITAL LIMITED,11343138,active,ltd,,03-05-2018,03-05-2018,[66300],Parkers Cornelius House Hove England BN3 2DJ
PEGASUS CAPITAL BIDCO LIMITED,14320331,active,ltd,,26-08-2022,26-08-2022,[66300],First Floor North High Wycombe England HP11 2EE
AUHHA LTD,15736601,active,ltd,,23-05-2024,23-05-2024,"[66300,68310,68320, 70229]","Profile West Suite 2, First Floor Brentford United Kingdom TW8 9ES"
INVESTMENTS & LOANS LIMITED,06937578,active,ltd,,18-06-2009,18-06-2009,[66300],Lynwood House Harrow HA1 2AW
MARK LEACH CONSULTING LIMITED,07644555,active,ltd,,24-05-2011,24-05-2011,[66300],First Floor Black Country House Oldbury B69 2DG
FINSAI EXCHANGE LTD,15127859,active,ltd,,10-09-2023,10-09-2023,"[66110, 66300]","Suite 1-2,  Brookfield Court Selby Road Leeds England LS25 1NB"
BRICKLANE TECHNOLOGIES LTD,09170265,active,ltd,,11-08-2014,11-08-2014,"[62012,66300, 68310]",19-23 Ironmonger Row London England EC1V 3QN
FIDENTI GROUP LTD,12591643,active,ltd,,07-05-2020,07-05-2020,[66300],19 Lambert Close Swindon United Kingdom SN5 8NY
PITCHGRADE LIMITED,13505391,active,ltd,,12-07-2021,12-07-2021,"[41100, 66300]",Pemberley Orchard Lane Oxford United Kingdom OX1 5JH
HAVISHAM ASSETS LIMITED,08379611,active,ltd,,29-01-2013,29-01-2013,"[56102,66300, 70229]",Level 12 Thames Tower Reading England RG1 1LX
THCP GROUP LIMITED,11394100,active,ltd,,01-06-2018,01-06-2018,[66300],25a Soho Square London England W1D 3QR
HOVE CAPITAL MANAGEMENT LTD,03424396,active,ltd,,26-08-1997,26-08-1997,[66300],3rd Floor 207 Regent Street London W1B 3HH
BGF LIFE SCIENCES 1 GP LIMITED,12616795,active,ltd,,21-05-2020,21-05-2020,[66300],13-15 York Buildings London United Kingdom WC2N 6JU
CATALYST THERAPY LTD.,09013261,active,ltd,,28-04-2014,28-04-2014,"[66300, 86900]",71-75 Shelton Street London England WC2H 9JQ
FINTECH22 LIMITED,15744915,active,ltd,,28-05-2024,28-05-2024,[66300],Wayside Redbrook Street Ashford England TN26 3QR
HB & JV LIMITED,11961157,active,ltd,,24-04-2019,24-04-2019,"[46900,66300,69201, 84210]",124 City Road London England EC1V 2NX
SELLEK WEALTH MANAGEMENT LIMITED,07243432,active,ltd,,05-05-2010,05-05-2010,"[66190,66290, 66300]",Hyak House Cheltenham GL54 5TH
INFO TRADING LTD,12585757,active,ltd,,05-05-2020,05-05-2020,"[64301,64304, 66300]",5 Roper Crescent Sunbury-On-Thames England TW16 5BA
HERALD INVESTMENT MANAGEMENT LIMITED,02877061,active,ltd,,01-12-1993,01-12-1993,[66300],10-11 Charterhouse Square null EC1M 6EE
WEALTH ORACLE ASSET MANAGEMENT LIMITED,12111757,active,ltd,,19-07-2019,19-07-2019,[66300],31 Thornford Road London England SE13 6SG
CAPDESIA GROUP LIMITED,10428605,active,ltd,,14-10-2016,14-10-2016,"[64303,64999,66300, 70229]",16 Great Queen Street London United Kingdom WC2B 5AH
YOUEE LTD,14112786,active,ltd,,17-05-2022,17-05-2022,"[66300,70221, 70229]","Flat 114 Gladwin Tower,  London United Kingdom SW8 2FJ"
MONTRACHET CAPITAL LIMITED,07918242,active,ltd,,20-01-2012,20-01-2012,[66300],71-75 Shelton Street London United Kingdom WC2H 9JQ
CITY TRAINING LIMITED,03734888,active,ltd,,17-03-1999,17-03-1999,"[66120,66190,66300, 70221]",19 The Ridgeway null N3 2PG
CS MANAGERS LTD,SC231678,active,ltd,,17-05-2002,17-05-2002,[66300],43 Charlotte Square Edinburgh United Kingdom EH2 4HQ
NET ZERO MARKETS LTD,13380851,active,ltd,,06-05-2021,06-05-2021,"[64999,66110,66190, 66300]",32 Gloucester Circus London United Kingdom SE10 8RY
REALWORLD CAPITAL MANAGEMENT LTD,08688287,active,ltd,,12-09-2013,12-09-2013,[66300],Tc Group 6th Floor Kings House London United Kingdom SW1Y 4BP
MIDS SOLUTIONS LTD,06694182,active,ltd,,10-09-2008,10-09-2008,[66300],Seabreeze Lodge Egremont England CA22 2UH
FINSAI TRADE LTD,15012987,active,ltd,,19-07-2023,19-07-2023,"[66110, 66300]","Suite 1-2,  Brookfield Court Selby Road Leeds England LS25 1NB"
CFX CAPITAL LTD,14450047,active,ltd,,28-10-2022,28-10-2022,"[56290, 66300]",125 Drummond Grove Ashford United Kingdom TN24 0US
SKF TRADING LIMITED,07678618,active,ltd,,22-06-2011,22-06-2011,"[66190, 66300]",181 Queen Victoria Street London England EC4V 4EG
BAMBOO PANDA LTD,09578749,active,ltd,,07-05-2015,07-05-2015,[66300],Suite 4 St Georges Lodge Bath England BA2 3NE
DWS ALTERNATIVES GLOBAL LIMITED,05603289,active,ltd,,26-10-2005,26-10-2005,[66300],21 Moorfields London United Kingdom EC2Y 9DB
TOSCA GP HOLDINGS LTD,12762642,active,ltd,,23-07-2020,23-07-2020,[66300],Ferguson House 15 Marylebone Road London England NW1 5JD
CLEAR CAPITAL CORPORATE BROKING LTD.,12973603,active,ltd,,26-10-2020,26-10-2020,[66300],C/O Bda Associates Limited Global House Epsom England KT18 5AD
MONARCH ALTERNATIVE CAPITAL (EUROPE) LTD,08138649,active,ltd,,11-07-2012,11-07-2012,[66300],1st Floor 50-52 Welbeck Street London England W1G 9HL
PRIMARY GP CO V LIMITED,11704445,active,ltd,,29-11-2018,29-11-2018,[66300],Augustine House London United Kingdom EC2N 2HA
CPCA BUSINESS GROWTH FINANCE LIMITED,14883887,active,ltd,,22-05-2023,22-05-2023,[66300],First Floor Linea House Fleet England GU51 2UZ
PM ASSET MANAGEMENT (FUND IV) LIMITED,06970957,active,ltd,,23-07-2009,23-07-2009,[66300],16 Riverside Omega Park Alton GU34 2UF
KEY CAPITAL PARTNERS III (NOMINEES) LIMITED,15856475,active,ltd,,24-07-2024,24-07-2024,[66300],13 Park Place Leeds United Kingdom LS1 2SJ
JHT ASSET MANAGEMENT LTD,11474660,active,ltd,,20-07-2018,20-07-2018,[66300],Persondy Farm Persondy Lane Cardiff United Kingdom CF5 6DW
SENECA PARTNERS LIMITED,07196273,active,ltd,,19-03-2010,19-03-2010,"[64209, 66300]",9 The Parks Newton-Le-Willows England WA12 0JQ
FIRST STEP COMMUNITY BEREAVEMENT LTD,11944539,active,private-limited-guarant-nsc,,13-04-2019,13-04-2019,"[66300, 94990]",International House Manchester M2 3HZ
PRIMARY IV GP CO LIMITED,08858756,active,ltd,,23-01-2014,23-01-2014,[66300],Ground Floor Augustine House London EC2N 2HA
LOH-GRONAGER PARTNERS LIMITED,13519621,active,ltd,,20-07-2021,20-07-2021,[66300],23 Berkeley Square Mayfair England W1J 6HE
COALBROOK HOLDINGS LIMITED,11476465,active,ltd,,22-07-2018,22-07-2018,[66300],93 The Lloyd Market Drayton United Kingdom TF9 2PS
REMORA CAPITAL BTR LIMITED,12239168,active,ltd,,02-10-2019,02-10-2019,[66300],Parkside House Harrogate England HG1 5LF
STOCKDALE STREET LIMITED,04481271,active,ltd,,09-07-2002,09-07-2002,"[64205,66300, 70221]",1 Charterhouse Street London EC1N 6SA
BTR REIT LTD,12238889,active,ltd,,02-10-2019,02-10-2019,[66300],Parkside House Harrogate England HG1 5LF
THRACIAN CAPITAL LIMITED,15851303,active,ltd,,22-07-2024,22-07-2024,"[64205,64301, 66300]",128 City Road London United Kingdom EC1V 2NX
MR&K CO. LTD,12705849,active,ltd,,30-06-2020,30-06-2020,"[46160,46190,66110, 66300]",N90 28 Mill Street Ottery St. Mary England EX11 1AD
BULL&GRACE LTD,15606733,active,ltd,,31-03-2024,31-03-2024,"[66300, 70229]",Ashmore House Evesham Road Evesham England WR11 4TL
RATIO VENTURES LIMITED,10491416,active,ltd,,22-11-2016,22-11-2016,[66300],The Clock House London England SW3 2PX
FSE MEIF GP LTD,12367480,active,ltd,,17-12-2019,17-12-2019,"[64929, 66300]",First Floor Linea House Fleet England GU51 2UZ
FSE LOAN MANAGEMENT LIMITED,05041192,active,ltd,,11-02-2004,11-02-2004,[66300],First Floor Linea House Fleet England GU51 2UZ
STATION 12 ASSET MANAGEMENT LIMITED,10596368,active,ltd,,02-02-2017,02-02-2017,[66300],295 Chiswick High Road 295 Chiswick High Road London England W4 1HH
WEALTHIFY LIMITED,09034828,active,ltd,,12-05-2014,12-05-2014,[66300],Tec Marina Penarth Wales CF64 1SA
TROJAN INVESTMENT GROUP LTD,14453159,active,ltd,,31-10-2022,31-10-2022,"[66300, 86230]",155 Kenyon Lane Moston United Kingdom M40 9DJ
REGENERATE EUROPEAN SUSTAINABLE AGRICULTURE CI GENERAL PARTNER LIMITED,SC749649,active,ltd,,08-11-2022,08-11-2022,[66300],13 Queen's Road Aberdeen United Kingdom AB15 4YL
ANANDA IMPACT VENTURES UK LIMITED,14445459,active,ltd,,26-10-2022,26-10-2022,[66300],C/O Womble Bond Dickinson (Uk) Llp London United Kingdom SE1 2AU
GEMENI INVESTMENTS LIMITED,11601941,active,ltd,,03-10-2018,03-10-2018,[66300],1 St. Pauls Square Liverpool United Kingdom L3 9SJ
PALM TREE WORLDWIDE ADVISORY LIMITED,09689213,active,ltd,,16-07-2015,16-07-2015,[66300],2nd Floor 6 Grosvenor Street London W1K 4PZ
AMIA CAPITAL ADVISORS LTD,10472278,active,ltd,,10-11-2016,10-11-2016,[66300],Cleveland House London SW1Y 6RJ
HIP EUROPE MANAGEMENT LTD,06487588,active,ltd,,29-01-2008,29-01-2008,"[66300, 70221]",Dept 302 43 Owston Road Doncaster England DN6 8DA
T. CRANDON MANAGEMENT LIMITED,12121701,active,ltd,,25-07-2019,25-07-2019,[66300],Newland Fawr Farm Newland Fawr Farm Bridgend United Kingdom CF35 5DN
MAVEN IFS EQUITY GP LIMITED,SC777479,active,ltd,,31-07-2023,31-07-2023,[66300],Kintyre House Glasgow Scotland G2 2LW
ROBECK INVESTMENTS,09152404,active,private-unlimited,,29-07-2014,29-07-2014,[66300],"Hamsard House 10 The Moorlands,  High Street Wetherby England LS23 6ED"
WMG FUNDS LIMITED,05237578,active,ltd,,21-09-2004,21-09-2004,[66300],239-241 Kennington Lane London United Kingdom SE11 5QU
ARES MANAGEMENT LIMITED,05837428,active,ltd,,05-06-2006,05-06-2006,[66300],"C/O Tmf Group,  13th Floor London United Kingdom EC2R 7HJ"
GRIMSTON MANAGEMENT LIMITED,11029848,active,ltd,,24-10-2017,24-10-2017,[66300],22 Shipton Road York England YO30 5RF
ARES MANAGEMENT UK LIMITED,08708339,active,ltd,,27-09-2013,27-09-2013,[66300],"C/O Tmf Group,  13th Floor London United Kingdom EC2R 7HJ"
WHITEROCK INVEST LIMITED,NI671398,active,ltd,,30-07-2020,30-07-2020,[66300],11-13 Gloucester Street Belfast Northern Ireland BT1 4LS
COLUMBIA THREADNEEDLE REP PM LIMITED,08198483,active,ltd,,03-09-2012,03-09-2012,[66300],"Cannon Place,  78 Cannon Street London England EC4N 6AG"
JENCAP CONSULTING LTD,06099091,active,ltd,,13-02-2007,13-02-2007,[66300],Suite B2 Ground Floor Copthorne Way Cardiff Wales CF5 6ES
BRICEAMERY CAPITAL LTD,05523093,active,ltd,,29-07-2005,29-07-2005,[66300],8 Devonshire Square London England EC2M 4YJ
BAY BIONICS LTD,12720741,active,ltd,,05-07-2020,05-07-2020,"[64304,64910,64991, 66300]",20 Elgin Mews London England W11 1PU
VEC ASSET MANAGEMENT LTD,07849689,active,ltd,,16-11-2011,16-11-2011,[66300],Pixies Holt Gods Blessing Green Wimborne England BH21 7DD
ONTARIO TEACHERS’ PENSION PLAN (EUROPE) RE LIMITED,12486055,active,ltd,,26-02-2020,26-02-2020,[66300],10 Portman Square London England W1H 6AZ
BGF UKEF 3 GP LIMITED,14831791,active,ltd,,27-04-2023,27-04-2023,[66300],13-15 York Buildings London United Kingdom WC2N 6JU
ALLTMORE ASSET MANAGEMENT LIMITED,SC621650,active,ltd,,19-02-2019,19-02-2019,[66300],Kincardine Lodge Boat Of Garten United Kingdom PH24 3BY
BLACKOAK LIFE LIMITED,08623437,active,ltd,,24-07-2013,24-07-2013,[66300],One City Place Chester England CH1 3BQ
SOLUS CAPITAL PARTNERS LTD,11011171,active,ltd,,12-10-2017,12-10-2017,[66300],128 City Road London United Kingdom EC1V 2NX
EDWARD HOWELL FINANCIAL CONSULTANCY LIMITED,08246622,active,ltd,,10-10-2012,10-10-2012,[66300],28 Brock Street Bath England BA1 2LN
"APERTURE INVESTORS UK, LTD",11575470,active,ltd,,,18-09-2018,[66300],1 Old Queen Street London England SW1H 9JA
RIPPLEWOOD ADVISORS LIMITED,09159953,active,ltd,,04-08-2014,04-08-2014,[66300],8 St James's Place London SW1A 1NP
LTB GLOBAL FINANCE LTD,14247071,active,ltd,,20-07-2022,20-07-2022,"[64205,64999,66220, 66300]",83 Tatlow Road Leicester United Kingdom LE3 8NF
SAINTEMP INVESTMENTS LIMITED,05961819,active,ltd,,10-10-2006,10-10-2006,"[41100,66300,70229, 72190]",C/O Citygate Accountants Unit 1.01 East London Business Centre London England E1 1EJ
FUNDROCK PARTNERS LIMITED,04162989,active,ltd,,19-02-2001,19-02-2001,"[64302,64304, 66300]",Hamilton Centre Chelmsford England CM1 3BY
381 INVESTMENTS LIMITED,07330809,active,ltd,,30-07-2010,30-07-2010,"[66300, 96090]",Suite L3 Chatteris PE16 6TT
C TO C SME FINANCE LIMITED,08846700,active,ltd,,15-01-2014,15-01-2014,[66300],First Floor Linea House Fleet England GU51 2UZ
FSE SWIF EQUITY GP LIMITED,14585371,active,ltd,,11-01-2023,11-01-2023,[66300],"First Floor,  Linea House Fleet England GU51 2UZ"
CIOSF GENERAL PARTNER LIMITED,09501209,active,ltd,,20-03-2015,20-03-2015,[66300],First Floor Linea House Fleet England GU51 2UZ
GREYKITE INVESTMENT ADVISER LIMITED,15002285,active,ltd,,13-07-2023,13-07-2023,[66300],3 More London Riverside London England SE1 2AQ
AB VISION FINANCIAL LTD,SC481466,active,ltd,,04-07-2014,04-07-2014,[66300],15 Miller Road Ayr Scotland KA7 2AX
FINIGAN FUNDRAISING LTD,11456428,active,ltd,,10-07-2018,10-07-2018,[66300],112 Gordon Road Margate England CT9 4EA
COLYER MANAGEMENT SERVICES LTD,08644826,active,ltd,,09-08-2013,09-08-2013,[66300],The Old Sawmill Pickering YO18 7PJ
SUNKARI INVESTMENTS LIMITED,14344975,active,ltd,,08-09-2022,08-09-2022,[66300],3 Redthorne Grove Kenilworth England CV8 2EF
"HOXTON VENTURES IV, (SCOT) LTD",SC818164,active,ltd,,,01-08-2024,[66300],50 Lothian Road Edinburgh Scotland EH3 9WJ
TIOGA CAPITAL MANAGEMENT UK LIMITED,14253923,active,ltd,,25-07-2022,25-07-2022,[66300],Lynton House London WC1H 9BQ
TMS CAPITAL LIMITED,03960337,active,ltd,,30-03-2000,30-03-2000,"[64999, 66300]",The Innovation Centre University Way Bedford MK43 0BT
SANCUS RETIREMENT PLANNING LIMITED,10976800,active,ltd,,22-09-2017,22-09-2017,[66300],71 Queen Victoria Street London England EC4V 4AY
ARION INVESTMENT MANAGEMENT LIMITED,09954672,active,ltd,,15-01-2016,15-01-2016,[66300],253 Gray's Inn Road London United Kingdom WC1X 8QT
KEY CAPITAL PARTNERS (GENERAL PARTNER) VIII LIMITED,09162283,active,ltd,,05-08-2014,05-08-2014,[66300],13 Park Place Leeds England LS1 2SJ
AXM VENTURE CAPITAL (HOLDINGS) LIMITED,05355331,active,ltd,,07-02-2005,07-02-2005,"[64205,66300, 70229]",57g Randolph Avenue London W9 1BQ
FIT TO RETIRE LTD,14464898,active,ltd,,07-11-2022,07-11-2022,"[65110,66190, 66300]",International House London United Kingdom E16 2DQ
AVIVA INVESTORS INFRASTRUCTURE INCOME NO.4B LIMITED,09796031,active,ltd,,25-09-2015,25-09-2015,[66300],80 Fenchurch Street London United Kingdom EC3M 4AE
JOHN STREET CAPITAL LIMITED,12142117,active,ltd,,06-08-2019,06-08-2019,[66300],29-30 Ely Place London United Kingdom EC1N 6TD
NSII TRUSTEE (UK) LTD,15876826,active,ltd,,05-08-2024,05-08-2024,[66300],"First Floor,  50 Marshall Street London United Kingdom W1F 9BQ"
JEL ASSETS LTD,12366888,active,ltd,,17-12-2019,17-12-2019,[66300],5a Loten Road Benfleet England SS7 5DD
ADD WEALTH MANAGEMENT LIMITED,07306825,active,ltd,,07-07-2010,07-07-2010,[66300],18-24 Brighton Road South Croydon England CR2 6AA
"KING STREET EUROPEAN ADVISORS, LTD.",05440189,active,ltd,,,29-04-2005,[66300],78 St James's St London England SW1A 1JB
ECI 12 NOMINEES LIMITED,11540468,active,ltd,,28-08-2018,28-08-2018,[66300],80 Strand London England WC2R 0DT
QUAY PARTNERS (UK) LTD,08973736,active,ltd,,02-04-2014,02-04-2014,[66300],3 Queen Street London England W1J 5PA
LINIK FINANCE LIMITED,14470863,active,ltd,,08-11-2022,08-11-2022,[66300],130 Wood Street London England EC2V 6DL
STORMONT CAPITAL INVESTMENTS LTD,12814146,active,ltd,,14-08-2020,14-08-2020,"[64303,64305,64991, 66300]","Floor 2,  18 Savile Row London United Kingdom W1S 3PW"
LONDON LGPS CIV LIMITED,09136445,active,ltd,,17-07-2014,17-07-2014,[66300],"4th Floor,  22 Lavington Street London SE1 0NZ"
RGF PROJECT VEHICLE C.I.C.,07970019,active,private-limited-guarant-nsc,community-interest-company,29-02-2012,29-02-2012,[66300],Adam House London England WC2N 6AA
ECI 11 NOMINEES LIMITED,11549474,active,ltd,,03-09-2018,03-09-2018,[66300],80 Strand London England WC2R 0DT
HSRE INVESTMENT PARTNERSHIP UK GP LIMITED,SC637990,active,ltd,,05-08-2019,05-08-2019,[66300],Collins House Edinburgh United Kingdom EH1 2AA
MOOGSY LTD,12325343,active,ltd,,20-11-2019,20-11-2019,"[66300, 68209]",9 Berners Place London United Kingdom W1T 3AD
MACQUARIE INFRASTRUCTURE AND REAL ASSETS (EUROPE) LIMITED,03976881,active,ltd,,19-04-2000,19-04-2000,[66300],Ropemaker Place London EC2Y 9HD
LONG ISLAND CAPITAL LIMITED,12792259,active,ltd,,04-08-2020,04-08-2020,[66300],101 New Cavendish Street London United Kingdom W1W 6XH
GARUDA VAHANA PRIVATE LIMITED,15087716,active,ltd,,22-08-2023,22-08-2023,[66300],Swift House Ground Floor Chelmsford England CM1 1GU
ENEGEESOLUTIONS LIMITED,15885083,active,ltd,,08-08-2024,08-08-2024,"[09100,62012,62030, 66300]",136 Hamble Lane South Ockendon England RM15 5HP
AVIVA INVESTORS INFRASTRUCTURE INCOME NO.7 LIMITED,12271062,active,ltd,,18-10-2019,18-10-2019,[66300],80 Fenchurch Street London United Kingdom EC3M 4AE
B & P FINANCE CONSULTANTS LIMITED,04534896,active,ltd,,13-09-2002,13-09-2002,[66300],River Farm House Redwall Lane Maidstone England ME17 4BD
COGNIS CAPITAL MANAGEMENT LIMITED,06668733,active,ltd,,08-08-2008,08-08-2008,[66300],71-75 Shelton Street London WC2H 9JQ
QED PROPERTY MANAGEMENT LTD,14602680,active,ltd,,18-01-2023,18-01-2023,[66300],10 Orange Street Haymarket London United Kingdom WC2H 7DQ
ENA INVESTMENT CAPITAL (UK) LIMITED,08166142,active,ltd,,02-08-2012,02-08-2012,[66300],Carrington House London W1B 5SE
MIDDLETON CAPITAL LIMITED,13558658,active,ltd,,10-08-2021,10-08-2021,[66300],Victoria Mill Stables Bakewell England DE45 1DA
"TRACT CAPITAL MANAGEMENT UK II, LTD",15907628,active,ltd,,,20-08-2024,[66300],"Suite 1,  7th Floor 50 Broadway London United Kingdom SW1H 0DB"
MIRAFE A HOLDINGS,15907849,active,private-unlimited,,20-08-2024,20-08-2024,[66300],1 Chamberlain Square Cs Birmingham B3 3AX
B2 WEALTH LTD,08296287,active,ltd,,16-11-2012,16-11-2012,[66300],Allium House 12 Enterprise Way Spalding England PE11 3YR
ZOEISLA CAPITAL LIMITED,11684482,active,ltd,,19-11-2018,19-11-2018,[66300],C/O Reynolds Windmill House Gravesend United Kingdom DA12 1BL
FUNDSURE LIMITED,12804657,active,ltd,,11-08-2020,11-08-2020,[66300],"3rd Floor, 45 Albemarle Street London England W1S 4JL"
RUTLAND REGISTRATIONS LIMITED,10156911,active,ltd,,29-04-2016,29-04-2016,[66300],Thomas House London England SW1V 1PX
RUTLAND III CILP GP LIMITED,SC460191,active,ltd,,26-09-2013,26-09-2013,[66300],50 Lothian Road Edinburgh EH3 9WJ
NWP DIGITAL LTD,10820747,active,ltd,,15-06-2017,15-06-2017,"[41100,66300, 68320]",2 Castle Business Village Hampton United Kingdom TW12 2BX
NICKEL DIGITAL ASSET MANAGEMENT LIMITED,12306648,active,ltd,,08-11-2019,08-11-2019,[66300],Radius House C/O Hillier Hopkins Llp Watford England WD17 1HP
ANCALA MEMBER LIMITED,09522745,active,ltd,,01-04-2015,01-04-2015,[66300],20 Gracechurch Street London England EC3V 0AF
DIMENSIONAL FUND ADVISORS LTD.,02569601,active,ltd,,19-12-1990,19-12-1990,[66300],20 Triton Street London NW1 3BF
"TRACT CAPITAL MANAGEMENT UK, LTD",15906783,active,ltd,,,20-08-2024,[66300],"Suite 1,  7th Floor 50 Broadway London United Kingdom SW1H 0DB"
CURA CAPITAL LIMITED,15061692,active,ltd,,09-08-2023,09-08-2023,[66300],23 New Road Redditch England B96 6AW
AC/DC INVESTMENTS LTD,13027607,active,ltd,,18-11-2020,18-11-2020,[66300],17 Old Park Lane London England W1K 1QT
CAIN CAPITAL LTD,07077070,active,ltd,,16-11-2009,16-11-2009,[66300],241 Hale Road Altrincham England WA15 8RD
TCI REAL ESTATE PARTNERS LIMITED,09168419,active,ltd,,08-08-2014,08-08-2014,[66300],7 Clifford Street London W1S 2FT
PEGZETA LTD,15908105,active,ltd,,20-08-2024,20-08-2024,"[47910,64209,66190, 66300]","Office 6908 321-323 High Road,  Essex United Kingdom RM6 6AX"
VOYAGER CAPITAL PARTNERS LIMITED,11518798,active,ltd,,15-08-2018,15-08-2018,[66300],Saxon House Chelmsford England CM1 1HT
CLARION PARTNERS EUROPE (U.K.) LIMITED,07654712,active,ltd,,01-06-2011,01-06-2011,[66300],One London England WC2R 0LR
ALANDA CAPITAL MANAGEMENT LIMITED,10294934,active,ltd,,25-07-2016,25-07-2016,[66300],166 Piccadilly London England W1J 9EF
ALPHAGREP UK LIMITED,10322734,active,ltd,,10-08-2016,10-08-2016,"[63990, 66300]",Ibex House Weybridge United Kingdom KT13 8AH
MIRAFE T HOLDINGS,15909261,active,private-unlimited,,21-08-2024,21-08-2024,[66300],1 Chamberlain Square Cs Birmingham B3 3AX
OXFORD TECHNOLOGY 2 VENTURE CAPITAL TRUST PLC,03928569,active,plc,,18-02-2000,18-02-2000,[66300],Magdalen Centre Oxford OX4 4GA
THE PRIVATE INFRASTRUCTURE DEVELOPMENT GROUP LIMITED,11265124,active,ltd,,20-03-2018,20-03-2018,"[64205,66300, 70221]",6 Bevis Marks London England EC3A 7BA
MILBURN UNDERWRITING LIMITED,05227017,active,ltd,,09-09-2004,09-09-2004,"[65120,65202,65300, 66300]",5th Floor 70 Gracechurch Street London England EC3V 0XL
ILLUMINATE FINANCIAL MANAGEMENT LTD,12839665,active,ltd,,26-08-2020,26-08-2020,"[64303, 66300]",404 The Frames Phipp Street London United Kingdom EC2A 4PS
ANCALA FP LIMITED,09510134,active,ltd,,25-03-2015,25-03-2015,[66300],20 Gracechurch Street London England EC3V 0AF
SIMSAN VENTURES GP LTD,13923736,active,ltd,,17-02-2022,17-02-2022,[66300],"Thompson Taraz Stanhope House,  4th Floor London England W1K 1PR"
BURAQ CAPITAL LTD,15061688,active,ltd,,09-08-2023,09-08-2023,[66300],20 Crowshaw Street Derby England DE24 8DY
TICKHEAD LTD,15060763,active,ltd,,09-08-2023,09-08-2023,[66300],Chantry House Eastbourne United Kingdom BN21 1BF
AMG ASSET MANAGEMENT LTD,14503438,active,ltd,,24-11-2022,24-11-2022,"[47910,66300,68100, 68320]",27 Old Gloucester Street London United Kingdom WC1N 3AX
LINEARSEND TECHNOLOGIES LTD,15914504,active,ltd,,23-08-2024,23-08-2024,"[62090,63110,63990, 66300]",71-75 Shelton Street London United Kingdom WC2H 9JQ
IFM FINTECH OPPORTUNITIES III GP LIMITED,13760839,active,ltd,,23-11-2021,23-11-2021,"[64303, 66300]",404 The Frames Phipp Street London United Kingdom EC2A 4PS
PEMBERTON OPERATIONAL SERVICES UK LIMITED,11852522,active,ltd,,28-02-2019,28-02-2019,[66300],5 Howick Place London England SW1P 1WG
ACME VALUE MANAGEMENT LIMITED,10260248,active,ltd,,04-07-2016,04-07-2016,[66300],5 Elstree Gate Borehamwood United Kingdom WD6 1JD
PEREGRINE & BLACK INVESTMENT MANAGEMENT LIMITED,09796196,active,ltd,,26-09-2015,26-09-2015,[66300],C/O Ashley Richmond Accountant Ltd Joel Street Northwood Hills England HA6 1NW
PETERBOROUGH CAPITAL ADVISORY LTD,15917025,active,ltd,,27-08-2024,27-08-2024,[66300],C/O Aspreys Accountants Ltd No 5 The Heights Weybridge United Kingdom KT13 0NY
RWC PARTNERS LIMITED,03517613,active,ltd,,26-02-1998,26-02-1998,[66300],Verde 4th Floor London England SW1E 5DH
NORTHO LIMITED,07207225,active,ltd,,30-03-2010,30-03-2010,[66300],98 Hornchurch Road Hornchurch United Kingdom RM11 1JS
ABERFORTH LGP IA LIMITED,SC214415,active,ltd,,03-01-2001,03-01-2001,[66300],14 Melville Street Midlothian EH3 7NS
LUCKY FRIDAY LTD,15918836,active,ltd,,27-08-2024,27-08-2024,[66300],8 Devonshire Square London England EC2M 4YJ
HANAE LTD,13027826,active,ltd,,18-11-2020,18-11-2020,"[66300,68100,68209, 82990]",6 Portland Business Centre Datchet England SL3 9EG
10DYNAMICS LIMITED,13148313,active,ltd,,20-01-2021,20-01-2021,[66300],C/O Buzzacott Llp London United Kingdom EC2V 6DL
EXPONENT PRIVATE EQUITY GP OF GP II LIMITED,SC326447,active,ltd,,27-06-2007,27-06-2007,[66300],58 Morrison Street Edinburgh Scotland EH3 8BP
JMCD INVESTMENTS LIMITED,08850932,active,ltd,,17-01-2014,17-01-2014,[66300],High Trees Barn Cinder Lane Wetherby England LS23 6HH
DRAGON PARTNERS LIMITED,03388419,active,ltd,,18-06-1997,18-06-1997,[66300],49 St James's Street London England SW1A 1AH
EXPONENT PRIVATE EQUITY FOUNDER PARTNER GP II LIMITED,SC326446,active,ltd,,27-06-2007,27-06-2007,[66300],58 Morrison Street Edinburgh Scotland EH3 8BP
GAM SYSTEMATIC HOLDING LIMITED,10236491,active,ltd,,16-06-2016,16-06-2016,[66300],8 Finsbury Circus London England EC2M 7GB
TIGGI GEORGE INTERIORS LIMITED,10765533,active,ltd,,11-05-2017,11-05-2017,[66300],Pond House Castle Grove Road Woking England GU24 8EE
EXPONENT PRIVATE EQUITY GP (SECOND MEMBER) LIMITED,10175343,active,ltd,,11-05-2016,11-05-2016,[66300],30 Broadwick Street London England W1F 8JB
EXPONENT PRIVATE EQUITY FOUNDER PARTNER GP III LIMITED,09058511,active,ltd,,27-05-2014,27-05-2014,[66300],30 Broadwick Street London England W1F 8JB
BAOBAB CAPITAL MANAGEMENT LTD,15784523,active,ltd,,17-06-2024,17-06-2024,[66300],81 Rivington Street London United Kingdom EC2A 3AY
DAKSFIRST LIMITED,11626401,active,ltd,,16-10-2018,16-10-2018,"[64991,64999,66300, 70221]",8 Hill Street London England W1J 5NG
ATTESTOR LIMITED,12080120,active,ltd,,02-07-2019,02-07-2019,[66300],7 Seymour Street London United Kingdom W1H 7JW
CROWNGLOBAL CAPITAL UK LIMITED,12206004,active,ltd,,13-09-2019,13-09-2019,"[64191,64304,66190, 66300]",3 Portnall Road London United Kingdom W9 3BA
CAPITAL TRUST FINANCIAL MANAGEMENT LTD,NI028640,active,ltd,,21-07-1994,21-07-1994,[66300],Capital House Coleraine BT52 1NB
RST FROME INVESTMENTS LIMITED,11364417,active,ltd,,16-05-2018,16-05-2018,[66300],29 York Street London England W1H 1EZ
CHILLINGTON VALE LIMITED,11297631,active,ltd,,07-04-2018,07-04-2018,[66300],29 York Street London England W1H 1EZ
CAPRICORN FUND MANAGERS LIMITED,06849383,active,ltd,,17-03-2009,17-03-2009,"[64999, 66300]",2nd Floor Malta House London W1J 0DP
4L CAPITAL LIMITED,14218319,active,ltd,,06-07-2022,06-07-2022,[66300],69 Aberdeen Avenue Cambridge CB2 8DL
SYSTEMA GP LIMITED,12074683,active,ltd,,28-06-2019,28-06-2019,[66300],100 Cannon Street London England EC4N 6EU
PANAMA INVESTMENTS HOLDINGS LIMITED,15823669,active,ltd,,08-07-2024,08-07-2024,"[56103,56290,66300, 96090]",203 Kilburn High Road London United Kingdom NW6 7HY
BLUMEADOWS LIMITED,09787512,active,ltd,,21-09-2015,21-09-2015,"[09100,66300,74909, 88990]",15 Ivy Street Manchester England M40 9LN
TRISKELION INVESTMENTS LIMITED,11159979,active,ltd,,19-01-2018,19-01-2018,[66300],4th Floor Tuition House 27/37 St George's Road London England SW19 4EU
BYWAYS INVESTMENTS LIMITED,10355543,active,ltd,,01-09-2016,01-09-2016,[66300],Lady Mead Petersfield United Kingdom GU31 5LZ
ELEPHANT ASSET MANAGEMENT LIMITED,10280508,active,ltd,,15-07-2016,15-07-2016,[66300],10 Maidstone Buildings Mews London United Kingdom SE1 1GF
JULIET ROSE INVESTMENT DISTRIBUTION LTD,10986450,active,ltd,,28-09-2017,28-09-2017,[66300],6 Penenden Heath Road Maidstone England ME14 2DA
ACORN PORTFOLIO NO3 LIMITED,15821091,active,ltd,,05-07-2024,05-07-2024,[66300],29 York Street London United Kingdom W1H 1EZ
LEGACY WEALTH MANAGEMENT LIMITED,NI628117,active,ltd,,01-12-2014,01-12-2014,[66300],15 -17 Chichester Street Belfast Northern Ireland BT1 4JB
OXX I (SCOTLAND) LIMITED,SC576184,active,ltd,,13-09-2017,13-09-2017,[66300],50 Lothian Road Edinburgh Scotland EH3 9WJ
LEGAL & GENERAL CAPITAL IM COMPANY LIMITED,14447167,active,ltd,,27-10-2022,27-10-2022,[66300],One London United Kingdom EC2R 5AA
CLARION PARTNERS EMEA LIMITED,08120530,active,ltd,,27-06-2012,27-06-2012,[66300],1 Southampton Street London United Kingdom WC2R 0LR
UNIQUITY GROUP LIMITED,10260161,active,ltd,,04-07-2016,04-07-2016,[66300],Ship Canal House 98 Manchester United Kingdom M2 4WU
XEQOS LIMITED,11190192,active,ltd,,06-02-2018,06-02-2018,[66300],Office 3 Prama House Oxford United Kingdom OX2 7HT
JOHN LESTER & SON LIMITED,10848044,active,ltd,,04-07-2017,04-07-2017,"[64205, 66300]",Calder & Co London United Kingdom WC2H 7HF
ROYAL LONDON UNIT TRUST MANAGERS LIMITED,02372439,active,ltd,,14-04-1989,14-04-1989,[66300],80 Fenchurch Street London United Kingdom EC3M 4BY
MS AMLIN INVESTMENT MANAGEMENT LIMITED,09110461,active,ltd,,01-07-2014,01-07-2014,[66300],The Leadenhall Building London United Kingdom EC3V 4AG
SUCCESSION ESTATES LIMITED,13259114,active,ltd,,11-03-2021,11-03-2021,[66300],3 Garth Drive Chester England CH2 2AF
CULROSS GLOBAL MANAGEMENT LIMITED,02736036,active,ltd,,30-07-1992,30-07-1992,[66300],8-10 Hill Street London England W1J 5NG
BEAUCLERC ADVISORY SERVICES LIMITED,07759898,active,ltd,,02-09-2011,02-09-2011,"[64999,66190, 66300]",20 North Audley Street London England W1K 6LX
APPLEGREEN TRADING & INVESTMENTS UK LTD,13098966,active,ltd,,24-12-2020,24-12-2020,"[66300, 82990]",10 Larch Gardens Bilston England WV14 0TU
SERERO MANAGEMENT & RESEARCH LIMITED,10395284,active,ltd,,27-09-2016,27-09-2016,[66300],21 Knightsbridge London England SW1X 7LY
GAM INTERNATIONAL MANAGEMENT LIMITED,01802911,active,ltd,,26-03-1984,26-03-1984,[66300],8 Finsbury Circus London England EC2M 7GB
ART OF FINANCIAL PLANNING LIMITED,08564530,active,ltd,,11-06-2013,11-06-2013,[66300],9 Lake End Court Taplow England SL6 0JQ
TRADOLOGY LIMITED,14895132,active,ltd,,25-05-2023,25-05-2023,[66300],Flat 3 443 Edgware Road London England W2 1TH
BURDETT CAPITAL MANAGEMENT LTD,12849050,active,ltd,,01-09-2020,01-09-2020,"[64999, 66300]",1 Burdett Avenue London England SW20 0ST
FORESTER MACLEAN LIMITED,01031927,active,ltd,,19-11-1971,19-11-1971,[66300],The Old Dairy 12 Stephen Road Oxford England OX3 9AY
UMI INVESTMENT LIMITED,11534427,active,ltd,,23-08-2018,23-08-2018,[66300],Navigators Point Durham England DH1 1TW
ARTHUR SAMUEL FINANCIAL SERVICES LIMITED,01342664,active,ltd,,06-12-1977,06-12-1977,[66300],16 Dalkeith Grove Stanmore HA7 4SG
BARON & GRANT INVESTMENT MANAGEMENT LIMITED,12161169,active,ltd,,16-08-2019,16-08-2019,[66300],66 Lincoln's Inn Fields London England WC2A 3LH
RLUM LIMITED,02369965,active,ltd,,10-04-1989,10-04-1989,"[64302, 66300]",80 Fenchurch Street London United Kingdom EC3M 4BY
RST SOUTH WEST INVESTMENTS LIMITED,11961076,active,ltd,,24-04-2019,24-04-2019,[66300],29 York Street London England W1H 1EZ
RAEF CAPITAL LTD.,10246180,active,ltd,,22-06-2016,22-06-2016,"[66300, 70229]",438 Streatham High Road London England SW16 3PX
KING WILLIAM STREET CAPITAL MANAGEMENT LIMITED,09337401,active,ltd,,02-12-2014,02-12-2014,[66300],69 King William Street London EC4N 7HR
ENDLESS FIRST PARTNER LIMITED,SC401890,active,ltd,,17-06-2011,17-06-2011,[66300],50 Lothian Road Edinburgh EH3 9WJ
TOUAREG GROUP LIMITED,15825483,active,ltd,,08-07-2024,08-07-2024,"[64209,66300, 96090]",27 Old Gloucester Street London United Kingdom WC1N 3AX
RWB WEALTH MANAGEMENT LIMITED,13500731,active,ltd,,08-07-2021,08-07-2021,[66300],Northgate House Nottingham England NG7 7BQ
GRUNDINVESTMENT AG LTD,15824768,active,ltd,,08-07-2024,08-07-2024,"[64301,64303,66300, 68100]",20 Wenlock Road London England N1 7GU
SUMITOMO MITSUI DS ASSET MANAGEMENT (UK) LIMITED,01660184,active,ltd,,25-08-1982,25-08-1982,[66300],100 Liverpool Street London United Kingdom EC2M 2AT
SKYNOST INVESTMENTS,13498828,active,private-unlimited,,07-07-2021,07-07-2021,[66300],Brook House Kingswinford DY6 9HS
JOANNA TOON WEALTH MANAGEMENT LIMITED,09125417,active,ltd,,10-07-2014,10-07-2014,[66300],Foxhall Business Centre Nottingham England NG7 6LH
COLLEGIATE HOUSE LIMITED,02727604,active,ltd,,01-07-1992,01-07-1992,[66300],143-149 Fenchurch Street London England EC3M 6BN
RESONANCE WIND GP LTD,SC443189,active,ltd,,20-02-2013,20-02-2013,[66300],13 Queens Road Aberdeen AB15 4YL
RESONANCE BW HOLDINGS LIMITED,SC667332,active,ltd,,13-07-2020,13-07-2020,[66300],13 Queen's Road Aberdeen United Kingdom AB15 4YL
SALTHOUSE STERLING LIMITED,08899381,active,ltd,,18-02-2014,18-02-2014,[66300],Moor House Whippletree Road Cambridge England CB22 4PD
ANTARES CAPITAL LONDON LIMITED,14618394,active,ltd,,26-01-2023,26-01-2023,[66300],3rd Floor 1 Ashley Road Altrincham United Kingdom WA14 2DT
ASHRIDGE CAPITAL FUND I GP LIMITED,06984281,active,ltd,,07-08-2009,07-08-2009,[66300],Ashridge House Golf Club Road Berkhamsted HP4 1LY
PIP MANAGER LIMITED,09425434,active,ltd,,06-02-2015,06-02-2015,[66300],C/O Foresight Group Llp The Shard London United Kingdom SE1 9SG
FINNEXO INVESTMENTS LTD,14297973,active,ltd,,16-08-2022,16-08-2022,"[64304,64306,66300, 68100]",128 City Road London United Kingdom EC1V 2NX
MASLOW CAPITAL UK LIMITED,13807373,active,ltd,,17-12-2021,17-12-2021,[66300],15 Golden Square London England W1F 9JG
IQCP V C2 LIMITED,15887203,active,ltd,,09-08-2024,09-08-2024,[66300],45 Whitfield Street London England W1T 4HD
INNOVA CAPITAL LIMITED,09697757,active,ltd,,22-07-2015,22-07-2015,[66300],"3rd Floor,  St George's House Cheltenham United Kingdom GL50 3LG"
IMF BENTHAM ROW SPV 1 LIMITED,12124403,active,ltd,,26-07-2019,26-07-2019,[66300],"Link House,   Level 2 London United Kingdom EC1M 6EJ"
BROADWOOD LLSCF LIMITED,15886795,active,ltd,,08-08-2024,08-08-2024,[66300],4th Floor 95 Chancery Lane London United Kingdom WC2A 1DT
KINDRED CAPITAL OPPORTUNITY PLUS GP LIMITED,12725724,active,ltd,,07-07-2020,07-07-2020,[66300],Percy House 1st Floor West London England W1T 1QU
SYNOVA CAPITAL GP 7 LIMITED,14266986,active,ltd,,01-08-2022,01-08-2022,[66300],3rd Floor 45 Mortimer Street London United Kingdom W1W 8HJ
GZAMCO INVESTMENTS LTD,14221842,active,ltd,,07-07-2022,07-07-2022,"[41100,64201,66300, 68100]",1 Seymour Close Manchester United Kingdom M16 9DN
VENICE WILLOW LIMITED,09885672,active,ltd,,24-11-2015,24-11-2015,[66300],Beckwith Barn Warren Estate Writtle England CM1 3WT
ROCKEFELLER ASSET MANAGEMENT INTERNATIONAL LTD,13567109,active,ltd,,16-08-2021,16-08-2021,[66300],27 Old Gloucester Street London United Kingdom WC1N 3AX
JENNER UNDERWRITING LIMITED,03849918,active,ltd,,24-09-1999,24-09-1999,"[65120,65202,65300, 66300]",5th Floor 40 Gracechurch Street London England EC3V 0BT
KILLIN UNDERWRITING LIMITED,03830302,active,ltd,,18-08-1999,18-08-1999,"[65120,65202,65300, 66300]",5th Floor 40 Gracechurch Street London England EC3V 0BT
SLF GP LIMITED,SC391744,active,ltd,,18-01-2011,18-01-2011,[66300],Kintyre House Glasgow G2 2LW
WELWING CAPITAL (UK) LIMITED,13789810,active,ltd,,08-12-2021,08-12-2021,[66300],4th Floor Phoenix House Reading United Kingdom RG1 1NB
RIVERBED WEALTH MANAGEMENT LIMITED,13659919,active,ltd,,04-10-2021,04-10-2021,[66300],3rd Floor London England EC2N 2QQ
CARO CAPITAL MARKETS LIMITED,09315137,active,ltd,,17-11-2014,17-11-2014,[66300],Berkeley Square House London England W1J 6BD
GARNOCK VALLEY ENERGY CO LTD,SC778019,active,ltd,,04-08-2023,04-08-2023,[66300],19 Main Street Kilbirnie Scotland KA25 7BX
HARDSCRABBLE (UK) INVESTMENT HOLDINGS LIMITED,SC531054,active,ltd,,30-03-2016,30-03-2016,[66300],C/O Brodies Llp Capital Square Edinburgh United Kingdom EH3 8BP
EDWARDS WALK LIMITED,09915603,active,ltd,,14-12-2015,14-12-2015,[66300],Beckwith Barn Warren Estate Chelmsford United Kingdom CM1 3WT
GP FUND SOLUTIONS UK LIMITED,13372073,active,ltd,,03-05-2021,03-05-2021,"[64301, 66300]",Mocatta House Brighton United Kingdom BN1 4DU
DIALLO CAPITAL LTD,12489036,active,ltd,,28-02-2020,28-02-2020,[66300],130 A Benton Road Newcastle Upon Tyne United Kingdom NE7 7DX
GO LONG! LTD,14037455,active,ltd,,10-04-2022,10-04-2022,"[64304,66300, 74909]",28 Weare Road Tunbridge Wells England TN4 9DG
VABEL DEVELOPMENTS LIMITED,07544316,active,ltd,,28-02-2011,28-02-2011,[66300],18 Haverstock Hill London England NW3 2BL
SANATELO LTD,12102966,active,ltd,,15-07-2019,15-07-2019,"[49320,62090, 66300]",71 Monkwood Close Romford England RM1 2NQ
COLEBROOKE PARTNERS IM LIMITED,13978621,active,ltd,,15-03-2022,15-03-2022,[66300],2 Kensington Place London England N10 3BY
GUINNESS CAPITAL MANAGEMENT LIMITED,07084333,active,ltd,,23-11-2009,23-11-2009,[66300],18 Smith Square London England SW1P 3HZ
MACANIE INVESTMENTS LIMITED,00595844,active,ltd,,20-12-1957,20-12-1957,[66300],Cohen Arnold New Burlington House 1075 London England NW11 0PU
DW NOMINEES LTD,08253342,active,ltd,,15-10-2012,15-10-2012,[66300],Beckwith Barn Warren Estate Writtle England CM1 3WT
CATALIO CAPITAL UK LTD.,13482709,active,ltd,,29-06-2021,29-06-2021,[66300],3rd Floor 1 Ashley Road Altrincham United Kingdom WA14 2DT
ROYAL LONDON ASSET MANAGEMENT LIMITED,02244297,active,ltd,,14-04-1988,14-04-1988,"[66290, 66300]",80 Fenchurch Street London United Kingdom EC3M 4BY
AURIUM CAPITAL UK LIMITED,09581184,active,ltd,,08-05-2015,08-05-2015,[66300],727-729 High Road London England N12 0BP
ROSEVINE CAPITAL EQUITY LIMITED,10984481,active,ltd,,27-09-2017,27-09-2017,[66300],71-75 Shelton Street London United Kingdom WC2H 9JQ
APG COMMERCIAL INVESTMENTS LIMITED,13875308,active,ltd,,27-01-2022,27-01-2022,[66300],29 York Street London England W1H 1EZ
ACORN PORTFOLIO INVESTMENTS LIMITED,14414394,active,ltd,,12-10-2022,12-10-2022,[66300],29 York Street London United Kingdom W1H 1EZ
ATLANTIDE ASSET MANAGEMENT LIMITED,07858231,active,ltd,,23-11-2011,23-11-2011,[66300],8-10 Hill Street London England W1J 5NG
GATCOMBE FARM (WRINGTON) INVESTMENTS LIMITED,13802428,active,ltd,,15-12-2021,15-12-2021,[66300],29 York Street London England W1H 1EZ
ARGENT FUND MANAGEMENT LIMITED,03187591,active,ltd,,18-04-1996,18-04-1996,[66300],5 Market Yard Mews London United Kingdom SE1 3TQ
MBM CAPITAL INVESTMENTS LIMITED,07376667,active,ltd,,15-09-2010,15-09-2010,[66300],3 Hill Street London W1J 5LB
AQUINELLA INVESTMENTS LIMITED,14958313,active,ltd,,24-06-2023,24-06-2023,[66300],Berkeley House Cobham England KT11 1JG
WEST OF SCOTLAND LOAN FUND,SC166736,active,private-limited-guarant-nsc-limited-exemption,,26-06-1996,26-06-1996,[66300],London Road Centre Kilmarnock KA3 7BU
COURTIERS SUPPORT SERVICES LTD,03075228,active,ltd,,03-07-1995,03-07-1995,[66300],18a Hart Street Oxfordshire RG9 2AU
SALT LAKE INVESTMENTS LIMITED,09790048,active,ltd,,22-09-2015,22-09-2015,[66300],27 Coborn Street London E3 2AB
PARSENNE LTD,12894687,active,ltd,,21-09-2020,21-09-2020,"[64304,64999,66190, 66300]",2nd Floor College House Ruislip United Kingdom HA4 7AE
BGF GROUP PLC,10657226,active,plc,,07-03-2017,07-03-2017,[66300],13-15 York Buildings London United Kingdom WC2N 6JU
BGF GP LIMITED,10657217,active,ltd,,07-03-2017,07-03-2017,[66300],13-15 York Buildings London United Kingdom WC2N 6JU
PRL INV LIMITED,03844585,active,ltd,,20-09-1999,20-09-1999,[66300],26 Barrett Road Great Bookham KT22 9HL
MIJD LIMITED,07640038,active,ltd,,19-05-2011,19-05-2011,"[62020, 66300]",22 Woodford Avenue Ilford England IG2 6XG
GAS EXTRA INC LTD,13430737,active,ltd,,01-06-2021,01-06-2021,"[64301,64304,64306, 66300]",2 Floor Berkeley Square House London United Kingdom W1J 6BD
RISK END LTD,14899261,active,ltd,,29-05-2023,29-05-2023,"[66120,66300,85421, 85590]",86-90 Paul Street London England EC2A 4NE
MY CONTINUUM WEALTH LIMITED,11654355,active,ltd,,01-11-2018,01-11-2018,[66300],Falcon House Plymouth England PL7 5JY
THENEWORDER LTD,13233708,active,ltd,,27-02-2021,27-02-2021,[66300],128 City Road London United Kingdom EC1V 2NX
ETHERGY SOLUTIONS LTD,12038964,active,ltd,,07-06-2019,07-06-2019,"[66300, 70229]",71-75 Shelton Street London United Kingdom WC2H 9JQ
BCI CAPITAL LIMITED,13012204,active,ltd,,11-11-2020,11-11-2020,[66300],"Scale Space,  1st Floor London United Kingdom W12 7RZ"
SJG INVESTMENT MANAGEMENT LTD,15840486,active,ltd,,16-07-2024,16-07-2024,"[64209, 66300]",29 Unex Tower 7 Station Street London United Kingdom E15 1DA
PHILAX INTERNATIONAL (UK) LIMITED,11489104,active,ltd,,30-07-2018,30-07-2018,"[66300, 74909]",504 Taylor House London United Kingdom E14 8GS
MOLE VALLEY ASSET MANAGEMENT LTD,08600041,active,ltd,,08-07-2013,08-07-2013,[66300],275 High Street Dorking United Kingdom RH4 1RY
PENTECH FUND II GP LIMITED,SC328064,active,ltd,,20-07-2007,20-07-2007,[66300],19 Ormidale Terrace Edinburgh Scotland EH12 6DY
ASHBURG VENTURES CORP. LIMITED,14225603,active,ltd,,11-07-2022,11-07-2022,"[66300,70221, 82990]",277 Gray's Inn Road London United Kingdom WC1X 8QF
MAINBRIDGE CAPITAL VENTURES LTD,14197464,active,ltd,,27-06-2022,27-06-2022,"[59111,59113,64306, 66300]",86-90 Paul Street London England EC2A 4NE
TRENDCRAFT INVESTMENT LTD,12242698,active,ltd,,03-10-2019,03-10-2019,"[66300,68320,70221, 70229]",22 Friary Grove Milton Keynes England MK17 7FG
A SHADE GREENER MONEY PLC,08659252,active,plc,,21-08-2013,21-08-2013,[66300],Sterling House Maple Court Tankersley S75 3DP
MOMENTUM INVESTING LTD,09121989,active,ltd,,08-07-2014,08-07-2014,"[66210,66220,66290, 66300]",84 High Street London England NW10 4SJ
BLACKROCK UWEKEZA LTD,14127964,active,ltd,,24-05-2022,24-05-2022,"[64205,64991, 66300]",128 City Road London United Kingdom EC1V 2NX
APPLE WEALTH LTD,SC577170,active,ltd,,25-09-2017,25-09-2017,"[66220,66290, 66300]",54a Cow Wynd Falkirk United Kingdom FK1 1PU
MUBARAK FINANCE LTD,13448419,active,ltd,,09-06-2021,09-06-2021,"[64191,64910,64999, 66300]","Wsm,  Connect House 133-137 Alexandra Road London United Kingdom SW19 7JY"
LCIF 2 LIMITED,12179634,active,private-limited-guarant-nsc,,29-08-2019,29-08-2019,[66300],Norfolk County Council County Hall Norwich NR1 2DH
A.I. ASSETS LIMITED,10356985,active,ltd,,02-09-2016,02-09-2016,[66300],45 Gresham Street London United Kingdom EC2V 7BG
ASHTENNE INDUSTRIAL (GENERAL PARTNER) LIMITED,04222557,active,ltd,,23-05-2001,23-05-2001,[66300],3 Copthall Avenue London England EC2R 7BH
ETHICAL POWER ASSET MANAGEMENT LIMITED,10785990,active,ltd,,23-05-2017,23-05-2017,[66300],Unit 9 Dunchideock Barton Exeter United Kingdom EX2 9UA
HILLTOP CREDIT PARTNERS LIMITED,11755964,active,ltd,,08-01-2019,08-01-2019,[66300],46a Berwick Street London England W1F 8SG
BAMGPU LIMITED,10203537,active,ltd,,27-05-2016,27-05-2016,[66300],Brompton Asset Management London England SW1X 7QA
NIGEL BANNERMAN SERVICES LIMITED,12164799,active,ltd,,19-08-2019,19-08-2019,"[66300,69201, 70221]",5 Owl Close Gloucester England GL4 4WL
PREMIER INVESTOR CLUB LIMITED,11531612,active,ltd,,22-08-2018,22-08-2018,[66300],Goodwins 6 Parkside Court Lichfield United Kingdom WS13 7FE
CANTER HOLLAND MORTGAGES LIMITED,10872990,active,ltd,,19-07-2017,19-07-2017,"[64922, 66300]",16 Commerce Road Peterborough England PE2 6LR
ALAN PARKER ESTATES LTD,11495548,active,ltd,,01-08-2018,01-08-2018,"[64999,66300,68100, 68209]",59 59 Kenton Road Harrow England HA3 0AP
GREVILLE INVESTMENTS LIMITED,09216776,active,ltd,,12-09-2014,12-09-2014,"[66300, 82110]",Beckwith Barn Warren Estate Writtle England CM1 3WT
CAM LAND (DURSLEY) LIMITED,10111687,active,ltd,,08-04-2016,08-04-2016,[66300],Woodgate House Barnet England EN4 9HN
FORDWICH (WELL LANE) LTD,12230098,active,ltd,,26-09-2019,26-09-2019,[66300],Woodgate House Cockfosters England EN4 9HN
WARDEN BAY SHEPPEY LTD,11723847,active,ltd,,12-12-2018,12-12-2018,[66300],Woodgate House Cockfosters England EN4 9HN
TECHSTART NI SME EQUITY GP LIMITED,SC479971,active,ltd,,12-06-2014,12-06-2014,[66300],C/O Cms Cameron Mckenna Naborro Olswang Llp Saltire Court Edinburgh Scotland EH1 2EN
TECHSTART NI CAPITAL LIMITED,SC479980,active,ltd,,12-06-2014,12-06-2014,[66300],C/O Cms Cameron Mckenna Naborro Olswang Llp Saltire Court Edinburgh Scotland EH1 2EN
LONDON EDGE FUND GP CIP LIMITED,SC813413,active,ltd,,12-06-2024,12-06-2024,[66300],50 Lothian Road Edinburgh Scotland EH3 9WJ
EXECUTIVE LIFESTYLE PLANNING LTD,07656132,active,ltd,,02-06-2011,02-06-2011,[66300],24 Market Place Swaffham England PE37 7QH
TECHSTART NI GP 2 LIMITED,SC479976,active,ltd,,12-06-2014,12-06-2014,[66300],C/O Cms Cameron Mckenna Naborro Olswang Llp Saltire Court Edinburgh Scotland EH1 2EN
DELFT INVESTMENTS LIMITED,12952526,active,ltd,,15-10-2020,15-10-2020,[66300],6-7 Hamilton Close London NW8 8QY
UTOPIA WEALTH LTD,10775197,active,ltd,,17-05-2017,17-05-2017,[66300],7 Park Hill Drive Birmingham England B20 1DJ
MOORGATE INVESTMENT MANAGEMENT LIMITED,02405166,active,ltd,,17-07-1989,17-07-1989,[66300],Cannon Place London England EC4N 6HL
"EPOCH INVESTMENT PARTNERS UK, LTD",09640731,active,ltd,,,16-06-2015,[66300],4th Floor Carrington House London United Kingdom W1B 5SE
FORTUNE TRADING & CONSULTANCY LTD,07501359,active,ltd,,21-01-2011,21-01-2011,"[64999,66300, 78109]",98 Parkway Erith England DA18 4HH
ESDL INVESTMENTS LIMITED,10798351,active,ltd,,01-06-2017,01-06-2017,[66300],251 Inner Promenade Lytham St Annes England FY8 1AZ
FORESIGHT NF FP GP LIMITED,08571148,active,ltd,,17-06-2013,17-06-2013,[66300],C/O Foresight Group Llp The Shard London United Kingdom SE1 9SG
QBS VENTURES LTD,13180057,active,ltd,,04-02-2021,04-02-2021,[66300],Waterloo House Norwich United Kingdom NR3 1EH
AOC GP (UK) LTD.,10261489,active,ltd,,04-07-2016,04-07-2016,[66300],91 Wimpole Street London England W1G 0EF
CAREFREE MORTGAGE SOLUTIONS LIMITED,05688918,active,ltd,,26-01-2006,26-01-2006,[66300],3 Ingrow Bridge Keighley England BD21 5AX
PALMERS HILL INVESTMENTS LTD,07662234,active,ltd,,08-06-2011,08-06-2011,[66300],Palmers Hill Hagley DY8 2XP
JAG CAPITAL PARTNERS (UK) LIMITED,14585004,active,ltd,,11-01-2023,11-01-2023,[66300],The Coach House Unit 42 Bexley United Kingdom DA5 1LU
TIDAL WAVE LTD,13488475,active,ltd,,01-07-2021,01-07-2021,"[64205,64303,64999, 66300]",128 City Road London United Kingdom EC1V 2NX
AXIUM INFRASTRUCTURE UK LTD,14147323,active,ltd,,01-06-2022,01-06-2022,[66300],Savoystrand London England WC2R 0AA
CHRISTIAN JONES FINANCIAL SERVICES LTD,07669902,active,ltd,,14-06-2011,14-06-2011,[66300],10 Northlands Park Swansea Wales SA3 3JW
ZAIDI INVESTMENTS LTD,12456928,active,ltd,,11-02-2020,11-02-2020,"[66300, 70221]",241 Mitcham Road London England SW17 9JQ
RHONE CAPITAL LIMITED,14450036,active,ltd,,28-10-2022,28-10-2022,"[64999,66110,66190, 66300]",17 Allenswood Road London England SE9 6RW
UK GAMES TALENT AND FINANCE C.I.C.,09589632,active,private-limited-guarant-nsc,community-interest-company,13-05-2015,13-05-2015,[66300],124 City Road London England EC1V 2NX
GREENLAND CAPITAL MANAGEMENT UK LIMITED,14333355,active,ltd,,02-09-2022,02-09-2022,[66300],C/O Buzzacott Llp London United Kingdom EC2V 6DL
NORRIN RADD LIMITED,10202361,active,ltd,,26-05-2016,26-05-2016,"[62020, 66300]",The Shippen Higher Sutton Town Launceston England PL15 8NJ
BUTWHO ENTERTAINMENT GROUP LTD,11987148,active,ltd,,09-05-2019,09-05-2019,"[59200,64306,66300, 70229]",1st Floor 124 Cleveland Street London United Kingdom W1T 6PG
TJ ELECTRICAL EOT LIMITED,12950450,active,ltd,,14-10-2020,14-10-2020,[66300],22 St Georges Street Stamford United Kingdom PE9 2BU
MARSHALL STERLING INVESTMENT MANAGEMENT LIMITED,09170695,active,ltd,,11-08-2014,11-08-2014,"[66120, 66300]",1 Canada Square Canary Wharf England E14 5AA
AKKISTRADING LTD,15779632,active,ltd,,15-06-2024,15-06-2024,[66300],28 Otto Terrace Sunderland England SR2 7LP
SERVICESCAPE LTD,14243804,active,ltd,,19-07-2022,19-07-2022,[66300],228 Bexley Road London United Kingdom SE9 2PJ
HEVER LOFT CONVERSIONS LTD,12410394,active,ltd,,17-01-2020,17-01-2020,"[41202, 66300]",12410394: COMPANIES HOUSE DEFAULT ADDRESS Cardiff CF14 8LH
CHILTERN OAK LTD,14406591,active,ltd,,09-10-2022,09-10-2022,[66300],"H J P Chartered,  Audley House Berkhamsted United Kingdom HP4 1EH"
SMORGASBORD INVESTMENTS LIMITED,13403892,active,ltd,,17-05-2021,17-05-2021,"[64303,64304,66300, 70229]",Lower Woodend House Marlow United Kingdom SL7 2HN
ENLIGHTENMENT INVESTMENTS LTD,15746203,active,ltd,,28-05-2024,28-05-2024,"[63990,66300,70221, 74901]",Flat 154 Marsham Court Marsham Street London England SW1P 4LB
HJP WEALTH MANAGEMENT LIMITED,10490173,active,ltd,,22-11-2016,22-11-2016,[66300],176 South Street Dorking England RH4 2ES
EURAZEO UK LIMITED,13052186,active,ltd,,30-11-2020,30-11-2020,[66300],2nd Floor 10 Stratton Street London England W1J 8LG
HBA INTERIM TREASURY RISK MANAGEMENT LTD,08016927,active,ltd,,03-04-2012,03-04-2012,[66300],102 Sidney Road Walton On Thames KT12 3SA
ALFA8 COLIQ LIMITED,15680914,active,ltd,,25-04-2024,25-04-2024,[66300],42 New Broad Street London United Kingdom EC2M 1JD
XNTREE LTD,10178546,active,ltd,,13-05-2016,13-05-2016,"[66300, 70229]",Suite 41 Chessington Business Centre Chessington United Kingdom KT9 1SD
DCMS HOLDINGS LIMITED,11269714,active,ltd,,22-03-2018,22-03-2018,[66300],Brook House Kingswinford England DY6 9HS
TRADERISKS LIMITED,04042506,active,ltd,,28-07-2000,28-07-2000,"[64999,66120,66300, 70229]",5 New Street Square London England EC4A 3TW
BLINNIO PARTNERS LTD,10841882,active,ltd,,29-06-2017,29-06-2017,"[66300,68320, 70229]",19 Ellington House Ashmore Road London England SE18 4AS
ROCKETSTAR INVESTMENTS LTD,12712376,active,ltd,,02-07-2020,02-07-2020,[66300],Deepa Kutty London United Kingdom SW15 3JQ
(CGN) CAPITAL GROWTH NETWORK LTD,09041461,active,ltd,,15-05-2014,15-05-2014,"[64303,64304,64929, 66300]",167 Gloucester Terrace London W2 6DX
OXTAN CAPITAL LTD,14877724,active,ltd,,18-05-2023,18-05-2023,[66300],167-169 Great Portland Street London England W1W 5PF
PPF LOAN SERVICES LIMITED,14083844,active,ltd,,03-05-2022,03-05-2022,[66300],Cassini House London United Kingdom SW1A 1LD
SJW WEALTH MANAGEMENT LTD,08991739,active,ltd,,10-04-2014,10-04-2014,[66300],11 Lower Way Milton Keynes England MK17 9AG
RYEDALE ASSET MANAGEMENT LTD,07600471,active,ltd,,12-04-2011,12-04-2011,[66300],Manor Barn York YO60 7TW
NEXT WAVE PARTNERS NOMINEES LIMITED,08087861,active,ltd,,29-05-2012,29-05-2012,[66300],87-89 Baker Street London United Kingdom W1U 6RJ
FORT FINANCIAL PLANNING LIMITED,05262921,active,ltd,,18-10-2004,18-10-2004,[66300],Etheridge House Barton View Business Park Sherborne United Kingdom DT9 4FW
EDUCATE AFRICA LTD,15748421,active,ltd,,29-05-2024,29-05-2024,"[66300,82990, 85600]",Unit 82a James Carter Road Bury St. Edmunds England IP28 7DE
CHARLWOOD IFA LIMITED,04820268,active,ltd,,03-07-2003,03-07-2003,"[65110,65120,65300, 66300]",35 Seamoor Road Bournemouth BH4 9AE
SYCAMORE MANAGED FUNDING LTD,14838691,active,ltd,,02-05-2023,02-05-2023,"[66300, 70229]",Meridian House Cranbrook United Kingdom TN17 3HL
ARTEM INVESTMENT & ADVISORY LTD,13593166,active,ltd,,31-08-2021,31-08-2021,[66300],17 Marlborough Road London England W5 5NY
BAKKS BUSINESS SERVICES LIMITED,12816971,active,ltd,,17-08-2020,17-08-2020,"[66300,79110,82190, 95110]",155 Peckham Hill Street London England SE15 5JZ
COLLIANCE INVESTMENTS LTD,13370877,active,ltd,,03-05-2021,03-05-2021,"[64306,66300, 70229]",B2 - Colliance Investments 309 Hoe Street London England E17 9BG
IRWELL BRIDGE COMMUNITY INTEREST COMPANY,12659236,active,ltd,community-interest-company,10-06-2020,10-06-2020,"[66300,85520,93290, 98200]",93 Tabernacle Street London United Kingdom EC2A 4BA
KEY CAPITAL PARTNERS (GENERAL PARTNER) III LIMITED,15794473,active,ltd,,22-06-2024,22-06-2024,[66300],13 Park Place Leeds United Kingdom LS1 2SJ
HAPPY SEVEN HOLDINGS,15578763,active,private-unlimited,,20-03-2024,20-03-2024,[66300],38 Drummond Drive Stanmore HA7 3PD
K2 INVESTMENT MANAGEMENT LIMITED,06757026,active,ltd,,24-11-2008,24-11-2008,[66300],Pyramid House London England N12 9RT
SMART CONTRACT SOLUTIONS LTD,12844085,active,ltd,,28-08-2020,28-08-2020,"[64205,64303,66110, 66300]",71-75 Shelton Street London United Kingdom WC2H 9JQ
CARMIGNAC UK LTD,14162894,active,ltd,,09-06-2022,09-06-2022,[66300],2 Carlton House Terrace London United Kingdom SW1Y 5AF
RSS INVESTMENTS AND TRADING LIMITED,15799450,active,ltd,,24-06-2024,24-06-2024,"[64991,66110, 66300]",Belgrave House Weybridge United Kingdom KT13 8RN
ELLIOTT WOOD CONSULTING LTD,08567927,active,ltd,,13-06-2013,13-06-2013,[66300],241 The Broadway Wimbledon SW19 1SD
ELITE REIT HOLDINGS LIMITED,11561164,active,ltd,,10-09-2018,10-09-2018,[66300],16 Berkeley Street London United Kingdom W1J 8DZ
HENDERSON ROWE LIMITED,04379340,active,ltd,,22-02-2002,22-02-2002,[66300],1 London Street Reading RG1 4PN
DEN MANAGEMENT LIMITED,NI618892,active,ltd,,14-06-2013,14-06-2013,[66300],26 Killew Road Londonderry BT47 4SQ
AZUL HORIZONTS LTD,12913584,active,ltd,,29-09-2020,29-09-2020,[66300],"Flat 1203, 16,  Wilson Tower Christian Street London United Kingdom E1 1AW"
CAPRICORNIO CAPITAL LTD,15795134,active,ltd,,22-06-2024,22-06-2024,[66300],16 Beech Way St. Albans England AL4 8LY
INVESCO ASSET MANAGEMENT LIMITED,00949417,active,ltd,,07-03-1969,07-03-1969,"[66300,70100, 82990]",Perpetual Park Henley-On-Thames RG9 1HH
INVESCO UK LIMITED,03004959,active,ltd,,19-12-1994,19-12-1994,"[64205, 66300]",Perpetual Park Henley-On-Thames RG9 1HH
ACORN GREEN INVESTMENTS LIMITED,13400254,active,ltd,,16-05-2021,16-05-2021,[66300],29 York Street London England W1H 1EZ
RUGBY CAPITAL LIMITED,07784506,active,ltd,,23-09-2011,23-09-2011,[66300],101 New Cavendish Street London United Kingdom W1W 6XH
AJ TRANSFER LTD,15797472,active,ltd,,23-06-2024,23-06-2024,[66300],15 Teal Close Oxford England OX4 7GU
BROOKLANDS ADVISORY LIMITED,12193668,active,ltd,,06-09-2019,06-09-2019,[66300],Suite 1.02 4 Cavendish Square London England W1G 0PG
KEY CAPITAL PARTNERS VIII (NOMINEES) LIMITED,15799942,active,ltd,,24-06-2024,24-06-2024,[66300],13 Park Place Leeds United Kingdom LS1 2SJ
KARALIUS LIMITED,13452700,active,ltd,,11-06-2021,11-06-2021,[66300],4th Floor Phoenix House Reading United Kingdom RG1 1NB
MARKET ACCESS ASSET MANAGEMENT LIMITED,09955866,active,ltd,,18-01-2016,18-01-2016,[66300],2nd Floor 75 King William Street London England EC4N 7BE
FINDLAY PARK INVESTMENT MANAGEMENT LIMITED,03386539,active,ltd,,13-06-1997,13-06-1997,[66300],2nd Floor 16 New Burlington Place London England W1S 2HX
CAM WEALTH GROUP HOLDINGS LIMITED,13794323,active,ltd,,10-12-2021,10-12-2021,[66300],6th Floor The Plaza Liverpool England L3 9QJ
SORIS CAPITAL PARTNERS LIMITED,12013105,active,ltd,,23-05-2019,23-05-2019,[66300],The Victor Building Earls Colne Business Park Colchester CO6 2NS
TSO GP LIMITED,11396868,active,ltd,,04-06-2018,04-06-2018,[66300],"Duo,  Level 6 London United Kingdom EC2M 4RB"
MERTON AND BROOKS SERVICES LIMITED,15712228,active,ltd,,10-05-2024,10-05-2024,[66300],2nd Floor 123 Fonthill Road London England N4 3HH
GAURI CAPITAL LIMITED,15761548,active,ltd,,04-06-2024,04-06-2024,[66300],13 Tanglewood Close Uxbridge England UB10 0DT
MIM DISCRETIONARY FM LIMITED,10759956,active,ltd,,08-05-2017,08-05-2017,"[64999,66300, 82990]",Marlborough House Bolton United Kingdom BL1 4QP
WAYPOINT ESSENTIAL STORES GP LIMITED,13419851,active,ltd,,25-05-2021,25-05-2021,[66300],17-19 Maddox Street London England W1S 2QH
JORDAN HENNESSY ASSET MANAGEMENT LIMITED,08528552,active,ltd,,14-05-2013,14-05-2013,[66300],16 Cromwell Business Park Chipping Norton OX7 5SR
MARCANDA INVESTMENTS LIMITED,09082252,active,ltd,,11-06-2014,11-06-2014,[66300],Beckwith Barn Warren Estate Chelmsford United Kingdom CM1 3WT
ARDU LTD,NI634378,active,ltd,,22-10-2015,22-10-2015,[66300],46 Hill Street Belfast United Kingdom BT1 2LB
AMBIENTA LTD,14426227,active,ltd,,18-10-2022,18-10-2022,[66300],20 King Street London United Kingdom SW1Y 6QY
FROST INVESTMENT TECHNOLOGY LIMITED,09786965,active,ltd,,21-09-2015,21-09-2015,[66300],5 Lime Trees Avenue Llangattock Wales NP8 1LB
BAIN CAPITAL INVESTMENTS (EUROPE) LIMITED,09162234,active,ltd,,05-08-2014,05-08-2014,[66300],"Duo,  Level 6 London England EC2M 4RB"
BYTETREE ASSET MANAGEMENT LIMITED,12696776,active,ltd,,25-06-2020,25-06-2020,"[64999,66190, 66300]",Kells East Bergholt United Kingdom C07 6TL
INVESTHOM LIMITED,09751380,active,ltd,,27-08-2015,27-08-2015,[66300],"Number Ten,  Elm Court Stratford-Upon-Avon United Kingdom CV37 6PA"
TRUE CONSTANT LTD,SC715215,active,ltd,,16-11-2021,16-11-2021,[66300],Hopton Fraserburgh Scotland AB43 7AN
POV INTERNATIONAL LIMITED,10772278,active,ltd,,16-05-2017,16-05-2017,"[64191,64301,64306, 66300]",27 Old Gloucester Street London United Kingdom WC1N 3AX
DL INVESTMENTS HOLDING LIMITED,14825704,active,ltd,,25-04-2023,25-04-2023,"[66300, 68209]",39 High Street Orpington England BR6 0JE
ALTERNATIVE MASON INVESTMENTS LIMITED,13241941,active,ltd,,03-03-2021,03-03-2021,"[66300, 68100]",Freemans Place Tenbury Wells United Kingdom WR15 8TH
COULDN'T CARE LESS LTD,01031267,active,ltd,,16-11-1971,16-11-1971,[66300],7 Hollywood Altrincham WA14 2LL
NDUCHIS LIMITED,13222483,active,ltd,,24-02-2021,24-02-2021,[66300],17 Garland Road London England SE18 2RU
SOCIETATE COMERCIALA BANCAR LTD,12143434,active,ltd,,07-08-2019,07-08-2019,"[64205,66110, 66300]",55 Listerhills Science Park Bradford England BD7 1HR
UNIBANQUE  SA LTD,12061155,active,ltd,,20-06-2019,20-06-2019,"[64205,64209,64999, 66300]",Devonshire House Stanmore England HA7 1JS
SOUND CAPITAL LTD,11553091,active,ltd,,05-09-2018,05-09-2018,[66300],"Flat 4,  11 Hyde Park Gardens London United Kingdom W2 2LU"
ACCENT CAPITAL MANAGEMENT LIMITED,13294910,active,ltd,,26-03-2021,26-03-2021,[66300],10 Queen Street Place London United Kingdom EC4R 1AG
EIM NOMINEES LIMITED,02774481,active,ltd,,17-12-1992,17-12-1992,[66300],10-11 Austin Friars London England EC2N 2HG
GIRAFFE INDICES TWO LIMITED,11687104,active,ltd,,20-11-2018,20-11-2018,[66300],Scotland Farmhouse Clay Bank Banbury United Kingdom OX15 5PA
APG PI SETTLEMENTS LIMITED,15093779,active,ltd,,24-08-2023,24-08-2023,[66300],29 York Street London United Kingdom W1H 1EZ
ARTEMIS FUND MANAGERS LIMITED,01988106,active,ltd,,11-02-1986,11-02-1986,[66300],Cassini House London SW1A 1LD
CC LITIGATION LIMITED,13761003,active,ltd,,23-11-2021,23-11-2021,[66300],Regent House London United Kingdom SE19 3HF
STERLING IM LIMITED,06999954,active,ltd,,25-08-2009,25-08-2009,[66300],"Lynwood House,  Crofton Road,  Orpington Orpington England BR6 8QE"
FINANCE FOR ENTERPRISE LIMITED,01925556,active,private-limited-guarant-nsc,,24-06-1985,24-06-1985,[66300],Oak House Doncaster England DN4 5HZ
SEILERN INVESTMENT MANAGEMENT LTD.,02962937,active,ltd,,26-08-1994,26-08-1994,[66300],"3rd Floor,  Burdett House London England WC2N 6DU"
THELEME SERVICES LIMITED,06978736,active,ltd,,03-08-2009,03-08-2009,[66300],65 Curzon Street London England W1J 8PE
CONEJO LTD,14540289,active,ltd,,14-12-2022,14-12-2022,[66300],Flat 3 Ashdown Court 2e London England E17 4GF
PROJECT711 LTD,15922953,active,ltd,,28-08-2024,28-08-2024,"[66300,70210,70229, 82990]",71-75 Shelton Street London United Kingdom WC2H 9JQ
KAVANE PLC,10784333,active,plc,,23-05-2017,23-05-2017,[66300],20 Coxon Street Spondon Derby England DE21 7JG
AFEUK LTD,09940027,active,ltd,,07-01-2016,07-01-2016,[66300],66 Front Street Bishop Auckland England DL13 2XF
ONE GROUP SOLUTIONS LONDON LIMITED,15645156,active,ltd,,14-04-2024,14-04-2024,[66300],"4th Floor,  Pountney Hill House London England EC4R 0BL"
TRADE KARO LIMITED,15948065,active,ltd,,10-09-2024,10-09-2024,"[66120, 66300]",71-75 Shelton Street London United Kingdom WC2H 9JQ
CHOICE WEALTH MANAGEMENT LIMITED,08991662,active,ltd,,10-04-2014,10-04-2014,[66300],Haresfoot Arkely EN5 3JZ
WESTHOUSE CAPITAL LIMITED,13770794,active,ltd,,29-11-2021,29-11-2021,[66300],Sidings House Sidings Court Doncaster England DN4 5NU
SCHRODER INVESTMENT MANAGEMENT LIMITED,01893220,active,ltd,,07-03-1985,07-03-1985,"[64999, 66300]",1 London Wall Place London England EC2Y 5AU
BARBAX INVESTMENTS LIMITED,10332835,active,ltd,,17-08-2016,17-08-2016,[66300],Wellesley House Waterlooville England PO7 7AN
DUODETRIGINTA LIMITED,15923891,active,ltd,,29-08-2024,29-08-2024,"[66300,73110,74990, 99999]",15 Wadsworth Court Cleckheaton United Kingdom BD19 3UN
HELFORD DEPOSITARY SERVICES LTD,12843185,active,ltd,,28-08-2020,28-08-2020,[66300],128 City Road London England EC1V 2NX
AFKAR PLUS LTD,12996379,active,ltd,,04-11-2020,04-11-2020,"[62020,66300,70229, 85600]",128 City Road London United Kingdom EC1V 2NX
NEWARD WEALTH MANAGEMENT LTD,SC575440,active,ltd,,05-09-2017,05-09-2017,"[66220,66290, 66300]",21 Neward Crescent Prestwick United Kingdom KA9 2JB
OLYMPIA WEALTH MANAGEMENT LTD,07690337,active,ltd,,01-07-2011,01-07-2011,[66300],60 Cannon Street London England EC4N 6NP
ANIS & AINA LIMITED,12316813,active,ltd,,15-11-2019,15-11-2019,"[66300, 68209]",29 Beaufort Road London England W5 3EB
SHERLOCK PERSONAL MANAGEMENT LTD,08194787,active,ltd,,29-08-2012,29-08-2012,[66300],Beckwith Barn Warren Estate Writtle England CM1 3WT
EDUARD TRANSPORT SERVICES LTD,10690786,active,ltd,,27-03-2017,27-03-2017,"[49410,52290,66300, 70229]",11 Parrys Grove Bristol England BS9 1TT
CAPITAL FINANCE AND INVESTMENT MANAGEMENT LIMITED,06756876,active,ltd,,24-11-2008,24-11-2008,"[66300, 68100]",Pyramid House London England N12 9RT
BEECHBROOK MEZZANINE II GENERAL PARTNER LIMITED,SC447073,active,ltd,,09-04-2013,09-04-2013,[66300],50 Lothian Road Edinburgh EH3 9WJ
LEIFBRIDGE CAPITAL MANAGEMENT LIMITED,12193850,active,ltd,,06-09-2019,06-09-2019,[66300],36-38 Cornhill London England EC3V 3NG
HAMILTON LANE AIFM LTD.,08902654,active,ltd,,19-02-2014,19-02-2014,[66300],10 Bressenden Place London England SW1E 5DH
NORTHTREE INVESTMENT MANAGEMENT LTD,12951131,active,ltd,,14-10-2020,14-10-2020,[66300],Gardeners Cottage Gustard Wood St. Albans England AL4 8RN
CONSULTA LIMITED,02203991,active,ltd,,09-12-1987,09-12-1987,[66300],19-21 Old Bond Street London England W1S 4PX
FOMCAP IV (ENGLAND) LIMITED,10951636,active,ltd,,07-09-2017,07-09-2017,[66300],4 Matthew Parker Street London United Kingdom SW1H 9NP
SMART INVESTMENT MANAGEMENT LIMITED,08704800,active,ltd,,25-09-2013,25-09-2013,[66300],1 Oliver's Yard London England EC1Y 1HQ
ROBERT CHRISTOPHER INVESTMENTS LIMITED,13865851,active,ltd,,23-01-2022,23-01-2022,[66300],41 Harwell Road Poole England BH17 0BD
COTSWOLD WEALTH SOLUTIONS LTD,09382341,active,ltd,,09-01-2015,09-01-2015,[66300],Eight Bells House Tetbury England GL8 8JG
JPAK CAPITAL LIMITED,11669053,active,ltd,,09-11-2018,09-11-2018,[66300],14 Alexander Place London England SW7 2SF
OAK HILL ADVISORS (U.K. SERVICES (NO.2)) LIMITED,13809800,active,ltd,,20-12-2021,20-12-2021,[66300],45 Pall Mall London United Kingdom SW1Y 5JG
DALE BROWN ENTERPRISES LTD,13016968,active,ltd,,13-11-2020,13-11-2020,[66300],26 Gaen St Abertillery United Kingdom NP13 1PT
KITTIWAKE INVESTMENTS LTD,09301904,active,ltd,,10-11-2014,10-11-2014,[66300],Roppeleghs Haslemere GU27 2EN
BELVEDERE ACCOUNTANCY LIMITED,12092082,active,ltd,,08-07-2019,08-07-2019,"[64301,64304, 66300]",4 - 6 Throgmorton Avenue London United Kingdom EC2N 2DL
DJWM LIMITED,06338794,active,ltd,,09-08-2007,09-08-2007,[66300],"C/O Sobell Rhodes Llp The Kinetic Centre Elstree,  Borehamwood United Kingdom WD6 4PJ"
M&F VENTURES LTD,11432766,active,ltd,,25-06-2018,25-06-2018,[66300],Normill Court Flat 15 Normill Court Southal United Kingdom UB2 4GT
IF INVESTMENTS & FINANCE LIMITED,12192809,active,ltd,,06-09-2019,06-09-2019,"[64209,64929,66300, 70221]",61 Bridge Street Kington United Kingdom HR5 3DJ
CENTRACAP LIMITED,10860539,active,ltd,,11-07-2017,11-07-2017,"[64303,64306, 66300]",14 Ensign House London United Kingdom E14 9XQ
FORMA ADVISORY SERVICES UK LIMITED,13086820,active,ltd,,17-12-2020,17-12-2020,[66300],91 Wimpole Street London England W1G 0EF
REBALION LIMITED,14297291,active,ltd,,15-08-2022,15-08-2022,"[62020,62090,66220, 66300]",71-75 Shelton Street London United Kingdom WC2H 9JQ
GREEN CAPITAL PRIVATE ADVISERS LTD,13765159,active,ltd,,25-11-2021,25-11-2021,"[64301,64999, 66300]",128 City Road London United Kingdom EC1V 2NX
ENGENERA PROJECT 4 LIMITED,12345017,active,ltd,,02-12-2019,02-12-2019,[66300],4 Beech Ridge Harpenden United Kingdom AL5 3NJ
GREENWOOD WEALTH MANAGEMENT ASSOCIATES LIMITED,09867259,active,ltd,,11-11-2015,11-11-2015,[66300],342 Streatham High Road London England SW16 6HH
IQ CAPITAL PARTNERS CUSTODIAN III LIMITED,10940428,active,ltd,,31-08-2017,31-08-2017,[66300],45 Whitfield Street London England W1T 4HD
SILICON SILK LTD,12039590,active,ltd,,07-06-2019,07-06-2019,"[62012,64205,64999, 66300]",128 City Road London England EC1V 2NX
ENACT FOURTH PARTNER LIMITED,13337148,active,ltd,,15-04-2021,15-04-2021,[66300],Ground Floor Leeds England LS1 2HL
FIELDINGS INVESTMENT MANAGEMENT LIMITED,02958085,active,ltd,,12-08-1994,12-08-1994,[66300],100 Wood Street London England EC2V 7AN
FINANCIAL RECOVERY TECHNOLOGIES UK LIMITED,11284563,active,ltd,,29-03-2018,29-03-2018,[66300],"Suite 4,  7th Floor 50 Broadway London United Kingdom SW1H 0DB"
EPISODE (GP) LTD,08383439,active,ltd,,31-01-2013,31-01-2013,[66300],112 - 116 New Oxford Street London England WC1A 1HH
GLENTHORNE CAPITAL LTD,13560937,active,ltd,,11-08-2021,11-08-2021,[66300],Southgate Office Village London United Kingdom N14 6HF
BICE INVESTMENTS LTD,14107323,active,ltd,,14-05-2022,14-05-2022,"[66300, 68320]","7,  The Chambers,  Vineyard Abingdon England OX14 3PX"
WAY FUND MANAGERS LIMITED,04011838,active,ltd,,09-06-2000,09-06-2000,[66300],"Cedar House,  3 Cedar Park Wimborne BH21 7SB"
NORTH INVEST LTD,09708493,active,private-limited-guarant-nsc,,29-07-2015,29-07-2015,[66300],11-15 Hunslet Road Leeds United Kingdom LS10 1JQ
WELLES UNDERWRITING LIMITED,05226381,active,ltd,,09-09-2004,09-09-2004,"[65120,65202,65300, 66300]",5th Floor 40 Gracechurch Street London England EC3V 0BT
CG ASSET MANAGEMENT LIMITED,04056163,active,ltd,,21-08-2000,21-08-2000,[66300],20 King Street London England EC2V 8EG
CARDIFF INTERCHANGE NOMINEECO LIMITED,14622920,active,ltd,,27-01-2023,27-01-2023,[66300],One Coleman Street London United Kingdom EC2R 5AA
HH CAMBRIDGE PROPERTY LTD,14520975,active,ltd,,02-12-2022,02-12-2022,"[64306,66300,68100, 68209]",2 Frederick Street London United Kingdom WC1X 0ND
DIAMOND CAPITAL HOLDINGS LTD,10357887,active,ltd,,02-09-2016,02-09-2016,"[41201,55201,66300, 68100]",1 Berkeley Street London United Kingdom W1J 8DJ
FMR INVESTMENT MANAGEMENT (UK) LIMITED,05942395,active,ltd,,21-09-2006,21-09-2006,[66300],25 Cannon Street London England EC4M 5SB
THESIS UNIT TRUST MANAGEMENT LIMITED,03508646,active,ltd,,06-02-1998,06-02-1998,[66300],Exchange Building Chichester PO19 1UP
STARBROOKE EVENTS LTD,16003183,active,ltd,,07-10-2024,07-10-2024,[66300],21 Henrietta Street Batley England WF17 5DN
WELLERS IMPACT KENYA ONE LIMITED,11103298,active,ltd,,08-12-2017,08-12-2017,[66300],65 Leadenhall Street London United Kingdom EC3A 2AD
RESI CAPITAL MANAGEMENT GP LIMITED,11771962,active,ltd,,16-01-2019,16-01-2019,[66300],5 New Street Square London England EC4A 3TW
JACHOPE OPTIONS LIMITED,10886385,active,ltd,,27-07-2017,27-07-2017,[66300],5 Estella House London United Kingdom W11 4DE
SABA CAPITAL MANAGEMENT (UK) LIMITED,13765484,active,ltd,,25-11-2021,25-11-2021,[66300],Connect House 133-137 Alexandra Road London United Kingdom SW19 7JY
NSF HOLDINGS LIMITED,02238143,active,ltd,,31-03-1988,31-03-1988,[66300],"5th Floor,  Maybrook House Newcastle Upon Tyne England NE1 5JE"
AMARSAT LTD,12381833,active,ltd,,31-12-2019,31-12-2019,"[64304,66300, 68100]",C/O Chesterton House Accounting Services Llp Loughborough United Kingdom LE11 1UW
FAST PACE TRANSFER LIMITED,12060465,active,ltd,,19-06-2019,19-06-2019,[66300],3-4 Devonshire Street London England W1W 5DT
TRANSITION GLOBAL GENERAL PARTNER I LIMITED,13968373,active,ltd,,10-03-2022,10-03-2022,[66300],4th Floor 5 Carnaby Street London United Kingdom W1F 9PB
RPM HOLDINGS LIMITED,12201139,active,ltd,,11-09-2019,11-09-2019,[66300],73 Cornhill London United Kingdom EC3V 3QQ
GEMINION ASSET MANAGEMENT LIMITED,11098999,active,ltd,,06-12-2017,06-12-2017,[66300],Wessex House London United Kingdom SW1X 8ND
KHUDUR LIMITED,11144285,active,ltd,,11-01-2018,11-01-2018,"[46720,64910,66300, 68100]",128 City Road London England EC1V 2NX
PROMARKET INTERNATIONAL PLC,08251885,active,plc,,12-10-2012,12-10-2012,"[64205,64921,66220, 66300]","Unit 3,  Office A,  1st Floor London England EC3R 8EE"
BRICKLANE INVESTMENT SERVICES LTD,10021399,active,ltd,,23-02-2016,23-02-2016,[66300],19-23 Ironmonger Row London England EC1V 3QN
HEDMAN CAPITAL LTD,16030316,active,ltd,,21-10-2024,21-10-2024,[66300],71-75 Shelton Street London United Kingdom WC2H 9JQ
MINERVA MONEY MANAGEMENT LIMITED,09892504,active,ltd,,27-11-2015,27-11-2015,[66300],17a Shirwell Crescent Furzton Milton Keynes England MK4 1GA
BARWOOD CAPITAL LIMITED,06884336,active,ltd,,22-04-2009,22-04-2009,[66300],Grafton House Towcester United Kingdom NN12 7LS
SURE VALLEY VENTURES LIMITED,13681024,active,ltd,,14-10-2021,14-10-2021,[66300],International House London England EC3V 3NG
IONA STAR NOMINEES LIMITED,NI722818,active,ltd,,22-10-2024,22-10-2024,[66300],Floor 8 City Exchange Belfast United Kingdom BT1 4LS
SECURED RISKS GLOBAL LIMITED,12308014,active,ltd,,11-11-2019,11-11-2019,"[66120,66300, 80100]",10 Russell Gardens London England W14 8EZ
YFT CONSULT LTD,10031322,active,ltd,,29-02-2016,29-02-2016,"[66300,70229,90020, 90030]",57 Greens Valley Drive Stockton-On-Tees England TS18 5QH
ADVISANT CAPITAL ADVISORS LIMITED,15868962,active,ltd,,31-07-2024,31-07-2024,"[66300,70221, 70229]",66 Trafalgar House Juniper Drive London England SW18 1GY
SHAREDIMPACT VENTURES LTD,08154452,active,ltd,,24-07-2012,24-07-2012,[66300],114 High Street Bedford England MK43 0DG
CASTRUM PAY LTD,14577944,active,ltd,,09-01-2023,09-01-2023,[66300],284 Chase Road London United Kingdom N14 6HF
SPECTRUM FIBRE HOLDCO LIMITED,12870014,active,ltd,,10-09-2020,10-09-2020,[66300],Hodge House Cardiff Wales CF10 1DY
SNAB LIMITED,16006744,active,ltd,,09-10-2024,09-10-2024,"[64205,64209,64991, 66300]",27 Old Gloucester Street London United Kingdom WC1N 3AX
STAR CAPITAL PARTNERS LIMITED,03862379,active,ltd,,15-10-1999,15-10-1999,"[66300, 82990]",15th Floor 33 Cavendish Square London England W1G 0PW
DREOF II UK MERIDIA HOLDINGS III LIMITED,09973525,active,ltd,,27-01-2016,27-01-2016,[66300],C/O Siguler Guff Uk Llp 17 Albemarle Street London England W1S 4HP
TOKIO MARINE ASSET MANAGEMENT (LONDON) LIMITED,02534139,active,ltd,,24-08-1990,24-08-1990,[66300],20 Fenchurch Street London EC3M 3BY
MERSEYLINK (ISSUER) PLC,08896313,active,plc,,14-02-2014,14-02-2014,"[64203, 66300]",9 Howard Court Runcorn England WA7 1SJ
THE NORTH EAST FUND LIMITED,10441614,active,private-limited-guarant-nsc,,24-10-2016,24-10-2016,[66300],"Suite D,  Fifth Floor West One Newcastle Upon Tyne United Kingdom NE1 3PA"
THE HOUSEHOLD CAVALRY FOUNDATION,08236363,active,private-limited-guarant-nsc-limited-exemption,,02-10-2012,02-10-2012,"[63110,66300, 82990]",Horse Guards Household Cavalry Foundation London SW1A 2AX
WM CAPITAL MANAGEMENT LIMITED,07042526,active,ltd,,14-10-2009,14-10-2009,[66300],80 Coleman Street London England EC2R 5BJ
PETER JOHNSON FINANCIAL PLANNING LTD,08248086,active,ltd,,10-10-2012,10-10-2012,"[65110,65300,66190, 66300]",13 Trinity Square Llandudno LL30 2RB
IMPACTA GLOBAL LIMITED,13872321,active,ltd,,26-01-2022,26-01-2022,[66300],3 Orchard Place London England SW1H 0BF
BLAISE (BIDCO) LIMITED,12909416,active,ltd,,28-09-2020,28-09-2020,[66300],1st Floor Burdett House London England WC2N 6DU
HSBC ASSET MANAGEMENT (FUND SERVICES UK) LIMITED,13596573,active,ltd,,01-09-2021,01-09-2021,[66300],Hsbc London United Kingdom E14 5HQ
EPISO 3 FEEDER (GP) LIMITED,SC463497,active,ltd,,11-11-2013,11-11-2013,[66300],"Level 5,  9 Haymarket Square Edinburgh Scotland EH3 8RY"
KELVEDON INVESTMENTS LTD,07242991,active,ltd,,04-05-2010,04-05-2010,"[66300,70229, 82990]",14b South Park Drive Gerrards Cross United Kingdom SL9 8JH
ASSET RECOVERY & INSOLVENCY LTD,08959246,active,ltd,,26-03-2014,26-03-2014,[66300],The Clocktower Warsash United Kingdom SO31 9GQ
RUSHLAKE INTERNATIONAL,13678358,active,private-unlimited,,14-10-2021,14-10-2021,"[66300,68100,70221, 70229]",7 Bell Yard London WC2A 2JR
P VAID MANAGEMENT LTD,08250205,active,ltd,,11-10-2012,11-10-2012,[66300],The Paddock Northwood England HA6 3HA
BLUEBAY ASSET MANAGEMENT (SERVICES) LTD,03262598,active,ltd,,11-10-1996,11-10-1996,[66300],100 Bishopsgate London England EC2N 4AA
SANNAS GROUP LIMITED,12425173,active,ltd,,27-01-2020,27-01-2020,"[46120,64205, 66300]",Suit 315 394 Muswell Hill Broadway London England N10 1DJ
W600 LIMITED,13206028,active,ltd,,17-02-2021,17-02-2021,"[66300, 68320]",Teq House Wigston Hill Atherstone United Kingdom CV9 2HW
ESR EUROPE PROPERTY MANAGEMENT LIMITED,12076114,active,ltd,,01-07-2019,01-07-2019,[66300],Ferguson House London England NW1 5JD
MOCCA CAPITAL LTD,14990750,active,ltd,,10-07-2023,10-07-2023,"[64921, 66300]",Grosvenor House Altrincham United Kingdom WA14 2QG
CMMB LTD,07936299,active,ltd,,06-02-2012,06-02-2012,[66300],Beckwith Barn Warren Estate Writtle England CM1 3WT
ELMS WEALTH MANAGEMENT LIMITED,09289697,active,ltd,,31-10-2014,31-10-2014,[66300],"Unit 1,  St Stephens Court Bournemouth United Kingdom BH2 6LA"
APPIN INVESTMENTS LTD.,SC368028,active,ltd,,04-11-2009,04-11-2009,[66300],505 Great Western Road Glasgow G12 8HN
HARGREAVES LANSDOWN FUND MANAGERS LTD.,02707155,active,ltd,,15-04-1992,15-04-1992,[66300],1 College Square South Bristol BS1 5HL
MORANT WRIGHT MANAGEMENT LIMITED,03692692,active,ltd,,07-01-1999,07-01-1999,[66300],43 St. James's Place London SW1A 1NS
NAMENE WORKING CAPITAL LIMITED,11787143,active,ltd,,25-01-2019,25-01-2019,[66300],Building 1000 Cambridge Research Park Cambridge England CB25 9PD
MOGOR CONSULTING LIMITED,15776872,active,ltd,,13-06-2024,13-06-2024,"[41100,66300,68320, 70229]",2 Herbert Street Nuneaton England CV10 7DX
SAXONBURY HOUSE MANAGEMENT COMPANY LIMITED,03026186,active,ltd,,24-02-1995,24-02-1995,[66300],Flat 3 Saxonbury House Ryde England PO33 2NX
WINTERSTONE PROPERTIES LIMITED,12785572,active,ltd,,02-08-2020,02-08-2020,"[66300, 68209]",257 Marvels Lane London England SE12 9PT
ASPER PLATFORM SERVICES LIMITED,15989908,active,ltd,,01-10-2024,01-10-2024,[66300],68 King William Street London United Kingdom EC4N 7HR
ENKADON CAPITAL LIMITED,16039636,active,ltd,,24-10-2024,24-10-2024,"[64303, 66300]",Hammond House London England W1J 7JU
PHDP GLOBAL LIMITED,11215791,active,ltd,,20-02-2018,20-02-2018,"[43999,66300, 71111]",14 Moors Way Woodbridge England IP12 4HQ
SGW MANAGEMENT LTD,09449849,active,ltd,,20-02-2015,20-02-2015,[66300],10 Hall Walk Cottingham England HU16 4RL
WESTATE INVESTMENT MANAGEMENT LIMITED,05085150,active,ltd,,26-03-2004,26-03-2004,[66300],The Coach House Guildford GU1 2BJ
SIBA FINTRADE LTD,15138717,active,ltd,,14-09-2023,14-09-2023,"[64991,66300, 70221]",71-75 Shelton Street London United Kingdom WC2H 9JQ
BOLT ANGELS LTD,12864863,active,ltd,,08-09-2020,08-09-2020,[66300],27 Old Gloucester Street London United Kingdom WC1N 3AX
SHEES CONSULTANCY SERVICES LIMITED,14438041,active,ltd,,24-10-2022,24-10-2022,"[62020,66190,66300, 70229]",12 Constance Street London England E16 2DQ
QUANTUMLINE HOLDINGS LTD,15963647,active,ltd,,18-09-2024,18-09-2024,"[61200,64202,64204, 66300]",71-75 Shelton Street London United Kingdom WC2H 9JQ
TARGET FUND MANAGERS LIMITED,SC548164,active,ltd,,19-10-2016,19-10-2016,[66300],"1st Floor,  Glendevon House Stirling Scotland FK9 4TZ"
OSSINGTON INVESTMENT LTD,15141214,active,ltd,,15-09-2023,15-09-2023,"[64304, 66300]",5-10 Bolton Street London England W1J 8BA
MAYFAIR EQUITY PARTNERS PENCO LIMITED,09988055,active,ltd,,04-02-2016,04-02-2016,[66300],8 Hanover Street London United Kingdom W1S 1YQ
HSBC GLOBAL ASSET MANAGEMENT (UK) LIMITED,01917956,active,ltd,,31-05-1985,31-05-1985,[66300],8 Canada Square null E14 5HQ
MCM BESPOKE INVESTMENT SERVICES LIMITED,06460768,active,ltd,,28-12-2007,28-12-2007,[66300],8 Thorpe Road Norwich United Kingdom NR1 1RY
AFL WEALTH MANAGEMENT LIMITED,07115234,active,ltd,,04-01-2010,04-01-2010,[66300],255 Poulton Road Wirral United Kingdom CH44 4BT
DRD EQUITY LIMITED,13150517,active,ltd,,21-01-2021,21-01-2021,[66300],71-75 Shelton Street London United Kingdom WC2H 9JQ
C.M.B. SOLAR ENERGY I LIMITED,13057803,active,ltd,,02-12-2020,02-12-2020,[66300],C/O Kidd Rapinet Llp London United Kingdom E14 9GE
ORIGIN INVEST LIMITED,07091807,active,ltd,,01-12-2009,01-12-2009,"[66300, 74901]",Floor 2 Berkeley Square House Berkeley Square London W1J 6BD
SAGE & HERMES LIMITED,02958215,active,ltd,,12-08-1994,12-08-1994,"[58110,58141,66190, 66300]",44 Worthington Road Surrey KT6 7RX
SIGNATURE SENIOR LIFESTYLE INVESTMENT MANAGEMENT LIMITED,06582776,active,ltd,,01-05-2008,01-05-2008,[66300],Signature House Beaconsfield England HP9 1FN
"HOXTON VENTURES III, (SCOT) LTD",SC691845,active,ltd,,,10-03-2021,[66300],50 Lothian Road Edinburgh Scotland EH3 9WJ
RAS CAPITAL CR LTD,10177074,active,ltd,,12-05-2016,12-05-2016,[66300],11 St Christopher's Place London England W1U 1NG
PORTLAND HILL CAPITAL LIMITED,13138828,active,ltd,,18-01-2021,18-01-2021,"[64303,64991, 66300]",127 Commercial Road London England E1 1PX
OCEAN 14 CAPITAL LTD,13054348,active,ltd,,01-12-2020,01-12-2020,[66300],20-22 Wenlock Road London England N1 7GU
KALEIDOSCOPE INVESTMENTS LIMITED,09440914,active,ltd,,16-02-2015,16-02-2015,[66300],55 Old Church Lane Stanmore United Kingdom HA7 2RG
FAIRWAY CAPITAL LTD,10134142,active,ltd,,19-04-2016,19-04-2016,"[66300,68100,68320, 70229]",21-23 Ives Street Chelsea United Kingdom SW3 2ND
ROCKHOLD INVESTMENTS LIMITED,12045575,active,ltd,,12-06-2019,12-06-2019,[66300],Brookdale Centre Knutsford England WA16 0SR
S.O. CAPITAL LTD,11729443,active,ltd,,17-12-2018,17-12-2018,"[64205,66300,85590, 85600]",71-75 Shelton Street London United Kingdom WC2H 9JQ
FIREDROP MANAGEMENT LTD,14669074,active,ltd,,16-02-2023,16-02-2023,[66300],39 Ladbroke Square London England W11 3ND
AVIVA INVESTORS (GP) SCOTLAND LIMITED,SC336262,active,ltd,,16-01-2008,16-01-2008,[66300],Pitheavlis null PH2 0NH
PUMA PROPERTY FINANCE LIMITED,11685426,active,ltd,,19-11-2018,19-11-2018,[66300],Cassini House London England SW1A 1LD
HARBERT EUROPEAN FUND ADVISORS LIMITED,05384713,active,ltd,,08-03-2005,08-03-2005,[66300],45 Old Bond Street London England W1S 4QT
VOR CAPITAL SERVICES LIMITED,10975057,active,ltd,,21-09-2017,21-09-2017,[66300],4th Floor 45-46 Berners Street London United Kingdom W1T 3NE
WILD + WILD WEALTH MANAGEMENT LIMITED,09294600,active,ltd,,04-11-2014,04-11-2014,[66300],The Granary Chichester PO20 7FD
AVIVA INVESTORS PIP SOLAR PV NO.1 LIMITED,09530976,active,ltd,,08-04-2015,08-04-2015,[66300],80 Fenchurch Street London United Kingdom EC3M 4AE
L&G AFFORDABLE HOUSING GP LIMITED,15123164,active,ltd,,07-09-2023,07-09-2023,[66300],One Coleman Street London United Kingdom EC2R 5AA
META MINES INVESTMENTS LTD,15969947,active,ltd,,20-09-2024,20-09-2024,[66300],71-75 Shelton Street London United Kingdom WC2H 9JQ
EUROACTIVE CONSULTANTS LTD,15114344,active,private-limited-guarant-nsc,,05-09-2023,05-09-2023,"[64303, 66300]",37 Holden Road Salford United Kingdom M7 4LR
OCTOPUS AIF MANAGEMENT LIMITED,08802172,active,ltd,,04-12-2013,04-12-2013,[66300],"6th Floor,  33 Holborn London EC1N 2HT"
BEYOND CREDITS CIC,15967188,active,private-limited-guarant-nsc,community-interest-company,19-09-2024,19-09-2024,"[66300, 74901]",82 St. John Street London England EC1M 4JN
THOMAS MILLER INVESTMENT LTD.,02187502,active,ltd,,03-11-1987,03-11-1987,[66300],90 Fenchurch Street London EC3M 4ST
PATHWAY CAPITAL MANAGEMENT (UK) LIMITED,05531075,active,ltd,,08-08-2005,08-08-2005,[66300],14 Upper St. Martin's Lane London England WC2H 9FB
NESAZ TRADING LTD,13799639,active,ltd,,14-12-2021,14-12-2021,[66300],27 Pelham Road Beckenham United Kingdom BR3 4SQ
OXFORD UNIVERSITY ENDOWMENT MANAGEMENT LIMITED,06242141,active,ltd,,09-05-2007,09-05-2007,[66300],University Offices Oxford OX1 2JD
CHENNELLS INVESTMENT MANAGEMENT LTD,06371813,active,ltd,,14-09-2007,14-09-2007,[66300],"Highlands Farm,  Southend Road Essex CM3 8EB"
ALLIANZ HOME EQUITY INCOME GP 1 LIMITED,11300042,active,ltd,,09-04-2018,09-04-2018,[66300],199 Bishopsgate London United Kingdom EC2M 3TY
PRICE VALUE PARTNERS LIMITED,09081742,active,ltd,,11-06-2014,11-06-2014,[66300],Flat 7 Sorbonne House London England NW3 4JL
LJG WEALTH MANAGEMENT LIMITED,12226420,active,ltd,,25-09-2019,25-09-2019,[66300],Lynfield Harlow Road Harlow England CM19 5HH
GIANT VENTURES I LIMITED,12087799,active,ltd,,05-07-2019,05-07-2019,[66300],Giant House London United Kingdom W11 4PG
"HOXTON VENTURES III, (ENG) LTD",13259638,active,ltd,,,11-03-2021,[66300],483 Green Lanes London United Kingdom N13 4BS
KEYHAVEN CAPITAL PARTNERS LIMITED,04562641,active,ltd,,15-10-2002,15-10-2002,[66300],45 Whitfield Street London England W1T 4HD
THANDI FAMILY HOLDINGS LTD,13114167,active,ltd,,05-01-2021,05-01-2021,[66300],21 Woodruff Way Walsall England WS5 4SR
BGF CO-INVEST NOMINEES LIMITED,15156897,active,ltd,,22-09-2023,22-09-2023,[66300],13-15 York Buildings London United Kingdom WC2N 6JU
EQUES INVESTMENTS LTD,15844826,active,ltd,,17-07-2024,17-07-2024,[66300],10 Queen Street Place London England EC4R 1AG
"VANGUARD ASSET SERVICES, LTD.",07242969,active,ltd,,,04-05-2010,[66300],4th Floor The Walbrook Building London EC4N 8AF
MAYFIELD INVESTMENT MANAGEMENT LTD,08224408,active,ltd,,21-09-2012,21-09-2012,"[66220, 66300]",3a Market Square Crewkerne England TA18 7LE
BOMAN TRADING LIMITED,04910397,active,ltd,,24-09-2003,24-09-2003,[66300],28 St Wilfrid's Road South Yorks DN4 6AB
ARN INVEST LTD,13145773,active,ltd,,20-01-2021,20-01-2021,[66300],"2nd Floor College House Ruislip,  United Kingdom HA4 7AE"
IQ CAPITAL PARTNERS GP II LIMITED,07386359,active,ltd,,23-09-2010,23-09-2010,[66300],45 Whitfield Street London England W1T 4HD
GRANULAR CAPITAL LTD,11088063,active,ltd,,29-11-2017,29-11-2017,[66300],4-5 Manchester Square London England W1U 3PD
BLC I GP MEMBER LTD,12417510,active,ltd,,21-01-2020,21-01-2020,[66300],25 Southampton Buildings London United Kingdom WC2A 1AL
HR BANK LIMITED,04707000,active,ltd,,21-03-2003,21-03-2003,"[64929,64999,66110, 66300]",7 Bell Yard London England WC2A 2JR
BLC II NOMINEE LTD,13238493,active,ltd,,02-03-2021,02-03-2021,[66300],25 Southampton Buildings London United Kingdom WC2A 1AL
PRESERVATION CAPITAL PARTNERS LIMITED,10737610,active,ltd,,24-04-2017,24-04-2017,"[66190, 66300]",25 Golden Square London England W1F 9LU
BOSTON WEALTH MANAGEMENT LTD,08241592,active,ltd,,05-10-2012,05-10-2012,[66300],Offices A13-A14 Champion Business Park Wirral CH49 0AB
ZOUK VENTURES LIMITED,03754987,active,ltd,,20-04-1999,20-04-1999,[66300],26 Ives Street London United Kingdom SW3 2ND
HIGHLAND DREAMS GP UNLIMITED,SC486828,active,private-unlimited,,16-09-2014,16-09-2014,[66300],31-33 Union Grove Aberdeen AB10 6SD
"CPAF (UK), LTD.",15992558,active,ltd,,,02-10-2024,[66300],"Suite 1,  7th Floor 50 Broadway London United Kingdom SW1H 0DB"
ADELIO PARTNERS LIMITED,12493436,active,ltd,,02-03-2020,02-03-2020,[66300],33 Cavendish Square London England W1G 0PW
HIGHGATE CAPITAL MANAGEMENT (SERVICES) LIMITED,09415660,active,ltd,,02-02-2015,02-02-2015,[66300],1 Kings Avenue London United Kingdom N21 3NA
AVIVA INVESTORS INFRASTRUCTURE INCOME NO.3 LIMITED,09612980,active,ltd,,28-05-2015,28-05-2015,[66300],80 Fenchurch Street London United Kingdom EC3M 4AE
D G S FINANCIAL SERVICES LTD.,SC243833,active,ltd,,12-02-2003,12-02-2003,[66300],2 Crimond Park Aberdeenshire AB41 8BS
GRS CAPITAL PARTNERS LIMITED,10452796,active,ltd,,31-10-2016,31-10-2016,[66300],Suite 2a1 Northside House Barnet United Kingdom EN4 9EB
RUBICON PARTNERS ADVISORY LIMITED,11987058,active,ltd,,09-05-2019,09-05-2019,[66300],8-12 York Gate London United Kingdom NW1 4QG
DOYOS HOLDINGS LTD,15120846,active,ltd,,06-09-2023,06-09-2023,"[64991,66110,66120, 66300]",71-75 Shelton Street London United Kingdom WC2H 9JQ
ADDERSTONE FINANCE LIMITED,11816560,active,ltd,,11-02-2019,11-02-2019,[66300],"Nelson House The Fleming,  Burdon Terrace Newcastle Upon Tyne United Kingdom NE2 3AE"
LGPS CENTRAL LIMITED,10425159,active,ltd,,13-10-2016,13-10-2016,[66300],1st Floor I9 Wolverhampton United Kingdom WV1 1LD
PZ PROPERTY INVESTMENT LTD,12778273,active,ltd,,29-07-2020,29-07-2020,"[41100,64306,66300, 98000]",Office Suite 31a 23 Wharf Street London England SE8 3GG
SIXTY THREE CAPITAL LTD,12498435,active,ltd,,04-03-2020,04-03-2020,[66300],29 Farm Street London United Kingdom W1J 5RL
GLENNMONT PARTNERS I LIMITED,06386353,active,ltd,,01-10-2007,01-10-2007,[66300],9th Floor 201 Bishopsgate London United Kingdom EC2M 3BN
NSS HEALTHCARE HOLDCO LTD,15934892,active,ltd,,04-09-2024,04-09-2024,[66300],Eagle House First Floor London England W1F 9BQ
CAPITAL MOTORS GLOBAL HOLDINGS LIMITED,04645503,active,ltd,,23-01-2003,23-01-2003,[66300],The Pinnacle Milton Keynes MK9 1FE
GAMECHANGER INVESTMENTS LTD,15935065,active,ltd,,04-09-2024,04-09-2024,[66300],The Octagon 27 Middleborough Colchester England CO1 1TG
ETHUS LTD,11028231,active,ltd,,24-10-2017,24-10-2017,"[66300, 71200]",Unit 216 Harbour Yard Chelsea Habour London SW10 0XD
PRELUDE CAPITAL (UK) LTD,11826841,active,ltd,,14-02-2019,14-02-2019,[66300],58 Grosvenor Street London England W1K 3JB
BCCIM GP (SCOTLAND) LIMITED,SC709700,active,ltd,,16-09-2021,16-09-2021,[66300],50 Lothian Road Edinburgh Scotland EH3 9WJ
BARWOOD CAPITAL (RIPDM1) LIMITED,11565664,active,ltd,,12-09-2018,12-09-2018,[66300],Grafton House Towcester United Kingdom NN12 7LS
EUROPA FINANCIAL SERVICES LIMITED,10398134,active,ltd,,28-09-2016,28-09-2016,[66300],18 Wellington Road South Hounslow England TW4 5JJ
AEQUITES LIMITED,14544780,active,ltd,,16-12-2022,16-12-2022,"[64991,64999,66120, 66300]",71-75 Shelton Street London United Kingdom WC2H 9JQ
REAL FOR INVESTMENT LTD.,10310154,active,ltd,,03-08-2016,03-08-2016,"[64304,64999,66120, 66300]",4 Greystoke Gardens London W5 1EP
SUNRISE PARTNERS LTD,15103308,active,ltd,,29-08-2023,29-08-2023,"[62020,66300,70229, 74901]",71-75 Shelton Street London United Kingdom WC2H 9JQ
AVOCADO CAPITAL LIMITED,14271307,active,ltd,,02-08-2022,02-08-2022,"[66220,66290, 66300]",Nws House / 1e Purley United Kingdom CR8 2AF
SCIENS GROUP RISK SERVICES LIMITED,08174467,active,ltd,,09-08-2012,09-08-2012,[66300],34 Bruton Street London England W1J 6QX
GOLDSTAR GROUP WEALTH LIMITED,14271216,active,ltd,,02-08-2022,02-08-2022,"[66220,66290, 66300]",Nws House / 1e Purley United Kingdom CR8 2AF
CRAGG ESTATE MANAGEMENT LTD,07814071,active,ltd,,18-10-2011,18-10-2011,"[66300, 68320]",85 Percy Road London W12 9QH
HERITAGE FINANCIAL LIMITED,07103745,active,ltd,,14-12-2009,14-12-2009,[66300],The Old House Christchurch England BH23 1QL
MARK REYNOLDS FINANCIAL PLANNING LIMITED,06068299,active,ltd,,25-01-2007,25-01-2007,[66300],Cathedral House Lichfield England WS13 7AA
CAPERNAUM GROUP LIMITED,10349147,active,ltd,,27-08-2016,27-08-2016,"[66110,66300,68320, 69109]",358 Brentwood Road Romford England RM2 5TD
LOTUS INVESTMENT MANAGEMENT LTD,07765801,active,ltd,,07-09-2011,07-09-2011,"[66300, 70221]",33 Glasshouse Street London United Kingdom W1B 5DG
ARBRA WEALTH MANAGEMENT LTD,14727710,active,ltd,,14-03-2023,14-03-2023,[66300],58 Grosvenor Street London England W1K 3JB
NURTRIO LIMITED,06204479,active,private-limited-guarant-nsc,,05-04-2007,05-04-2007,"[66300,87200,88100, 88990]","Unit 5,  Acorn Business Park Grimsby England DN32 0LT"
CFM HOLDINGS LIMITED,10148092,active,ltd,,26-04-2016,26-04-2016,[66300],8 Spicer Street St. Albans England AL3 4PQ
TWENTY NINE CAPITAL PARTNERS (GENERAL PARTNER) LIMITED,13273408,active,ltd,,17-03-2021,17-03-2021,[66300],"C/O Tmf Group,  13th Floor London United Kingdom EC2R 7HJ"
MAYFAIR EQUITY PARTNERS I CO-INVESTOR GP LIMITED,SC516430,active,ltd,,24-09-2015,24-09-2015,[66300],50 Lothian Road Edinburgh Scotland EH3 9WJ
EDINBURGH EURO VENTURES LTD,15150356,active,ltd,,20-09-2023,20-09-2023,"[64205,64304,64999, 66300]",128 City Road London United Kingdom EC1V 2NX
BRAUDE WEALTH MANAGEMENT LIMITED,08737780,active,ltd,,17-10-2013,17-10-2013,[66300],Lynwood House Harrow HA1 2AW
A/O VC UK LIMITED,13802439,active,ltd,,15-12-2021,15-12-2021,[66300],First Floor London United Kingdom W1U 2RP
HEDGE ANALYTICS LTD,13139253,active,ltd,,18-01-2021,18-01-2021,"[66300, 72200]",The Old Town Hall Market Place Peterborough United Kingdom PE8 4BA
BELMORE FINANCIAL PLANNING LTD,13056177,active,ltd,,02-12-2020,02-12-2020,[66300],15 Bridge Road Wellington Telford United Kingdom TF1 1EB
EICOS INVESTMENT GROUP LIMITED,13392726,active,ltd,,13-05-2021,13-05-2021,[66300],C/O Buzzacott Llp London United Kingdom EC2V 6DL
HARBOUR NOMINEES LIMITED,02398608,active,ltd,,27-06-1989,27-06-1989,[66300],23 King Street London SW1Y 6QY
EASTHAVEN INVESTMENTS BV LTD,12858745,active,ltd,,04-09-2020,04-09-2020,"[64304,66300, 70229]",C/O Ida&Co Building 3 Chiswick Business Park London England W4 5YA
EDGE CFF (SCOTLAND) LIMITED,SC681530,active,ltd,,20-11-2020,20-11-2020,[66300],50 Lothian Road Edinburgh Scotland EH3 9WJ
NSS HEALTHCARE 2 LTD,15937987,active,ltd,,05-09-2024,05-09-2024,[66300],Eagle House First Floor London England W1F 9BQ
FORD WERNER CAPITAL LIMITED,10272468,active,ltd,,11-07-2016,11-07-2016,[66300],170 High Street Winchester England SO23 9BQ
GREAT OAK FINANCIAL PLANNING LTD,13867354,active,ltd,,24-01-2022,24-01-2022,[66300],28 Ternata Drive Monmouth Wales NP25 5UY
AVIVA INVESTORS GLOBAL SERVICES LIMITED,01151805,active,ltd,,17-12-1973,17-12-1973,[66300],80 Fenchurch Street London United Kingdom EC3M 4AE
ADVANTAGE CAPITAL LTD,15193684,active,ltd,,06-10-2023,06-10-2023,[66300],"C/O Investment Mastery First Floor,  Calleo House Borehamwood England WD6 4RT"
SAND AIRE LIMITED,03066958,active,ltd,,12-06-1995,12-06-1995,"[64302,64304, 66300]",1 London Wall Place London England EC2Y 5AU
ARDEA INVESTMENT MANAGEMENT (UK) LIMITED,13043903,active,ltd,,25-11-2020,25-11-2020,[66300],Level 1 1 Gresham Street London England EC2V 7BX
H2 HOLDCO LIMITED,16002833,active,ltd,,07-10-2024,07-10-2024,[66300],4-5 Manchester Square London England W1U 3PD
MAXJ CAPITAL LIMITED,11968108,active,ltd,,29-04-2019,29-04-2019,[66300],24 Upper Approach Road Broadstairs England CT10 1QY
ERF DELIVERY COMPANY LIMITED,14686122,active,ltd,,24-02-2023,24-02-2023,[66300],Unit 9-12 Jessops Riverside 800 Brightside Lane Sheffield England S9 2RX
ULG MANAGEMENT LIMITED,06375471,active,ltd,,19-09-2007,19-09-2007,[66300],"Beckwith Barn,  Warren Estate Lordship Road Chelmsford England CM1 3WT"
INFINITY INVESTMENT PARTNERS LIMITED,12282875,active,ltd,,25-10-2019,25-10-2019,[66300],21 Knightsbridge London England SW1X 7LY
COLIN WATTS ENTERPRISES LTD,15104877,active,ltd,,30-08-2023,30-08-2023,[66300],31 Kennel Loke Great Yarmouth United Kingdom NR31 6JU
APAX PARTNERS FUND SERVICES LTD,08801930,active,ltd,,04-12-2013,04-12-2013,[66300],1 Knightsbridge London United Kingdom SW1X 7LX
BOSTON INVESTMENT MANAGEMENT GROUP LIMITED,01007782,active,ltd,,14-04-1971,14-04-1971,"[64205,64303,66300, 70229]",Wildwoods Beaconsfield HP9 2NR
EQUITIX FOUNDER PARTNER LIMITED,11181375,active,ltd,,01-02-2018,01-02-2018,[66300],"3rd Floor,  South Building,  London England EC1A 4HD"
DAWN GLOBAL MANAGEMENT LIMITED,13281771,active,ltd,,21-03-2021,21-03-2021,[66300],154 Buckingham Palace Road London England SW1W 9TR
MVM (GP) (NO.5A) LIMITED,05959362,active,ltd,,06-10-2006,06-10-2006,[66300],38 Wigmore Street London England W1U 2RU
S-6 GROUP INVEST LTD,16001466,active,ltd,,07-10-2024,07-10-2024,"[64301,64303,64304, 66300]",201b.3 Cardinal Point Park Road Rickmansworth England WD3 1RE
HAVEN COVE CAPITAL MANAGEMENT LIMITED,12902478,active,ltd,,24-09-2020,24-09-2020,[66300],23 Berkeley Square London England W1J 6HE
JUNO PRIVATE WEALTH LTD,10974938,active,ltd,,21-09-2017,21-09-2017,[66300],The Sati Room London England W1G 0JR
S-4 GROUP INVEST LTD,16000044,active,ltd,,06-10-2024,06-10-2024,"[64301,64303,64304, 66300]",201b.3 Cardinal Point Park Road Rickmansworth England WD3 1RE
ERIK MANAGEMENT LTD,08909824,active,ltd,,25-02-2014,25-02-2014,[66300],Beckwith Barn Warren Estate Chelmsford United Kingdom CM1 3WT
CHARLTON-MATTHEWS TRADING LTD,13141218,active,ltd,,18-01-2021,18-01-2021,[66300],"Flat 4 17,  Warrior Gardens St. Leonards-On-Sea United Kingdom TN37 6EB"
BLACKFORT GROUP LTD,15589984,active,ltd,,24-03-2024,24-03-2024,"[66300,70229, 82990]",1 Cornhill London England EC3V 3ND
QUANT BEE LTD,09449898,active,ltd,,20-02-2015,20-02-2015,"[62090,66110,66220, 66300]",C/O Sg Accounting Wimborne England BH21 7SB
HAL ONE LIMITED,16025079,active,ltd,,17-10-2024,17-10-2024,[66300],249 Cranbrook Road Ilford United Kingdom IG1 4TG
VIOLA ALEO LTD,13161113,active,ltd,,27-01-2021,27-01-2021,"[64999,65120,66110, 66300]",128 City Road London England EC1V 2NX
NOVALIS GENERAL PARTNERS LTD,11528088,active,ltd,,21-08-2018,21-08-2018,"[64303,66300, 70229]",1 Park Road Kingston Upon Thames United Kingdom KT1 4AS
NORTH WEST BUSINESS FINANCE LIMITED,07028838,active,private-limited-guarant-nsc,,24-09-2009,24-09-2009,[66300],The Maltings Warrington WA4 6PU
ANALYTICAL DATA LTD,14325816,active,ltd,,30-08-2022,30-08-2022,[66300],C/O Aardvark Accounting 1 Cedar Office Park Wimborne England BH21 7SB
MOHAMMED LTD,13843253,active,ltd,,12-01-2022,12-01-2022,"[64303, 66300]",27 Old Gloucester Street London United Kingdom WC1N 3AX
BRIP0918 (DBC2) LIMITED,13679069,active,ltd,,14-10-2021,14-10-2021,[66300],Grafton House Towcester United Kingdom NN12 7LS
NATIXIS INVESTMENT MANAGERS UK LIMITED,03680538,active,ltd,,08-12-1998,08-12-1998,[66300],Level 4 Cannon Bridge House London United Kingdom EC4R 2YA
DBI TOUCH FINANCES LTD,15825869,active,ltd,,08-07-2024,08-07-2024,"[64301,64999,66120, 66300]",128 City Road London United Kingdom EC1V 2NX
MVAM LIMITED,09246335,active,ltd,,02-10-2014,02-10-2014,[66300],275 High Street Dorking United Kingdom RH4 1RY
MANAGEMENT AND STRATEGIES LIMITED,06403614,active,ltd,,18-10-2007,18-10-2007,[66300],3a School Road Sale England M33 7XY
JUGISE,11429917,active,private-unlimited,,23-06-2018,23-06-2018,[66300],Stenhill Cottage Launceston England PL15 8NN
SIX SIGMA CAPITAL LIMITED,12067806,active,ltd,,25-06-2019,25-06-2019,[66300],Unit 16 Mariner Court Wakefield England WF4 3FL
COACH HOUSE LITIGATION GP LIMITED,10570307,active,ltd,,18-01-2017,18-01-2017,[66300],White House Church Lane Winchester United Kingdom SO21 2NJ
SEDONA INVESTMENTS LIMITED,06440901,active,ltd,,29-11-2007,29-11-2007,[66300],Beckwith Barn Warren Estate Writtle England CM1 3WT
CLEAN ENVIRONMENT HOLDINGS UK LTD,15121678,active,ltd,,07-09-2023,07-09-2023,[66300],11 Melbourne Rise Shrewsbury United Kingdom SY3 5DA
M K ASSET MANAGEMENT LTD,11462786,active,ltd,,13-07-2018,13-07-2018,[66300],11 Barton Bridge Close Usk United Kingdom NP15 2JW
CHAPEL HILL DENHAM UK LIMITED,13239513,active,ltd,,02-03-2021,02-03-2021,"[64999,66190, 66300]",Blissland House Ascot England SL5 9PJ
TRENDWATCH ASSET MANAGEMENT LTD,04704606,active,ltd,,20-03-2003,20-03-2003,[66300],6b Parkway St Albans England AL3 6PA
GROSVENOR SERVICE SOLUTIONS LIMITED,09601954,active,ltd,,20-05-2015,20-05-2015,"[64303,66300, 82990]",3 Bronte View Gravesend England DA12 1PX
SQUARE MILE INVESTMENT SERVICES LIMITED,08743370,active,ltd,,22-10-2013,22-10-2013,[66300],"5th Floor,  101 Wigmore Street London England W1U 1QU"
STRONGHOLD CAPITAL LIMITED,13007157,active,ltd,,10-11-2020,10-11-2020,[66300],"Met Building,  22 Percy St,  6th Floor London England W1T 2BU"
GLENVIEW HOLDINGS LIMITED,NI659347,active,ltd,,26-02-2019,26-02-2019,"[64209, 66300]",150 Torr Road Cushendun Ballymena United Kingdom BT44 0PU
PROPERTY INVESTMENT & LOAN CO LTD,12435699,active,ltd,,31-01-2020,31-01-2020,[66300],843 Finchley Road London England NW11 8NA
BILLIONAIRE BROTHERS & CO LIMITED,12485487,active,ltd,,26-02-2020,26-02-2020,"[66120,66300, 68100]",7 Bell Yard London England WC2A 2JR
FAJAR ASSET MANAGEMENT LTD,10543845,active,ltd,,03-01-2017,03-01-2017,[66300],Suite 26 95 Miles Road Mitcham England CR4 3FH
SIMPLY AFFORDABLE HOMES 1 GP LIMITED,14682563,active,ltd,,22-02-2023,22-02-2023,[66300],33 Margaret Street London United Kingdom W1G 0JD
CASTLE HARBOUR INVESTMENTS LIMITED,08832865,active,ltd,,06-01-2014,06-01-2014,[66300],2 Elvaston Mews London SW7 5HY
EDM CAPITAL GROUP LIMITED,12398588,active,ltd,,13-01-2020,13-01-2020,[66300],5 The Water Gardens London United Kingdom W2 2DA
TRINITY GLOBAL CAPITAL UK LTD,06910409,active,ltd,,19-05-2009,19-05-2009,[66300],1 Balloon Street Manchester England M4 4BE
HUNTER POINT CAPITAL UK LTD,15282611,active,ltd,,14-11-2023,14-11-2023,[66300],78 York Street London United Kingdom W1H 1DP
PINNACALE BROKERS UK LIMITED,12201786,active,ltd,,11-09-2019,11-09-2019,[66300],102 Clay Lane Coventry England CV2 4LN
KIRK INVESTMENTS LIMITED,04157523,active,ltd,,09-02-2001,09-02-2001,[66300],4 Earle Drive Neston United Kingdom CH64 6RZ
SEMANTIC VENTURES GP LIMITED,11656080,active,ltd,,02-11-2018,02-11-2018,[66300],Censeo House St. Albans England AL1 3LF
QUANTUM ENGINEERING CONSULTANCY LTD,07172848,active,ltd,,01-03-2010,01-03-2010,"[64303,64999,66300, 71122]",33a Norfolk Street Sunderland SR1 1EE
AKB CAPITAL INVESTMENTS LIMITED,10692819,active,ltd,,27-03-2017,27-03-2017,[66300],Belgrave House Weybridge England KT13 8RN
VERLOG INVESTMENTS,SC680832,active,private-unlimited,,13-11-2020,13-11-2020,[66300],Exchange House Glasgow G1 3AG
IQ FOUNDER PARTNER (GP) III LIMITED,SC582368,active,ltd,,24-11-2017,24-11-2017,[66300],C/O Brodies Llp Capital Square Edinburgh United Kingdom EH3 8BP
IQCP III A1 LIMITED,11081869,active,ltd,,24-11-2017,24-11-2017,[66300],45 Whitfield Street London England W1T 4HD
CONCRETE VC I (OPCO) LTD,13891770,active,ltd,,03-02-2022,03-02-2022,[66300],Lytchett House 13 Freeland Park Poole United Kingdom BH16 6FA
RESI HOMES LIMITED,11796225,active,ltd,,30-01-2019,30-01-2019,"[66300, 68100]",5 New Street Square London England EC4A 3TW
GUNSBROOK WOOD LIMITED,13760999,active,ltd,,23-11-2021,23-11-2021,"[64991,66300, 68100]",Vine Barn Vine Barn Northchapel England GU28 9HU
GCF GENERAL PARTNER LIMITED,NI705316,active,ltd,,24-11-2023,24-11-2023,[66300],8th Floor City Exchange Belfast Northern Ireland BT1 4LS
PROPONENT CAPITAL LTD,14327384,active,ltd,,31-08-2022,31-08-2022,[66300],4th Floor Silver Stream House 45 Fitzroy Street London England W1T 6EB
RSB PARTNERSHIP LIMITED,04174592,active,ltd,,07-03-2001,07-03-2001,[66300],Paynes Park House Hitchin England SG5 1EH
RUSSELLS CAPITAL LIMITED,15105760,active,ltd,,30-08-2023,30-08-2023,[66300],5 High Street Abbots Langley England WD5 0QP
ARANCI ADVISORS LTD.,11580482,active,ltd,,20-09-2018,20-09-2018,[66300],Fourth Floor London United Kingdom W1J 8BP
FIRST SWISS DEPOSITORY AG LTD,11995880,active,ltd,,14-05-2019,14-05-2019,[66300],20-22 Wenlock Road London England N1 7GU
TRUEHN GLOBAL GROUP PLC,16121377,active,plc,,05-12-2024,05-12-2024,"[66110,66120,66210, 66300]",27 Old Gloucester Street London United Kingdom WC1N 3AX
DIVINUS INVESTMENTS LIMITED,13900267,active,ltd,,08-02-2022,08-02-2022,[66300],355 Beake Avenue Coventry England CV6 2HL
C L & H DEVELOPMENTS LIMITED,05369689,active,ltd,,18-02-2005,18-02-2005,[66300],68 Queen Street South Yorkshire S1 1WR
RKL WEALTH MANAGEMENT LIMITED,11969088,active,ltd,,29-04-2019,29-04-2019,[66300],22 Main Street Loughborough England LE12 6RH
ASHIK SHAH & CO LIMITED,04551353,active,ltd,,02-10-2002,02-10-2002,[66300],33 Foley Street London England W1W 7TL
AVIANZ ASSET MANAGEMENT LIMITED,11552120,active,ltd,,04-09-2018,04-09-2018,"[66300, 68100]",12a Risedale Road Hemel Hempstead England HP3 9NN
GEMINI CAPITAL MANAGEMENT LIMITED,07836664,active,ltd,,07-11-2011,07-11-2011,[66300],33 Turner Street Manchester England M4 1DW
SPINNAKER IM NO. 2 LTD,09365297,active,ltd,,23-12-2014,23-12-2014,[66300],Beckwith Barn Warren Estate Chelmsford United Kingdom CM1 3WT
SPINNAKER INVESTMENT MANAGEMENT LIMITED,06802467,active,ltd,,27-01-2009,27-01-2009,[66300],Beckwith Barn Warren Estate Writtle England CM1 3WT
KARAN ASSETS MANAGEMENT LTD,13888604,active,ltd,,02-02-2022,02-02-2022,"[64304,64910,66110, 66300]",11 Niagara Court Off Rentfoprd Road London United Kingdom SE16 7BA
FCA FINANCE CONSULTING AKTIENGESELLSCHAFT LTD,05509943,active,ltd,,15-07-2005,15-07-2005,[66300],"Unit 3,  Office A,  1st Floor London England EC3R 8EE"
SENTINEL ONE HOLDINGS LTD,13966230,active,ltd,,09-03-2022,09-03-2022,[66300],3 Stone Gables Chard England TA20 2ET
IRONSIDE GENERAL PARTNER LIMITED,07462016,active,ltd,,07-12-2010,07-12-2010,[66300],6th Floor Kings House London England SW1Y 4BP
JUNIPER ASSET MANAGEMENT LIMITED,15317972,active,ltd,,29-11-2023,29-11-2023,[66300],5 Wigmore Street London England W1U 1PB
SEAN JONES WEALTH MANAGEMENT LIMITED,06813317,active,ltd,,09-02-2009,09-02-2009,[66300],Clifton House 2 Clifton Centre Malvern England WR14 1BJ
DUKE GODLEY FINANCIAL PLANNING LIMITED,02268794,active,ltd,,17-06-1988,17-06-1988,"[64999,65110,66220, 66300]",Congress House Harrow HA1 2EN
MONSTRADE FINANCIAL LTD,15234169,active,ltd,,25-10-2023,25-10-2023,"[66300, 85600]",128 City Road London United Kingdom EC1V 2NX
OLYMPUS INVESTMENTS GP LIMITED,12316784,active,ltd,,15-11-2019,15-11-2019,[66300],Chelsea House London United Kingdom W5 1DR
ATKINS CAPITAL LIMITED,08796525,active,ltd,,29-11-2013,29-11-2013,[66300],1-3 High Street Dunmow CM6 1UU
HERMITAGE CAPITAL MANAGEMENT (UK) LIMITED,05775751,active,ltd,,10-04-2006,10-04-2006,[66300],The Aspect London England EC2A 1AS
DP ASSET MANAGEMENT LTD,13906803,active,ltd,,10-02-2022,10-02-2022,"[66300,70221, 70229]","2,  Egremont House,  Flat 20 Medals Way London United Kingdom E20 1BF"
SWILSY & SON LTD,13210616,active,ltd,,18-02-2021,18-02-2021,[66300],Priory Place Priory Road Colchester England CO5 0QE
UNIVERSITY OF CAMBRIDGE INVESTMENT MANAGEMENT LIMITED,06907395,active,ltd,,15-05-2009,15-05-2009,[66300],The Old Schools Cambridge England CB2 1TN
CHARIE LIMITED,12321632,active,ltd,,19-11-2019,19-11-2019,[66300],Oakmoore Court Kingswood Road Droitwich United Kingdom WR9 0QH
STERLING ALTERNATIVE ASSET MANAGEMENT LTD.,11241240,active,ltd,,08-03-2018,08-03-2018,"[64999, 66300]",1st Floor 124 Cleveland Street London United Kingdom W1T 6PG
SCOTT ESTATE CAPITAL LIMITED,13845633,active,ltd,,13-01-2022,13-01-2022,[66300],Orchard Hill Farmhouse Kingston Wareham United Kingdom BH20 5LP
EPA INVESTMENTS LIMITED,12483750,active,ltd,,26-02-2020,26-02-2020,[66300],The Stable Yard Vicarage Road Milton Keynes England MK11 1BN
COLLECO LIMITED,16112927,active,ltd,,02-12-2024,02-12-2024,"[66300, 68320]",8 Home Farm Wantage United Kingdom OX12 8PD
ARLINGTON DEVELOPMENT MANAGEMENT LIMITED,16112909,active,ltd,,02-12-2024,02-12-2024,"[66300, 68320]",8 Home Farm Wantage United Kingdom OX12 8PD
DAVID WILLIAMSON'S FAMILY INVESTMENT COMPANY,SC551197,active,private-unlimited,,25-11-2016,25-11-2016,[66300],216 West George Street Glasgow G2 2PQ
LEO INVEST,13775968,active,private-unlimited,,01-12-2021,01-12-2021,[66300],1 Chamberlain Square Cs Birmingham England B3 3AX
SB INVESTMENT ADVISERS (UK) LIMITED,10498335,active,ltd,,25-11-2016,25-11-2016,[66300],69 Grosvenor Street London W1K 3JP
CODUR CONSULTANCY LTD,13744948,active,ltd,,15-11-2021,15-11-2021,"[47910,66300,70221, 70229]",42 Broomhill Road Nottingham England NG15 6AD
AUGUSTINE LAWRENCE LTD.,10812962,active,ltd,,12-06-2017,12-06-2017,"[62012,66300, 77400]",2 Talbot Close Salisbury United Kingdom SP1 3EN
POPTIN LIMITED,07982943,active,ltd,,08-03-2012,08-03-2012,[66300],Beckwith Barn Warren Estate Writtle England CM1 3WT
MIRAFE HOLDINGS,13772839,active,private-unlimited,,30-11-2021,30-11-2021,[66300],1 Chamberlain Square Cs Birmingham England B3 3AX
DAHAB CAPITAL LTD,13773984,active,ltd,,30-11-2021,30-11-2021,"[46499, 66300]",14 Vineyard Row Kingston Upon Thames England KT1 4EG
SMART-BETA INVESTMENTS LIMITED,SC522207,active,ltd,,10-12-2015,10-12-2015,[66300],The Coach House Blanefield Scotland G63 9AU
RRJ GLOBAL LTD,14008420,active,ltd,,29-03-2022,29-03-2022,"[66300, 70229]",26 Ongar Road Brentwood England CM15 9GL
BEECH TREE FP GP IV LIMITED,SC757653,active,ltd,,03-02-2023,03-02-2023,[66300],50 Lothian Road Edinburgh Scotland EH3 9WJ
VESPA CAPITAL III GP 1 LTD,12355616,active,ltd,,09-12-2019,09-12-2019,[66300],3 St. James's Square London England SW1Y 4JU
POOLE WEALTH MANAGEMENT LTD,15222561,active,ltd,,19-10-2023,19-10-2023,"[65300,66220, 66300]",130 Watling Street Radlett United Kingdom WD7 7JH
ARCTOS UK IM LIMITED,14773310,active,ltd,,31-03-2023,31-03-2023,[66300],C/O Rsm Uk London United Kingdom EC4A 4AB
BOLDHAVEN MANAGEMENT SERVICES LIMITED,11019916,active,ltd,,18-10-2017,18-10-2017,[66300],100 Wigmore Street 100 Wigmore Street London England W1U 3RN
AMOR ASSET MANAGEMENT LTD,15173377,active,ltd,,28-09-2023,28-09-2023,"[64304, 66300]",71-75 Shelton Street London United Kingdom WC2H 9JQ
ANNLOW INVESTMENTS LIMITED,14801553,active,ltd,,14-04-2023,14-04-2023,[66300],Langley Ash Road Longfield England DA3 8HA
CROWNGLOBAL CAPITAL HOLDINGS (UK) LIMITED,12273819,active,ltd,,22-10-2019,22-10-2019,"[64205,66120,66300, 70100]",3 Portnall Road London England W9 3BA
EURO CREDITS ALLIANCE GROUP LTD,11617088,active,ltd,,11-10-2018,11-10-2018,"[66120,66300,68320, 80100]",246-250 Romford Road London England E7 9HZ
MATTHEW TURNBULL LIMITED,00408446,active,ltd,,15-04-1946,15-04-1946,"[66300, 68209]",23 Chandos Road Buckingham England MK18 1AL
EMPYREAN WEALTH MANAGEMENT LTD,16061711,active,private-limited-guarant-nsc,,05-11-2024,05-11-2024,[66300],7 Leithcote Gardens London United Kingdom SW16 2UX
PRYTANIA ASSET MANAGEMENT SERVICES LIMITED,10506778,active,ltd,,01-12-2016,01-12-2016,[66300],C/O Prytania Investment Advisors Llp Phoenix House London United Kingdom EC4N 7BP
MAVEN PROPERTY CARRIED INTEREST LIMITED,SC787806,active,ltd,,01-11-2023,01-11-2023,[66300],Kintyre House Glasgow Scotland G2 2LW
SIX HILLS INVESTMENTS LIMITED,11038906,active,ltd,,30-10-2017,30-10-2017,"[41100,66110, 66300]",69 Six Hills Road Loughborough United Kingdom LE12 8JF
INVICTUS MANEO CAPITAL LTD,11920123,active,ltd,,02-04-2019,02-04-2019,[66300],Ground Floor Ilford England IG3 8LA
QUADRATURE CAPITAL LIMITED,09516131,active,ltd,,28-03-2015,28-03-2015,[66300],122 Leadenhall Street London England EC3V 4AB
ADJUNCT VALUE PARTNERS LIMITED,16059868,active,ltd,,04-11-2024,04-11-2024,"[66300,70229, 85422]",39 Princess Road London England NW1 8JS
CYNANCE VENTURES LTD,14871322,active,ltd,,16-05-2023,16-05-2023,[66300],Westfield 15 Kiddarpore Ave. London United Kingdom NW3 7SF
SKIPVALE LIMITED,01313413,active,ltd,,11-05-1977,11-05-1977,[66300],Tudor House Huby LS17 0EF
DG ASSET MANAGEMENT LTD,11809820,active,ltd,,06-02-2019,06-02-2019,[66300],10 Athelstan Road Cardiff United Kingdom CF14 2EP
BEF-NPIF GP LIMITED,10638308,active,private-limited-guarant-nsc,,24-02-2017,24-02-2017,[66300],City Hub 9-11 Peckover Street Bradford England BD1 5BD
HAYFIN SOF III AIV MLP LIMITED,13461555,active,ltd,,17-06-2021,17-06-2021,[66300],65 Davies Street London United Kingdom W1K 5JL
EVERGREEN INVESTMENT MANAGEMENT LTD,16045670,active,ltd,,28-10-2024,28-10-2024,"[64303, 66300]",334 Slade Lane Manchester United Kingdom M19 2BL
BREDON HILL WEALTH MANAGEMENT LIMITED,15221342,active,ltd,,19-10-2023,19-10-2023,[66300],Anglo House Stourport On Severn United Kingdom DY13 9AW
VISION AIR FINANCIAL LTD,13353229,active,ltd,,23-04-2021,23-04-2021,"[64999,66300,70221, 70229]",21 Hill Street Haverfordwest Wales SA61 1QQ
CITY OF LONDON INVESTMENT MANAGEMENT COMPANY LIMITED,02851236,active,ltd,,07-09-1993,07-09-1993,[66300],77 Gracechurch Street London EC3V 0AS
VALERIDGE INVESTMENTS LIMITED,03939768,active,ltd,,03-03-2000,03-03-2000,"[66300, 68209]",C/O M C Patel & Co Hillingdon Harrow HA3 9DP
WIMBLEDON CAPITAL MANAGEMENT LTD,09369120,active,ltd,,29-12-2014,29-12-2014,[66300],10 Parkside Ave Wimbledon London SW19 5ES
WJT INVESTMENTS LTD,13204212,active,ltd,,16-02-2021,16-02-2021,"[64209, 66300]","68,  Westmoor House Main Street Ely United Kingdom CB6 2DY"
CORTLAND INVESTMENT MANAGEMENT UK LIMITED,13739778,active,ltd,,12-11-2021,12-11-2021,[66300],"Leaf A 9th Floor,  Tower 42 London England EC2N 1HQ"
M P INVESTMENT MANAGEMENT LTD,07174461,active,ltd,,02-03-2010,02-03-2010,[66300],Beckwith Barn Warren Estate Writtle England CM1 3WT
RACINE DEVELOPMENTS LONDON LTD,16002467,active,ltd,,07-10-2024,07-10-2024,"[66300, 68100]",56 Oldham Road Ashton-Under-Lyne United Kingdom OL6 7AP
Z.P. INVESTMENTS LIMITED,10075987,active,ltd,,21-03-2016,21-03-2016,[66300],15 Swinton Street London England WC1X 9NL
AMP DERIVATIVES LTD,06782274,active,ltd,,05-01-2009,05-01-2009,[66300],16 Pinner Park Gardens Harrow England HA2 6LQ
YORK CORPORATION UK LTD,14412184,active,ltd,,11-10-2022,11-10-2022,[66300],56 Oldham Road Ashton-Under-Lyne United Kingdom OL6 7AP
ZEUSS CHILDCARE LIMITED,09915813,active,ltd,,14-12-2015,14-12-2015,"[64999, 66300]",33 Charterhouse Street London United Kingdom EC1M 6HA
WENTWORTH IM NO2 LIMITED,13273628,active,ltd,,17-03-2021,17-03-2021,[66300],Beckwith Barn Warren Estate Writtle England CM1 3WT
INVESTIAN LIMITED,13241496,active,ltd,,03-03-2021,03-03-2021,[66300],23 Scholars Green Lane Lymm United Kingdom WA13 0QA
FVD GLOBAL HOUSE LTD,13716520,active,ltd,,01-11-2021,01-11-2021,"[66300,74909,82990, 99000]",37th Floor 1 Canada Square London United Kingdom E14 5AA
DAUGHTERS OF DIVINE LOVE PHILANTHROPIC DEVELOPMENT OFFICE CIC,13351076,active,private-limited-guarant-nsc,community-interest-company,22-04-2021,22-04-2021,[66300],70 Kempshott Road Kempshott Road London England SW16 5LH
EPIC MARKETS LTD,13353254,active,ltd,,23-04-2021,23-04-2021,[66300],Audrey House London United Kingdom EC1N 6SN
WHITE HORSE WEALTH MANAGEMENT LTD,16129476,active,ltd,,11-12-2024,11-12-2024,[66300],Victoria House Reading United Kingdom RG1 1TG
GTAM APEX (GENERAL PARTNER) LIMITED,08680717,active,ltd,,06-09-2013,06-09-2013,[66300],10th Floor 110 Cannon Street London England EC4N 6EU
PRECESSION LTD,08446758,active,ltd,,15-03-2013,15-03-2013,[66300],Beckwith Barn Warren Estate Writtle England CM1 3WT
SWIFT INVEST LIMITED,12515278,active,ltd,,12-03-2020,12-03-2020,[66300],C/O Knights Newcastle-Under-Lyme United Kingdom ST5 0QW
CINNAMON GP3 LIMITED,SC581650,active,ltd,,15-11-2017,15-11-2017,[66300],"Tlt Llp,  9th Floor Glasgow Scotland G2 6SE"
RESONANCE SHF GP LIMITED,12472933,active,ltd,,20-02-2020,20-02-2020,[66300],The Great Barn Hurdon Road Launceston England PL15 9LR
MOORS FAMILY INVESTMENT COMPANY LIMITED,13304139,active,ltd,,30-03-2021,30-03-2021,[66300],Devisdale House 45 Dunham Road Altrincham England WA14 4QG
JFW AGRITECH LTD,13959882,active,ltd,,07-03-2022,07-03-2022,[66300],The Coach House Woodbridge United Kingdom IP13 8LA
VITRUVIAN PARTNERS LIMITED,05946871,active,ltd,,26-09-2006,26-09-2006,[66300],105 Wigmore Street London W1U 1QY
GREYFRIARS CAPITAL PARTNERS LIMITED,SC595834,active,ltd,,01-05-2018,01-05-2018,[66300],56 George Street Edinburgh Scotland EH2 2LR
DEMETER CAPITAL LIMITED,09426475,active,ltd,,06-02-2015,06-02-2015,[66300],Second Floor Berkeley Square House London England W1J 6BD
INTEGRATED FINANCIAL AIMS LIMITED,10055409,active,ltd,,10-03-2016,10-03-2016,[66300],13 The Close Norwich England NR1 4DS
EVOLUTIS CAPITAL LTD,07591020,active,ltd,,05-04-2011,05-04-2011,"[66300, 74909]",58 Marryat Road London England SW19 5BD
PHILP HOUSE FUTURES LIMITED,08570273,active,ltd,,14-06-2013,14-06-2013,[66300],13 Warwick Grove Surbiton England KT5 8SR
MARTIN JEFFERY BEST ADVICE CONSULTANCY LTD,14009854,active,ltd,,29-03-2022,29-03-2022,"[64999,66220,66290, 66300]",Suites 2 & 3 Marine Trade Centre Brighton Marina United Kingdom BN2 5HA
S&W CAPITAL LIMITED,12457058,active,ltd,,11-02-2020,11-02-2020,[66300],10 Towerfield Road Southend-On-Sea England SS3 9QE
PUNTER SOUTHALL WEALTH LIMITED,05374633,active,ltd,,24-02-2005,24-02-2005,[66300],88 Wood Street London England EC2V 7QR
CHLOEHARRY LTD,13811967,active,ltd,,21-12-2021,21-12-2021,[66300],34 High Street Prestbury Cheltenham United Kingdom GL52 3AU
PARVUS ASSET MANAGEMENT EUROPE LIMITED,08899081,active,ltd,,17-02-2014,17-02-2014,[66300],7 Clifford Street London United Kingdom W1S 2FT
LEASEFIN LIMITED,01370470,active,ltd,,25-05-1978,25-05-1978,"[66300, 77330]",97 Southover London N12 7HG
SEMANTIC VENTURES II GP LIMITED,13847305,active,ltd,,13-01-2022,13-01-2022,[66300],Censeo House St. Albans England AL1 3LF
NURSERY ROAD CAPITAL MANAGEMENT LIMITED,13126020,active,ltd,,11-01-2021,11-01-2021,[66300],7 Bell Yard London England WC2A 2JR
DONEGAN ASSOCIATES LTD,11934474,active,ltd,,09-04-2019,09-04-2019,[66300],71-75 Shelton Street London England WC2H 9JQ
FOSSE BARN LIMITED,11109509,active,ltd,,13-12-2017,13-12-2017,[66300],Fosse Barn Malmesbury United Kingdom SN16 0QZ
VALOR FINANCIAL (UK) LTD.,10172257,active,ltd,,10-05-2016,10-05-2016,[66300],"3rd Floor 45 Albemarle Street,  Mayfair London England W1S 4JL"
FOUR OAKS 5 PROPERTY INVESTMENTS LIMITED,10689687,active,ltd,,24-03-2017,24-03-2017,[66300],Beckwith Barn Warren Estate Writtle England CM1 3WT
RJ CAPITAL PARTNERS LIMITED,11129339,active,ltd,,02-01-2018,02-01-2018,[66300],"C/O Infonetica Ltd,  Lower Ground Floor The Civic Centre Esher England KT10 9SD"
REALIZE.VC LIMITED,10693224,active,ltd,,28-03-2017,28-03-2017,"[64303,66300,70221, 70229]",66 Shelburne Road High Wycombe England HP12 3NQ
WOODSIDE WEALTH LTD,SC768706,active,ltd,,09-05-2023,09-05-2023,[66300],4d Auchingramont Road Hamilton Scotland ML3 6JT
SDG INVESTMENTS LIMITED,04149294,active,ltd,,29-01-2001,29-01-2001,[66300],Unit 5 Swaker Yard Herts England WD6 4SE
BROMPTON REAL ESTATE INVESTMENT MANAGEMENT LIMITED,06891842,active,ltd,,29-04-2009,29-04-2009,[66300],1 Knightsbridge Green London SW1X 7QA
LISMIRE PARTNERS LIMITED,12557705,active,ltd,,15-04-2020,15-04-2020,[66300],10 Boscastle Road London England NW5 1EG
BEEBY INVESTMENTS LTD,07891699,active,ltd,,23-12-2011,23-12-2011,[66300],Beeby Manor Main Street Leicester LE7 3BL
PAUL DOHERTY WEALTH AND PROPERTY MANAGEMENT LTD,14008151,active,ltd,,29-03-2022,29-03-2022,"[64999, 66300]",35 Ovingham Close Tyne & Wear United Kingdom NE38 8NP
EWKIN INVESTMENTS LTD,08933193,active,ltd,,11-03-2014,11-03-2014,[66300],Unit 7 Stanley Court Witney England OX29 0TB
RIPPLE CAPITAL LTD,16151366,active,ltd,,24-12-2024,24-12-2024,"[64301, 66300]",26 Greens Road Cambridge England CB4 3EF
KALEX CAPITAL LTD,11887012,active,ltd,,18-03-2019,18-03-2019,"[43210, 66300]",19-21 Hatchett Street Birmingham United Kingdom B19 3NX
QUBIT VENTURES I GP LIMITED,15361466,active,ltd,,19-12-2023,19-12-2023,[66300],4th Floor 95 Chancery Lane London England WC2A 1DT
JF CAPITAL LTD,13961134,active,ltd,,07-03-2022,07-03-2022,"[64999,66300, 70221]",20-22 Wenlock Road London England N1 7GU
FANGLAA UK TRADING LTD,13072169,active,ltd,,09-12-2020,09-12-2020,"[64303,64305,66300, 70221]",20-22 Wenlock Road London England N1 7GU
WEST COMMON INVESTMENTS LIMITED,00795163,active,ltd,,09-03-1964,09-03-1964,[66300],6th Floor 9 Appold Street London United Kingdom EC2A 2AP
QUEENSGATE INVESTMENTS MANAGEMENT LIMITED,10048677,active,ltd,,08-03-2016,08-03-2016,[66300],8 Hill Street London United Kingdom W1J 5NG
GRAVITAS INVESTMENT FUND LIMITED,05730106,active,ltd,,06-03-2006,06-03-2006,[66300],12 Hatherley Road Kent DA14 4DT
BLUE WHALE ASSET MANAGEMENT LIMITED,10931720,active,ltd,,24-08-2017,24-08-2017,[66300],21-22 Grosvenor Street London England W1K 4QJ
RWR INVESTMENT MANAGEMENT PRIVATE LIMITED,10607787,active,ltd,,08-02-2017,08-02-2017,[66300],Flat 2 215 Lower Mortlake Road Richmond England TW9 2LN
OXBRIDGE ANGELS LTD,11862617,active,ltd,,05-03-2019,05-03-2019,[66300],298a Bath Road Hounslow United Kingdom TW4 7DN
T. BAILEY ASSET MANAGEMENT LIMITED,03720372,active,ltd,,25-02-1999,25-02-1999,"[64302,64304, 66300]",Toll Bar House Landmere Lane Nottingham England NG12 4DG
DIVINE PAYMENTS LIMITED,11184733,active,ltd,,02-02-2018,02-02-2018,"[66190, 66300]","38 Metropolitan Park Halifax Road,  Greenford England UB6 8XU"
ONE PENTACLE LIMITED,11855993,active,ltd,,01-03-2019,01-03-2019,"[64205, 66300]",C/O Womble Bond Dickinson (Uk) Llp The Spark Newcastle Upon Tyne United Kingdom NE4 5DE
BROMPTON ASSET MANAGEMENT LIMITED,06866020,active,ltd,,01-04-2009,01-04-2009,[66300],1 Knightsbridge Green London SW1X 7QA
PHD RETAIL HOLDINGS LTD,14006983,active,ltd,,28-03-2022,28-03-2022,[66300],86-90 Paul Street London United Kingdom EC2A 4NE
UBSIDI FINANCIAL LIMITED,13948573,active,ltd,,02-03-2022,02-03-2022,"[62090,64999,66190, 66300]",66 Little Caldmore Walsall United Kingdom WS1 3RA
DDB VENTURE CAPITAL LTD,16156948,active,ltd,,31-12-2024,31-12-2024,"[64304,64999, 66300]",The Plaza London England SW10 0SZ
WUSHBY LIMITED,13304734,active,ltd,,31-03-2021,31-03-2021,[66300],55 Ruskin Walk London United Kingdom SE24 9NA
TROY ASSET MANAGEMENT LIMITED,03930846,active,ltd,,22-02-2000,22-02-2000,[66300],33 Davies Street London United Kingdom W1K 4BP
ROSELLE CAPITAL LIMITED,11073614,active,ltd,,21-11-2017,21-11-2017,[66300],8 Holystone Court London E14 8GU
TREUN CAPITAL GENERAL PARTNER LIMITED,11748571,active,ltd,,03-01-2019,03-01-2019,[66300],"2nd Floor,  Heathmans House London United Kingdom SW6 4TJ"
ROBOT EDGE CAPITAL LTD,16158225,active,ltd,,01-01-2025,01-01-2025,[66300],74 O'Leary Square London United Kingdom E1 3AR
ACORN GREEN SECURITIES LIMITED,15366212,active,ltd,,21-12-2023,21-12-2023,[66300],29 York Street London United Kingdom W1H 1EZ
INNISFREE IMPPP SLP LIMITED,04363921,active,ltd,,30-01-2002,30-01-2002,[66300],"1st Floor,  Boundary House London United Kingdom EC1M 6HR"
INNISFREE EXGP CONTINUATION LIMITED,05651389,active,ltd,,12-12-2005,12-12-2005,[66300],"1st Floor,  Boundary House London United Kingdom EC1M 6HR"
INNISFREE SECONDARY PARTNERS 2 (MEMBER) LIMITED,07385697,active,ltd,,23-09-2010,23-09-2010,[66300],"1st Floor,  Boundary House London United Kingdom EC1M 6HR"
INNISFREE EXGP SECONDARY 2 LIMITED,07407311,active,ltd,,14-10-2010,14-10-2010,[66300],"1st Floor,  Boundary House London United Kingdom EC1M 6HR"
INNISFREE NOMINEES LIMITED,03565361,active,ltd,,18-05-1998,18-05-1998,[66300],"1st Floor,  Boundary House London United Kingdom EC1M 6HR"
UNLIMITED MARINE LTD,15294201,active,ltd,,20-11-2023,20-11-2023,[66300],4 Clifton Bank Paignton England TQ3 3LL
L&G HERNE HILL HOLDCO NOMINEE LIMITED,16132803,active,ltd,,12-12-2024,12-12-2024,[66300],One London United Kingdom EC2R 5AA
EPN INTERNATIONAL LIMITED,08688921,active,ltd,,12-09-2013,12-09-2013,"[64209,64999,66300, 68100]",103 High Street Waltham Cross England EN8 7AN
THP GP LTD,13791741,active,ltd,,09-12-2021,09-12-2021,[66300],"Level 4,  Dashwood House London United Kingdom EC2M 1QS"
UCI GP III LIMITED,NI724630,active,ltd,,13-12-2024,13-12-2024,[66300],Sixth Floor Glengall Exchange Belfast Northern Ireland BT12 5AB
REVCAP ADVISORS LIMITED,07211394,active,ltd,,01-04-2010,01-04-2010,[66300],Second Floor London England W1T 2NU
PHIL ANDERSON FINANCIAL SERVICES LTD.,SC409185,active,ltd,,11-10-2011,11-10-2011,[66300],8 Bridge Street Ellon Scotland AB41 9AA
MAX OFFSHORE LIMITED,09072068,active,ltd,,05-06-2014,05-06-2014,"[63110,64304,66300, 70229]",364 West Road Newcastle Upon Tyne United Kingdom NE4 9JY
GL INTEGRITY FINANCIAL PLANNING LTD,05814248,active,ltd,,11-05-2006,11-05-2006,"[64999,66290, 66300]",Bristol & Bath Science Park Bristol & Bath Science Park Bristol England BS16 7FR
DECAGON ASSET MANAGEMENT (UK) LTD,13843926,active,ltd,,12-01-2022,12-01-2022,[66300],5 Swallow Place London England W1B 2AF
YK LIQUID CONCEPTS LTD,13972618,active,ltd,,12-03-2022,12-03-2022,[66300],22 Hawthorn Drive Manchester England M19 1GZ
DAKSCOM CIC,14745418,active,private-limited-guarant-nsc,community-interest-company,21-03-2023,21-03-2023,"[66300,85510, 86900]",The Spryng Holwell Wimborne England BH21 5QP
MARVELLEX HOLDINGS LIMITED,14429878,active,ltd,,19-10-2022,19-10-2022,[66300],105 London Road Luton LU1 3RG
GLOBALSTREAM OIL RESOURCES LTD,15307290,active,ltd,,24-11-2023,24-11-2023,"[09100, 09900,64999, 66300]",128 City Road London United Kingdom EC1V 2NX
BCCIM UKRI GENERAL PARTNER LIMITED,10592056,active,ltd,,31-01-2017,31-01-2017,[66300],Grafton House Towcester United Kingdom NN12 7LS
RITZCO LTD,07983564,active,ltd,,09-03-2012,09-03-2012,[66300],Flat 52 Gean Court London N11 2NF
COZETTE LTD,06969733,active,ltd,,22-07-2009,22-07-2009,"[64209,64304,64999, 66300]",4 Wimbledon Close London England SW20 8HW
FINDON HOUSE LIMITED,10475767,active,ltd,,14-11-2016,14-11-2016,"[64209,64304,64999, 66300]",4 Wimbledon Close London England SW20 8HW
LITHGOW INVESTMENT COMPANY LIMITED,00598290,active,ltd,,03-02-1958,03-02-1958,[66300],"St.,  Julians,  Kent,  TN15 0RX"
MCLEOD WEALTH MANAGEMENT LIMITED,11096058,active,ltd,,05-12-2017,05-12-2017,[66300],104 Winkworth Road Banstead England SM7 2QR
BARWOOD CAPITAL (CPF2017) LIMITED,10693828,active,ltd,,28-03-2017,28-03-2017,[66300],Grafton House Towcester United Kingdom NN12 7LS
RUFFER AIFM LIMITED,08813919,active,ltd,,13-12-2013,13-12-2013,[66300],80 Victoria Street London SW1E 5JL
INVESTEC ALTERNATIVE INVESTMENT MANAGEMENT LIMITED,13937291,active,ltd,,24-02-2022,24-02-2022,[66300],30 Gresham Street London England EC2V 7QP
AJKP ADVISORY LIMITED,08994607,active,ltd,,14-04-2014,14-04-2014,[66300],81-83 Fulham High Street London England SW6 3JW
CORNWALL GAMES CIC,14798368,active,private-limited-guarant-nsc,community-interest-company,13-04-2023,13-04-2023,"[66300,82301,85600, 94110]",1 Broadclose Court Bude England EX23 8DR
OC I SCOTCO LIMITED,SC828840,active,ltd,,13-11-2024,13-11-2024,[66300],50 Lothian Road Edinburgh Scotland EH3 9WJ
AVITAH CAPITAL SERVICES LIMITED,11670681,active,ltd,,09-11-2018,09-11-2018,[66300],5 Swallow Place London United Kingdom W1B 2AF
MAVEN SLF FP LIMITED,SC391763,active,ltd,,18-01-2011,18-01-2011,[66300],Kintyre House Glasgow G2 2LW
MAVEN CO-INVEST GP LIMITED,SC374365,active,ltd,,08-03-2010,08-03-2010,[66300],Kintyre House Glasgow G2 2LW
RESA GP NO.1 LIMITED,14468068,active,ltd,,07-11-2022,07-11-2022,[66300],C/O Regenerate Group 2nd Floor Marshalls Mill Leeds United Kingdom LS11 9YJ
MAVEN CAPITAL GCM LIMITED,SC446214,active,ltd,,27-03-2013,27-03-2013,[66300],Kintyre House 205 West George Street Glasgow G2 2LW
AGORA SECURITIES LIMITED,09668314,active,ltd,,02-07-2015,02-07-2015,[66300],85 Chelsea Manor Street London England SW3 5QP
EPWORTH INVESTMENT MANAGEMENT LIMITED,03052894,active,ltd,,03-05-1995,03-05-1995,[66300],Methodist Church House London England WC1H 9SF
AGI INVESTMENTS NO3 LIMITED,16084992,active,ltd,,18-11-2024,18-11-2024,[66300],29 York Street London United Kingdom W1H 1EZ
AGI INVESTMENTS NO1 LIMITED,16084986,active,ltd,,18-11-2024,18-11-2024,[66300],29 York Street London United Kingdom W1H 1EZ
DELTA V TRADING LIMITED,11272042,active,ltd,,23-03-2018,23-03-2018,[66300],"Flat 9,  7 Embankment Gardens London United Kingdom SW3 4LJ"
MAAB CONNECT LTD,11409941,active,ltd,,12-06-2018,12-06-2018,"[46190,52290,66300, 70229]",39 Kinross Drive Kinross Drive Milton Keynes England MK3 7UF
DEAN WETTON ADVISORY UK LIMITED,07076625,active,ltd,,14-11-2009,14-11-2009,[66300],Office 7 35 - 37 Ludgate Hill London England EC4M 7JN
ZUKIOO LIMITED,11588405,active,ltd,,25-09-2018,25-09-2018,"[63990,66110, 66300]",85 Great Portland Street London England W1W 7LT
ADFX TRADING LTD,11829326,active,ltd,,15-02-2019,15-02-2019,"[64999,66300, 85600]",15 Commercial Road Tonbridge England TN12 6EN
LVL ASSETS LTD,SC787989,active,ltd,,02-11-2023,02-11-2023,"[64999, 66300]",26 Bothiebrigs Drive Aberdeen Scotland AB12 4LA
FIRST FLEET CAPITAL ADVISORS LTD,10409064,active,ltd,,04-10-2016,04-10-2016,[66300],5th Floor Queensland House London England WC2R 0LT
AXEPOINT CAPITAL LIMITED,11434496,active,ltd,,26-06-2018,26-06-2018,[66300],9 Phillimore Place London United Kingdom W8 7BY
AIKYA INVESTMENT MANAGEMENT LIMITED,12329682,active,ltd,,22-11-2019,22-11-2019,[66300],C/O Norose Company Secretarial Services Ltd London United Kingdom SE1 2AQ
INPERSCA LIMITED,SC562564,active,ltd,,05-04-2017,05-04-2017,[66300],43 Melville Street Edinburgh Scotland EH3 7JF
STR84WRD INVEST LTD,14525721,active,ltd,,06-12-2022,06-12-2022,"[64301,64303,64304, 66300]",128 City Road London United Kingdom EC1V 2NX
HOLLAND PARK FINANCIAL LTD,13191721,active,ltd,,10-02-2021,10-02-2021,"[66300, 68100]",Pyramid House London England N12 9RT
ANCHOR WEALTH CONSULTING LTD,SC786236,active,ltd,,17-10-2023,17-10-2023,"[66300, 70221]",4-10 Thistle Street Aberdeen United Kingdom AB10 1XZ
WORTHDEV LTD,13196750,active,ltd,,11-02-2021,11-02-2021,"[66300, 73110]",Flat 1 William Court London England SW16 3AN
EFINSERV LTD,11682664,active,ltd,,16-11-2018,16-11-2018,[66300],78 Warwick Gardens London United Kingdom W14 8PR
CREATING ALPHA LIMITED,16088207,active,ltd,,19-11-2024,19-11-2024,"[64301,64306, 66300]",128 City Road London United Kingdom EC1V 2NX
SEACLIFF CAPITAL LTD,11827191,active,ltd,,14-02-2019,14-02-2019,[66300],20-22 Wenlock Road London England N1 7GU
RUTHERFORD HUGHES LIMITED,10431722,active,ltd,,17-10-2016,17-10-2016,"[66290, 66300]",Collingwood Buildings Newcastle Upon Tyne United Kingdom NE1 1JF
F.M.I. BANQUE LTD,11523211,active,ltd,,17-08-2018,17-08-2018,"[64303,64999,66300, 70221]",85 Great Portland Street London United Kingdom W1W 7LT
CINGULAIT LTD,12171307,active,ltd,,23-08-2019,23-08-2019,[66300],York House London United Kingdom N1 9UZ
SHANE WHEELER WEALTH MANAGEMENT LIMITED,07178343,active,ltd,,04-03-2010,04-03-2010,[66300],Unit 7a Radford Crescent Billericay England CM12 0DU
INFINITY CAPITAL MANAGEMENT LTD.,03869255,active,ltd,,01-11-1999,01-11-1999,[66300],4th Floor 399-401 Strand London United Kingdom WC2R 0LT
CASH LOANS 4 U LIMITED,07835348,active,ltd,,04-11-2011,04-11-2011,[66300],8 Axis Court Mallard Way Swansea Wales SA7 0AJ
FBC LEGAL CONSULTANCY LTD,13004152,active,ltd,,09-11-2020,09-11-2020,"[66300,68320,69109, 96090]",20 Wenlock Road London N1 7GU
SLATE ASSET MANAGEMENT (UK) LIMITED,16073290,active,ltd,,11-11-2024,11-11-2024,[66300],25 Maddox Street London United Kingdom W1S 2QN
CHD HOLDINGS LIMITED,13703692,active,ltd,,26-10-2021,26-10-2021,[66300],Home Mead Farm Wantage England OX12 8SQ
FYI LOAN GP LIMITED,13705049,active,ltd,,26-10-2021,26-10-2021,[66300],First Floor Linea House Fleet England GU51 2UZ
WHH PARTNERS LTD,14397454,active,ltd,,04-10-2022,04-10-2022,[66300],Hastingwood Business Park Wood Lane Birmingham England B24 9QR
MAYFAIR INVESTMENT & REAL ESTATE GROUP LTD,14556731,active,ltd,,23-12-2022,23-12-2022,"[64306,64910,64999, 66300]",5 Greenwich View Place London United Kingdom E14 9NN
SOUTHOVER LTD,16073528,active,ltd,,11-11-2024,11-11-2024,"[66300,70221, 70229]",19 Inmans Lane Petersfield England GU32 2AN
SYMVAN CAPITAL LIMITED,08772369,active,ltd,,12-11-2013,12-11-2013,"[64999, 66300]",2 London Wall Place London England EC2Y 5AU
SYNCONA DISCOVERY LIMITED,08767670,active,ltd,,08-11-2013,08-11-2013,[66300],8 Bloomsbury Street London England WC1B 3SR
TRACK AND TRUST LTD,11182649,active,ltd,,01-02-2018,01-02-2018,[66300],"22 Grand Walk,  Solebay Street,  London 22 Grand Walk London United Kingdom E1 4PJ"
SR TRANSFERS AND BARBERS CAFE LTD,16102110,active,ltd,,26-11-2024,26-11-2024,[66300],11 Croft Street Hyde United Kingdom SK14 1LH
NORTON MANAGEMENT SERVICES LIMITED,09559581,active,ltd,,24-04-2015,24-04-2015,[66300],Smeckley Wood Close Chesterfield United Kingdom S41 9PZ
X. METAS. CAPITAL LTD,13750818,active,ltd,,18-11-2021,18-11-2021,"[46450,46480,64303, 66300]",Suite 302 4 Station Square Cambridge CB1 2GE
PMC ANALYTICS UK LIMITED,10121024,active,ltd,,13-04-2016,13-04-2016,[66300],77 Endell Street London England WC2H 9DZ
IQCP GFII 1 LIMITED,14074926,active,ltd,,28-04-2022,28-04-2022,[66300],45 Whitfield Street London England W1T 4HD
BLACK ARK CAPITAL LTD,14042657,active,ltd,,12-04-2022,12-04-2022,[66300],Monomark House London England WC1N 3AX
LVP SEED (TRUSTEE) I LIMITED,12996199,active,ltd,,04-11-2020,04-11-2020,[66300],25 Eccleston Place London England SW1W 9NF
MONTPELLIER MANAGEMENT HOLDINGS,13787228,active,private-unlimited,,07-12-2021,07-12-2021,[66300],Windmill House Rowington CV35 7DF
HELIX CAPITAL MANAGEMENT LIMITED,13266948,active,ltd,,15-03-2021,15-03-2021,[66300],2 Leman Street London United Kingdom E1W 9US
IQCP III A2 LIMITED,11206251,active,ltd,,14-02-2018,14-02-2018,[66300],45 Whitfield Street London England W1T 4HD
IQCP GFII 2 LIMITED,14074844,active,ltd,,28-04-2022,28-04-2022,[66300],45 Whitfield Street London England W1T 4HD
S.V.C. LIMITED,01724259,active,ltd,,18-05-1983,18-05-1983,[66300],Suite 1 Belvedere Preston PR2 9NU
JAMOS MANAGEMENT LIMITED,06881468,active,ltd,,20-04-2009,20-04-2009,[66300],Beckwith Barn Warren Estate Writtle England CM1 3WT
FIREMB LTD,14568099,active,ltd,,03-01-2023,03-01-2023,"[46190,47789,47910, 66300]",79 Cricklade Road Swindon England SN2 1AB
TLLF GP LTD,16329025,active,ltd,,19-03-2025,19-03-2025,[66300],72 Broadwick Street London United Kingdom W1F 9QZ
OPG CAPITAL LIMITED,16334688,active,ltd,,21-03-2025,21-03-2025,[66300],68 Elm Park Gardens London United Kingdom SW10 9PB
CORINTHIA UK MANAGEMENT LIMITED,15368135,active,ltd,,22-12-2023,22-12-2023,[66300],"Sixth Floor,  33 Cavendish Square London England W1G 0PW"
W1M WEALTH MANAGEMENT LIMITED,02080604,active,ltd,,04-12-1986,04-12-1986,[66300],16 Babmaes Street London England SW1Y 6AH
NEKTON CAPITAL LIMITED,13211116,active,ltd,,18-02-2021,18-02-2021,[66300],2 Portman Street London England W1H 6DU
PARTNERSHIP FOR YOUNG MERTON CIC,15452892,active,private-limited-guarant-nsc,community-interest-company,30-01-2024,30-01-2024,"[66300,94990, 96090]",The Pavilion Morden England SM4 6RA
GLASSHOUSE TEAM MANAGEMENT 3 LTD,16248114,active,ltd,,12-02-2025,12-02-2025,[66300],5 Elstree Gate Borehamwood United Kingdom WD6 1JD
EUKARYOTE,09485330,active,private-unlimited,,12-03-2015,12-03-2015,[66300],4 Riverview Walnut Tree Close Guildford England GU1 4UX
ANTERMONY,09485106,active,private-unlimited,,12-03-2015,12-03-2015,[66300],4 Riverview Walnut Tree Close Guildford England GU1 4UX
GLOBAL TRADER5 LIMITED,16340413,active,ltd,,25-03-2025,25-03-2025,[66300],38 Whitfield Road London England E6 1AS
NE DEBT FUND CARRIED INTEREST PARTNER LIMITED,15481395,active,ltd,,11-02-2024,11-02-2024,[66300],Unit 4 Enterprise House Kingsway Gateshead United Kingdom NE11 0SR
GOMO CAPITAL MANAGEMENT LTD,16395341,active,ltd,,17-04-2025,17-04-2025,"[64205,64303,66300, 70100]","4th Floor,  Silverstream House London England W1T 6EB"
THE DENNY FAMILY INVESTMENT COMPANY,14718158,active,private-unlimited,,09-03-2023,09-03-2023,[66300],270 Forest Road Loughborough LE11 3HX
CALIBRATE MANAGEMENT LIMITED,09380047,active,ltd,,08-01-2015,08-01-2015,[66300],4th Floor Stratton House London United Kingdom W1J 8LA
WILLIAM EDMONDSON ACCIDENT MANAGEMENT LIMITED,16406801,active,ltd,,24-04-2025,24-04-2025,[66300],9 Forge Street Bootle England L20 8PY
ANDREW C GRANT FINANCIAL SERVICES LIMITED,04254576,active,ltd,,18-07-2001,18-07-2001,[66300],13 Liverpool Road North Maghull United Kingdom L31 2HB
SLATER INVESTMENTS LIMITED,02863882,active,ltd,,19-10-1993,19-10-1993,[66300],Nicholas House London EC4R 0EU
KANADEVIA INOVA CAPITAL LTD,01583260,active,ltd,,28-08-1981,28-08-1981,[66300],123 Pall Mall London England SW1Y 5EA
MM PROPERTY RENTALS LTD,14205088,active,ltd,,30-06-2022,30-06-2022,"[64209,64304,64999, 66300]",4 Wimbledon Close London England SW20 8HW
PASSION CAPITAL NOMINEES II LIMITED,15546005,active,ltd,,07-03-2024,07-03-2024,[66300],"Second Floor,  Laxmi,  The Tanneries London United Kingdom SE1 3XJ"
GLASGOGEMS PVT LIMITED,16372726,active,ltd,,08-04-2025,08-04-2025,[66300],Office 070425 - Unit 21 Woodside Industrial Estate Woodside Epping England CM16 6LJ
ENNIS FAMILY INVESTMENTS LTD,15649406,active,ltd,,15-04-2024,15-04-2024,[66300],Brook House Kingswinford England DY6 9HS
TRADESTORMER CORP LTD,16374396,active,ltd,,08-04-2025,08-04-2025,"[66110, 66300]",110 Bishopsgate London England EC2N 4AY
EATON CAPITAL MANAGEMENT UK LIMITED,09470698,active,ltd,,04-03-2015,04-03-2015,"[66190, 66300]",5 Barnards Hill Marlow United Kingdom SL7 2NX
RED BOX SERVICES (UK) LTD,09001123,active,ltd,,17-04-2014,17-04-2014,"[23990,66300, 70229]",71-75 Shelton Street London WC2H 9JQ
GLOBE UK CO-INVEST LIMITED,10735412,active,ltd,,21-04-2017,21-04-2017,[66300],5th Floor 10 Brook Street London United Kingdom W1S 1BG
SWANEE RIVER INVESTMENTS,10646526,active,private-unlimited,,01-03-2017,01-03-2017,[66300],Summertown Pavilion Oxford United Kingdom OX2 7LG
AVIVA INVESTORS INFRASTRUCTURE INCOME NO.6D LIMITED,15614482,active,ltd,,03-04-2024,03-04-2024,[66300],80 Fenchurch Street London United Kingdom EC3M 4AE
COINAREA IO LTD,16387792,active,ltd,,15-04-2025,15-04-2025,"[62020,64209,66190, 66300]",1 Canada Square London England E14 5AB
ARTLESS WEALTH LTD,12402895,active,ltd,,14-01-2020,14-01-2020,"[64999, 66300]",The Old Forge Colchester United Kingdom CO1 2TP
ADVISMART LTD,16384948,active,ltd,,14-04-2025,14-04-2025,[66300],Apartment 2 1414 High Road London England N20 9FL
BAR APG SCHEME CORPORATE TRUSTEE LIMITED,10741386,active,private-limited-guarant-nsc,,26-04-2017,26-04-2017,[66300],Tangent House Watford United Kingdom WD18 0TG
REJESTRACJA FIRMY LTD,16390728,active,ltd,,16-04-2025,16-04-2025,"[66300,69203,70221, 70229]",27 Old Gloucester Street London United Kingdom WC1N 3AX
CITY METALLIC LTD,16390718,active,ltd,,16-04-2025,16-04-2025,"[66300, 82990]",27 Cardinal Avenue London England SM4 4TA
LITTLEFIELD CAPITAL LTD,13220536,active,ltd,,23-02-2021,23-02-2021,[66300],4th Floor 205 Regent Street London England W1B 4HB
SK CAPITAL GLOBAL INVESTMENTS LTD,16417582,active,ltd,,29-04-2025,29-04-2025,"[64991, 66300]",Waites Cottage Fodderdyke Bank Boston England PE22 8JB
QUEX FINANCIAL LTD,15529627,active,ltd,,28-02-2024,28-02-2024,"[64999,66300,70221, 70229]",45 Pont Street London England SW1X 0BD
DNA9 LTD,16393627,active,ltd,,17-04-2025,17-04-2025,[66300],71-75 Shelton Street London United Kingdom WC2H 9JQ
KJ CAPITAL GROUP LTD,15664453,active,ltd,,20-04-2024,20-04-2024,"[64205,66110, 66300]",Moss Bridge House Rochdale England OL16 5EA
ATHENA BUSINESS LTD,14964362,active,ltd,,27-06-2023,27-06-2023,"[66300,70221, 73110]",71-75 Shelton Street London United Kingdom WC2H 9JQ
SOVEREIGN WEALTH PORTFOLIO LTD,11463370,active,ltd,,13-07-2018,13-07-2018,"[49390,66120,66300, 68100]",71-75 Shelton Street London United Kingdom WC2H 9JQ
HAMILTON HOUSE CAPITAL LIMITED,16402867,active,ltd,,23-04-2025,23-04-2025,[66300],8-10 South Street Epsom England KT18 7PF
UK SYNERGY PARTNERS LTD,16420847,active,ltd,,30-04-2025,30-04-2025,"[41100,66300,72190, 82301]",Unit 39 St Olavs Court Business Centre London England SE16 2XB
PRIVATE INVESTMENT FUND LIMITED,16421036,active,ltd,,30-04-2025,30-04-2025,"[64205,64304, 66300]",11 Bressenden Place London England SW1E 5BY
J SAINSBURY PENSION SCHEME TRUSTEES LIMITED,02721178,active,ltd,,08-06-1992,08-06-1992,[66300],33 Charterhouse Street London England EC1M 6HA
HILL RISE CAPITAL LIMITED,15690159,active,ltd,,29-04-2024,29-04-2024,[66300],167-169 Great Portland Street London England W1W 5PF
TMS INVESTMENTS HOLDING LTD,16215277,active,ltd,,29-01-2025,29-01-2025,"[64205,64301,66300, 68100]",71-75 Shelton Street London United Kingdom WC2H 9JQ
PF GLOBAL TREASURY GROUP UK LIMITED,14492581,active,ltd,,18-11-2022,18-11-2022,[66300],LEVEL 3 London W1B 3HH
HIGHAMBURY LIMITED,01028034,active,ltd,,20-10-1971,20-10-1971,[66300],Market House Saffron Walden England CB10 1JZ
PROJIP CAPITAL VENTURES LIMITED,14762302,active,ltd,,27-03-2023,27-03-2023,"[66110,66190, 66300]",2 Lesney Park Road Erith United Kingdom DA8 3DN
PROJXIC SYNERGY ASSET & LIQUIDITY MANAGEMENT UK LTD,16183039,active,ltd,,14-01-2025,14-01-2025,"[64991, 66300]",112a North Street Hornchurch England RM11 1SU
GORE STREET INVESTMENT MANAGEMENT LIMITED,15381581,active,ltd,,02-01-2024,02-01-2024,[66300],First Floor London United Kingdom W1W 8BP
NORTH WESTERN LEISURE LTD,14803520,active,ltd,,14-04-2023,14-04-2023,[66300],79 Molesworth Road Plymouth United Kingdom PL1 5PG
IAMHODLING LTD,11315417,active,ltd,,17-04-2018,17-04-2018,[66300],20 Cliff Road Leigh-On-Sea United Kingdom SS9 1HJ
EAST LAMMERMUIR COMMUNITY BENEFIT FUND LTD,SC792584,active,private-limited-guarant-nsc,,15-12-2023,15-12-2023,[66300],Stenton Village Hall Stenton EH42 1TE
SPECIALISED RESEARCH (UK) LIMITED,08129397,active,ltd,,04-07-2012,04-07-2012,[66300],Censeo House St. Albans England AL1 3LF
ALRAD STORAGE & COURIER LTD,16174784,active,ltd,,10-01-2025,10-01-2025,"[49410,52103,64304, 66300]",27 Old Gloucester Street London United Kingdom WC1N 3AX
MISOR CAPITAL LIMITED,09527034,active,ltd,,07-04-2015,07-04-2015,[66300],112 Princess Gardens London United Kingdom W3 0LJ
RISKX CONSULTING LTD,15401327,active,ltd,,09-01-2024,09-01-2024,"[66210, 66300]",5 Brayford Square London United Kingdom E1 0SG
BSR ASSET MANAGEMENT LIMITED,15146733,active,ltd,,19-09-2023,19-09-2023,[66300],35 - 35a The Maltings Shepton Mallett United Kingdom BA4 5QE
HAMILTONN TRUST,16080486,active,private-limited-guarant-nsc-limited-exemption,,14-11-2024,14-11-2024,"[64209,64304,64999, 66300]",117a-119 Station Road Edgware England HA8 7JG
CASSIAN CAPITAL (UK) LIMITED,04370586,active,ltd,,08-02-2002,08-02-2002,[66300],Flat 16 Barness Court London W2 3UW
EVO CAPITAL MANAGEMENT EUROPE LTD,13356923,active,ltd,,26-04-2021,26-04-2021,[66300],14 Curzon Street London England W1J 5HN
DURNFORD CAPITAL LTD,08989413,active,ltd,,10-04-2014,10-04-2014,[66300],25 Bury Street London England SW1Y 6AL
ZEPHYR INFINITES LTD,13841357,active,ltd,,11-01-2022,11-01-2022,"[64991, 66300]",5 Pullman Court London United Kingdom SW10 9QZ
CHARAN MANAGEMENT LIMITED,06881191,active,ltd,,20-04-2009,20-04-2009,[66300],Beckwith Barn Warren Estate Writtle England CM1 3WT
SAB FAMILY LEGACY ENDOWMENT LTD,14567020,active,private-limited-guarant-nsc,,03-01-2023,03-01-2023,"[64929,66300,96090, 98000]",31 Belson Road London England SE18 5PU
KENWAY GLOBAL MANAGEMENT LIMITED,11322387,active,ltd,,23-04-2018,23-04-2018,[66300],C/O Buzzacott Llp London United Kingdom EC2V 6DL
ACE GLOBAL CORP LTD,15372638,active,ltd,,28-12-2023,28-12-2023,"[46170,46190,47810, 66300]",20 Wenlock Road London England N1 7GU
VESPA CAPITAL IV GP 2 LTD,16225742,active,ltd,,03-02-2025,03-02-2025,[66300],3 St. James’S Square London United Kingdom SW1Y 4JU
3I GP 2019 LIMITED,11929444,active,ltd,,05-04-2019,05-04-2019,"[64205, 66300]",1 Knightsbridge London United Kingdom SW1X 7LX
3I GP 2022 LIMITED,13864514,active,ltd,,21-01-2022,21-01-2022,"[64205, 66300]",1 Knightsbridge London United Kingdom SW1X 7LX
PIPVO ASSET MANAGEMENT LTD,15790018,active,ltd,,20-06-2024,20-06-2024,[66300],Venta House Newport Wales NP20 2NS
ABUDHABIDEAL LTD,16231256,active,ltd,,05-02-2025,05-02-2025,"[64204,66120, 66300]",128 City Road London United Kingdom EC1V 2NX
C.M.B. AGROINDUSTRY LTD,08860293,active,ltd,,24-01-2014,24-01-2014,[66300],29 Harbour Exchange Square London E14 9GE
SEMPERA LIMITED,09816989,active,ltd,,09-10-2015,09-10-2015,[66300],84 Brook Street London United Kingdom W1K 5EH
CHAPEL SECURITY CONSULTS AND ESTATES UK LIMITED,14464877,active,ltd,,07-11-2022,07-11-2022,"[66300,68310,80100, 84240]",82a James Carter Road Mildenhall IP28 7DE
3I ZEPHYR GP (2022) LIMITED,14432006,active,ltd,,20-10-2022,20-10-2022,"[64205, 66300]",1 Knightsbridge London United Kingdom SW1X 7LX
AFS (AFRICAN FORUM SCOTLAND) GLOBAL LTD,SC659759,active,ltd,,22-04-2020,22-04-2020,"[01500,66300,74909, 82990]",13 Bangor Road Edinburgh Scotland EH6 5JY
PALEKANA LTD,13897854,active,ltd,,07-02-2022,07-02-2022,[66300],86-90 Paul Street London United Kingdom EC2A 4NE
LEXHAM SPV 1 GP LTD,15416357,active,ltd,,16-01-2024,16-01-2024,[66300],"C/O Thompson Taraz Llp 4th Floor,  Stanhope House London England W1K 1PR"
ALCHEMY INVESTORS LTD,16245439,active,ltd,,11-02-2025,11-02-2025,[66300],49 Station Road Polegate England BN26 6EA
APEXICA PARTNERS LTD,15721694,active,ltd,,15-05-2024,15-05-2024,"[64303,66300,70221, 70229]",2 Middleton Road Oldham England OL2 5PA
STANDISH MANAGEMENT (UK) LTD,11773926,active,ltd,,17-01-2019,17-01-2019,"[66300,69202, 70221]",51 Lime Street Lime Street London England EC3M 7DQ
SUDACO LIMITED,11210629,active,ltd,,16-02-2018,16-02-2018,[66300],37 Shiphay Lane Torquay United Kingdom TQ2 7DU
DISCOVERY PARK TECHNOLOGY INVESTMENTS (GP) LIMITED,09917732,active,ltd,,15-12-2015,15-12-2015,[66300],The Business Terrace Maidstone England ME15 6AW
SUMMERLEA COURT LIMITED,10524348,active,ltd,,14-12-2016,14-12-2016,"[66300,68100,68209, 68320]",Parsons Farm Petersfield United Kingdom GU32 1BJ
ZER ONE CO LTD,16262024,active,ltd,,19-02-2025,19-02-2025,"[62090,64999,66300, 73110]",71-75 Shelton Street London United Kingdom WC2H 9JQ
GOLD PERMISSION LTD,11812538,active,ltd,,07-02-2019,07-02-2019,[66300],71-75 Shelton Street London England WC2H 9JQ
WEST ROSE INVESTMENTS LIMITED,15339005,active,ltd,,09-12-2023,09-12-2023,[66300],4 Blackburn Drive Carlisle United Kingdom CA1 3HY
BROADSHAW LIMITED,14316358,active,ltd,,24-08-2022,24-08-2022,[66300],Academy House Bridgend United Kingdom CF31 1JF
CONDATE SERVICES LIMITED,15488952,active,ltd,,14-02-2024,14-02-2024,[66300],71-75 Shelton Street London United Kingdom WC2H 9JQ
POLUS CAPITAL MANAGEMENT LIMITED,04885685,active,ltd,,03-09-2003,03-09-2003,"[64999, 66300]",Asticus Building London United Kingdom SW1H 0AD
SOCIAL IMPACT INSIGHTS LTD,15522630,active,ltd,,26-02-2024,26-02-2024,"[66300, 70229]",17 Albert Drive Gateshead United Kingdom NE9 6EH
VE1 CAV HOLDCO LIMITED,16274272,active,ltd,,25-02-2025,25-02-2025,[66300],C/O Visionedge One London United Kingdom W1J 7DZ
CATALYSTFM (UK) LIMITED,16274473,active,ltd,,25-02-2025,25-02-2025,[66300],C/O Buzzacott Llp London United Kingdom EC2V 6DL
PROVIDENTIA CAPITAL SERVICES LIMITED,11835773,active,ltd,,19-02-2019,19-02-2019,[66300],"First Floor,  Berkeley Square House C/O Providentia Capital Llp London England W1J 6BD"
DENNIS BROKERAGE SERVICES LTD,15467617,active,ltd,,05-02-2024,05-02-2024,"[64205,64999,66300, 70229]",39 Tanfield Avenue London England NW2 7SA
MCTURK LIMITED,16270653,active,ltd,,24-02-2025,24-02-2025,"[66300,70221,70229, 74100]","Scottish Provident House,  1st Floor Harrow United Kingdom HA1 1BQ"
REVERSE CAPITAL LTD,14094321,active,ltd,,09-05-2022,09-05-2022,"[62020,64991,66300, 70221]",42b Castlewood Road London England N16 6DW
CAV UK JV LIMITED,16275581,active,ltd,,25-02-2025,25-02-2025,[66300],C/O Visionedge One London United Kingdom W1J 7DZ
MIFIC LIMITED,10615074,active,ltd,,13-02-2017,13-02-2017,[66300],Artisans' House Northampton United Kingdom NN4 7BF
BETTER SOCIETY CAPITAL LIMITED,07599565,active,ltd,,11-04-2011,11-04-2011,[66300],Script London United Kingdom EC1Y 8RN
UK INTERNATIONAL BUSINESS CONSULTANTS LIMITED,16271502,active,ltd,,24-02-2025,24-02-2025,"[66300, 70229]",1 Hillcroft Road Liverpool England L25 6ER
EWKIN ALTERNATIVES LTD,15520931,active,ltd,,26-02-2024,26-02-2024,[66300],Unit 7 Stanley Court Witney England OX29 0TB
ALLDUBEE LTD,11881941,active,ltd,,14-03-2019,14-03-2019,"[64205,66300,68209, 70221]",293 Sugar Mill Business Park Leeds England LS11 7HL
EMERALD CAPITAL MANAGEMENT LTD,11345768,active,ltd,,04-05-2018,04-05-2018,[66300],36 Grantbridge Street Grantbridge Street London United Kingdom N1 8JN
FIRST SOVEREIGN PROJECTS LIMITED,12591799,active,ltd,,07-05-2020,07-05-2020,[66300],York Eco Business Centre (Office 12) York England YO30 4AG
NORSE INVESTMENTS LIMITED,05734115,active,ltd,,08-03-2006,08-03-2006,[66300],56a Flood Street London England SW3 5TE
NEP CAPITAL LTD,14960691,active,ltd,,26-06-2023,26-06-2023,[66300],71-75 Shelton Street London WC2H 9JQ
CAPITAL PARTNERS LONDON LIMITED,03882524,active,ltd,,24-11-1999,24-11-1999,"[64999,66300, 82990]",C/O Gkp Viglen House Wembley England HA0 1HD
BOKALDO GROUP LIMITED,13936946,active,ltd,,24-02-2022,24-02-2022,[66300],7 Bell Yard London England WC2A 2JR
THE EDGE C GROUP LTD,06775372,active,ltd,,17-12-2008,17-12-2008,[66300],The Old Barn Swanley Village BR8 7PA
MONTEBAY CAPITAL LTD,11551503,active,ltd,,04-09-2018,04-09-2018,[66300],12 Gate Hill Court London England W11 3QT
CAPE BERKSHIRE LTD,11346295,active,ltd,,04-05-2018,04-05-2018,[66300],Ascot Wealth Management Scotch Corner Sunningdale United Kingdom SL5 0ER
GLORY LIMITED GROUP LTD,16281397,active,ltd,,27-02-2025,27-02-2025,[66300],"1 Ropemaker St,  Barbican London United Kingdom EC2Y 9AW"
L & E CAMBREY LTD,16280551,active,ltd,,27-02-2025,27-02-2025,[66300],Ty Cambrey Llanelli Wales SA15 1EB
VESPA CAPITAL IV GP 1 LTD,16225623,active,ltd,,03-02-2025,03-02-2025,[66300],3 St. James’S Square London United Kingdom SW1Y 4JU
YNYS MON INVESTMENTS LIMITED,12820943,active,ltd,,18-08-2020,18-08-2020,"[66300, 68100]",28 Alwyne Road London United Kingdom N1 2HN
BBB MANDATES LIMITED,16284145,active,ltd,,28-02-2025,28-02-2025,[66300],Steel City House Sheffield United Kingdom S1 2GQ
THE STRACHAN PARTNERSHIP LTD.,SC283174,active,ltd,,13-04-2005,13-04-2005,[66300],37 Hay Crescent Aberdeenshire AB42 1HH
"PORTFOLIO ADVISORS CAPITAL UK, LTD",13524029,active,ltd,,,22-07-2021,[66300],14 Curzon Street London England W1J 5HN
13 CAPITAL MANAGEMENT LIMITED,16250008,active,ltd,,13-02-2025,13-02-2025,[66300],Acre House London United Kingdom NW1 3ER
PRINCIPIUM MERCATUS NEXUS LTD,16288407,active,ltd,,03-03-2025,03-03-2025,[66300],25 Beaulieu Place London United Kingdom W4 5SY
SNB UGANDA READING SPACE LIMITED,16289457,active,ltd,,04-03-2025,04-03-2025,"[58110,66300,73110, 85600]",2 Leman St London United Kingdom E1 8FA
NEW WORLDWIDE INVESTMENTS LTD,09617400,active,ltd,,01-06-2015,01-06-2015,[66300],"85 Great Portland Street,  First Floor,  London 85 Great Portland Street London England W1W 7LT"
MUZIRIS CAPITAL LIMITED,10637921,active,ltd,,24-02-2017,24-02-2017,[66300],2 Oak Court Oxfordshire United Kingdom OX29 6SW
TC KANGBRIDGE LTD,12237228,active,ltd,,01-10-2019,01-10-2019,"[66300,69201,69203, 85600]","320 Countess Way,  Brookland Milton Keynes United Kingdom MK10 7HZ"
PFH MARKETS LIMITED,12427084,active,ltd,,27-01-2020,27-01-2020,"[64205,64301,66110, 66300]",2nd Floor College House Ruislip United Kingdom HA4 7AE
FTMOSERVICES CORP LTD,16293796,active,ltd,,05-03-2025,05-03-2025,"[66110, 66300]",The Leadenhall Building London England EC3V 4AB
LCRSF GENERAL PARTNER LTD,16298311,active,ltd,,06-03-2025,06-03-2025,[66300],C/O Weightmans Liverpool England L3 9QJ
AGN HOLDINGS LTD,12032819,active,ltd,,04-06-2019,04-06-2019,[66300],2nd Floor College House Ruislip United Kingdom HA4 7AE
AGENZIA LIGURIA RUSSIA LTD,07808773,active,ltd,,13-10-2011,13-10-2011,"[64301,64999,66300, 82110]",167-169 Great Portland Street London W1W 5PF
PEMCAP PARTNERS LIMITED,14012288,active,ltd,,30-03-2022,30-03-2022,[66300],40 Bickerton Road London United Kingdom N19 5JS
ENTREPRENEURS FIRST GP (SINGAPORE) LIMITED,09912137,active,ltd,,11-12-2015,11-12-2015,[66300],International House London England N1 7SR
PANORAMIC GROWTH EQUITY (GENERAL PARTNER 1) LIMITED,SC352848,active,ltd,,23-12-2008,23-12-2008,[66300],The Garment Factory Suite 7 Glasgow Scotland G1 1RE
MKJA INVESTMENTS LTD,14044883,active,ltd,,13-04-2022,13-04-2022,"[66300,70221, 74909]",Archer House Britland Estate Eastbourne England BN22 8PW
GARNET LIMITED FINANCE LTD,16286403,active,ltd,,03-03-2025,03-03-2025,[66300],"4th Floor,  Silverstream House 45 Fitzroy Street London England W1T 6EB"
UNITED BUSINESS OF PANGEA LTD,16303289,active,ltd,,10-03-2025,10-03-2025,"[64301,66110,66300, 70221]","7 Copperfield Road,  Coventry West Midlands,  England United Kingdom CV2 4AQ"
REIGNETH LIMITED,15515652,active,ltd,,23-02-2024,23-02-2024,"[64205,64301,66110, 66300]",43 Fairfax Avenue Basildon England SS13 1AY
ENTREPRENEURS FIRST FOUNDER GP LIMITED,SC493957,active,ltd,,23-12-2014,23-12-2014,"[64303, 66300]",5 South Charlotte Street Edinburgh Scotland EH2 4AN
ENTREPRENEURS FIRST EARLY STAGE SCOT LIMITED,SC769496,active,ltd,,16-05-2023,16-05-2023,[66300],5 South Charlotte Street Edinburgh Scotland null
TAG U INVESTMENTS LTD,SC600503,active,ltd,,20-06-2018,20-06-2018,"[65300,66110,66300, 85600]",167/6 Muirhouse Green Edinburgh Scotland EH4 4RA
AAKGLOBALINVESTMENTS LIMITED,16304203,active,ltd,,10-03-2025,10-03-2025,"[64304,66110, 66300]",294 Malden Way New Malden England KT3 5QR
NSS VI EPUT LTD,16315792,active,ltd,,14-03-2025,14-03-2025,[66300],"First Floor,  50 Marshall Street London United Kingdom W1F 9BQ"
FENRIR FUND MANAGEMENT LIMITED,16316392,active,ltd,,14-03-2025,14-03-2025,[66300],00 7 Clifford Street London United Kingdom W1S 2FT
INVESTMENT&BUSINESS LTD.,14730287,active,ltd,,14-03-2023,14-03-2023,[66300],Enterprise House Oldham United Kingdom OL9 6HZ
POSITIVE RETIREMENT PLANNING LIMITED,09569301,active,ltd,,30-04-2015,30-04-2015,"[66220,66290, 66300]",32a East Street St. Ives England PE27 5PD
ACCRUE NOMINEES LIMITED,04088915,active,ltd,,12-10-2000,12-10-2000,[66300],4 Queen Street Bath England BA1 1HE
ACCRUE LIMITED,04185133,active,ltd,,22-03-2001,22-03-2001,[66300],4 Queen Street Bath England BA1 1HE
HANDBRIDGE CONSULT LIMITED,16310365,active,ltd,,12-03-2025,12-03-2025,[66300],Apartment 8 Splash Point Apartments Rhyl United Kingdom LL18 3BF
SHEFFIELD CITY OPPORTUNITIES CIC,16312297,active,private-limited-guarant-nsc,community-interest-company,12-03-2025,12-03-2025,"[59112,66300,82302, 96040]",68 Carter Knowle Road Sheffield England S7 2DX
OASIS VENTURE CAPITAL LTD,13769846,active,ltd,,29-11-2021,29-11-2021,"[64205,64303,64991, 66300]",7 Copperfield Road Coventry CV2 4AQ
DAMARLA CAPITAL LIMITED,11284422,active,ltd,,29-03-2018,29-03-2018,"[62020,64991, 66300]",1 Rosemont Road London England NW3 6NG
HAMOAN WEALTH MANAGEMENT LTD,16357641,active,ltd,,01-04-2025,01-04-2025,[66300],720 Centennial Court Centennial Park Borehamwood United Kingdom WD6 3SY
SUN EUROPEAN PARTNERS MANAGEMENT LIMITED,15570123,active,ltd,,17-03-2024,17-03-2024,[66300],27 Axis Court London England SE16 4UQ
PRIVET CAPITAL GP4 LIMITED,13084761,active,ltd,,16-12-2020,16-12-2020,[66300],Network House Basingstoke England RG21 4HG
PRIVET CAPITAL LP4 LIMITED,13087336,active,ltd,,17-12-2020,17-12-2020,[66300],Network House Basingstoke England RG21 4HG
STOREBRAND ASSET MANAGEMENT UK LTD,14734422,active,ltd,,16-03-2023,16-03-2023,[66300],Fifth Floor London United Kingdom EC2R 5BN
LIBERTAS INFINITA TRADING LTD,16338663,active,ltd,,24-03-2025,24-03-2025,"[46180,64205,64305, 66300]",1a Headcorn Road Bromley England BR1 4SQ
PANWAR CAPITAL LIMITED,12688139,active,ltd,,22-06-2020,22-06-2020,[66300],35 Mowbray Road Edgware England HA8 8JG
APEX INVEST GLOBAL LTD,16350228,active,ltd,,28-03-2025,28-03-2025,"[62012,63120,64999, 66300]",167 - 169 Great Portland Street London England W1W 5PF
LAX CAPITAL LIMITED,11656526,active,ltd,,02-11-2018,02-11-2018,[66300],Level 30 The Leadenhall Building City Of London England EC3V 4AB
GPG CAPITAL LIMITED,15713919,active,ltd,,11-05-2024,11-05-2024,[66300],Ort House London England NW1 7ET
TALAY CAPITAL ADVISORY LIMITED,16353871,active,ltd,,31-03-2025,31-03-2025,"[64991, 66300]","The Scalpel,  18th Floor London United Kingdom EC3M 7AF"
TWENTY TWO CAPITAL GROUP LIMITED,16332355,active,ltd,,21-03-2025,21-03-2025,[66300],Lancaster House Fountain Court Mansfield England NG19 7DW
STANAGE INVESTMENTS LTD,05121865,active,ltd,,07-05-2004,07-05-2004,[66300],"Stanage,  Roslyn Road Telford TF1 3AX"
NARROW WATER PARTNERS LTD,13848062,active,ltd,,13-01-2022,13-01-2022,[66300],Marvan Court Teddington England TW11 8LZ
EARNBITE LIMITED,SC843659,active,ltd,,02-04-2025,02-04-2025,"[64301,66110,66300, 70221]","Office 1000 3 Fitzroy Place,  1/1 Sauchiehall Street Glasgow Central United Kingdom G3 7RH"
OWN A HOUSE COMPANY LTD,16360593,active,ltd,,02-04-2025,02-04-2025,"[66300, 68100]",71-75 Shelton Street London United Kingdom WC2H 9JQ
ALCHEMY CREW LTD,12646471,active,ltd,,04-06-2020,04-06-2020,"[66190,66300, 70229]",Hamilton House Dunne & Waterman London England EC4Y 0HA
ANGUS PROJECT FINANCE SERVICES LIMITED,08080255,active,ltd,,23-05-2012,23-05-2012,[66300],Pips Hill Leatherhead England KT22 8LR
RIVERSTONE ESTATES 2020 LIMITED,16360669,active,ltd,,02-04-2025,02-04-2025,[66300],"Westbury,  Livermore House Great Dunmow United Kingdom CM6 1AW"
NEWUTIC ENERGY SAVER LIMITED,15556940,active,ltd,,12-03-2024,12-03-2024,"[46510,46630,46740, 66300]","Dept 5423,  196 High Road London United Kingdom N22 8HH"
TRADE CAFE FX LIMITED,16364624,active,ltd,,04-04-2025,04-04-2025,[66300],38 Whitfield Road London England E6 1AS
ZOX MARKETS LIMITED,16364887,active,ltd,,04-04-2025,04-04-2025,"[66110, 66300]","2nd Floor College House Ruislip,  United Kingdom HA4 7AE"
M&G SOCIAL INVESTMENT GP1 LTD,15618023,active,ltd,,05-04-2024,05-04-2024,[66300],10 Fenchurch Avenue London United Kingdom EC3M 5AG
UEB3 LIMITED,16367000,active,ltd,,04-04-2025,04-04-2025,[66300],17 Avril Way London England E4 9HS
INITIATOR VC CIC,15595038,active,ltd,community-interest-company,26-03-2024,26-03-2024,"[66300, 88100]",Dixcart House Addlestone Road Addlestone England KT15 2LE
AI PHANTIX LTD,16368801,active,ltd,,07-04-2025,07-04-2025,[66300],71-75 Shelton Street London United Kingdom WC2H 9JQ
COLLINGTREE EWAN,11294384,active,private-unlimited,,05-04-2018,05-04-2018,[66300],25 Henderson Road London SW18 3RR
AVRE UNION LTD,14055346,active,ltd,,20-04-2022,20-04-2022,"[63120,66300, 96090]",4 Ringwood Gardens London England E14 9WY
ENDLESS THIRD PARTNER LIMITED,12357614,active,ltd,,10-12-2019,10-12-2019,[66300],Ground Floor Leeds England LS1 2HL
BITAZZA TRADE LTD,16513904,active,ltd,,12-06-2025,12-06-2025,[66300],7 Second Avenue London England W3 7RX
MIG FINANCE LIMITED,16528360,active,ltd,,19-06-2025,19-06-2025,[66300],Third Floor London England W1B 3HH
SUPERFUTURE VENTURES LIMITED,14915708,active,ltd,,05-06-2023,05-06-2023,"[64303,64304,66300, 70229]",68 Havilland Mews London England W12 8BG
POLLEN STREET CAPITAL LIMITED,08741640,active,ltd,,21-10-2013,21-10-2013,[66300],11-12 Hanover Square London England W1S 1JJ
TAURUS ADMINISTRATION LIMITED,11245061,active,ltd,,09-03-2018,09-03-2018,[66300],11245061 - COMPANIES HOUSE DEFAULT ADDRESS Cardiff CF14 8LH
AUGUST EQUITY PARTNERS V GP LIMITED,12056652,active,ltd,,18-06-2019,18-06-2019,[66300],The Floral London United Kingdom WC2E 9DP
MILLER 153 LIMITED,12987858,active,ltd,,02-11-2020,02-11-2020,[66300],Catalyst House 720 Centennial Ave Borehamwood England WD6 3SY
BRISTOL STRATEGIC NO1 LIMITED,14892488,active,ltd,,24-05-2023,24-05-2023,[66300],29 York Street London England W1H 1EZ
LSKL LTD,16549988,active,ltd,,30-06-2025,30-06-2025,[66300],45 Hermitage Lane London England NW2 2HE
TWO MAGNOLIAS SLP LIMITED,SC701337,active,ltd,,11-06-2021,11-06-2021,"[66300, 70221]",Exchange Tower Edinburgh United Kingdom EH3 8EH
LEESIDE GROUP LIMITED,16549614,active,ltd,,30-06-2025,30-06-2025,[66300],27 Old Gloucester Street London United Kingdom WC1N 3AX
XAU TRADING SOLUTIONS LTD,SC854198,active,ltd,,01-07-2025,01-07-2025,[66300],37 Earlsburn Road Glasgow Scotland G66 5PD
SILVERMAN FIELD LIMITED,08954452,active,ltd,,24-03-2014,24-03-2014,[66300],15 West Street Brighton England BN1 2RL
RAVEN HILL ACADEMY LTD,13340472,active,ltd,,16-04-2021,16-04-2021,[66300],Bartle House Manchester England M2 3WQ
LACANN 2 LIMITED,15490234,active,ltd,,14-02-2024,14-02-2024,[66300],1 Fore Street Avenue London England EC2Y 9DT
SANGHA TRI-NATIONAL TRUST FUND LIMITED,06193079,active,private-limited-guarant-nsc,,29-03-2007,29-03-2007,[66300],"C/O Sedulo London Office 605,  Albert House London United Kingdom EC1V 9DD"
RIGHT FINANCE LIMITED,12997053,active,ltd,,04-11-2020,04-11-2020,[66300],9 Manor Farm Place Carlisle England CA5 6QS
METSU CAPITAL LIMITED,16556149,active,ltd,,02-07-2025,02-07-2025,[66300],Newmarket House Nailsworth United Kingdom GL6 0DQ
CHART STRATEGIES LIMITED,07465372,active,ltd,,09-12-2010,09-12-2010,[66300],Second Floor Ridgeland House Horsham England RH12 1ER
PEAK VEGA CAPITAL LIMITED,16557966,active,ltd,,02-07-2025,02-07-2025,[66300],2nd Floor Malta House London England W1J 0DP
SCYDEX LTD,14613595,active,ltd,,24-01-2023,24-01-2023,"[62020,66190, 66300]",320 City Road London England EC1V 2NZ
CASPIAN CAPITAL MANAGEMENT LTD,16564280,active,ltd,,07-07-2025,07-07-2025,"[66300, 68209]",72 Glendale Avenue Eastbourne England BN21 1UN
SOCIAL TECH VENTURES LIMITED,11815876,active,ltd,,08-02-2019,08-02-2019,[66300],167-169 Great Portland Street London England W1W 5PF
HOOPP THAMES LIMITED,14888063,active,ltd,,23-05-2023,23-05-2023,[66300],1 Eagle Place London United Kingdom SW1Y 6AF
LEXHAM SPV 2 GP LTD,15422786,active,ltd,,18-01-2024,18-01-2024,[66300],47 Park Lane London England W1K 1PR
MC AFRICA INVESTMENT LIMITED,15421102,active,ltd,,17-01-2024,17-01-2024,[66300],Mid City Place London England WC1V 6BA
WAAFR LTD,13163063,active,private-limited-guarant-nsc,,27-01-2021,27-01-2021,"[66300, 85600]",Unit 4 Wellesley Court London England NW2 7HF
FITIKOF LTD,SC437093,active,ltd,,19-11-2012,19-11-2012,"[09100,66300, 78109]",3c Inglestone Avenue Glasgow Scotland G46 7ES
ODONNELL CAPITAL,13859341,active,private-unlimited,,19-01-2022,19-01-2022,[66300],1 Chamberlain Square Cs Birmingham B3 3AX
RAINBOW CENTRAL CIC,13122335,active,private-limited-guarant-nsc,community-interest-company,08-01-2021,08-01-2021,[66300],50a-50b Cambridge Road London England SW11 4RR
EPIC MARKETS IM LTD,13362691,active,ltd,,28-04-2021,28-04-2021,[66300],Audrey House London United Kingdom EC1N 6SN
QUANTSTREAM LIMITED,15866701,active,ltd,,30-07-2024,30-07-2024,"[64304,66120,66300, 77400]",Green Park House London England W1J 8LQ
PONTAQ NOMINEES LIMITED,11295566,active,ltd,,06-04-2018,06-04-2018,[66300],35 Danson Crescent Welling United Kingdom DA16 2AL
LLOYD ASSET MANAGEMENT LTD,13911126,active,ltd,,11-02-2022,11-02-2022,[66300],35 Charnwood Road Loughborough England LE12 9QE
TRIVIUM WEALTH LTD,15723004,active,ltd,,15-05-2024,15-05-2024,"[64922,64999,65300, 66300]",18 Denleigh Close Bargoed United Kingdom CF81 8NP
STRIDE MANAGEMENT GP LIMITED,13236236,active,ltd,,01-03-2021,01-03-2021,[66300],4 Grotto Passage London England W1U 4JX
GENESIS GP LIMITED,14823102,active,ltd,,24-04-2023,24-04-2023,[66300],Ground Floor London United Kingdom SW1Y 5JG
AQUAWOOD LTD,16175876,active,ltd,,10-01-2025,10-01-2025,"[26200,62012,62020, 66300]",Suite 302 4 Station Square Cambridge United Kingdom CB1 2GE
LAFAYETTE RE MANAGEMENT UK LTD,15212351,active,ltd,,16-10-2023,16-10-2023,[66300],Two Kingdom Street London England W2 6BD
M J CALDERBANK LIMITED,04632726,active,ltd,,09-01-2003,09-01-2003,[66300],Rustic Ridge Coventry CV7 7DB
MONOPOLY GROUP LIMITED,11331441,active,ltd,,26-04-2018,26-04-2018,[66300],85 Great Portland Street London England W1W 7LT
CAYNAS LIMITED,09970617,active,ltd,,26-01-2016,26-01-2016,[66300],Apollo House Hallam Way Blackpool England FY4 5FS
UNICORN GLOBAL PARTNERS LIMITED,10803599,active,ltd,,05-06-2017,05-06-2017,"[66300,68100, 68209]",247 Hanworth Road Hampton United Kingdom TW12 3EF
COMMITTED CAPITAL FINANCIAL SERVICES LIMITED,03810820,active,ltd,,21-07-1999,21-07-1999,"[64303, 66300]",148-150 Buckingham Palace Road London England SW1W 9TR
KINSTON CAPITAL LTD,13224051,active,ltd,,24-02-2021,24-02-2021,"[64205,64303,64306, 66300]",Docklands Business Centre London England E14 8PX
RP CAPITAL (UK) LTD,12548274,active,ltd,,06-04-2020,06-04-2020,"[66120,66210, 66300]","2nd Floor,  25 St. Nicholas Place Leicester England LE1 4LD"
ARAB INTELLIGENCE & CREATIVITY AWARD LTD,15440475,active,ltd,,24-01-2024,24-01-2024,"[64301,66300,88990, 90030]",4323 New Dover Rd - Kent Folkestone United Kingdom CT18 7JJ
THE FAMILY RESTAURANT GROUP LIMITED,16207793,active,ltd,,24-01-2025,24-01-2025,"[56102, 66300]",104 Park Avenue Castleford England WF10 2AR
IMPASSIVE LTD,14789355,active,ltd,,10-04-2023,10-04-2023,[66300],19 Regent Square Salford England M5 3RP
DEPOSITLOCK LTD,13882521,active,ltd,,31-01-2022,31-01-2022,"[66190,66300, 70221]",2 Martha Close Salford England M5 3QN
NATWEST TRUSTEE AND DEPOSITARY SERVICES LIMITED,11194605,active,ltd,,08-02-2018,08-02-2018,[66300],250 Bishopsgate London United Kingdom EC2M 4AA
RAFAAH CAPITAL LTD,16214333,active,ltd,,28-01-2025,28-01-2025,"[58290,66300, 70221]",124-128 City Road London England EC1V 2NX
CFA NETWORK LTD,14074062,active,ltd,,27-04-2022,27-04-2022,"[66300,70221, 70229]",46 Nova Road Croydon England CR0 2TL
APIS PARTNERS GROUP (UK) LIMITED,13077035,active,ltd,,11-12-2020,11-12-2020,[66300],Seventh Floor London United Kingdom SW7 1DR
NBC BANQ HOLDING LTD,12707741,active,ltd,,30-06-2020,30-06-2020,"[64301,64306,64991, 66300]","Devonshire House 582,  Honeypot Lane London England HA7 1JS"
BOND ADVISORY & CONSULTANCY LIMITED,11309598,active,ltd,,13-04-2018,13-04-2018,[66300],10 Harfst Way Swanley England BR8 7WE
GWA ASSET MANAGEMENT LTD,13214974,active,ltd,,22-02-2021,22-02-2021,[66300],17 Walkergate Berwick Upon Tweed United Kingdom TD15 1DJ
JGT CAPITAL LTD.,08496914,active,ltd,,19-04-2013,19-04-2013,[66300],36 Denham House 17 Park Lodge Avenue West Drayton England UB7 9FS
13 INVESTMENT MANAGEMENT LIMITED,16178801,active,ltd,,13-01-2025,13-01-2025,[66300],Acre House London United Kingdom NW1 3ER
SUCELLUS CAPITAL LIMITED,12006627,active,ltd,,20-05-2019,20-05-2019,"[64202,64209,64303, 66300]",24 Fitzgeorge Avenue London United Kingdom W14 0SN
"CAPIMAX FINTECH,BLOCKCHAIN LIMITED",16538119,active,ltd,,,24-06-2025,"[62090,64205,64999, 66300]",128 City Road London United Kingdom EC1V 2NX
ELLITEFX LIMITED,16536089,active,ltd,,23-06-2025,23-06-2025,"[64910,64999,66220, 66300]",Suite10 Capital House London United Kingdom E8 1LL
COMMONWEALTH FOUNDATION,13663887,active,private-limited-guarant-nsc-limited-exemption,,06-10-2021,06-10-2021,"[64999,66300,82990, 84110]",13663887 - COMPANIES HOUSE DEFAULT ADDRESS Cardiff CF14 8LH
ZIVE CAPITAL - NORWICH UK GP LIMITED,14934896,active,ltd,,14-06-2023,14-06-2023,[66300],47 Park Lane London England W1K 1PR
AYA ASSET MANAGEMENT LTD,16576113,active,ltd,,11-07-2025,11-07-2025,[66300],88-90 Hatton Garden Farringdon United Kingdom EC1N 8PN
RESOLUTION IMPACT VENTURES LTD,15745968,active,ltd,,28-05-2024,28-05-2024,[66300],2 Queen Anne's Gate London United Kingdom SW1H 9AA
APROPOS WEALTH MANAGEMENT LTD,08875651,active,ltd,,04-02-2014,04-02-2014,[66300],Wework London England EC2Y 9DT
CROSSROADS EUROPE (INVESTMENTS) LIMITED,15961080,active,ltd,,17-09-2024,17-09-2024,[66300],First Floor London United Kingdom W1U 2BP
FR FX LIMITED,15695311,active,ltd,,30-04-2024,30-04-2024,"[47910,47990, 66300]",3 East Avenue Northwich England CW9 7JE
QUANTUM LIGHT MANAGEMENT LTD,13878761,active,ltd,,28-01-2022,28-01-2022,"[62012, 66300]","5th Floor,  North Side 7/10 Chandos Street London United Kingdom W1G 9DQ"
AMANAH ALLIANCE LIMITED,16598565,active,ltd,,22-07-2025,22-07-2025,[66300],5 Ossulbury Lane Aylesbury United Kingdom HP19 9DW
VK WEALTH MANAGEMENT LTD,09123737,active,ltd,,09-07-2014,09-07-2014,[66300],Apex Building Doncaster England DN4 5JP
AJ ESTATES HOLDINGS LTD,16601231,active,ltd,,23-07-2025,23-07-2025,"[66300, 68100]","Unit 101,  First Floor,  Cervantes House,  5-9 Headstone Road Harrow England HA1 1PD"
CHARME CAPITAL PARTNERS LIMITED,09487131,active,ltd,,12-03-2015,12-03-2015,[66300],4th Floor 15 King Street London England SW1Y 6QU
2FEXCHANGESMB LTD,16096684,active,ltd,,22-11-2024,22-11-2024,"[47910,66300, 73110]","2nd Floor College House Ruislip,  United Kingdom HA4 7AE"
MASTER ECN LIMITED,11066358,active,ltd,,15-11-2017,15-11-2017,"[62012,66110, 66300]",11066358 - COMPANIES HOUSE DEFAULT ADDRESS Cardiff CF14 8LH
HAVISHAM DEVELOPMENTS LIMITED,08379612,active,ltd,,29-01-2013,29-01-2013,"[41100, 66300]",Level 12 Thames Tower Reading England RG1 1LX
VIEW ME ENTERTAINMENT LTD,16300793,active,ltd,,07-03-2025,07-03-2025,"[59112,64991,64999, 66300]",20 Wenlock Road London England N1 7GU
QUANTIFY CAPITAL LTD,16475467,active,ltd,,27-05-2025,27-05-2025,[66300],124 City  Road London United Kingdom EC1V 2NX
KNN FAMILY HOLDINGS LTD,16475785,active,ltd,,27-05-2025,27-05-2025,"[64209,66300, 70100]",84a Nightingale Road Guildford England GU1 1EP
MONTANARO INVESTMENT MANAGERS LIMITED,02982410,active,ltd,,24-10-1994,24-10-1994,[66300],53 Threadneedle Street null EC2R 8AR
SWISS CONSULTANCY SERVICE LTD,SC850230,active,ltd,,28-05-2025,28-05-2025,"[64999,66300,68320, 70229]",17 Rotchell Road Dumfries United Kingdom DG2 7SE
THORNTONS FINANCIAL PLANNING LIMITED,SC850248,active,ltd,,28-05-2025,28-05-2025,[66300],Whitehall House Dundee Scotland DD1 4BJ
HARTLEY WEALTH MANAGEMENT LIMITED,10810931,active,ltd,,09-06-2017,09-06-2017,[66300],"First Floor,  Medway House East Grinstead England RH19 3BJ"
RESTITUTION LITIGATION LIMITED,14138290,active,ltd,,27-05-2022,27-05-2022,[66300],207 Regent Street London England W1B 3HH
LURABUS,SC680836,active,private-unlimited,,13-11-2020,13-11-2020,[66300],10b Kirklee Road Glasgow Scotland G12 0ST
THE WHITE ROSE CAPITAL GROUP LIMITED,16321276,active,ltd,,17-03-2025,17-03-2025,[66300],Little Pinkneys Maidenhead England SL6 6PE
SS SAH LIMITED,15549201,active,ltd,,08-03-2024,08-03-2024,[66300],8 Sackville Street London England W1S 3DG
ZILARRA HOLDINGS LIMITED,15547841,active,ltd,,08-03-2024,08-03-2024,[66300],37 Moss Lane Stockport England SK7 1EQ
CAPITAL OIL LIMITED,05637488,active,ltd,,28-11-2005,28-11-2005,"[64209,64304,64999, 66300]",Office 1 Hatherton Court Walsall England WS4 2LA
WORLD QUEST GLOBAL LTD,16326573,active,ltd,,19-03-2025,19-03-2025,"[64303,64991, 66300]",27 Old Gloucester Street London United Kingdom WC1N 3AX
SABARANIS LTD,11824585,active,ltd,,13-02-2019,13-02-2019,"[66300, 70229]",12 Limedale Avenue Derby England DE21 2UE
ORTONA INVESTMENTS LIMITED,07999887,active,ltd,,21-03-2012,21-03-2012,[66300],55 Colegate Norwich NR3 1DD
GARUDA INVESTAMA LTD,16343439,active,ltd,,26-03-2025,26-03-2025,"[64301,64304, 66300]",8b Lorraine Park Harrow England HA3 6BX
HCFSTRATEGIES LTD,16344805,active,ltd,,26-03-2025,26-03-2025,[66300],31 Sydney Road London England W13 9EZ
SUSTAINABLE VENTURES INVESTMENT MANAGEMENT LTD,10647639,active,ltd,,02-03-2017,02-03-2017,"[66300, 82990]","Sustainable Workspaces 5th Floor,  County Hall London United Kingdom SE1 7PB"
FOWLER DREW LIMITED,04384956,active,ltd,,01-03-2002,01-03-2002,[66300],C/O Bishop Fleming Brook House Clyst St. Mary England EX5 1GD
NUTSHELL ASSET MANAGEMENT LIMITED,12341611,active,ltd,,29-11-2019,29-11-2019,[66300],"First Floor Strand Suite,  Ivybridge House London England WC2N 6LE"
BENJAMIN CAPITAL LIMITED,16447146,active,ltd,,13-05-2025,13-05-2025,"[46900, 66300]",Suite 34320 61 Bridge Street Herefordshire United Kingdom HR5 3DJ
WMP MANAGEMENT SERVICES LTD,14363395,active,ltd,,20-09-2022,20-09-2022,"[64999,66300,68209, 68320]",128 City Road London EC1V 2NX
APJW HOLDINGS LTD,16458532,active,ltd,,19-05-2025,19-05-2025,[66300],Swallow House Douglas Lane Winsford United Kingdom CW7 4BH
CAPITAL DYNAMICS LIMITED,02215798,active,ltd,,01-02-1988,01-02-1988,"[64999, 66300]",16 St. Martin's Le Grand London England EC1A 4EN
ROC INTERNATIONAL LIMITED,10659444,active,ltd,,08-03-2017,08-03-2017,"[66300, 68100]",Izabella House 24-26 Regent Place Birmingham England B1 3NJ
NODEM LIMITED,15661530,active,ltd,,19-04-2024,19-04-2024,[66300],Tobias House St Mark's Court Teesside England TS17 6QW
PATRITALIA PLC,16487947,active,plc,,02-06-2025,02-06-2025,"[64209,64304,66300, 70229]",128 City Road London United Kingdom EC1V 2NX
LINGOTTO INTERSECTION UK LTD,16489717,active,ltd,,02-06-2025,02-06-2025,[66300],7 Seymour Street London United Kingdom W1H 7JW
EOS PRIVATE EQUITY PARTNERS LTD,11709829,active,ltd,,04-12-2018,04-12-2018,[66300],84 Brook Street London United Kingdom W1K 5EH
RGP MARKETING LTD,16492473,active,ltd,,03-06-2025,03-06-2025,"[59112,66300,78300, 84130]",38 Chancery Lane London United Kingdom WC2A 1EN
JERPOINT CAPITAL (UK) HOLDINGS LTD,16493238,active,ltd,,03-06-2025,03-06-2025,[66300],27 Old Gloucester Street London United Kingdom WC1N 3AX
JERPOINT CAPITAL (UK) MANAGEMENT HOLDINGS LTD,16493454,active,ltd,,03-06-2025,03-06-2025,[66300],27 Old Gloucester Street London United Kingdom WC1N 3AX
JERPOINT CAPITAL (UK) MANAGEMENT LTD,16493932,active,ltd,,03-06-2025,03-06-2025,[66300],27 Old Gloucester Street London United Kingdom WC1N 3AX
NHO CAPITAL LIMITED,15693141,active,ltd,,30-04-2024,30-04-2024,"[64999,66300, 70229]",35 Ballards Lane London United Kingdom N3 1XW
MADDISON CAPITAL LTD,16498485,active,ltd,,05-06-2025,05-06-2025,[66300],"2nd Floor College House Ruislip,  United Kingdom HA4 7AE"
W1M ASSET MANAGEMENT LIMITED,02112588,active,ltd,,19-03-1987,19-03-1987,[66300],16 Babmaes Street London England SW1Y 6AH
EOS INVESTMENT MANAGEMENT LTD,09259578,active,ltd,,13-10-2014,13-10-2014,[66300],84 Brook Street London United Kingdom W1K 5EH
SPEED FINANCE CONSULTING LTD.,16495655,active,ltd,,04-06-2025,04-06-2025,"[46190,66300,70221, 70229]",71-75 Shelton Street London United Kingdom WC2H 9JQ
ALIMITA 3 LIMITED,16495825,active,ltd,,04-06-2025,04-06-2025,[66300],Office 1 Hatherton Court Walsall England WS4 2LA
CRYSTAL SPRINGS & SPRINGS LTD,15165436,active,ltd,,26-09-2023,26-09-2023,"[64191, 66300]",178b Worple Road London SW20 8PR
FINFLY MARKETS LIMITED,16501889,active,ltd,,06-06-2025,06-06-2025,"[64910,64999,66190, 66300]",71-75 Shelton Street London United Kingdom WC2H 9JQ
AETNA INVESTMENTS MANAGEMENT LIMITED,16502228,active,ltd,,06-06-2025,06-06-2025,"[66300,78300, 82990]",167-169 Great Portland Street London United Kingdom W1W 5PF
A1X TRADING LIMITED,16338015,active,ltd,,24-03-2025,24-03-2025,[66300],75 Grosvenor Street London England W1K 3JS
DAVI INVESTMENTS LIMITED,16433949,active,ltd,,07-05-2025,07-05-2025,[66300],19a Queen's Gate London England SW7 5JE
SHAWCAPITAL PARTNERS LTD,16431304,active,ltd,,06-05-2025,06-05-2025,[66300],32 Brookfield Avenue Manchester England M21 8TX
MK FAMILY OFFICE LIMITED,16435104,active,ltd,,07-05-2025,07-05-2025,[66300],65 London Wall London England EC2M 5TU
TENACITY FINANCIAL LTD,16465104,active,ltd,,21-05-2025,21-05-2025,[66300],57 Dominion Drive Romford England RM5 2QS
NUVEEN MANAGEMENT AIFM LIMITED,03984658,active,ltd,,03-05-2000,03-05-2000,[66300],9th Floor 201 London EC2M 3BN
COLLABORATION CIRCLE,15667708,active,private-limited-guarant-nsc-limited-exemption,,22-04-2024,22-04-2024,"[66300, 94120]",4 Chiswell Street London United Kingdom EC1Y 4UP
UFS CONSULTING LTD,11284086,active,ltd,,29-03-2018,29-03-2018,"[64999,66110,66190, 66300]","Room 107,  Charles House Beam Heath Way Nantwich England CW5 6PQ"
ANCIENT GENUS LTD,16509911,active,ltd,,10-06-2025,10-06-2025,[66300],35 Gwillim Close Sidcup England DA15 9NQ
STARK TECHNOLOGY PVT LTD,16508811,active,ltd,,10-06-2025,10-06-2025,[66300],42 Second Avenue London England W3 7RX
FANG LTD,16507810,active,ltd,,10-06-2025,10-06-2025,[66300],5 Atherstone Mews London England SW7 5BX
BOWMOOR CAPITAL LIMITED,14080363,active,ltd,,02-05-2022,02-05-2022,[66300],167-169 Great Portland Street London W1W 5PF
VIVID WEALTH LTD,SC757422,active,ltd,,02-02-2023,02-02-2023,"[66220,66290, 66300]","Office 1,  Technology House Glasgow Scotland G3 7PR"
HOLBURNE PARTNERS LTD,13804208,active,ltd,,16-12-2021,16-12-2021,"[66300, 68209]",50 Holburne Park Bath United Kingdom BA2 6BL
MAYFAIR CAPITAL PARTNERS LIMITED,04330007,active,ltd,,28-11-2001,28-11-2001,[66300],55 Wells Street London England W1T 3PT
GIV TRADE LTD.,13741505,active,ltd,,12-11-2021,12-11-2021,"[64991,64999,66110, 66300]","4th Floor,  Silverstream House,  45 Fitzroy Street London England W1T 6EB"
AMA EXECUTIVE HOLDINGS LTD,16935950,active,ltd,,30-12-2025,30-12-2025,"[64301,66300, 70221]",24 Godfrey Place Cheltenham England GL54 2QN
PAYES GLOBAL LIMITED,16918686,active,ltd,,18-12-2025,18-12-2025,"[58290,66110,66210, 66300]",71-75 Shelton Street London United Kingdom WC2H 9JQ
BLUEBELL CAPITAL LIMITED,08500546,active,ltd,,23-04-2013,23-04-2013,[66300],11 Circle Gardens London England SW19 3JX
AXIONONE LTD,16917230,active,ltd,,17-12-2025,17-12-2025,[66300],27 Knightsbridge London England SW1X 7LY
THE ECU GROUP PUBLIC LIMITED COMPANY,02296619,active,plc,,14-09-1988,14-09-1988,[66300],17 Shirwell Crescent Milton Keynes England MK4 1GA
FFYB LTD,16919342,active,ltd,,18-12-2025,18-12-2025,[66300],Astute House Wilmslow England SK9 3HP
INDEPENDENCE CAPITAL I LIMITED,13214554,active,ltd,,19-02-2021,19-02-2021,[66300],"1st Floor,  Venture House Wilmslow England SK9 5AP"
BLACK MEGAURION LTD,16007958,active,ltd,,09-10-2024,09-10-2024,"[64304,66190,66300, 70221]",128 City Road London United Kingdom EC1V 2NX
MAXXIOM CAPITAL LIMITED,16429813,active,ltd,,06-05-2025,06-05-2025,"[41100,64304,66300, 68209]",31 West Park Bristol England BS8 2LX
STRATA LENDING PLC,09329385,active,plc,,26-11-2014,26-11-2014,[66300],"Terminal Buildings,  Blackbushe Airport,  Camberley England GU17 9LQ"
EVERGRIIN EUROPEAN LTD,NI691993,active,ltd,,19-10-2022,19-10-2022,"[64205,66300,70221, 82990]",Nw Business Complex - Companyplanet Services Londonderry Northern Ireland BT48 8SE
XBT GLOBAL NETWORK LIMITED,17000701,active,ltd,,30-01-2026,30-01-2026,"[64304,66300, 70221]",124-128 City Road London England EC1V 2NX
LYNSTONE AUK QAHC LTD,17004293,active,ltd,,30-01-2026,30-01-2026,[66300],10th Floor 5 Churchill Place London United Kingdom E14 5HU
ARES SYSTEMATIC CREDIT LIMITED,11269446,active,ltd,,22-03-2018,22-03-2018,[66300],10 New Burlington Street London England W1S 3BE
HARDLINE CAPITAL LTD,16996156,active,ltd,,28-01-2026,28-01-2026,"[64209,64304, 66300]",128 City Road London United Kingdom EC1V 2NX
LONSDALE CAPITAL PARTNERS II LIMITED,09735105,active,ltd,,16-08-2015,16-08-2015,[66300],36 Upper Brook Street London United Kingdom W1K 7QJ
PRGHOLDINGS CONSULTING LTD,14540339,active,ltd,,14-12-2022,14-12-2022,"[64301,64999,66300, 94110]",Office 17 Aquis House 27-37 Station Road Hayes Hayes United Kingdom UB3 4DX
BRERETON FUTURE FINANCE LTD,17009288,active,ltd,,03-02-2026,03-02-2026,[66300],Dickens House 3-7 Guithavon Street Witham England CM8 1BJ
THE STELLAR (LP) LIMITED,06504888,active,ltd,,15-02-2008,15-02-2008,[66300],C/O Stellar Asset Management Limited Liverpool United Kingdom L3 9AG
INAGE INVESTMENTS LIMITED,12413460,active,ltd,,20-01-2020,20-01-2020,[66300],"8th Floor,  South Block London United Kingdom W1U 8EW"
SIDEKICK MONEY LTD,13882980,active,ltd,,31-01-2022,31-01-2022,[66300],6-7 St. Cross Street London England EC1N 8UB
INTREPID GROWTH PARTNERS HOLDINGS (UK) LTD,16191835,active,ltd,,17-01-2025,17-01-2025,[66300],Congregation House Parsonage Street Halstead England CO9 2JW
ANIMAL RESCUE FUNDING LTD,11878062,active,ltd,,12-03-2019,12-03-2019,[66300],35 The North East Fruit And Veg Market Gateshead United Kingdom NE11 0QY
ANTLER MANAGEMENT UK PVT LTD,13198366,active,ltd,,12-02-2021,12-02-2021,[66300],140 Goswell Road London England EC1V 7DY
GENAVEST CAPITAL LIMITED,12783153,active,ltd,,31-07-2020,31-07-2020,[66300],2nd Floor Malta House London United Kingdom W1J 0DP
INVESTEC INTERNATIONAL PRIVATE OFFICE LIMITED,10769279,active,ltd,,13-05-2017,13-05-2017,[66300],30 Gresham Street London England EC2V 7QP
ORANGE CAPITAL PARTNERS UK LTD,16791921,active,ltd,,17-10-2025,17-10-2025,[66300],"Orange Capital,  Office 02 3rd Floor The Triangle London England NW1 8AB"
GULF C.B LTD,14734197,active,ltd,,16-03-2023,16-03-2023,"[64191,64999, 66300]",5 Brayford Square London E1 0SG
GIEFFE LIMITED,15618358,active,ltd,,05-04-2024,05-04-2024,"[64204,64304,66300, 68320]",5th Floor 22 Eastcheap London England EC3M 1EU
LO UK HOLDINGS LIMITED,14504737,active,ltd,,24-11-2022,24-11-2022,"[64209,66300, 68209]",Flat 1 Rose Street London England WC2E 9EA
HERENSUGE LIMITED,17017208,active,ltd,,06-02-2026,06-02-2026,"[66300,68100,86220, 86900]",61 Bridge Street Kington United Kingdom HR5 3DJ
NASSOURI CAPITAL LTD,17036984,active,ltd,,17-02-2026,17-02-2026,"[64999,66190,66300, 70221]",117-119 Station Road Edgware England HA8 7JG
ACORN PORTFOLIO INVESTMENTS NO 3 LIMITED,17026955,active,ltd,,11-02-2026,11-02-2026,[66300],29 York Street London United Kingdom W1H 1EZ
ACORN PORTFOLIO INVESTMENTS NO 4 LIMITED,17026958,active,ltd,,11-02-2026,11-02-2026,[66300],29 York Street London United Kingdom W1H 1EZ
ACORN PORTFOLIO INVESTMENTS NO 2 LIMITED,17026952,active,ltd,,11-02-2026,11-02-2026,[66300],29 York Street London United Kingdom W1H 1EZ
ACORN PORTFOLIO INVESTMENTS NO 1 LIMITED,17026951,active,ltd,,11-02-2026,11-02-2026,[66300],29 York Street London United Kingdom W1H 1EZ
ACORN GREEN INVESTMENTS NO 3 LIMITED,17026942,active,ltd,,11-02-2026,11-02-2026,[66300],29 York Street London United Kingdom W1H 1EZ
ALBIAN GROUP LTD,17038815,active,ltd,,17-02-2026,17-02-2026,[66300],40 Seymour Road Manchester England M8 5BR
ACORN GREEN INVESTMENTS NO 4 LIMITED,17028626,active,ltd,,12-02-2026,12-02-2026,[66300],29 York Street London United Kingdom W1H 1EZ
API BRISTOL ZOO NO1 LIMITED,17048795,active,ltd,,23-02-2026,23-02-2026,[66300],29 York Street London United Kingdom W1H 1EZ
API BRISTOL ZOO NO2 LIMITED,17048814,active,ltd,,23-02-2026,23-02-2026,[66300],29 York Street London United Kingdom W1H 1EZ
CRYPTO WALLET LTD,SC698004,active,ltd,,07-05-2021,07-05-2021,[66300],1 Cambuslang Court Glasgow United Kingdom G32 8FH
NORTHSTONE CAPITAL LTD,17045905,active,ltd,,20-02-2026,20-02-2026,"[64991, 66300]",37 Cedar Grove Brighouse England HD6 4FE
N1 LTD,10406834,active,ltd,,03-10-2016,03-10-2016,"[64209,66300, 70221]",Flat 4 11 Park Valley Nottingham United Kingdom NG7 1BS
SAND GROVE FRM LIMITED,09332683,active,ltd,,28-11-2014,28-11-2014,[66300],40 Leadenhall Street London United Kingdom EC3A 2BJ
EXCORDE EUROPE EQUITY ADVISORS LTD,17041619,active,ltd,,18-02-2026,18-02-2026,[66300],Castle House London United Kingdom W1T 3QH
TWIN OAKS CAPITAL LIMITED,12167852,active,ltd,,21-08-2019,21-08-2019,"[66120, 66300]",4 New Buildings Cullompton England EX15 2HH
RUSSELL GROUPS PVT LTD,17048896,active,ltd,,23-02-2026,23-02-2026,"[66110, 66300]",54 Vicentia Court London United Kingdom SW11 3GY
VALTRADEX LIMITED,17049204,active,ltd,,23-02-2026,23-02-2026,"[64205,64301,66220, 66300]",Suite10 Capital House London United Kingdom E8 1LL
"HOXTON VENTURES GREENSHOOTS I, (ENG) LTD",16279562,active,ltd,,,26-02-2025,[66300],483 Green Lanes London United Kingdom N13 4BS
CAIRNROCK PARTNERS LTD,13341487,active,ltd,,16-04-2021,16-04-2021,[66300],20-22 Wenlock Road London England N1 7GU
NSII EDUCATION 1 LTD,17039852,active,ltd,,18-02-2026,18-02-2026,[66300],"First Floor,  50 Marshall Street London United Kingdom W1F 9BQ"
PRETIUM UK PARTNERS LIMITED,12378419,active,ltd,,27-12-2019,27-12-2019,[66300],107 Cheapside 107 Cheapside London England EC2V 6DN
LMFX LTD,17053542,active,ltd,,25-02-2026,25-02-2026,"[64999, 66300]",8 Lines Road Manchester England M43 7FA
KLINE HILL PARTNERS (UK) LIMITED,16514693,active,ltd,,12-06-2025,12-06-2025,[66300],5 Wigmore Street London United Kingdom W1U 1PB
LMVH LTD,17057074,active,ltd,,26-02-2026,26-02-2026,[66300],Greenfield Grove Road Chester United Kingdom CH1 6LG
MJ CUNNINGHAM AND CO LIMITED,17058358,active,ltd,,26-02-2026,26-02-2026,[66300],158 Roe Lane Southport England PR9 7PN
BASKERVILLE SECURITIES LTD,10620923,active,ltd,,15-02-2017,15-02-2017,[66300],8 Camberwell Way Sunderland United Kingdom SR3 3XN
LANGENSTEIN BOURGEOIS LTD,15559463,active,ltd,,13-03-2024,13-03-2024,"[66300, 70229]","Welkin House Welkin House Steventon,  Abingdon England OX13 6AB"
CPA CAPITAL INVESTMENT LTD,17062170,active,ltd,,02-03-2026,02-03-2026,"[64991, 66300]",9 Leyton Close Brierley Hill England DY5 3JJ
WOVENLIGHT CAPITAL LIMITED,13177643,active,ltd,,03-02-2021,03-02-2021,[66300],One Leadenhall London England EC3V 1AB
MILVIAN BRIDGE LIMITED,08333029,active,ltd,,17-12-2012,17-12-2012,[66300],3rd Floor 45 Albermarle Street London England W1S 4JL
MKX SERVICESS LTD.,14558916,active,ltd,,28-12-2022,28-12-2022,"[62020,64999,66300, 92000]",105 Fence House Fence Avenue Macclesfield England SK10 1LT
VENDOR ENTERPRISES LTD,16368442,active,ltd,,07-04-2025,07-04-2025,[66300],Greenbank Court Challenge Way Blackburn United Kingdom BB1 5QB
TARGET PLANNING FINANCIAL SERVICES LIMITED,07145495,active,ltd,,03-02-2010,03-02-2010,"[65300, 66300]",8 Camberwell Way Sunderland United Kingdom SR3 3XN
SKYBOUND FINANCIAL PLANNING LIMITED,03116941,active,ltd,,23-10-1995,23-10-1995,"[65110,65300,66190, 66300]",Solent Business Park 4500 Parkway Fareham England PO15 7AZ
VIG HOLDINGS LTD,17067965,active,ltd,,03-03-2026,03-03-2026,"[55100,64209,66300, 79909]",128 City Road London United Kingdom EC1V 2NX
CABURN INVESTMENTS LTD,17041064,active,ltd,,18-02-2026,18-02-2026,[66300],44-46 Old Steine Brighton England BN1 1NH
CENTIVA CAPITAL UK LTD,12306117,active,ltd,,08-11-2019,08-11-2019,[66300],"Suite 2,  Ground Floor Bristol United Kingdom BS1 6FL"
SCR INVESTMENTS LTD,07392266,active,ltd,,30-09-2010,30-09-2010,[66300],93 Gloucester Place London United Kingdom W1U 6JQ
ANTELJ MANAGEMENT LTD,10079261,active,ltd,,22-03-2016,22-03-2016,[66300],19 White Lodge Close Isleworth England TW7 6TH
LENROSE WEALTH MANAGEMENT LTD,11832797,active,ltd,,18-02-2019,18-02-2019,"[64922,64999,66220, 66300]","C/O Argentis,  5 Lancer House,  Hussar Court Waterlooville England PO7 7SE"
GET CITED LTD,14364211,active,ltd,,20-09-2022,20-09-2022,"[47910,62012,62020, 66300]",68 Carter Knowle Road Sheffield England S7 2DX
ENDLESS VI FIRST PARTNER LIMITED,17078328,active,ltd,,09-03-2026,09-03-2026,[66300],Ground Floor Leeds United Kingdom LS1 2HL
ENDLESS VI SECOND PARTNER LIMITED,17078484,active,ltd,,09-03-2026,09-03-2026,[66300],Ground Floor Leeds United Kingdom LS1 2HL
HERON GLOBAL INCOME LIMITED,17078901,active,ltd,,09-03-2026,09-03-2026,[66300],71-75 Shelton Street London United Kingdom WC2H 9JQ
NUBMONEY LTD,13962728,active,ltd,,08-03-2022,08-03-2022,"[64999,66190,66300, 82990]",23 Haycroft Gardens London NW10 3BJ
VOLACTIVE CAPITAL LTD,16786371,active,ltd,,15-10-2025,15-10-2025,"[66300, 70221]",193 Manchester Road London England E14 3DR
SHADWICK HOLDING PLC,16790311,active,plc,,16-10-2025,16-10-2025,"[64205,66300,84210, 84220]",71-75 Shelton Street London United Kingdom WC2H 9JQ
E. SANSON INVESTMENTS LTD,16785666,active,ltd,,15-10-2025,15-10-2025,[66300],9 Tregarne Terrace Saint Austell United Kingdom PL25 4DD
BLACKCREST GLOBAL LTD,16786450,active,ltd,,15-10-2025,15-10-2025,"[62012,64991,66300, 70229]",128 City Road London United Kingdom EC1V 2NX
LJL ASSETS LTD,16786462,active,ltd,,15-10-2025,15-10-2025,"[64304,66300,77400, 98000]",14 Coronation Drive Liverpool England L14 7NU
GREENLAND INVESTMENT MANAGEMENT LIMITED,14270355,active,ltd,,02-08-2022,02-08-2022,"[64999,66190, 66300]",17 Hanover Square London W1S 1HU
INNAGREEN LIMITED,13338057,active,ltd,,15-04-2021,15-04-2021,[66300],"Beaufort Court,  Egg Farm Lane Kings Langley United Kingdom WD4 8LR"
ECI 12 SPECIAL PURPOSE MIDCO 1 LIMITED,16559346,active,ltd,,03-07-2025,03-07-2025,[66300],Building 4 Croxley Park Watford United Kingdom WD18 8YF
BITSTAMP AURYSS LIMITED,16784236,active,ltd,,14-10-2025,14-10-2025,"[63110,64301,64992, 66300]",Suite 14027 61 Bridge Street Kington United Kingdom HR5 3DJ
OLIM PROPERTY LIMITED,07696904,active,ltd,,07-07-2011,07-07-2011,[66300],15 Queen Anne's Gate London England SW1H 9BU
SEAWEST INDUSTRIES LTD,07839691,active,ltd,,08-11-2011,08-11-2011,"[64202, 66300]",Flat 4 Redcliffe Gardens 52 London England SW10 9HB
CRYNEX LIMITED,16787141,active,ltd,,15-10-2025,15-10-2025,"[64301,64306, 66300]",212b High Street North London England E6 2JA
SMARTGAIN LIMITED,16779841,active,ltd,,13-10-2025,13-10-2025,"[64991,66110,66210, 66300]",Suite 14520 61 Bridge Street Kington United Kingdom HR5 3DJ
REDRICE II (ENGLAND) LTD,16780278,active,ltd,,13-10-2025,13-10-2025,[66300],"Unit 103,  Tea Building 56 Shoreditch High Street London United Kingdom E1 6JJ"
INNAGREEN MANAGEMENT LIMITED,13419219,active,ltd,,25-05-2021,25-05-2021,[66300],"Beaufort Court,  Egg Farm Lane Kings Langley United Kingdom WD4 8LR"
PLEZ LIMITED,10822269,active,ltd,,16-06-2017,16-06-2017,[66300],Union House Coventry England CV1 2NT
ZCQT LTD,16337189,active,ltd,,24-03-2025,24-03-2025,"[64991,66300,70221, 70229]",C/O Elliot Woolfe & Rose Limited Stanmore United Kingdom HA7 1JS
MINNOW INVESTMENTS LIMITED,16698150,active,ltd,,05-09-2025,05-09-2025,[66300],Flat 25 Hatch Building London England E9 5TU
UNIGESTION PE UK LTD.,16291562,active,ltd,,04-03-2025,04-03-2025,[66300],52 Jermyn Street London England SW1Y 6LX
KP ADVISORY LIMITED,16704915,active,ltd,,09-09-2025,09-09-2025,[66300],C/O Digital Tax Accountant Ilford England IG2 6RZ
FORTIS EUROPE LTD,14296815,active,ltd,,15-08-2022,15-08-2022,"[64304,64306,66300, 68100]",128 City Road London United Kingdom EC1V 2NX
DIAMOND RED HOLDINGS LTD,16062384,active,ltd,,05-11-2024,05-11-2024,[66300],"1st Floor,  5 Century Court Watford England WD18 9PX"
QUBER CAPITAL LIMITED,16708347,active,ltd,,10-09-2025,10-09-2025,"[66120,66300,73110, 74909]",First Floor Office London United Kingdom W8 4LZ
GP-LOC2 LTD,16709558,active,ltd,,10-09-2025,10-09-2025,[66300],26 Biddulph Road South Croydon England CR2 6QA
MCWIN CAPITAL PARTNERS LIMITED,14516223,active,ltd,,30-11-2022,30-11-2022,[66300],3rd Floor 86 - 90 Paul Street London England EC2A 4NE
OSLO VENTURES LIMITED,12970117,active,ltd,,23-10-2020,23-10-2020,"[66300,68320,70229, 74901]",251 Southwark Bridge Road Flat 23.03 London England SE1 6FN
CLARKY LIMITED,16830356,active,ltd,,04-11-2025,04-11-2025,[66300],125 Noak Hill Road Billericay United Kingdom CM12 9UJ
THIRAVI LTD,16773731,active,ltd,,09-10-2025,09-10-2025,"[64991, 66300]",15 Mossdale Road Leicester England LE3 2UT
DAN UK SERVICES LTD,16775039,active,ltd,,09-10-2025,09-10-2025,"[66300,70221,70229, 78200]",68 Addington Road Croydon England CR0 3LU
HERONDALE LTD,16776992,active,ltd,,10-10-2025,10-10-2025,[66300],"2nd Floor College House Ruislip,  United Kingdom HA4 7AE"
BELSIO LTD,16083215,active,ltd,,15-11-2024,15-11-2024,[66300],47 Great Marlborough Street London England W1F 7JP
DLP CAPITAL PARTNERS UK LTD,16830292,active,ltd,,04-11-2025,04-11-2025,"[64209,66300,68100, 68310]",124 City Road London United Kingdom EC1V 2NX
STERLING ACCEPTANCES LIMITED,14449831,active,ltd,,28-10-2022,28-10-2022,"[64191,64921,64999, 66300]",31 Belson Road London England SE18 5PU
ADVANCED FINANCIAL TECH LTD,16803098,active,ltd,,22-10-2025,22-10-2025,"[62012,66300,69201, 69202]",71-75 Shelton Street London United Kingdom WC2H 9JQ
AMIRI BY CHANCE CRYPTO TRADING LTD,16795853,active,ltd,,20-10-2025,20-10-2025,"[66110,66120, 66300]",71-75 Shelton Street London United Kingdom WC2H 9JQ
STRATEGEN ADVISORY LTD,13523126,active,ltd,,21-07-2021,21-07-2021,"[66300, 70229]",17 Harrison Avenue Longfield DA3 7BA
STOCKEMONEY LTD,16797395,active,ltd,,20-10-2025,20-10-2025,"[64991,66110,66120, 66300]",71-75 Shelton Street London United Kingdom WC2H 9JQ
TRIADA NJS UNLIMITED,16793507,active,private-unlimited,,17-10-2025,17-10-2025,[66300],Thistlewell Cottage Cuck Hill Winscombe BS25 1RD
CRAIGS CONTAINERS LIMITED,05973751,active,ltd,,20-10-2006,20-10-2006,[66300],"Flat 4,  243a Wimbledon Park Road London England SW18 5RJ"
BLINKO CRYPTO ARBITRAGE LIMITED,16796852,active,ltd,,20-10-2025,20-10-2025,[66300],66 Belsize Park Gardens London England NW3 4NE
BOONTRICKS LIMITED,16799394,active,ltd,,21-10-2025,21-10-2025,"[64301,64999,66120, 66300]",21 Ellis Street London United Kingdom SW1X 9AL
NEKOMIK CAPITAL LIMITED,16791698,active,ltd,,17-10-2025,17-10-2025,"[62012,64991, 66300]",5 Brayford Square London England E1 0SG
BROADOAK COMMUNITY INVESTMENTS CIC,16703931,active,private-limited-guarant-nsc,community-interest-company,09-09-2025,09-09-2025,[66300],128 City Road London United Kingdom EC1V 2NX
BLACKOAK INTERMEDIATE LIFE LIMITED,16803700,active,ltd,,22-10-2025,22-10-2025,[66300],One City Place Chester United Kingdom CH1 3BQ
N6 AI LTD,16839343,active,ltd,,07-11-2025,07-11-2025,[66300],"Unit F Prologis Park,  Green Lane London United Kingdom TW4 6ER"
BARNWOOD PROPERTIES LIMITED,00600319,active,ltd,,11-03-1958,11-03-1958,[66300],10 Brindleyplace Birmingham United Kingdom B1 2JB
BASIE I (RS502R1) LIMITED,12670002,active,ltd,,13-06-2020,13-06-2020,[66300],"Unit 3,  Office A,  1st Floor London England EC3R 8EE"
CATHEDRAL WEALTH MANAGEMENT LIMITED,09305526,active,ltd,,11-11-2014,11-11-2014,[66300],59 East Street Chichester PO19 1HL
PARROT QUAY LIMITED,12930151,active,ltd,,05-10-2020,05-10-2020,[66300],44 Parker House Stafford Road Wallington England SM6 9AA
BRAYMONT ASSET GROUP LIMITED,16833066,active,ltd,,05-11-2025,05-11-2025,[66300],Office 55rb 182-184 High Street North Area 1/1 East Ham United Kingdom E6 2JA
MENSAH INVESTMENTS LTD,16650246,active,ltd,,14-08-2025,14-08-2025,"[66300, 68209]",10 Towerfield Road Southend-On-Sea England SS3 9QE
BARRAS CAPITAL MANAGEMENT PLC,13449884,active,plc,,10-06-2021,10-06-2021,[66300],Saxon House Chelmsford England CM1 1HT
LODDON LIMITED,16044936,active,ltd,,28-10-2024,28-10-2024,"[66300,70221, 70229]",44 Wilson Avenue Henley-On-Thames England RG9 1ET
VEMI CAPITAL LIMITED,13659829,active,ltd,,04-10-2021,04-10-2021,[66300],International House London United Kingdom EC3V 3NG
TROY TECHNOLOGIES LIMITED,15542868,active,ltd,,06-03-2024,06-03-2024,"[62012,64205, 66300]",50 Long Acre London England WC2E 9JR
GRACECHURCH FAMILY OFFICE LTD,15167218,active,ltd,,26-09-2023,26-09-2023,"[66300, 70229]",20-22 Wenlock Road N1 7gu Wenlock Road London England N1 7GU
MEZAN CAPITAL LTD,16825574,active,ltd,,02-11-2025,02-11-2025,"[64999, 66300]",124-128 City Road London England EC1V 2NX
LONDON TREASURY LIMITED,11035820,active,ltd,,27-10-2017,27-10-2017,[66300],First Floor 330 Holborn Gate London England WC1V 7QH
ALPINISTA LIMITED,14513928,active,ltd,,29-11-2022,29-11-2022,[66300],Hayfield House Park Wall Lane Reading England RG8 8NE
CONCENTRIC TEAM TECHNOLOGY II GP LIMITED,13683432,active,ltd,,15-10-2021,15-10-2021,[66300],18 Balderton Street London England W1K 6TG
SUN VITACORE LIFE & BENEFIT LTD,16821321,active,ltd,,30-10-2025,30-10-2025,"[65110,66220,66290, 66300]",One Canada Square London United Kingdom E14 5AB
TRUSTED REAL WORLD ASSETS LTD,SC868130,active,ltd,,29-10-2025,29-10-2025,"[66300,69109,70229, 71200]",214 Union Street Aberdeen Scotland AB10 1TL
PINILLA PORTFOLIO MANAGEMENT LIMITED,13139284,active,ltd,,18-01-2021,18-01-2021,[66300],2nd Floor Butler House London England W1T 7AF
SSKY HOLDINGS LTD,16823220,active,ltd,,31-10-2025,31-10-2025,"[66300,68209,87900, 96090]",10 Corner Brake Plymouth United Kingdom PL6 7QP
KOCERLER LTD,16847171,active,ltd,,11-11-2025,11-11-2025,[66300],71-75 Shelton Street London United Kingdom WC2H 9JQ
PARKINSON'S PIONEER CAPITAL ADVISORS LTD,16852634,active,ltd,,13-11-2025,13-11-2025,[66300],14 Osten Mews London United Kingdom SW7 4HW
ALLCLOUT UK LTD,12570216,active,ltd,,23-04-2020,23-04-2020,[66300],"Suite A,  1st Floor Ashford England TN24 8XW"
POOL ENTERPRISES LIMITED,16854648,active,ltd,,13-11-2025,13-11-2025,[66300],167-169 Great Portland Street London England W1W 5PF
ROSA AGGREGATOR GP LIMITED,SC869956,active,ltd,,13-11-2025,13-11-2025,[66300],50 Lothian Road Edinburgh Scotland EH3 9WJ
BRONEX LTD,16868500,active,ltd,,21-11-2025,21-11-2025,"[62012, 66300]","Dept 5831,  196 High Road London United Kingdom N22 8HH"
LUMIN DFM LIMITED,12680322,active,ltd,,18-06-2020,18-06-2020,[66300],"2nd Floor,  4 Beaconsfield Road St. Albans England AL1 3RD"
JOEMOODY164 LTD,16873558,active,ltd,,25-11-2025,25-11-2025,[66300],35 Hornton Street London United Kingdom W8 7NR
DUNHILL MANAGEMENT HOLDING LTD,15149888,active,ltd,,20-09-2023,20-09-2023,"[66300,68320,70229, 98000]","The Charter Building,  Charter Place,  Uxbridge Charter Place Uxbridge England UB8 1JG"
JAY CAPITAL LTD,08386976,active,ltd,,04-02-2013,04-02-2013,"[64991,64999,66120, 66300]",3rd Floor Suite London England W1B 3HH
ALTERA PARTNERS MANAGEMENT LIMITED,04945309,active,ltd,,28-10-2003,28-10-2003,"[64999, 66300]",Berkeley Square House 2nd Floor Berkeley Square House London England W1J 6BD
GLOBAL DIGITAL ASSET MANAGEMENT LTD,16546316,active,ltd,,27-06-2025,27-06-2025,[66300],223 St. Albans Road Watford England WD24 5BH
RF CORVAL EUROPE LIMITED,10762871,active,ltd,,10-05-2017,10-05-2017,[66300],84 84 Eccleston Square London United Kingdom SW1V 1PX
FTVC NOMINEE LIMITED,16800648,active,ltd,,21-10-2025,21-10-2025,[66300],1 St. James Court Norwich United Kingdom NR3 1RU
TRINITY DC GP LIMITED,06942099,active,ltd,,23-06-2009,23-06-2009,[66300],55 King Street Manchester England M2 4LQ
FRANK INVESTMENTS LIMITED,05629005,active,ltd,,18-11-2005,18-11-2005,[66300],27 Holly Walk Leamington Spa England CV32 4NN
BROOKS MACDONALD ASSET MANAGEMENT LIMITED,03417519,active,ltd,,11-08-1997,11-08-1997,[66300],40 Leadenhall Street London England EC3A 2BJ
FORREST ONE LIMITED,10899208,active,ltd,,04-08-2017,04-08-2017,[66300],6th Floor 9 Appold Street London United Kingdom EC2A 2AP
MDAO NEXUS LTD,16882146,active,ltd,,01-12-2025,01-12-2025,"[64209,64304,64991, 66300]",23 Brookside Ilford England IG6 2TD
EITANIS INVESTMENTS LTD,16880387,active,ltd,,28-11-2025,28-11-2025,[66300],24 Folly Avenue St. Albans England AL3 5QD
CONSTAAS DIGITAL FINANCE LTD,16883635,active,ltd,,01-12-2025,01-12-2025,"[66120, 66300]","7 Copperfield Road,  Coventry West Midlands,  England United Kingdom CV2 4AQ"
UK IMAGINARY SPACE LABS LIMITED,16132502,active,ltd,,12-12-2024,12-12-2024,"[62020,63990,66190, 66300]",L220 Beaconside Business Village Stafford United Kingdom ST18 0BF
EZEANYA INVESTMENTS LTD,16883564,active,ltd,,01-12-2025,01-12-2025,"[64991, 66300]",124 City  Road London United Kingdom EC1V 2NX
RENAISSANCE CAPITAL HOLDINGS (WI) LIMITED,16884426,active,ltd,,01-12-2025,01-12-2025,"[64205,64301, 66300]",128 City Road London United Kingdom EC1V 2NX
ROMFORD STARTUP HUB LTD,14440143,active,ltd,,25-10-2022,25-10-2022,"[66300,69202, 82990]",2-4 Eastern Road Romford England RM1 3PJ
ZOE REYNOLDS FINANCIAL SERVICES LIMITED,09154917,active,ltd,,31-07-2014,31-07-2014,[66300],Spear House Burntwood England WS7 3GL
KIG BRIGHTON LIMITED,10188157,active,ltd,,19-05-2016,19-05-2016,[66300],6th Floor 9 Appold Street London United Kingdom EC2A 2AP
THEPREZI LTD,16897249,active,ltd,,08-12-2025,08-12-2025,"[66290, 66300]",128 City Road London United Kingdom EC1V 2NX
TABULA INVESTMENT MANAGEMENT LIMITED,11286661,active,ltd,,03-04-2018,03-04-2018,[66300],201 Bishopsgate London England EC2M 3AE
LEXANA CAPITAL LTD,12459116,active,ltd,,12-02-2020,12-02-2020,[66300],Two Lichfield South Wall Island Lichfield England WS14 0QP
SALIM SUTERWALLA HOLDINGS LTD,12326115,active,ltd,,21-11-2019,21-11-2019,[66300],29 Welbeck Street London United Kingdom W1G 8DA
SAPPHIREF LIMITED,16886515,active,ltd,,02-12-2025,02-12-2025,[66300],C/O Fieldfisher Riverbank House London United Kingdom EC4R 3TT
IONA STAR MANAGED LIMITED,16892990,active,ltd,,05-12-2025,05-12-2025,[66300],"Iona Star Fora,  London England SE1 9PA"
ADVON SOLUTIONS LIMITED,11088559,active,ltd,,29-11-2017,29-11-2017,"[62020,66300,68320, 70229]",2 Trevor Road London England SW19 3PW
SANDBAR ASSET MANAGEMENT CAPITAL LTD,10573436,active,ltd,,19-01-2017,19-01-2017,[66300],Citibase London England SW1E 5HX
GLOBAL DENTAL SCHEME LIMITED,12122097,active,ltd,,25-07-2019,25-07-2019,[66300],Unit 18 Jessops Riverside Sheffield England S9 2RX
GEMINI 25 INVESTMENTS LTD,16953973,active,ltd,,09-01-2026,09-01-2026,"[64301,64304,64306, 66300]",4th Floor Office London England W1B 4HB
GLOBAL PERFERMANCE DEVELOPEMENT LTD,16960106,active,ltd,,13-01-2026,13-01-2026,"[64205,64301,64305, 66300]",71-75 Shelton Street London United Kingdom WC2H 9JQ
OCTOPUS ENERGY DEVELOPMENT PARTNERSHIP II GP LIMITED,16953911,active,ltd,,09-01-2026,09-01-2026,[66300],Uk House 5th Floor London United Kingdom W1D 1NN
KNIGHT AND MAYFLOWER INVESTMENTS LTD,16006016,active,ltd,,08-10-2024,08-10-2024,"[47770, 66300]",71-75 Shelton Street London England WC2H 9JQ
HORIZON CAPITAL (FOUNDERS) LIMITED,02633662,active,ltd,,30-07-1991,30-07-1991,[66300],2nd Floor 1-3 College Hill London United Kingdom EC4R 2RA
BASTENBURGH CAPITAL LIMITED,14905378,active,ltd,,31-05-2023,31-05-2023,[66300],5th Floor 167-169 Great Portland Street London England W1W 5PF
BRAMBLE INVESTMENT MANAGEMENT LIMITED,16127246,active,ltd,,10-12-2024,10-12-2024,[66300],"Belle House,  1 Victoria Mainline Station London England SW1V 1JT"
FINCHINGFIELD LTD,16900857,active,ltd,,09-12-2025,09-12-2025,"[64209,64999,66300, 82990]",169 Shakespeare Road London England SE24 0PY
EVERGRIIN LTD,NI736124,active,ltd,,11-12-2025,11-12-2025,"[64205,66300,70221, 82990]",Nw Business Complex - Companyplanet Services Londonderry Northern Ireland BT48 8SE
ALICORN GLOBAL VENTURES LIMITED,12918242,active,ltd,,01-10-2020,01-10-2020,[66300],C/O Arowana International Uk Limited London United Kingdom EC2M 1NH
LEXHAM I GP LTD,15432967,active,ltd,,22-01-2024,22-01-2024,[66300],"C/O Thompson Taraz Llp Stanhope House, 47 Park Lane United Kingdom W1K 1PR"
BOTO HEDGE LIMITED,16972940,active,ltd,,19-01-2026,19-01-2026,[66300],71-75 Shelton Street London United Kingdom WC2H 9JQ
KAEVELON LIMITED,15661030,active,ltd,,19-04-2024,19-04-2024,"[41100,64999,66300, 70229]",7 Hollywood Way Erith England DA8 2QD
GECKO INVESTMENT ADVISORS LTD,16985747,active,ltd,,25-01-2026,25-01-2026,"[66300, 70229]",8 Carlton Close West Malling England ME19 4HS
ARXNOVA HOLDINGS LIMITED,16520018,active,ltd,,16-06-2025,16-06-2025,[66300],10 Queen Street Place London United Kingdom EC4R 1AG
KAVANAGH MOTOR SERVICES LIMITED,09654530,active,ltd,,24-06-2015,24-06-2015,"[66300,68100, 68320]",1-4 Kings Parade Croydon England CR0 1AA
RENDEZVOUS 7 UK LTD,12558391,active,ltd,,16-04-2020,16-04-2020,"[66220,66300,78300, 82990]",235 The Fairway Ruislip England HA4 0SN
MOAYEDI CAPITAL LTD,16990274,active,ltd,,27-01-2026,27-01-2026,"[64209, 66300]",4 Tyning Road Bristol United Kingdom BS31 3HL
LOMBARD RATING AGENCY LTD,16990072,active,ltd,,27-01-2026,27-01-2026,"[64205,64301, 66300]",71-75 Shelton Street London United Kingdom WC2H 9JQ
EMRAL MANAGEMENT,16631505,active,private-unlimited,,06-08-2025,06-08-2025,[66300],Pharmacy Chambers Wadhurst TN5 6AP
QUINEX INTERNATIONAL LIMITED,16631964,active,ltd,,06-08-2025,06-08-2025,[66300],39 Goldhawk Road London England W12 8QQ
ROYAL EXCHANGE INVESTMENT MANAGEMENT LTD,16602454,active,ltd,,23-07-2025,23-07-2025,[66300],1 King William Street London United Kingdom EC4N 7AF
AMG CAPITAL PARTNERS LIMITED,04177241,active,ltd,,12-03-2001,12-03-2001,[66300],Flat 7 58 York Road Tunbridge Wells United Kingdom TN1 1JY
GOLDSTONES TRADERS LTD,16643852,active,ltd,,11-08-2025,11-08-2025,[66300],12 Stanley Street Stoke-On-Trent England ST6 6BW
HAVERFORDS LIMITED,08583767,active,ltd,,25-06-2013,25-06-2013,"[66220, 66300]","Greenhill House Block B,  First Floor Peterborough United Kingdom PE3 6RU"
GROWTH CREDIT ASSOCIATION LTD,16646305,active,private-limited-guarant-nsc,,12-08-2025,12-08-2025,[66300],71-75 Shelton Street London United Kingdom WC2H 9JQ
DYE M&A HOLDING LTD,NI732019,active,ltd,,04-08-2025,04-08-2025,"[64303,66300,70229, 74100]",21 Mountain Road 21 Mountain Road Newry United Kingdom BT35 8NJ
SFC3 LTD,14897459,active,ltd,,26-05-2023,26-05-2023,"[64205,64303, 66300]",8 C/O Sandfield Capital Limited Liverpool England L3 1DL
ALBION FINANCIAL SERVICES LTD,16725092,active,ltd,,17-09-2025,17-09-2025,[66300],58 Woodruff Avenue Hove England BN3 6PJ
JRFUTURES TRADING LTD,16727577,active,ltd,,18-09-2025,18-09-2025,[66300],20 Wenlock Road London England N1 7GU
ANVESHAN VENTURES LIMITED,16340306,active,ltd,,25-03-2025,25-03-2025,"[66300, 70221]",11 Central Avenue Beverley England HU17 8LH
RMB CAPITAL LIMITED,12905505,active,ltd,,25-09-2020,25-09-2020,[66300],12905505 - COMPANIES HOUSE DEFAULT ADDRESS Cardiff CF14 8LH
PIE FUNDS UK LIMITED,11520877,active,ltd,,16-08-2018,16-08-2018,[66300],C/O Paul Beare Ltd London United Kingdom W4 5LX
XYL CAPITAL LIMITED,16724234,active,ltd,,17-09-2025,17-09-2025,"[64205,64209,64304, 66300]",128 City Road London United Kingdom EC1V 2NX
BLAKROCK UTAJIRI LTD,16724859,active,ltd,,17-09-2025,17-09-2025,"[64301,64910,66190, 66300]",128 City Road London United Kingdom EC1V 2NX
CAPITAL PRIVATE OFFICE LTD,16730077,active,ltd,,19-09-2025,19-09-2025,"[64999, 66300]",Apartment 1101 City Lights Point 64 New Kent Road London England SE1 6GD
QUANTD CAPITAL LTD,16734661,active,ltd,,22-09-2025,22-09-2025,[66300],71-75 Shelton Street London United Kingdom WC2H 9JQ
ALETHIC CAPITAL LTD,16485415,active,ltd,,30-05-2025,30-05-2025,[66300],2nd Floor Malta House London United Kingdom W1J 0DP
COVAULT TECHNOLOGIES LTD,16716301,active,ltd,,15-09-2025,15-09-2025,"[62012,66300,69201, 94110]",128 City Road London United Kingdom EC1V 2NX
GETFINANCIALGUARDIAN LIMITED,16723600,active,ltd,,17-09-2025,17-09-2025,"[64301,64304,66220, 66300]",71-75 Shelton Street London United Kingdom WC2H 9JQ
ATLANTIAN CROWN BK LIMITED,16713866,active,ltd,,12-09-2025,12-09-2025,"[64304,64306,66300, 84120]",14/2e Docklands Business Centre 10-16 Tiller Road London United Kingdom E14 8PX
BELGRAVIA GLOBAL CAPITAL LTD,16713303,active,ltd,,12-09-2025,12-09-2025,"[64999,66300, 68100]",128 City Road London United Kingdom EC1V 2NX
EMPIRE BUSINESS SERVICES LIMITED,15113067,active,ltd,,04-09-2023,04-09-2023,"[47421,47910,55900, 66300]",C/O London Accountancy Hub Limited Ajp Business Centre London United Kingdom NW2 7HD
GCP EUROPE GP2 LTD,08140851,active,ltd,,12-07-2012,12-07-2012,[66300],14-16 Bruton Place London W1J 6LX
GREEN SEEDRS X LTD,15278356,active,ltd,,13-11-2023,13-11-2023,"[66300, 70229]",Scotia Building 5 Jardine Road London England E1W 3WA
ASCEND EQUITY LIMITED,16690473,active,ltd,,02-09-2025,02-09-2025,"[64303, 66300]",49 Broadlands Avenue Hockley England SS5 5EP
TOKINFT LIMITED,16713511,active,ltd,,12-09-2025,12-09-2025,"[63110,64301,64992, 66300]",Suite 13949 61 Bridge Street Kington United Kingdom HR5 3DJ
CASTRO17 LTD,16745252,active,ltd,,26-09-2025,26-09-2025,[66300],128 City Road London United Kingdom EC1V 2NX
STERLING HAVEN WEALTH LTD,16746131,active,ltd,,26-09-2025,26-09-2025,[66300],128 City Road London United Kingdom EC1V 2NX
CUBE ANALYTICS LTD,16746992,active,ltd,,27-09-2025,27-09-2025,"[64991,66120, 66300]",31 Groomsland Drive Billingshurst England RH14 9HB
WHITEBEAR INVESTMENTS LTD,16748941,active,ltd,,29-09-2025,29-09-2025,"[64991, 66300]",71-75 Shelton Street London United Kingdom WC2H 9JQ
PLAN B TRADING LTD,07742451,active,ltd,,16-08-2011,16-08-2011,[66300],45 North Road London England SW19 1AQ
STERLING ROSE CAPITAL LIMITED,13488191,active,ltd,,01-07-2021,01-07-2021,[66300],78-79 Pall Mall London England SW1Y 5ES
REKOM ROK CAPITAL PARTNERS LIMITED,NI733781,active,ltd,,26-09-2025,26-09-2025,"[64991,66110,66120, 66300]",150 Tamlaght Road Omagh Northern Ireland BT78 5LW
CONSULTIST LIMITED,04701671,active,ltd,,18-03-2003,18-03-2003,"[46900,66300,70229, 73200]",11 Middle Way Oxford England OX2 7LH
GENESIS QUANT CAPITAL LTD,16749769,active,ltd,,29-09-2025,29-09-2025,"[64991,66120,66300, 70229]",3 Dingle Dell Crowthorne United Kingdom RG45 6TH
BELGATRIX LIMITED,16739489,active,ltd,,24-09-2025,24-09-2025,[66300],14 Whitfield Road London England E6 1AS
BLACK EAGLE DEVELOPMENT AND PROJECT MANAGMENT CORPORATION LTD,16739778,active,ltd,,24-09-2025,24-09-2025,"[02100,42220,66300, 96090]",71-75 Shelton Street London United Kingdom WC2H 9JQ
ACROS CAPITAL MANAGEMENT LIMITED,15662695,active,ltd,,20-04-2024,20-04-2024,[66300],185 Mead Way Bromley England BR2 9ES
COMMONWEALTH A.C.T LIMITED,16740287,active,ltd,,24-09-2025,24-09-2025,[66300],"Level 30,  The Leadenhall Building City Of London United Kingdom EC3V 4AB"
NFG ADVISORY LIMITED,16737005,active,ltd,,23-09-2025,23-09-2025,[66300],7 Savoy Court London England WC2R 0EX
LONGSHANKS TRADING LIMITED,16752120,active,ltd,,30-09-2025,30-09-2025,[66300],Berkeley Square House Berkeley Square London United Kingdom W1J 6DB
RECORD CURRENCY MANAGEMENT LIMITED,01710736,active,ltd,,30-03-1983,30-03-1983,[66300],3 Sheldon Square London England W2 6HY
MCKENZIE'S DIGITAL ASSETS INVESTMENTS LIMITED,16752454,active,ltd,,30-09-2025,30-09-2025,[66300],Field View House 4 Fortune Close Newark United Kingdom NG22 0FG
QUIDROBO LTD,15341119,active,ltd,,10-12-2023,10-12-2023,"[62012,62020, 66300]",3 Millway Reigate England RH2 0RH
SAMUEL ASSET MANAGEMENT LTD,15182338,active,ltd,,02-10-2023,02-10-2023,"[62012, 66300]",Elms Farm Brinsea Bristol England BS49 5JL
ASTOLAT CAPITAL LTD,16636154,active,ltd,,07-08-2025,07-08-2025,[66300],2nd Floor Malta House London England W1J 0DP
PAYSHOURLY LTD,16641845,active,ltd,,11-08-2025,11-08-2025,"[64301, 66300]",85 Great Portland Street London England W1W 7LT
CLIMATE ASSET MANAGEMENT LIMITED,12840064,active,ltd,,26-08-2020,26-08-2020,[66300],43 Whitfield Street London United Kingdom W1T 4HD
HARRINGTON COOPER 2025 LTD,16662720,active,ltd,,20-08-2025,20-08-2025,"[64304, 66300]",The Royal Exchange London England EC3V 3DG
AUTOSSENTIAL LTD,15876382,active,ltd,,05-08-2024,05-08-2024,"[45200,45400,63110, 66300]",128 City Road London United Kingdom EC1V 2NX
SKF CREDIT OPPORTUNITIES LIMITED,16665108,active,ltd,,21-08-2025,21-08-2025,[66300],Station House Station Approach Leatherhead United Kingdom KT24 6QX
DIGINIAGLOBAL LIMITED,16664919,active,ltd,,21-08-2025,21-08-2025,"[58290,62020,64922, 66300]",14 Harrow Place London England E1 7DB
TREUHAND AG LIMITED,16661849,active,ltd,,20-08-2025,20-08-2025,"[64205,66300, 70229]",16 Stratton Street London England W1J 8LH
CAVORA CAPITAL LTD,16665389,active,ltd,,21-08-2025,21-08-2025,"[64201,64301,64304, 66300]",82a James Carter Road Mildenhall United Kingdom IP28 7DE
KORSAR&CO LIMITED,16666744,active,ltd,,22-08-2025,22-08-2025,"[66300,70221, 70229]",14 Walton Road London England E13 9BP
GRANT WRITING CONSULTANCY LTD,SC597999,active,ltd,,23-05-2018,23-05-2018,"[66300, 70229]",24 Canning Street Edinburgh Scotland EH3 8EG
A SOHAL INVESTMENTS LIMITED,16648481,active,ltd,,13-08-2025,13-08-2025,[66300],100 Canterbury Road West Bromwich England B71 2LF
GVL COMMODITY TRADING LTD,SC859011,active,ltd,,14-08-2025,14-08-2025,"[66120,66190,66300, 70221]",75 Heron View Motherwell Scotland ML1 2FL
SUNWAY MBU RE CAPITAL ADVISORS (UK) LIMITED,13654611,active,ltd,,30-09-2021,30-09-2021,[66300],C/O Csc Cls (Uk) Limited 5 Churchill Place London United Kingdom E14 5HU
SIGMA LAYER LTD,16657621,active,ltd,,18-08-2025,18-08-2025,"[66190,66220, 66300]",128 City Road London United Kingdom EC1V 2NX
PROGRESS NELSON LANE LTD,15020695,active,ltd,,22-07-2023,22-07-2023,[66300],3 Redthorne Grove Kenilworth England CV8 2EF
RUSTY VIKING INVEST LTD,16673309,active,ltd,,26-08-2025,26-08-2025,"[41100, 66300]",Carpenter Court 1 Maple Road Stockport United Kingdom SK7 2DH
AHG SEAFOOD LTD,16102094,active,ltd,,26-11-2024,26-11-2024,"[46510,46900,47910, 66300]",First Floor Office London United Kingdom W8 4LZ
FXCGO LIMITED,16672163,active,ltd,,26-08-2025,26-08-2025,"[64205,64301,64304, 66300]","2nd Floor College House Ruislip,  United Kingdom HA4 7AE"
PROPITEER PLANNING & DEVELOPMENT LIMITED,11203135,active,ltd,,13-02-2018,13-02-2018,"[66300, 68100]",84 South Croxted Road London United Kingdom SE21 8BD
LOTUS HOLDING INVESTMENT AND CAPITAL VENTURE LIMITED,16622768,active,ltd,,01-08-2025,01-08-2025,"[64205,64301,66110, 66300]",First Floor Office London United Kingdom W8 4LZ
SCULPTOR CAPITAL MANAGEMENT EUROPE LIMITED,03676366,active,ltd,,01-12-1998,01-12-1998,[66300],25 Baker Street London United Kingdom W1U 8EQ
BEYHEALTH CAPITAL LIMITED,16684553,active,ltd,,01-09-2025,01-09-2025,"[66300, 70229]",86-90 Paul Street London England EC2A 4NE
SPRINGFIELD SECURITIES LIMITED,10576814,active,ltd,,23-01-2017,23-01-2017,[66300],"Second Floor,  Kirkland House Harrow United Kingdom HA1 2AX"
DRICOPAX CAPITAL LIMITED,10323192,active,ltd,,10-08-2016,10-08-2016,[66300],7 Bell Yard London England WC2A 2JR
CRICCOIN LTD,16685344,active,ltd,,01-09-2025,01-09-2025,"[64205,66300,88100, 94200]",128 City Road London United Kingdom EC1V 2NX
M&D CLAIM LTD,10346349,active,ltd,,25-08-2016,25-08-2016,"[66210,66300, 77110]",95 Mortimer Street London England W1W 7GB
THE RICHARD GOLDBERG FOUNDATION,08572903,active,private-limited-guarant-nsc-limited-exemption,,17-06-2013,17-06-2013,[66300],2 Shadwell Park Court Leeds LS17 8TS
SULLINARS LTD,14330860,active,ltd,,01-09-2022,01-09-2022,"[66300, 73110]",167-169 Great Portland Street Great Portland Street London England W1W 5PF
FC AI LIMITED,16676316,active,ltd,,27-08-2025,27-08-2025,[66300],54 Welbeck Street London England W1G 9XS
TRADFI2DEFI LTD,16676343,active,ltd,,27-08-2025,27-08-2025,[66300],Hardy House Berkhamsted England HP4 1EF
CRYPTOGRAM.VIP LTD,16678558,active,ltd,,28-08-2025,28-08-2025,"[66190, 66300]",128 City Road London United Kingdom EC1V 2NX
ALBEMA CAPITAL LIMITED,16683683,active,ltd,,01-09-2025,01-09-2025,"[47300,64301,64306, 66300]",87 Ability Plaza Arbutus Street London England E8 4DT
SCALABLE CAPITAL LIMITED,09386303,active,ltd,,13-01-2015,13-01-2015,[66300],20 Red Lion Street London England WC1R 4PS
AMPLITUDE TOPCO LIMITED,16556499,active,ltd,,02-07-2025,02-07-2025,[66300],Unit B1 Kembrey Street Swindon England SN2 8UY
BOSTON PARTNERS (UK) LIMITED,09084372,active,ltd,,12-06-2014,12-06-2014,[66300],C/O Csc Cls (Uk) Limited 5 Churchill Place London United Kingdom E14 5HU
PC FOR RECONSTRUCTION AND DEVELOPMENT LTD,15537434,active,private-limited-guarant-nsc,,03-03-2024,03-03-2024,"[41100,42990,66300, 70229]",Suite 3.17 Universal Square Greater Manchester United Kingdom M12 6JH
GUIDE SERVICES LTD,13437088,active,ltd,,03-06-2021,03-06-2021,"[64999,66300, 69201]",2 Dingle Road Ashford England TW15 1HF
ROSCOMMON ANALYTICS UK LIMITED,13224309,active,ltd,,24-02-2021,24-02-2021,[66300],C/O Csc Cls (Uk) Limited 5 Churchill Place London United Kingdom E14 5HU
MACKEREL LTD,16603338,active,ltd,,24-07-2025,24-07-2025,"[64999,66300, 70229]",71-75 Shelton Street London United Kingdom WC2H 9JQ
CORINTHIA GLOBAL MANAGEMENT SERVICES LIMITED,16608520,active,ltd,,28-07-2025,28-07-2025,[66300],Sixth Floor London England W1G 0PW
ATLAS ASSETS GLOBAL LTD,14564466,active,ltd,,31-12-2022,31-12-2022,"[66300, 70221]",Office 13637 182-184 High Street North East Ham London England E6 2JA
NSS SOCIAL CARE HOLDINGS LTD,16585929,active,ltd,,16-07-2025,16-07-2025,[66300],Eagle House First Floor London United Kingdom W1F 9BQ
MOUNIR CAPITAL LTD,16585991,active,ltd,,16-07-2025,16-07-2025,"[66110, 66300]",71-75 Shelton Street London United Kingdom WC2H 9JQ
LAND BROTHERS LIMITED,16587283,active,ltd,,16-07-2025,16-07-2025,"[41100,66300, 68100]",720c Old Kent Road London United Kingdom SE15 1NG
OPSEAC CAPITAL LTD,16590756,active,ltd,,18-07-2025,18-07-2025,"[64209,64303, 66300]","Unit 3,  Office A,  1st Floor London England EC3R 8EE"
GREENROCK CRONUS CAPITAL PARTNERS (UK) LIMITED,16588888,active,ltd,,17-07-2025,17-07-2025,[66300],71-75 Shelton Street London United Kingdom WC2H 9JQ
YEALAND FUND SERVICES LIMITED,06923395,active,ltd,,03-06-2009,03-06-2009,[66300],"Fountain Suite B,  Lynch Wood Park Peterborough England PE2 6FZ"
EDT VENTURES LIMITED,16591180,active,ltd,,18-07-2025,18-07-2025,[66300],The Stables Alton England GU34 1HG
EDALE CAPITAL (SERVICES) LIMITED,07495917,active,ltd,,18-01-2011,18-01-2011,[66300],29 Farm Street London England W1J 5RL
OPERA GROUP (UK) LIMITED,16690806,active,ltd,,03-09-2025,03-09-2025,"[64999,66190, 66300]",727-729 High Road London England N12 0BP
MK LEGAL CONSULTANTS LTD,16424586,active,ltd,,01-05-2025,01-05-2025,"[66300,69102, 78200]",131 Middleton Boulevard Nottingham England NG8 1FW
STABLE ASSET MANAGEMENT LTD.,07471761,active,ltd,,16-12-2010,16-12-2010,[66300],C/O Csc Cls (Uk) Limited 5 Churchill Place London United Kingdom E14 5HU
STUDENT HOMES MANAGEMENT LIMITED,12504741,active,ltd,,09-03-2020,09-03-2020,[66300],Spitalfields London England E1 7LS
THE VENTURE HUB INNOVATION CENTER LIMITED,14908782,active,ltd,,01-06-2023,01-06-2023,"[64303,64999,66300, 82302]","Office Suite 29a,  3/F,  23 Wharf Street London England SE8 3GG"
BLUECLOUD CAPITAL LIMITED,08893496,active,ltd,,13-02-2014,13-02-2014,"[62012, 66300]",Kemp House London England EC1V 2NX
ASPIRITY PARTNERS HOLDINGS LIMITED,15842019,active,ltd,,16-07-2024,16-07-2024,[66300],6th Floor 25 Farringdon Street London United Kingdom EC4A 4AB
LANCASTER INVESTMENT SERVICES LTD,06350401,active,ltd,,22-08-2007,22-08-2007,[66300],Yalding House London England W1W 5QA
HEGEL CAPITAL LTD,16939221,active,ltd,,02-01-2026,02-01-2026,[66300],45 Circus Road London England NW8 9JH
MBLH OLD LTD,14487902,active,ltd,,16-11-2022,16-11-2022,[66300],13 Hallswelle Road 13 Hallswelle Road London England NW11 0DH
CFS CAPITAL LIMITED,16942012,active,ltd,,05-01-2026,05-01-2026,"[64205,64303, 66300]",71-75 Shelton Street London United Kingdom WC2H 9JQ
ENVIRONMENTAL FINANCE LIMITED,08195029,active,ltd,,29-08-2012,29-08-2012,"[64303,66300, 70229]","W106 Vox Studios,  1-45 Durham Street London England SE11 5JH"
SANDSTONE CAPITAL LIMITED,16944941,active,ltd,,06-01-2026,06-01-2026,[66300],128 City Road London United Kingdom EC1V 2NX
OLIVECESSORY LTD,13705733,active,ltd,,26-10-2021,26-10-2021,"[46480, 66300]",182-184 High Street North East Ham England E6 2JA
STERLING BLOCK LTD,16860107,active,ltd,,17-11-2025,17-11-2025,"[64205,66300,94120, 94200]",143 Westway London United Kingdom W12 0SD
DAVINCIH LIMITED,16860292,active,ltd,,17-11-2025,17-11-2025,"[58110,66300, 85520]",170 Porters Avenue Dagenham England RM8 2AE
INKABURU LIMITED,16861556,active,ltd,,17-11-2025,17-11-2025,"[66300, 70221]",5 Brayford Square London United Kingdom E1 0SG
PERSONAL DATA PROTECTION RIGHTS,15578224,active,private-limited-guarant-nsc-limited-exemption,,20-03-2024,20-03-2024,"[64921,66300,84120, 88100]",174 Cannon Street Road Cannon Street Road London England E1 2LH
NOBELINVES LTD,16911465,active,ltd,,15-12-2025,15-12-2025,"[66190,66300, 70221]",103 Alexander Road Birmingham England B27 6ES
JUNFENG LTD,16929424,active,ltd,,23-12-2025,23-12-2025,"[64991,66120, 66300]",Dalton House 60 Windsor Road London United Kingdom SW19 2RR
REALM INVESTMENT HOUSE UK LTD,16905598,active,ltd,,12-12-2025,12-12-2025,[66300],4th Floor 3 More London Riverside London United Kingdom SE1 2AQ
GREENOAK MANAGEMENT TRUST LIMITED,10220282,active,ltd,,08-06-2016,08-06-2016,[66300],"Charnwood Accountants The Point,  Granite Way Loughborough England LE12 7TZ"
QUAERO CAPITAL 2019 LIMITED,12326086,active,ltd,,21-11-2019,21-11-2019,[66300],5 Swallow Place London England W1B 2AF
GLOBAL SMART PROFESSIONAL SERVICE LTD,16751023,active,ltd,,29-09-2025,29-09-2025,"[63120,66220,66300, 70229]",27 Kingsgate Avenue London England N3 3DH
UR TRANZIT LTD,14588306,active,ltd,,12-01-2023,12-01-2023,"[27110,64301,66300, 78300]",4 Montpelier Street London England SW7 1EE
OCEANO APEX LTD,16950254,active,ltd,,08-01-2026,08-01-2026,"[62020,62090,64999, 66300]",20 Wenlock Road London England N1 7GU
CLANRICARDE SUSSEX CIC,16048702,active,private-limited-guarant-nsc,community-interest-company,29-10-2024,29-10-2024,"[66300,85520, 91030]","1,  The Old Manor House Eastbourne United Kingdom BN21 1HF"
LAMNID GROUP LTD,16953597,active,ltd,,09-01-2026,09-01-2026,"[64301,66210, 66300]",71-75 Shelton Street London United Kingdom WC2H 9JQ
BEECHBROOK UK SME CO-INVESTMENT II LIMITED,16945621,active,ltd,,06-01-2026,06-01-2026,[66300],93 Gloucester Place London England W1U 6JQ
FOCUS INDUSTRIAL TOPCO GP LIMITED,17079626,active,ltd,,09-03-2026,09-03-2026,[66300],C/O Uk Storage Consultancy Limited Wework London United Kingdom W6 7NL
GLANIMOORE LIMITED,13257833,active,ltd,,10-03-2021,10-03-2021,"[66300,68100, 68209]",Damson Cottage Beck Lane Malton England YO17 9SG
INVESTX LIMITED,16329499,active,ltd,,20-03-2025,20-03-2025,[66300],36 Beaconsfield Road London England SE3 7LZ
EVOLVE CONSULTING UK LIMITED,04387680,active,ltd,,05-03-2002,05-03-2002,"[66300,68320, 78109]",607 Corson House City Island Way London England E14 0TL
RWA VENTURES LTD,17079990,active,ltd,,09-03-2026,09-03-2026,[66300],128 City Road London United Kingdom EC1V 2NX
HB TITAN LIMITED,11377149,active,ltd,,23-05-2018,23-05-2018,[66300],Synergy House 4th Floor London England WC1B 5AA
FXCELITE LIMITED,17083353,active,ltd,,10-03-2026,10-03-2026,"[64205,64301,66220, 66300]",Suite10 Capital House London United Kingdom E8 1LL
GEMIAN CAPITAL MANAGEMENT LTD,17082047,active,ltd,,10-03-2026,10-03-2026,[66300],"2nd Floor College House Ruislip,  United Kingdom HA4 7AE"
FARBEACH HORIZON,17085118,active,private-unlimited,,11-03-2026,11-03-2026,"[66300, 70221]",100 Liverpool Street London EC2M 2AT
WALTER GURNEY & SON LIMITED,00262619,active,ltd,,11-02-1932,11-02-1932,[66300],1 Doolittle Yard Ampthill United Kingdom MK45 2NW
GLOB PAY UK LIMITED,17093160,active,ltd,,16-03-2026,16-03-2026,[66300],128 City Road London United Kingdom EC1V 2NX
GLOBAL1TRILLION%+G O LIMITED,SC713504,active,ltd,,28-10-2021,28-10-2021,"[64304,64306,66300, 80300]",SC713504 - COMPANIES HOUSE DEFAULT ADDRESS Edinburgh EH7 9HR
QUANTUMLEAP UK OPCO LTD,17103210,active,ltd,,19-03-2026,19-03-2026,"[62012,62020,66300, 70229]","Office 275 Qle,  Unit 5,  399-405 Oxford Street London United Kingdom W1C 2BU"
RATHLIN ASSET MANAGEMENT LIMITED,NI738894,active,ltd,,18-03-2026,18-03-2026,[66300],Apartment 3 Rockhaven Portstewart Northern Ireland BT55 7WE
GLOBAL1TRILLION%+H O LIMITED,SC713584,active,ltd,,29-10-2021,29-10-2021,"[64203,66300,70100, 80300]",SC713584 - COMPANIES HOUSE DEFAULT ADDRESS Edinburgh EH7 9HR
SAAM HOLDINGS LTD,SC615824,active,ltd,,10-12-2018,10-12-2018,"[64999,66300, 70221]",48 West George Street Glasgow Scotland G2 1BP
ELMWOOD WEALTH LIMITED,11179547,active,ltd,,31-01-2018,31-01-2018,[66300],"Suite H,  Hollies House Potters Bar England EN6 5BL"
PREMIER FUND MANAGERS LIMITED,02274227,active,ltd,,05-07-1988,05-07-1988,[66300],Paternoster House London England EC4M 8AB
HUMANITARIAN PROJECT LIMITED,17124334,active,ltd,,30-03-2026,30-03-2026,"[66120,66300,74909, 78300]",61 Bridge Street Kington United Kingdom HR5 3DJ
WEST KIRBY CORPORATION LTD.,17117381,active,ltd,,26-03-2026,26-03-2026,"[66300,68320, 98000]",122 Ennisdale Drive Wirral United Kingdom CH48 9UB
SINGAPORE GLOBAL INVESTMENT LTD,17121084,active,ltd,,27-03-2026,27-03-2026,"[64205,64209, 66300]",71-75 Shelton Street London United Kingdom WC2H 9JQ
JOLT WEALTH MANAGEMENT LIMITED,SC884279,active,ltd,,29-03-2026,29-03-2026,[66300],20 Ashfield Road Aberdeen Scotland AB15 9NQ
DIGITAL NOMADS FOR GOOD C.I.C.,14919081,active,private-limited-guarant-nsc,community-interest-company,06-06-2023,06-06-2023,"[66300, 88990]",15a 15a Cwmbach Road Aberdare Wales CF44 0NG
ELEFORCE LTD,17124067,active,ltd,,30-03-2026,30-03-2026,"[64205,66300,70221, 74909]",20 Wenlock Road London England N1 7GU
ASALION CAPITAL LIMITED,15856925,active,ltd,,24-07-2024,24-07-2024,[66300],5 Brayford Square Brayford Square London United Kingdom E1 0SG
ORMONDE ADVISORY LIMITED,12421418,active,ltd,,23-01-2020,23-01-2020,[66300],Unit 11 Aylsham Business Park Aylsham United Kingdom NR11 6FD
WOOLLEY PROJECT MANAGEMENT LIMITED,05301656,active,ltd,,01-12-2004,01-12-2004,[66300],Pilgrims Barn Green Road Stowmarket England IP14 3RA
IONA STAR WORLD MODEL DATA CUSTODY LIMITED,17173372,active,ltd,,22-04-2026,22-04-2026,[66300],13 Dirty Lane London England SE1 9PA
S.ELCOMPANY LTD,17173900,active,ltd,,22-04-2026,22-04-2026,[66300],71-75 Shelton Street London United Kingdom WC2H 9JQ
AZURITE CONSULTANCY LTD,14320950,active,ltd,,26-08-2022,26-08-2022,[66300],14320950 - COMPANIES HOUSE DEFAULT ADDRESS Cardiff CF14 8LH
GODSWILL FOUNDATION,15416540,active,private-limited-guarant-nsc-limited-exemption,,16-01-2024,16-01-2024,"[64205,64301,64304, 66300]",Adamson House Manchester England M20 2YY
MULMINSTER LIMITED,02039188,active,ltd,,21-07-1986,21-07-1986,[66300],Room 2 Ingram House Cheshunt England EN8 9XB
MBA INVESTMENT MANAGEMENT LTD,14404642,active,ltd,,07-10-2022,07-10-2022,"[64205, 66300]",14404642 - COMPANIES HOUSE DEFAULT ADDRESS Cardiff CF14 8LH
LAWESY LTD,17192215,active,ltd,,30-04-2026,30-04-2026,"[66300, 70221]",Unit 11 Purdeys Way Rochford United Kingdom SS4 1ND
MESSRS HOOLEY LTD,16976206,active,ltd,,20-01-2026,20-01-2026,[66300],Collacott Farm Chulmleigh England EX18 7RL
PEMBROKE UK INVESTMENT MANAGERS LIMITED,14925984,active,ltd,,09-06-2023,09-06-2023,[66300],223-231 Old Marylebone Road London England NW1 5QT
RAINEY DAYS LIMITED,14678444,active,ltd,,21-02-2023,21-02-2023,[66300],A4g Suite Nepicar House Wrotham Heath United Kingdom TN15 7RS
NGC WEALTH MANAGEMENT LIMITED,08295315,active,ltd,,15-11-2012,15-11-2012,[66300],"Unit 1,  Riverside Court Skellingthorpe Road Lincoln England LN1 5AB"
CMS BUCKLES LIMITED,17193876,active,ltd,,01-05-2026,01-05-2026,[66300],Unit 6 Penn Street Works Amersham England HP7 0FA
YEARS AS THE SONG LTD,14054361,active,ltd,,19-04-2022,19-04-2022,"[64304,66110, 66300]",14054361 - COMPANIES HOUSE DEFAULT ADDRESS Cardiff CF14 8LH
LINE AND LATITUDE LTD,SC887817,active,ltd,,28-04-2026,28-04-2026,[66300],Shennanton House Shennanton Newton Stewart United Kingdom DG8 0EG
DEMEISEN SERVICES LTD,17175569,active,ltd,,23-04-2026,23-04-2026,[66300],C/O Mcdermott Will & Schulte Uk Llp London United Kingdom SW1Y 6AF
KESHO COLLECTIVE C.I.C.,15815989,active,private-limited-guarant-nsc,community-interest-company,03-07-2024,03-07-2024,[66300],Unit 2-4 Protection House North Shields NE30 2RH
J SYNDICATE HOLDINGS LIMITED,16757390,active,ltd,,01-10-2025,01-10-2025,"[66300,70229, 78300]",98 Salisbury Road Cardiff Wales CF24 4AE
AB QUANTITATIVE INVESTMENTS LIMITED,12799086,active,ltd,,07-08-2020,07-08-2020,[66300],167-169 5th & 6th Floors London England W1W 5PF
ISOMER CAPITAL IV GP LIMITED,SC890620,active,ltd,,22-05-2026,22-05-2026,[66300],50 Lothian Road Edinburgh Scotland EH3 9WJ
SUPPORT SPORT CIC,13399710,active,private-limited-guarant-nsc,community-interest-company,14-05-2021,14-05-2021,"[66300, 93199]",7 Rhino Court Station View Stockport England SK7 5ER
M7 ASSET MANAGEMENT LIMITED,15253887,active,ltd,,01-11-2023,01-11-2023,"[64910,64999, 66300]",15253887 - COMPANIES HOUSE DEFAULT ADDRESS Cardiff CF14 8LH
LIONSGATE CAPITAL PARTNERS LTD,17232632,active,ltd,,20-05-2026,20-05-2026,[66300],71-75 Shelton Street London United Kingdom WC2H 9JQ
VINEYARD PARTNERSHIP LTD,17232246,active,ltd,,20-05-2026,20-05-2026,"[64301, 66300]",10 Bell Lane London United Kingdom TW1 3NU
KOI ADVISORY LTD,17105881,active,ltd,,20-03-2026,20-03-2026,"[66300,69201,70221, 70229]",71-75 Shelton Street London United Kingdom WC2H 9JQ
MAYNE CAPITAL (UK) LTD,09109717,active,ltd,,01-07-2014,01-07-2014,[66300],Office 1.15 - 22a St James's Square London 22a St James's Square London London United Kingdom SW1Y 4JH
LEOR CONSULTING LTD,13413451,active,ltd,,21-05-2021,21-05-2021,[66300],100 Cambridge Street London England SW1V 4QG
SURECASE TECHNOLOGIES LIMITED,11929666,active,ltd,,05-04-2019,05-04-2019,[66300],5 & 6 Manor Court Scarborough England YO11 3TU
DAFFODIL BLOOMS INVESTMENTS UNLIMITED,09268048,active,private-unlimited,,16-10-2014,16-10-2014,[66300],"C/O Kpmg Llp,  Manchester United Kingdom M2 3AE"
MONTERONE (UK) LIMITED,09132370,active,ltd,,15-07-2014,15-07-2014,[66300],Green Park House London United Kingdom W1J 8LQ
BLANCHE ASSET MANAGEMENT LIMITED,17132627,active,ltd,,01-04-2026,01-04-2026,"[64304, 66300]",258 Liverpool Road London England N1 1LG
TEARLACH LIMITED,09695750,active,ltd,,21-07-2015,21-07-2015,[66300],C/O Gateleys Plc Birmingham England B3 2HJ
"APTERRA UK MANAGEMENT CO., LIMITED",17202607,active,ltd,,,06-05-2026,[66300],2n Floor 107 Cheapside Greater London United Kingdom EC2V 6DN
STV SUPPORT LTD,16413789,active,ltd,,28-04-2025,28-04-2025,"[66300,74909,85600, 96090]",8b Kelvin House Crawley England RH10 9WE
ECENTRIX CAPITAL LTD,17206136,active,ltd,,08-05-2026,08-05-2026,"[64991,66110, 66300]",97 Mcleod Road London England SE2 0BW
LINK ITEN LIMITED,17208197,active,ltd,,08-05-2026,08-05-2026,"[66300, 93199]",Flat 124 Addison House Grove End Road London England NW8 9EJ
ASTA INVESTMENT ADVISORS LTD,12030569,active,ltd,,03-06-2019,03-06-2019,[66300],198 High Street Tonbridge England TN9 1BE
NSS VI EDUCATION 2 LTD,17249035,active,ltd,,29-05-2026,29-05-2026,[66300],"First Floor,  50 Marshall Street London United Kingdom W1F 9BQ"
BORDER TO COAST NORTH YORKSHIRE GP LIMITED,SC626606,active,ltd,,03-04-2019,03-04-2019,[66300],"C/O Addleshaw Goddard,  24 Edinburgh Scotland EH2 1AF"
BORDER TO COAST GLOBAL VALUE-ADD REAL ESTATE II GP LIMITED,SC880275,active,ltd,,25-02-2026,25-02-2026,[66300],"C/O Addleshaw Goddard,  24 Edinburgh Scotland EH2 1AF"
CAVENDISH PRIVATE INVESTMENT OFFICE LIMITED,12087167,active,ltd,,05-07-2019,05-07-2019,[66300],3 Sharrow Lane Sheffield England S11 8AE
OCTOPUS FULCRUM ENERGY TRANSITION HOLDINGS LIMITED,16106415,active,ltd,,28-11-2024,28-11-2024,[66300],4th Floor 140 Aldersgate Street London England EC1A 4HY
BORDER TO COAST GLOBAL CORE REAL ESTATE GP LIMITED,SC770547,active,ltd,,24-05-2023,24-05-2023,[66300],"C/O Addleshaw Goddard,  24 Edinburgh Scotland EH2 1AF"
BORDER TO COAST CAMBRIDGESHIRE GP LIMITED,SC886780,active,ltd,,17-04-2026,17-04-2026,[66300],"C/O Addleshaw Goddard,  24 Edinburgh Scotland EH2 1AF"
NSS VI NOMINEE LTD,17248981,active,ltd,,29-05-2026,29-05-2026,[66300],"First Floor,  50 Marshall Street London United Kingdom W1F 9BQ"
MANULIFE INVESTMENT MANAGEMENT (EUROPE) LIMITED,02831891,active,ltd,,30-06-1993,30-06-1993,[66300],4th Floor One Strand London England WC2N 5HR
BORDER TO COAST WARWICKSHIRE GP LIMITED,SC626609,active,ltd,,03-04-2019,03-04-2019,[66300],"C/O Addleshaw Goddard,  24 Edinburgh Scotland EH2 1AF"
LEMAR AUTISM AND ADHD HUB C.I.C.,17251499,active,private-limited-guarant-nsc,community-interest-company,01-06-2026,01-06-2026,[66300],Flat 16 Sheldon Court London England SW8 2BE
SUBLATA LTD,17156978,active,ltd,,14-04-2026,14-04-2026,"[64999,66190, 66300]",Tanglewood Hatmill Lane Tonbridge England TN12 7AE
EVRAMAN LTD,17244726,active,ltd,,27-05-2026,27-05-2026,"[66300, 70221]",15 Mepham Gardens Harrow England HA3 6QS
MAVEN SEIF EQUITY GP LIMITED,SC890961,active,ltd,,27-05-2026,27-05-2026,[66300],Kintyre House Glasgow Scotland G2 2LW
DG WEALTH LTD,17242698,active,ltd,,26-05-2026,26-05-2026,"[64205,66300, 70221]",483 Green Lanes London England N13 4BS
SPX INTERNATIONAL ASSET MANAGEMENT LTD.,09799467,active,ltd,,29-09-2015,29-09-2015,[66300],7th Floor York House London United Kingdom WC2B 6UJ
VERTIS CONSUMER GROWTH LIMITED,17212846,active,ltd,,12-05-2026,12-05-2026,[66300],9 Appold Street London England EC2A 2AP
TRADEFLOW CAPITAL MANAGEMENT LTD,13910421,active,ltd,,11-02-2022,11-02-2022,[66300],"Devonshire House,   Level 1 London England W1J 8AJ"
RONA VICTORIA DIXON-CALLISTE LTD,15220128,active,ltd,,18-10-2023,18-10-2023,[66300],32-34 Osier Way Osier Way London England E10 5SB
CIPHERBLOCK CAPITAL LTD,16382547,active,ltd,,11-04-2025,11-04-2025,"[62090,64991, 66300]",Flat 63 Galleon House Glengarnock Avenue London United Kingdom E14 3DL
BARNA PARTNERS LTD,14767695,active,ltd,,29-03-2023,29-03-2023,[66300],18-20 Kew Road Richmond Upon Thames England TW9 2NA
CIRCLE TRI-ANGLE TECHNOLOGY LIMITED,15616930,active,ltd,,04-04-2024,04-04-2024,"[62012,64205,66190, 66300]",85 Kinsey Road Smethwick England B66 4SL
SIGNAL LOAN MANAGEMENT OPPORTUNITIES LIMITED,17145191,active,ltd,,09-04-2026,09-04-2026,[66300],4th Floor 25 Golden Square London United Kingdom W1F 9LU
"LCL ASSOCIATES III (EUROPE) SCT GP, LIMITED",SC611971,active,ltd,,,26-10-2018,[66300],First Floor Edinburgh Scotland EH3 8RY
VALCIA ASSET MANAGEMENT (UK) LTD,17147089,active,ltd,,09-04-2026,09-04-2026,[66300],45 Albemarle Street London England W1S 4JL
AVOCA PARK HOLDINGS LIMITED,11930487,active,ltd,,08-04-2019,08-04-2019,[66300],1 London Road Ipswich United Kingdom IP1 2HA
REINDEER 1 LIMITED,17150160,active,ltd,,10-04-2026,10-04-2026,[66300],10 Fenchurch Avenue London United Kingdom EC3M 5AG
MIDDLE EAST FINANCIAL INVESTMENT LTD,SC770401,active,ltd,,23-05-2023,23-05-2023,"[66110,66220, 66300]",30 Blaeloch Drive Glasgow Scotland G45 9QQ
SOCOFIT CAPITAL LIMITED,17225428,active,ltd,,18-05-2026,18-05-2026,"[64205,66120,66190, 66300]",20 Wenlock Road London England N1 7GU
RISE CAPITAL ASSET MANAGEMENT LTD,17133728,active,ltd,,02-04-2026,02-04-2026,"[64999, 66300]",20 Wenlock Road London England N1 7GU
METAVISA FOUNDATION,14163016,active,private-limited-guarant-nsc-limited-exemption,,09-06-2022,09-06-2022,[66300],37 Croydon Road Beckenham United Kingdom BR3 4AB
DHJA LIMITED,14255366,active,ltd,,25-07-2022,25-07-2022,"[66300, 68209]",Riverside Congleton England CW12 1DY
CUBE'S HOLDING LTD,17219790,active,ltd,,14-05-2026,14-05-2026,"[64301, 66300]",128 City Road London United Kingdom EC1V 2NX
SINDBAD TRADE LTD,17229223,active,ltd,,19-05-2026,19-05-2026,[66300],152-154 Walm Lane London England NW2 4RU
CAPEL ASSET MANAGEMENT LIMITED,17191384,active,ltd,,30-04-2026,30-04-2026,[66300],20 North Audley Street London England W1K 6WE
SCGB LIMITED,15964247,active,ltd,,18-09-2024,18-09-2024,[66300],2nd Floor Woolgate Exchange London England EC2V 5HA
TESEO CONSULTING LTD,16304318,active,ltd,,10-03-2025,10-03-2025,"[64999,66300,70221, 70229]","2nd Floor,  159a Chase Side Enfield England EN2 0PW"
AJ EQUITY PARTNERS LTD,16311823,active,ltd,,12-03-2025,12-03-2025,"[64301,64303,64304, 66300]",16311823 - COMPANIES HOUSE DEFAULT ADDRESS Cardiff CF14 8LH
GDM WORKFORCE LTD,14236386,active,ltd,,15-07-2022,15-07-2022,"[66300,68320, 98000]",159b Mare Street London England E8 3RH
ER CAPITAL GROUP LTD,17276127,active,ltd,,17-06-2026,17-06-2026,"[64205,64302,66190, 66300]",71-75 Shelton Street London United Kingdom WC2H 9JQ
SUMERIAN CATALYTIC CAPITAL LIMITED,17270822,active,ltd,,09-06-2026,09-06-2026,[66300],Two Temple Place London United Kingdom WC2R 3BD
BAILLIE GIFFORD OVERSEAS LIMITED,SC084807,active,ltd,,29-09-1983,29-09-1983,[66300],3 Haymarket Square Edinburgh United Kingdom EH3 8RY
MITSUBISHI UFJ BAILLIE GIFFORD ASSET MANAGEMENT LIMITED,SC122044,active,ltd,,21-12-1989,21-12-1989,[66300],3 Haymarket Square Edinburgh United Kingdom EH3 8RY
LIVING PLANIT LTD,17266851,active,ltd,,08-06-2026,08-06-2026,"[64303, 66300]",2 Long Walk London England SE1 3NQ
ECOMMERCE CONSULTING PARTNERS LIMITED,11157380,active,ltd,,18-01-2018,18-01-2018,"[65202,66220, 66300]",18 Surrey Road Harrow England HA1 4NH
BROOKFIELD GLOBAL INVESTMENTS LTD,16479952,active,ltd,,28-05-2025,28-05-2025,[66300],Flat 9 6 Ennismore Gardens London United Kingdom SW7 1NL
PERPETUAL CAPITAL LTD,17264784,active,ltd,,05-06-2026,05-06-2026,"[66300, 77400]",128 City Road London United Kingdom EC1V 2NX
COOLABAH CAPITAL (UK) LTD,12714422,active,ltd,,02-07-2020,02-07-2020,[66300],1st Floor 10 Foster Lane London United Kingdom EC2V 6HR
FBP INVESTMENTS LTD,12996395,active,ltd,,04-11-2020,04-11-2020,[66300],"Future Business Partnership,  C/O Sustainable Workspaces,  The Riverside Building,  Belvedere Rd,  United Kingdom SE1 7PB"
GOLDCAPITAL INVESTMENTS LTD.,07107266,active,ltd,,17-12-2009,17-12-2009,"[64205,66110,66300, 82990]",27 Scott Gardens London England TW5 9JU
PADVINDER TWO LIMITED,17155815,active,ltd,,14-04-2026,14-04-2026,[66300],81 Faraday Road Wimbledon United Kingdom SW19 8PE
SR A AND A LIMITED,10481276,active,ltd,,16-11-2016,16-11-2016,[66300],1st Floor Office 5-7 Cambridge England CB5 8AF
QUARTERSTAFF CAPITAL LIMITED,17154028,active,ltd,,13-04-2026,13-04-2026,"[64303, 66300]",167-169 Great Portland Street London England W1W 5PF
BECKFORD CAPITAL LIMITED,16598025,active,ltd,,22-07-2025,22-07-2025,[66300],A4g Suite Nepicar House Wrotham Heath United Kingdom TN15 7RS
CIBUS PSB LIMITED,16373226,active,ltd,,08-04-2025,08-04-2025,"[64205, 66300]",4 Sloane Terrace London England SW1X 9DQ
DEBORAH BOWSER MANAGEMENT LIMITED,09589650,active,ltd,,13-05-2015,13-05-2015,[66300],10 Saxonia Boulevard Milton Keynes England MK10 7FQ
DECALIA UK LIMITED,17161401,active,ltd,,16-04-2026,16-04-2026,"[64303,64304,66110, 66300]",27 Old Gloucester Street London United Kingdom WC1N 3AX
IONA STAR WMD GENERAL PARTNER LIMITED,17153383,active,ltd,,13-04-2026,13-04-2026,[66300],13 Dirty Lane London England SE1 9PA
NDSE MANAGEMENT LIMITED,07396253,active,ltd,,04-10-2010,04-10-2010,[66300],"Flat B,  122 Camden Street London England NW1 0HY"
LAMONA & KIOMA GLOBAL LIMITED,17293419,active,ltd,,22-06-2026,22-06-2026,"[62020,66300, 70229]",501 Yatesbury Avenue Birmingham England B35 6PU
M & L CAPITAL MANAGEMENT LIMITED,04089418,active,ltd,,13-10-2000,13-10-2000,[66300],197 Kensington High Street London England W8 6BA
SEEDCAMP VII INVESTMENTS LTD,17283863,active,ltd,,18-06-2026,18-06-2026,[66300],12 Little Portland Street London United Kingdom W1W 8BJ
RAVERA CAPITAL LTD,17298204,active,ltd,,24-06-2026,24-06-2026,"[64991,64999, 66300]",First Floor Office London United Kingdom W8 4LZ
BING CAPITAL PARTNERS LTD,13589686,active,ltd,,27-08-2021,27-08-2021,"[66300, 70221]",Office 306 16 Upper Woburn Place London England WC1H 0AF
AMNN LIMITED,13997180,active,ltd,,23-03-2022,23-03-2022,[66300],5th Floor Ldn:W London England EC2V 7EE
GVI LIFT BIDCO LIMITED,17030556,active,ltd,,12-02-2026,12-02-2026,[66300],Oribtal 7 Orbital Way Staffordshire United Kingdom WS11 8XW
IPIF SPV1 LIMITED,17281870,active,ltd,,18-06-2026,18-06-2026,[66300],One London United Kingdom EC2R 5AA
ARCUS INVESTMENT LIMITED,03582673,active,ltd,,11-06-1998,11-06-1998,[66300],Highdown House Worthing United Kingdom BN99 3HH
MOYES INVESTMENTS INTERNATIONAL LTD,17292625,active,ltd,,21-06-2026,21-06-2026,[66300],The Colchester Centre Colchester England CO2 8JX
COLBY CAPITAL MANAGEMENT LIMITED,17294996,active,ltd,,22-06-2026,22-06-2026,[66300],46-54 High Street Ingatestone United Kingdom CM4 9DW
VALUE IS U LTD,15476648,active,private-limited-guarant-nsc,,09-02-2024,09-02-2024,"[64999,66300, 70221]",15476648 - COMPANIES HOUSE DEFAULT ADDRESS Cardiff CF14 8LH
SOCIETAL LIMITED,17345787,active,ltd,,17-07-2026,17-07-2026,[66300],Capital Tower 91 London United Kingdom SE1 8RT
107 MANAGEMENT LTD,14625939,active,ltd,,30-01-2023,30-01-2023,"[66300, 70221]",76 Bruford Road Wolverhampton England WV3 0BA
HAMILL LTD,14479438,active,ltd,,11-11-2022,11-11-2022,"[66300,70221,70229, 72110]",7 Bell Yard London England WC2A 2JR
MOLE (BIDCO) LIMITED,12763266,active,ltd,,23-07-2020,23-07-2020,[66300],Fifth Floor London England W1W 5PF
FUNDING HOUSE INVESTMENTS LTD,09082331,active,ltd,,11-06-2014,11-06-2014,[66300],"Springfield House Weybridge,  United Kingdom KT13 9LZ"
AQUILA CAPITAL INVEST UK LTD.,14398300,active,ltd,,04-10-2022,04-10-2022,[66300],30 Gresham Street London United Kingdom EC2V 7QP
OXCAM ARC GLOBAL ENTERPRISE LIMITED,17313953,active,ltd,,02-07-2026,02-07-2026,[66300],Salisbury House Cambridge United Kingdom CB1 2LA
GERMINAL INTERNATIONAL LTD,SC749999,active,ltd,,10-11-2022,10-11-2022,"[64999,66120, 66300]",142 Izatt Avenue Dunfermline Scotland KY11 3BB
HARPER LARK LIMITED,13651185,active,ltd,,29-09-2021,29-09-2021,[66300],"Eq,  4th Floor Bristol United Kingdom BS1 6AX"
MASRAF LONDON LTD,13400974,active,ltd,,16-05-2021,16-05-2021,[66300],98 Edith Grove London England SW10 0NH
VECTOR MARKETS LTD,16839611,active,ltd,,07-11-2025,07-11-2025,[66300],34 Oakbeer Orchard Exeter England EX5 7BL
FISCAL FINSERVE LIMITED,14928892,active,ltd,,12-06-2023,12-06-2023,"[66300,68310,70221, 82990]","Flat 5 Lowndes Court,  17 Manor Road Harrow England HA1 2NZ"
CITYSTONE ALLIANCE GROUP LTD,12169223,active,ltd,,22-08-2019,22-08-2019,"[66190,66300,69109, 70221]","4th Floor,  18 St. Cross Street London England EC1N 8UN"
JMU CONSULTANCY LTD,16491108,active,private-limited-guarant-nsc,,02-06-2025,02-06-2025,"[66300, 70229]",1 Chadville Gardens Romford United Kingdom RM6 5TX
THE REGENERATION GROUP LIMITED,09615832,active,ltd,,01-06-2015,01-06-2015,[66300],118 Piccadilly London W1J 7NW
VECTORS MARITIME LIMITED,11218836,active,ltd,,22-02-2018,22-02-2018,"[64303,64304,66120, 66300]",Devonshire Business Centre (A13) Letchworth Garden City England SG6 1GJ
PSL ASSET MANAGEMENT LIMITED,17235604,active,ltd,,21-05-2026,21-05-2026,[66300],7th Floor 50 Broadway London United Kingdom SW1H 0DB
COGENIO GROUP HOLDINGS LIMITED,11662826,active,ltd,,06-11-2018,06-11-2018,[66300],Fifth Floor London England W1W 5PF
ROBERTSHAW MOXHAM CAPITAL LTD,15837612,active,ltd,,15-07-2024,15-07-2024,"[66300,70229, 82990]","First Floor,  5 London United Kingdom EC4M 7RD"
ROBERTSHAW MOXHAM HOLDINGS LIMITED,15824822,active,ltd,,08-07-2024,08-07-2024,"[66300,70229, 82990]","First Floor,  5 London United Kingdom EC4M 7RD"
CHARIOT (TOPCO) LIMITED,14232501,active,ltd,,13-07-2022,13-07-2022,[66300],Fifth Floor London England W1W 5PF
CHARIOT (BIDCO) LIMITED,14234267,active,ltd,,14-07-2022,14-07-2022,[66300],Fifth Floor London England W1W 5PF
DUDOK GP2 LTD,15319284,active,ltd,,30-11-2023,30-11-2023,[66300],Fifth Floor London England W1W 5PF
CIBUS VITORIA LIMITED,17353251,active,ltd,,21-07-2026,21-07-2026,"[64205, 66300]",4 Sloane Terrace London England SW1X 9DQ
J.E.DEVEREUX LTD,SC454393,active,ltd,,12-07-2013,12-07-2013,"[45190,64304,66300, 68209]",1 Campview Edinburgh Scotland EH22 1QD
TRIIA LIMITED,16898473,active,ltd,,08-12-2025,08-12-2025,[66300],"Sustainable Ventures,  County Hall County Hall London England SE1 7PB"
VFX MARKETS LIMITED,17374464,active,ltd,,31-07-2026,31-07-2026,"[64304,66120,66220, 66300]",Suite10 Capital House London United Kingdom E8 1LL
TMFX PRO LTD,16749635,active,ltd,,29-09-2025,29-09-2025,"[66110, 66300]",16749635 - COMPANIES HOUSE DEFAULT ADDRESS Cardiff CF14 8LH
SPARK NORTHWEST GP LIMITED,07409511,active,ltd,,15-10-2010,15-10-2010,[66300],Apartment 14 14 Duke Street Liverpool England L1 5GB
FLOW FX LTD,16645935,active,ltd,,12-08-2025,12-08-2025,"[64205,64301,66110, 66300]",16645935 - COMPANIES HOUSE DEFAULT ADDRESS Cardiff CF14 8LH
REX VENTURE RESOURCES LIMITED,06079262,active,ltd,,02-02-2007,02-02-2007,"[66300, 68209]",Sovereign House Rochford England SS4 1AS
HAVILLAND ACTIVE VENTURES LIMITED,17070709,active,ltd,,04-03-2026,04-03-2026,"[66300, 70221]",37 Abenbury Way Wrexham Wales LL13 9FS
PLATINUM ASSET MANAGEMENT LIMITED,17345106,active,ltd,,17-07-2026,17-07-2026,"[64991,64999,66300, 70221]",27 Hill Street London United Kingdom W1J 5LP
NEALE FAMILY INVESTMENTS LIMITED,09525754,active,ltd,,02-04-2015,02-04-2015,[66300],7a Howick Place London England SW1P 1DZ
FX TECHNOLOGIES LTD,15468619,active,ltd,,05-02-2024,05-02-2024,"[64205,64991,66300, 82200]",15468619 - COMPANIES HOUSE DEFAULT ADDRESS Cardiff CF14 8LH
HARRINGTON CAPITAL LTD,13860931,active,ltd,,20-01-2022,20-01-2022,"[64999,66300, 68100]",167-169 Great Portland Street London England W1W 5PF
ZIPZAPDASH LTD,15051212,active,ltd,,05-08-2023,05-08-2023,"[66300, 82990]",23 Guidlford Grove London United Kingdom SE10 8JY
NO LABEL VENTURES ADVISER LIMITED,14177213,active,ltd,,16-06-2022,16-06-2022,"[66300, 70221]","Studio 5.01 332 Ladbroke Grove,  London London England W10 5AD"
VERITION ADVISORS (UK) II LTD,13022150,active,ltd,,15-11-2020,15-11-2020,[66300],Lucent London United Kingdom W1F 7BL
VERITION ADVISORS (UK) LTD,11745301,active,ltd,,31-12-2018,31-12-2018,[66300],Lucent London United Kingdom W1F 7BL
BLAISE (MIDCO) LIMITED,17381236,active,ltd,,04-08-2026,04-08-2026,[66300],167-169 Great Portland Street London United Kingdom W1W 5PF
PRELUDE ADVISERS UK LIMITED,16498819,active,ltd,,05-06-2025,05-06-2025,"[66300, 70229]","Suite G04 1 Quality Court,  Chancery Lane London England WC2A 1HR"
LUMARI ASSET MANAGEMENT LTD,16600009,active,ltd,,22-07-2025,22-07-2025,[66300],"Suite F1 Gemini Linford Wood Business Park,  Milton Keynes England MK14 6LQ"
KNAFF CORP LIMITED,16336219,active,ltd,,24-03-2025,24-03-2025,"[66300,68100,68209, 96090]",16336219 - COMPANIES HOUSE DEFAULT ADDRESS Cardiff CF14 8LH
RENG CAPITAL LIMITED,10615345,active,ltd,,13-02-2017,13-02-2017,"[66300, 70229]","3rd Floor,  Imperial House Bromley United Kingdom BR1 1SD"
FARLANE CAPITAL LIMITED,15567436,active,ltd,,16-03-2024,16-03-2024,[66300],Hornbeam House East Molesey England KT8 9HH
NEWBERRY WEALTH MANAGEMENT LIMITED,11584497,active,ltd,,24-09-2018,24-09-2018,[66300],418 Kedleston Road Derby England DE22 2TF
CUSTODIA GROUP LTD,17356142,active,ltd,,22-07-2026,22-07-2026,"[64205,64301,66300, 70221]",128 City Road London United Kingdom EC1V 2NX
ALTO PRIVATE CLIENTS LIMITED,07091239,active,ltd,,01-12-2009,01-12-2009,[66300],Building 2 Ground Floor Guildford England GU2 8XG
BLIXON CAPITAL SERVICES LTD,17364664,active,ltd,,27-07-2026,27-07-2026,[66300],27 Old Gloucester Street London United Kingdom WC1N 3AX
ODIN CAPITAL LIMITED,15009039,active,ltd,,18-07-2023,18-07-2023,[66300],Office 303 Longcroft House 2 - 8 Victoria Avenue London England EC2M 4NS
MONOGRAM CAPITAL MANAGEMENT LTD,11187498,active,ltd,,05-02-2018,05-02-2018,[66300],"Second Floor,  Noland House London United Kingdom W1F 8QB"
LYNKPAY LTD,13288967,active,ltd,,24-03-2021,24-03-2021,"[62012,62020,63120, 66300]",We Work Manchester M2 3DE
QMT MARKETS LTD,10766567,active,ltd,,11-05-2017,11-05-2017,"[63990, 66300]",27 Old Gloucester Street London United Kingdom WC1N 3AX
INNOWEALTH GROUP LIMITED,16075523,active,ltd,,12-11-2024,12-11-2024,"[64205,66300,70100, 70229]",KKVMS LLP London SE1 8EG
TREASURY PROPERTIES LIMITED,05720812,active,ltd,,24-02-2006,24-02-2006,[66300],167-169 Great Portland Street London England W1W 5PF
AUBREY CAPITAL MANAGEMENT LIMITED,SC299239,active,ltd,,20-03-2006,20-03-2006,[66300],37 Melville Street Edinburgh Scotland EH3 7JF
20 GRACECHURCH (GENERAL PARTNER) LIMITED,05835401,active,ltd,,02-06-2006,02-06-2006,[66300],C/O Aztec Financial Services (Uk) Limited Forum 4 Fareham England PO15 7AD
SAILWEALTH MANAGEMENT LIMITED,16354519,active,ltd,,31-03-2025,31-03-2025,"[64303,64999,66110, 66300]",KKVMS LLP London SE1 8EG
NORTH EAST FINANCE (HOLDCO) LIMITED,07000577,active,ltd,,25-08-2009,25-08-2009,[66300],"5th Floor,  West One Newcastle Upon Tyne England NE1 3PA"
THE NORTH EAST REGIONAL INVESTMENT FUND PARTNER LIMITED,05852259,active,private-limited-guarant-nsc,,20-06-2006,20-06-2006,[66300],"5th Floor,  West One Newcastle Upon Tyne England NE1 3PA"
NORTH EAST FINANCE (SUBCO) LIMITED,07039229,active,ltd,,13-10-2009,13-10-2009,[66300],"5th Floor,  West One Newcastle Upon Tyne England NE1 3PA"
THISTLE GILT LTD,16941559,active,ltd,,05-01-2026,05-01-2026,"[46342,62090,64999, 66300]",58 Bagleys Lane London England SW6 2BH
TSHIBCORP LTD,17303065,active,ltd,,26-06-2026,26-06-2026,"[41202,46420,66300, 90030]",128 City Road London United Kingdom EC1V 2NX
GEOMETRIC ADVISORS UK LIMITED,16537314,active,ltd,,24-06-2025,24-06-2025,[66300],The Pump House Winchester England SO23 9QG
WORKING CAPITAL ADVISORS (UK) LTD.,08840257,active,ltd,,10-01-2014,10-01-2014,[66300],International House London England SW7 4EF
ENHARDT GROUP HOLDINGS LTD,16543261,active,ltd,,26-06-2025,26-06-2025,"[66120,66300,68100, 68320]",26 Thoresby Drive Hereford England HR2 7RF
RESONANCE ASSET MANAGEMENT LIMITED,09028327,active,ltd,,07-05-2014,07-05-2014,[66300],Beaumont Bridge House London England EC4V 4EG
MATREX E-COMERECE LTD,15592817,active,ltd,,25-03-2024,25-03-2024,"[62012,64999,66300, 70221]",15592817 - COMPANIES HOUSE DEFAULT ADDRESS Cardiff CF14 8LH
SEGANTII CAPITAL MANAGEMENT (UK) LIMITED,08926874,active,ltd,,06-03-2014,06-03-2014,[66300],7th Floor York House London United Kingdom WC2B 6UJ
HUTCHINSON APAC LIMITED,17308643,active,ltd,,30-06-2026,30-06-2026,[66300],32a Lloyd Road London England E6 2HR
THEMA MANAGEMENT LTD,13994528,active,ltd,,22-03-2022,22-03-2022,[66300],843 Finchley Road London United Kingdom NW11 8NA
NMX GLOBAL LTD,16348473,active,ltd,,27-03-2025,27-03-2025,"[66300,68320,70221, 70229]",16348473 - COMPANIES HOUSE DEFAULT ADDRESS Cardiff CF14 8LH
DOUBLE BLACK PARTNERS LIMITED,16301406,active,ltd,,07-03-2025,07-03-2025,[66300],Centralis 25 Western Avenue Oxfordshire United Kingdom OX14 4SH
ELBOW BEACH CLIMATE IMPACT II GP LIMITED,16079388,active,ltd,,14-11-2024,14-11-2024,[66300],27-29 Union Street London United Kingdom SE1 1SD
YOUNIS ACCOUNTANCY SOLUTIONS LTD,08567442,active,ltd,,13-06-2013,13-06-2013,"[66300, 69201]",46 Aspley Park Drive Nottingham England NG8 3EG
JILAN AUTOMATION HUB LTD,16432087,active,ltd,,06-05-2025,06-05-2025,[66300],16432087 - COMPANIES HOUSE DEFAULT ADDRESS Cardiff CF14 8LH
FORTE WEALTH PARTNERS LIMITED,17181281,active,ltd,,27-04-2026,27-04-2026,[66300],55 Abbeygate Street Bury St Edmunds England IP33 1LB
MW BUSINESS DEVELOPMENT LIMITED,13423104,active,ltd,,26-05-2021,26-05-2021,[66300],3 Varnells Terrace Henley-On-Thames England RG9 6SA
DOMINIC MARCUS FINANCIAL CONSULTING LTD,10377960,active,ltd,,15-09-2016,15-09-2016,[66300],2a The Quadrant Epsom England KT17 4RH
CROWN & BENTLEY BUSINESS FINANCE LIMITED,14937452,active,ltd,,15-06-2023,15-06-2023,[66300],3 Royal Court London England EC3V 3LR
MAYAR CAPITAL LTD.,09487127,active,ltd,,12-03-2015,12-03-2015,[66300],"3rd Floor,  Unit 185 Exmouth House,  3-11 Pine Street London England EC1R 0JH"
"ALCHELYST UK, LTD",16621414,active,ltd,,,01-08-2025,[66300],27 Old Gloucester Street London United Kingdom WC1N 3AX
FRANE HOLDING LTD,16424135,active,ltd,,01-05-2025,01-05-2025,"[64301,66220, 66300]",16424135 - COMPANIES HOUSE DEFAULT ADDRESS Cardiff CF14 8LH
ASAYED LTD,17325115,active,ltd,,07-07-2026,07-07-2026,"[66300,70229,72200, 78300]",196 Edgware Road London England W2 2DS
NEXFOLIO CAPITAL LIMITED,17325254,active,ltd,,07-07-2026,07-07-2026,"[64301,64303,66110, 66300]",128 City Road London United Kingdom EC1V 2NX
LEANNE ENGLAND CAPITAL ACCOUNTING LIMITED,13643369,active,ltd,,25-09-2021,25-09-2021,[66300],Ribeck House Rowney Green Lane Birmingham England B48 7QP
TRUSTFX MARKETS LIMITED,17320025,active,ltd,,04-07-2026,04-07-2026,"[64205,64304,66120, 66300]",Suite10 Capital House London United Kingdom E8 1LL
RXI WEALTH LIMITED,09837214,active,ltd,,22-10-2015,22-10-2015,[66300],75 Grosvenor Street London England W1K 3JS
AV ADVISORS UK LIMITED,15132616,active,ltd,,12-09-2023,12-09-2023,[66300],Bourne Space Bournemouth England BH1 2EF
HANNINGTON CONSULTANTS LIMITED,08409837,active,ltd,,19-02-2013,19-02-2013,[66300],4th Floor 49 St. James's Street London United Kingdom SW1A 1AH
NJORD PARTNERS SMA-SEAL GP LIMITED,09116959,active,ltd,,04-07-2014,04-07-2014,[66300],10 Lower James Street London England W1F 9EL
NJORD PARTNERS FOUNDER CO LIMITED,09116978,active,ltd,,04-07-2014,04-07-2014,[66300],10 Lower James Street London England W1F 9EL
ECI 13 NOMINEES LIMITED,17338519,active,ltd,,14-07-2026,14-07-2026,[66300],80 Strand London United Kingdom WC2R 0DT
CATELLA APAM CAPITAL PARTNERS LIMITED,14836661,active,ltd,,01-05-2023,01-05-2023,[66300],"Upper Ground Floor,  Bridgewater House Manchester England M1 6LT"
TRADE BAZAAR GROUP LTD,16378786,active,ltd,,10-04-2025,10-04-2025,"[66120, 66300]",16378786 - COMPANIES HOUSE DEFAULT ADDRESS Cardiff CF14 8LH
ELBOW BEACH CLIMATE IMPACT NOMINEE LIMITED,16079576,active,ltd,,14-11-2024,14-11-2024,[66300],27-29 Union Street London England SE1 1SD
ELBOW BEACH VENTURES LIMITED,14878721,active,ltd,,18-05-2023,18-05-2023,[66300],27-29 Union Street London England SE1 1SD
AETNA INVESTMENTS LIMITED,15708480,active,ltd,,08-05-2024,08-05-2024,"[64205,64304,66110, 66300]",167-169 Great Portland Street London United Kingdom W1W 5PF
ALPEX F LIMITED,17259152,active,ltd,,03-06-2026,03-06-2026,"[64303,64304, 66300]",Bronze Building London England SE1 9HZ
OAKHURST TRADING LIMITED,17186768,active,ltd,,28-04-2026,28-04-2026,[66300],Oakhurst Saffron Walden England CB11 4RY
SWAPTRON LTD,17260034,active,ltd,,03-06-2026,03-06-2026,"[66300, 70221]",20 Farringdon Street London England EC4A 4AB
THROGMORTON ASSET MANAGEMENT LTD,17255120,active,ltd,,02-06-2026,02-06-2026,"[66190, 66300]",Wellesley House London England SE18 6SS
WELREX LTD,10996323,active,ltd,,04-10-2017,04-10-2017,"[63990, 66300]",10 Culford Gardens London England SW3 2ST
BORDER TO COAST WEST SUSSEX GP LIMITED,SC886949,active,ltd,,20-04-2026,20-04-2026,[66300],"C/O Addleshaw Goddard,  24 Edinburgh Scotland EH2 1AF"
AEQUITAS MANAGEMENT LTD,17331728,active,ltd,,10-07-2026,10-07-2026,"[64306,66300, 68320]",71-75 Shelton Street London United Kingdom WC2H 9JQ
ARJUN INFRASTRUCTURE PARTNERS II LIMITED,09429375,active,ltd,,09-02-2015,09-02-2015,[66300],"Aspect House,  Theale Lakes Business Park Reading England RG7 4GB"
BWELL ENTERPRISES LIMITED,12291209,active,ltd,,31-10-2019,31-10-2019,"[38110,38320,66300, 96040]",C/O Rpgcc London England EC3V 0BT
SINCHURU CIC,12512573,active,ltd,community-interest-company,11-03-2020,11-03-2020,"[64301,64304,65120, 66300]",Flat 2 Danesfield London England SE5 0AW
REBALANCE EARTH VENTURE LIMITED,15027947,active,ltd,,25-07-2023,25-07-2023,"[66300, 74909]",1 Fore Street Avenue London England EC2Y 9DT
VECTOR SPACE VENTURES LTD,17389796,active,ltd,,10-08-2026,10-08-2026,"[64303, 66300]",62 Lillie Road London England SW6 1TN
FIRST DIGITAL PAY LIMITED,15768042,active,ltd,,07-06-2024,07-06-2024,"[64303,64921,64999, 66300]",15768042 - COMPANIES HOUSE DEFAULT ADDRESS Cardiff CF14 8LH
NOSARA CAPITAL MANAGEMENT LIMITED,11523728,active,ltd,,17-08-2018,17-08-2018,"[64303, 66300]",80 Lansdowne Road London England W11 2LS
GOLDEN CHASE SAP LTD,16516229,active,ltd,,13-06-2025,13-06-2025,"[66110,66190, 66300]",16516229 - COMPANIES HOUSE DEFAULT ADDRESS Cardiff CF14 8LH
QUALITAS REALTY CAPITAL LTD.,11063149,active,ltd,,14-11-2017,14-11-2017,[66300],1 Red Place London United Kingdom W1K 6PL
CAPITAL DYNAMICS MMDVI UK LIMITED,17393774,active,ltd,,11-08-2026,11-08-2026,[66300],One Snowhill Birmingham England B4 6GB
CAVENDISH & CROWN MANAGEMENT LTD,16602131,active,ltd,,23-07-2025,23-07-2025,"[66300,70221, 70229]",7 King Edward Drive Grays United Kingdom RM16 2GG
SUNRISE PACT INTERNATIONAL EDUCATION AND INNOVATION ALLIANCE LTD,16443254,active,ltd,,12-05-2025,12-05-2025,"[64205,66190,66210, 66300]",16443254 - COMPANIES HOUSE DEFAULT ADDRESS Cardiff CF14 8LH
GOLDMINE GALAXY ASSET MANAGEMENT LTD,16629198,active,ltd,,05-08-2025,05-08-2025,"[47910, 66300]",31 Langham Gardens Wembley England HA0 3RG
CANDYFLOSS INVESTMENTS LTD,16114125,active,ltd,,02-12-2024,02-12-2024,"[66300,68100, 68209]",167 To 169 Great Portland Street London England W1W 5PF
DRUMNOR INVESTMENTS LIMITED,SC438886,active,ltd,,14-12-2012,14-12-2012,[66300],Royal Exchange Building 2nd Floor Dundee Scotland DD1 1DU
EDGEX SOLUTIONS LTD,16516010,active,ltd,,13-06-2025,13-06-2025,"[64192,65120, 66300]",16516010 - COMPANIES HOUSE DEFAULT ADDRESS Cardiff CF14 8LH
OPEN SEA CAPITAL LIMITED,15066431,active,ltd,,12-08-2023,12-08-2023,"[66300,69102, 99999]","Unit A,  82 James Carter Road Bury St. Edmunds England IP28 7DE"
VONIXFUSION LTD,17399326,active,ltd,,13-08-2026,13-08-2026,[66300],13 First Avenue London England W3 7JP
FRONTIER WAVE GLOBAL LEARNING AND INVESTMENT ALLIANCE LTD,16443350,active,ltd,,12-05-2025,12-05-2025,"[64205,66190,66210, 66300]",16443350 - COMPANIES HOUSE DEFAULT ADDRESS Cardiff CF14 8LH
FUTURE LONDON QAHC LIMITED,17395506,active,ltd,,12-08-2026,12-08-2026,[66300],Linea Fleet England GU51 2UZ
RAMDL,NI742893,active,private-unlimited,,12-08-2026,12-08-2026,"[66300, 68209]","Gmcg,  19 Alfred Street Belfast BT2 8EQ"
L-CUBED LTD,16784716,active,ltd,,14-10-2025,14-10-2025,[66300],10 Queen Street Place London United Kingdom EC4R 1AG
CETEX.ONLINE LTD,11130034,active,ltd,,02-01-2018,02-01-2018,"[64301,64303,66190, 66300]",10 Upper Bank Street London England E14 5GH
HSSB LTD,12960344,active,ltd,,19-10-2020,19-10-2020,[66300],37 Mill Farm Road Birmingham England B17 0QX
JSV CAPITAL LTD,12620470,active,ltd,,26-05-2020,26-05-2020,"[64999, 66300]",14 Bramalea Close London England N6 4QD
COLLINS & CO FINANCIAL PLANNING LTD,13565899,active,ltd,,13-08-2021,13-08-2021,[66300],5 Norwood Close Hinckley England LE10 1TS
DIF INFRA YIELD 1 UK LIMITED,06756556,active,ltd,,24-11-2008,24-11-2008,[66300],2.05 Clockwise Old Town Hall Bromley England BR1 3FE
ORO VENTURES LAB LIMITED,14106743,active,ltd,,13-05-2022,13-05-2022,"[64303,64304,64991, 66300]","Suite G04 1 Quality Court,  Chancery Lane London England WC2A 1HR"
RATHBONES INVESTMENT MANAGEMENT LIMITED,01448919,active,ltd,,17-09-1979,17-09-1979,[66300],Port Of Liverpool Building Liverpool L3 1NW
CARING4OURCARERS CIC,14823127,active,private-limited-guarant-nsc,community-interest-company,24-04-2023,24-04-2023,[66300],The Gate House Lyndhurst United Kingdom SO43 7DA
AZINI 3 (FP) LIMITED,SC463749,active,ltd,,14-11-2013,14-11-2013,[66300],50 Lothian Road Edinburgh EH3 9WJ
AVERE COMMODITIES UK LIMITED,15732479,active,ltd,,21-05-2024,21-05-2024,"[66300, 71200]",6th Floor 25 Farringdon Street London United Kingdom EC4A 4AB
RANGE CAPITAL LTD,04438043,active,ltd,,14-05-2002,14-05-2002,[66300],Harben House Harben Parade London NW3 6LH
LGPL NO.2 LIMITED,13136370,active,ltd,,15-01-2021,15-01-2021,[66300],One Coleman Street London United Kingdom EC2R 5AA
TPI FUND MANAGERS LIMITED,11393678,active,ltd,,01-06-2018,01-06-2018,[66300],Tesco House Shire Park Welwyn Garden City United Kingdom AL7 1GA
ALL WEATHERS LOTTERY CIC,13570149,active,private-limited-guarant-nsc,community-interest-company,17-08-2021,17-08-2021,[66300],10 Chancery Park Telford England TF2 9GP
SUPER STAR HOLDINGS LIMITED,14896742,active,ltd,,26-05-2023,26-05-2023,[66300],27 Old Gloucester Street London England WC1N 3AX
ELLON FINANCIAL SERVICES LTD,SC355449,active,ltd,,23-02-2009,23-02-2009,[66300],C/O Acumen House Peterhead Scotland AB42 1WN
FORESIGHT ENTERPRISE VCT PLC,03506579,active,plc,,03-02-1998,03-02-1998,[66300],The Shard London SE1 9SG
GAMBLIN INVESTMENTS LIMITED,06664656,active,ltd,,05-08-2008,05-08-2008,[66300],Beckwith Barn Warren Estate Writtle England CM1 3WT
CRAZY DIAMOND LTD.,14022099,active,ltd,,04-04-2022,04-04-2022,"[64999,66300, 70221]",128 City Road London United Kingdom EC1V 2NX
JUNAYD MUNIR ENTERPRISES LTD,10931904,active,ltd,,24-08-2017,24-08-2017,[66300],22c Alfred Street Birmingham United Kingdom B12 8JL
SKYGRID CAPITAL LTD,10316508,active,ltd,,08-08-2016,08-08-2016,"[64205,64209,64303, 66300]",71-75 Shelton Street London United Kingdom WC2H 9JQ
BNP PARIBAS ASSET MANAGEMENT UK LIMITED,02474627,active,ltd,,27-02-1990,27-02-1990,[66300],5 Aldermanbury Square London EC2V 7BP
BIG ISSUE INVEST LIMITED,04764982,active,ltd,,14-05-2003,14-05-2003,"[64929, 66300]",113-115 Fonthill Road London England N4 3HH
EDENTREE INVESTMENT MANAGEMENT LIMITED,02519319,active,ltd,,06-07-1990,06-07-1990,[66300],"Benefact House,  2000 Pioneer Avenue Gloucester United Kingdom GL3 4AW"
STENEO LTD,14858981,active,ltd,,10-05-2023,10-05-2023,"[62020,63110,64205, 66300]",71-75 Shelton Street London United Kingdom WC2H 9JQ
A.D.A. INVESTMENT MANAGEMENT LIMITED,01921585,active,ltd,,12-06-1985,12-06-1985,[66300],Aldra House Southport PR9 0PG
SAVINGS UK LTD,12368272,active,ltd,,17-12-2019,17-12-2019,"[64191,64301,64922, 66300]",40 Bank Street London England E14 5NR
AVIVA INVESTORS ENERGY CENTRES NO.1 GP LIMITED,08322963,active,ltd,,07-12-2012,07-12-2012,[66300],80 Fenchurch Street London United Kingdom EC3M 4AE
AVIVA INVESTORS INFRASTRUCTURE INCOME NO.6B LIMITED,11253798,active,ltd,,14-03-2018,14-03-2018,[66300],80 Fenchurch Street London United Kingdom EC3M 4AE
ACORN PORTFOLIO NO2 LIMITED,14848294,active,ltd,,05-05-2023,05-05-2023,[66300],29 York Street London United Kingdom W1H 1EZ
BIG ISSUE ACCESS LIMITED,10348835,active,ltd,,27-08-2016,27-08-2016,"[64929, 66300]",113-115 Fonthill Road London N4 3HH
AUREUS ASSET MANAGERS LIMITED,07439140,active,ltd,,15-11-2010,15-11-2010,[66300],Thames House Leigh-On-Sea England SS9 2QQ
LGIM REAL ASSETS (OPERATOR) LIMITED,05522016,active,ltd,,28-07-2005,28-07-2005,[66300],One Coleman Street null EC2R 5AA
AI SPECIAL PFI SPV LIMITED,08090755,active,ltd,,31-05-2012,31-05-2012,[66300],80 Fenchurch Street London United Kingdom EC3M 4AE
LIME PROPERTY FUND (GENERAL PARTNER) LIMITED,05118252,active,ltd,,04-05-2004,04-05-2004,[66300],80 Fenchurch Street London United Kingdom EC3M 4AE
CARSPHAIRN RENEWABLE ENERGY FUND LIMITED,SC359237,active,private-limited-guarant-nsc,,07-05-2009,07-05-2009,[66300],Knockgray Farm Castle Douglas Scotland DG7 3TF
ASAC INVESTMENTS LTD,08712731,active,ltd,,01-10-2013,01-10-2013,"[64209, 66300]",61 Bridge Street Kington United Kingdom HR5 3DJ
EQUITY HEDGE LIMITED,13993004,active,ltd,,21-03-2022,21-03-2022,"[64304,64922,64929, 66300]",4 Witney Way Boldon Colliery United Kingdom NE35 9PE
LAFWEYN LIMITED,12364002,active,ltd,,16-12-2019,16-12-2019,[66300],337 High Road Ilford England IG1 1TE
INFINITY PRIVE FX LTD,13957254,active,ltd,,05-03-2022,05-03-2022,[66300],63 Nutfield Road Merstham United Kingdom RH1 3ER
NAUTILUS ADVENTURES LTD,12677075,active,ltd,,17-06-2020,17-06-2020,[66300],"Flat 11,  Melville Court London United Kingdom SE8 5DR"
ATU INVESTMENTS LTD.,14197174,active,ltd,,27-06-2022,27-06-2022,[66300],81 Grotto Road South Shields United Kingdom NE34 7AQ
RECLAIM FUND LTD,07344884,active,ltd,,13-08-2010,13-08-2010,"[64999, 66300]",27 Old Gloucester Street London United Kingdom WC1N 3AX
CHURCHILL INVESTMENTS PLC,03125227,active,plc,,13-11-1995,13-11-1995,[66300],9 Woodborough Road Winscombe BS25 1AB
TETHYS ADVISORS LIMITED,03534108,active,ltd,,24-03-1998,24-03-1998,[66300],First Floor Office 3 Hornton Place London United Kingdom W8 4LZ
HAIDARIA INVESTMENT GROUP UK LIMITED,09607802,active,ltd,,26-05-2015,26-05-2015,[66300],2443 Coventry Road Birmingham B26 3PP
JOINT VENTURES (INVESTMENTS) LIMITED,04381821,active,ltd,,26-02-2002,26-02-2002,"[66300,68100,68209, 68320]",23 Canons Close Radlett WD7 7ER
DP SUPPORT SERVICES C.I.C.,07645482,active,ltd,community-interest-company,24-05-2011,24-05-2011,"[66300,78300,82110, 97000]",24 The Firlands Redcar TS11 7AE
"KWCP HOLDINGS UK, LTD.",11860833,active,ltd,,,05-03-2019,[66300],"Suite 1,  7th Floor 50 Broadway London United Kingdom SW1H 0BL"
ALPHAPLUS INVESTMENTS LTD,14136545,active,ltd,,27-05-2022,27-05-2022,"[64205,64301,66190, 66300]",100 Arundel Avenue Epsom England KT17 2RL
UNILEVER VENTURES LIMITED,04918638,active,ltd,,01-10-2003,01-10-2003,[66300],"C/O Tmf Group,  13th Floor London United Kingdom EC2R 7HJ"
PHILIP BINFIELD LIMITED,01015442,active,ltd,,23-06-1971,23-06-1971,[66300],Station Hse Berkhamsted HP4 2AA
TT INTERNATIONAL ASSET MANAGEMENT LTD,12093921,active,ltd,,09-07-2019,09-07-2019,[66300],62 Threadneedle Street London United Kingdom EC2R 8HP
PELICAN WEALTHORITY LTD,14170414,active,ltd,,14-06-2022,14-06-2022,"[64204,64304,64999, 66300]",128 City Road London United Kingdom EC1V 2NX
BOSTON SPA INVESTMENTS LIMITED,11906244,active,ltd,,26-03-2019,26-03-2019,[66300],"Unit C2,  Crimple Court Harrogate England HG2 8PB"
SKYBRIDGE INVESTMENTS LIMITED,10964756,active,ltd,,15-09-2017,15-09-2017,[66300],98 Godstone Road Kenley England CR8 5AB
NORVESTOR ADVISORY LTD,15753154,active,ltd,,31-05-2024,31-05-2024,[66300],16 Great Queen Street London United Kingdom WC2B 5AH
SEEFO CAPITAL MANAGEMENT LTD,13416920,active,ltd,,24-05-2021,24-05-2021,"[66300,68100, 82990]",42-44 Bishopsgate London England EC2N 4AH
DELFF MANAGEMENT LIMITED,04432678,active,ltd,,07-05-2002,07-05-2002,[66300],"1 Knightsbridge Green,  5th Floor,  Office 5.33 London United Kingdom SW1X 7QA"
CAM WEALTH GROUP LIMITED,05186703,active,ltd,,22-07-2004,22-07-2004,[66300],6th Floor The Plaza Liverpool England L3 9QJ
MUNDANE ASSET MANAGEMENT LIMITED,03259769,active,ltd,,07-10-1996,07-10-1996,[66300],51 St. Martin's Lane 3rd Floor London WC2N 4EA
FRISLA HOLDINGS LTD,13223570,active,ltd,,24-02-2021,24-02-2021,[66300],Windsor House Cheltenham United Kingdom GL50 3AT
KX ASSET MANAGEMENT LTD,14356017,active,ltd,,14-09-2022,14-09-2022,[66300],117 Viglen House Business Centre Wembley England HA0 1HD
LEVI CAPITAL INVESTMENTS LIMITED,10760384,active,ltd,,09-05-2017,09-05-2017,[66300],C/O Hillside Leigh-On-Sea United Kingdom SS9 2HA
GML GLOBAL LIMITED,15761248,active,ltd,,04-06-2024,04-06-2024,"[06100, 09100,51210, 66300]",6 Batley Close Mitcham England CR4 4AY
BLACKTHORN CAPITAL PARTNERS LTD,13420827,active,ltd,,26-05-2021,26-05-2021,[66300],128 City Road London England EC1V 2NX
EQUILIBRIUM INVESTMENTS NOMINEE LIMITED,09572883,active,ltd,,05-05-2015,05-05-2015,"[64204, 66300]",83 Kimbolton Road Rushden England NN10 8HL
THCP ADVISORY LIMITED,11397497,active,ltd,,05-06-2018,05-06-2018,[66300],25a Soho Square London England W1D 3QR
QUANTFLUENCE CAPITAL LIMITED,13554560,active,ltd,,09-08-2021,09-08-2021,[66300],23 Berkeley Square London England W1J 6HE
GQS CAPITAL LTD,11581320,active,ltd,,21-09-2018,21-09-2018,[66300],71-75 Shelton Street London United Kingdom WC2H 9JQ
MORGAN STANLEY INVESTMENT MANAGEMENT LIMITED,01981121,active,ltd,,22-01-1986,22-01-1986,[66300],Legal Department Canary Wharf E14 4QA
PENTECH CAPITAL LIMITED,SC219860,active,ltd,,05-06-2001,05-06-2001,[66300],19 Ormidale Terrace Edinburgh Scotland EH12 6DY
WORLD VENTURES LIMITED,13098421,active,ltd,,23-12-2020,23-12-2020,"[08990,64910,66120, 66300]",128 City Road London United Kingdom EC1V 2NX
SPARTAN SUISSE LTD,14127717,active,ltd,,24-05-2022,24-05-2022,"[64301,64304, 66300]",128 City Road London United Kingdom EC1V 2NX
ALPHA ACTIVE INVESTMENTS LIMITED,10202634,active,ltd,,27-05-2016,27-05-2016,"[66300,85590, 85600]",71 Winchester Street London SW1V 4NU
NORDIC FINANCE LTD,11459938,active,ltd,,11-07-2018,11-07-2018,"[41100,41201,64992, 66300]",Third Floor London England W1B 3HH
EQPB I (ENGLAND) LIMITED,10738140,active,ltd,,24-04-2017,24-04-2017,[66300],42 Berkeley Square London England W1J 5AW
EQPB I (SCOTLAND) LIMITED,SC564210,active,ltd,,25-04-2017,25-04-2017,[66300],50 Lothian Road Edinburgh EH3 9WJ
LUCEIRO CAPITAL MANAGEMENT LTD,12160096,active,ltd,,16-08-2019,16-08-2019,[66300],29 Commercial Wharf London United Kingdom E14 7HU
CAZADORES INVESTMENTS LTD,10181648,active,ltd,,16-05-2016,16-05-2016,[66300],Harben House Harben Parade London United Kingdom NW3 6LH
EAST ALPHA LTD,10782681,active,ltd,,22-05-2017,22-05-2017,[66300],"Tea Auction House,  Hay’S Galleria London England SE1 2HD"
ARTIFICIAL INTELLIGENCE WEALTH MANAGEMENT LIMITED,14305021,active,ltd,,18-08-2022,18-08-2022,[66300],71-75 Shelton Street London United Kingdom WC2H 9JQ
HELIX RESEARCH LTD,13510590,active,ltd,,14-07-2021,14-07-2021,"[66190,66300, 73200]",82a James Carter Road Mildenhall England IP28 7DE
"KNA-BND CORP U.K. ONE, LTD",14285654,active,ltd,,,09-08-2022,[66300],71-75 Shelton Street London United Kingdom WC2H 9JQ
MAXIM FUND MANAGEMENT LIMITED,03991541,active,ltd,,09-05-2000,09-05-2000,[66300],1 Highlever Road London W10 6PP
FRONTLINE FINANCE SOLUTIONS LIMITED,06878056,active,ltd,,15-04-2009,15-04-2009,[66300],272 Manchester Road Manchester England M43 6PW
EM IMPACT CAPITAL LTD,15078422,active,ltd,,17-08-2023,17-08-2023,[66300],"4th Floor,  Silverstream House 45 Fitzroy Street London United Kingdom W1T 6EB"
ANCHOR CAPITAL ASSET MANAGEMENT (UK) LIMITED,14072185,active,ltd,,27-04-2022,27-04-2022,[66300],727-729 High Road London England N12 0BP
FINSTOCK GAMES LIMITED,13395790,active,ltd,,14-05-2021,14-05-2021,[66300],Britannia House London England W6 0LH
ARGO CAPITAL MANAGEMENT LIMITED,04000274,active,ltd,,18-05-2000,18-05-2000,[66300],Second Floor London W1S 2RR
SUCCINCT TECHNOLOGY HOLDINGS LIMITED,10401878,active,ltd,,29-09-2016,29-09-2016,"[41100,65300, 66300]",4 Glasshouse Studios Fryern Court Road Fordingbridge England SP6 1QX
PEMBROKE NOMINEES LIMITED,02825462,active,ltd,,09-06-1993,09-06-1993,[66300],1 Pembroke Rd Bristol BS8 3AU
FSE IFS DEBT GP LIMITED,14874902,active,ltd,,17-05-2023,17-05-2023,[66300],First Floor Linea House Fleet England GU51 2UZ
CLOUDBREAK LTD,07654377,active,ltd,,01-06-2011,01-06-2011,"[66300, 70229]","C/O Gorrie Whitson Limited,  1st Floor,  Cromwell House London England WC1V 6HZ"
SCOT EDGE LIMITED,SC648412,active,ltd,,29-11-2019,29-11-2019,[66300],The Ca'D'Oro Glasgow Scotland G1 3PE
MOCTAR GUARANTY LTD,SC770339,active,ltd,,23-05-2023,23-05-2023,"[62090,64205,66190, 66300]","Office 122 3 Fitzroy Place,  1/1,  Sauchiehall Street Glasgow Central United Kingdom G3 7RH"
KENZ CAPITAL MANAGEMENT LIMITED,14801307,active,ltd,,14-04-2023,14-04-2023,[66300],"First Floor,  Flat 5 London United Kingdom SW5 9NP"
CLOWES WEALTH MANAGEMENT LIMITED,11366990,active,ltd,,17-05-2018,17-05-2018,[66300],1265 Century Way Thorpe Park England LS15 8ZB
COMET BUSINESS CONSULTING LTD,13386741,active,ltd,,11-05-2021,11-05-2021,"[66300,70229, 82990]","C/O Ida & Co Building 3,  Chiswick Business Park London United Kingdom W4 5YA"
WFIP LIMITED,14082488,active,ltd,,03-05-2022,03-05-2022,[66300],9 Elms Road Fleet England GU51 3EG
BEECHBROOK PRIVATE DEBT III GENERAL PARTNER LIMITED,SC535568,active,ltd,,17-05-2016,17-05-2016,[66300],50 Lothian Road Edinburgh Scotland EH3 9WJ
SIMPSON CAPITAL INVESTMENTS LIMITED,12237373,active,ltd,,01-10-2019,01-10-2019,[66300],"Unit 5,  Avenue Business Park Brockley Road Cambridge England CB23 4EY"
CBS COMPACT BUSINESS SOLUTIONS LTD.,09034683,active,ltd,,12-05-2014,12-05-2014,"[64301,66110, 66300]",Dept 302 43 Owston Road Doncaster DN6 8DA
HYPHA I (SCOTLAND) LTD,SC808329,active,ltd,,25-04-2024,25-04-2024,[66300],50 Lothian Road Edinburgh Scotland EH3 9WJ
HARDING FINANCIAL LTD,07641388,active,ltd,,20-05-2011,20-05-2011,"[66290, 66300]",The Estate Yard East Shalford Lane Guildford England GU4 8AE
5 ST PATRICK’S ROAD SOUTH LTD,15742575,active,private-limited-guarant-nsc,,25-05-2024,25-05-2024,[66300],41 Orchard Close Ware England SG12 8AH
BEARTENNIS VENTURES LIMITED,14734075,active,ltd,,16-03-2023,16-03-2023,[66300],Brook House Moss Grove West Midlands United Kingdom DY6 9HS
GEN II MANAGEMENT COMPANY (UK) LIMITED,05471541,active,ltd,,03-06-2005,03-06-2005,[66300],8 Sackville Street London England W1S 3DG
CSE CAPITAL LIMITED,09279009,active,ltd,,24-10-2014,24-10-2014,[66300],"1st Floor,  239 Kensington High Street London England W8 6SN"
KINKSILK LTD,14312045,active,ltd,,23-08-2022,23-08-2022,"[47190,62020,66300, 85600]",Flat 9 Beckenham Park Heights Lewisham SE6 3AL
SHORT TERM CAPITAL LTD,04926528,active,ltd,,09-10-2003,09-10-2003,[66300],6 Breen Close Chester CH3 9PN
ADAXIA CAPITAL PRIVATE EQUITY (GP) LIMITED,06258515,active,ltd,,24-05-2007,24-05-2007,[66300],Dawes Road Hub C/O Adaxia Capital Partners London United Kingdom SW6 7EN
BROADSWORD PRIVATE CAPITAL LIMITED,SC639812,active,ltd,,27-08-2019,27-08-2019,[66300],16 Polwarth Terrace Edinburgh United Kingdom EH11 1ND
FOUR OAKS WEALTH MANAGEMENT LTD,08652074,active,ltd,,15-08-2013,15-08-2013,[66300],"Quadrant Court,   44-45 Calthorpe Road Birmingham England B15 1TH"
CRIPTIUM LTD.,11342273,active,ltd,,02-05-2018,02-05-2018,"[62012,62020, 66300]",19 Westfield Welwyn Garden City England AL7 1QZ
IRONBARK INVESTMENT PARTNERS (UK) LTD,14137415,active,ltd,,27-05-2022,27-05-2022,[66300],1 Chamberlain Square Cs Birmingham United Kingdom B3 3AX
NS ASSET MANAGEMENT UK LTD,02946806,active,ltd,,08-07-1994,08-07-1994,[66300],25 Upper Brook Street London England W1K 7QD
O D ASSET MANAGEMENT LTD,11532647,active,ltd,,23-08-2018,23-08-2018,[66300],Wrinstone House Dinas Powys United Kingdom CF64 4HE
TREVARRIAN INVESTMENTS LIMITED,13906781,active,ltd,,10-02-2022,10-02-2022,[66300],29 York Street London England W1H 1EZ
WOOLACOMBE (BEACH ROAD) INVESTMENTS LIMITED,13860285,active,ltd,,20-01-2022,20-01-2022,[66300],29 York Street London England W1H 1EZ
WHITE LOTUS WEALTH LTD,09429224,active,ltd,,09-02-2015,09-02-2015,"[66220,66290, 66300]",8 Mills Way Brentwood England CM13 2QN
CONTINUUM (MARKETING) LTD,08670332,active,ltd,,30-08-2013,30-08-2013,[66300],Prydis Accounts Ltd Liskeard England PL14 6AF
MARCHO PARTNERS SERVICES (UK) LIMITED,11635910,active,ltd,,22-10-2018,22-10-2018,[66300],10 Queen Street Place London United Kingdom EC4R 1AG
ACORN GREEN SETTLEMENTS LIMITED,13400432,active,ltd,,16-05-2021,16-05-2021,[66300],29 York Street London England W1H 1EZ
WINDMILL HILL ASSET MANAGEMENT LIMITED,03382235,active,ltd,,05-06-1997,05-06-1997,[66300],Windmill Hill Silk Street Aylesbury England HP18 0JZ
ENDLESS PRIVATE CAPITAL LIMITED,14253381,active,ltd,,25-07-2022,25-07-2022,[66300],Ground Floor Leeds England LS1 2HL
BBC PENSION INVESTMENT LIMITED,10113986,active,ltd,,08-04-2016,08-04-2016,[66300],Broadcasting House London United Kingdom W1A 1AA
JOHN MARY INVESTMENTS LIMITED,11152745,active,ltd,,16-01-2018,16-01-2018,"[66300,68100, 70221]",1 The Forum Peterborough PE2 6FT
IGUANA INVESTMENTS LTD,11999777,active,ltd,,16-05-2019,16-05-2019,[66300],"8,  Hope Street Yard Cambridge England CB1 3NA"
CASTLEROCK WEALTH MANAGEMENT LIMITED,08931306,active,ltd,,10-03-2014,10-03-2014,[66300],26 High Street Rochester England ME1 1PT
RUNWAY INVESTMENTS LIMITED,01899020,active,ltd,,25-03-1985,25-03-1985,[66300],Green Lane Trading Estate York YO30 5PY
CROWDMINT LTD,10395079,active,ltd,,26-09-2016,26-09-2016,[66300],27 New Dover Road Canterbury United Kingdom CT1 3DN
CF GENERAL PARTNER LIMITED,12025521,active,ltd,,31-05-2019,31-05-2019,[66300],Desklodge House Bristol England BS1 6NL
GABELLI SECURITIES INTERNATIONAL UK LIMITED,07118844,active,ltd,,07-01-2010,07-01-2010,[66300],3 St James's Place London England SW1A 1NP
ANTIN INFRASTRUCTURE PARTNERS UK LIMITED,08492573,active,ltd,,17-04-2013,17-04-2013,[66300],14 St George Street London W1S 1FE
TECHSTART NI GP 3 LIMITED,SC479979,active,ltd,,12-06-2014,12-06-2014,[66300],C/O Cms Cameron Mckenna Naborro Olswang Llp Saltire Court Edinburgh Scotland EH1 2EN
SQUAREPOINT UK HOLDCO 1 LIMITED,09002384,active,ltd,,17-04-2014,17-04-2014,[66300],One Ropemaker Street London United Kingdom EC2Y 9AW
SOFTPOINT LICENCING LTD,04228348,active,ltd,,04-06-2001,04-06-2001,"[62011,62012, 66300]",Unit 5 Mosley Business Park Burton On Trent DE14 1DW
REDRESS SOLUTIONS PLC,09079980,active,plc,,10-06-2014,10-06-2014,[66300],Coopers' Hall London England EC2M 4TH
SQUAREPOINT UK HOLDCO 2 LIMITED,09002478,active,ltd,,17-04-2014,17-04-2014,[66300],One Ropemaker Street London United Kingdom EC2Y 9AW
DISCOVER AND INVEST LIMITED,06594332,active,ltd,,15-05-2008,15-05-2008,[66300],85 Great Portland Street London England W1W 7LT
INVESCO SOLUTIONS LTD,07788961,active,ltd,,27-09-2011,27-09-2011,[66300],Beckwith Barn Warren Estate Writtle England CM1 3WT
RSL64 INVESTMENTS,10829588,active,private-unlimited,,21-06-2017,21-06-2017,[66300],"C/O Wilson Partners Limited,  Tor Maidenhead England SL6 8BN"
WAYPARK NOMINEE 1 LIMITED,14355220,active,ltd,,14-09-2022,14-09-2022,[66300],17-19 Maddox Street London United Kingdom W1S 2QH
GAM SYSTEMATIC SERVICES LIMITED,10236511,active,ltd,,16-06-2016,16-06-2016,[66300],8 Finsbury Circus London England EC2M 7GB
ATMOSPHERE CAPITAL LIMITED,10588812,active,ltd,,29-01-2017,29-01-2017,[66300],252a Liverpool Road Liverpool Road London England N1 1LG
MAIA INVESTMENTS LIMITED,14186298,active,ltd,,21-06-2022,21-06-2022,[66300],"C/O Langtons 11th Floor,  The Plaza Liverpool United Kingdom L3 9QJ"
SMECKLEYWOOD MANAGEMENT LIMITED,09558093,active,ltd,,23-04-2015,23-04-2015,[66300],Beckwith Barn Warren Estate Chelmsford United Kingdom CM1 3WT
IP INVESTMENT MANAGEMENT (UK) LTD,14162118,active,ltd,,09-06-2022,09-06-2022,[66300],10 Orange Street Haymarket London United Kingdom WC2H 7DQ
BP WEALTH MANAGEMENT LIMITED,09381701,active,ltd,,09-01-2015,09-01-2015,[66300],Martletts Corner Church Street Horsham England RH12 3EX
EXPONENT PRIVATE EQUITY FOUNDER PARTNER GP LIMITED,05152983,active,ltd,,14-06-2004,14-06-2004,[66300],30 Broadwick Street London England W1F 8JB
FORADA LIMITED,10833901,active,ltd,,23-06-2017,23-06-2017,[66300],C/O Buzzacott Llp London United Kingdom EC2V 6DL
ROCKET BRIDGING LIMITED,11251456,active,ltd,,13-03-2018,13-03-2018,"[64922, 66300]",Park House Rochdale England OL16 1PJ
NFU MUTUAL INVESTMENT SERVICES LIMITED,01860029,active,ltd,,01-11-1984,01-11-1984,[66300],Tiddington Road Warwickshire CV37 7BJ
IMPAX ASSET MANAGEMENT LIMITED,03583839,active,ltd,,18-06-1998,18-06-1998,"[66300, 82990]",7th Floor 30 Panton Street London England SW1Y 4AJ
LAZULI CAPITAL LTD,12360411,active,ltd,,12-12-2019,12-12-2019,[66300],64 Banfield Road London United Kingdom SE15 3TX
BGF IRELAND GP LIMITED,10657192,active,ltd,,07-03-2017,07-03-2017,[66300],13-15 York Buildings London United Kingdom WC2N 6JU
BGF INVESTMENT MANAGEMENT LIMITED,10608481,active,ltd,,08-02-2017,08-02-2017,[66300],13-15 York Buildings London United Kingdom WC2N 6JU
BGF SMALLER COMPANIES IMPACT FUND LIMITED,13833699,active,ltd,,07-01-2022,07-01-2022,[66300],13-15 York Buildings London United Kingdom WC2N 6JU
BIOMEDICAL CONTRACTOR SOLUTIONS LTD,14389589,active,ltd,,30-09-2022,30-09-2022,"[66300,70221,71122, 74909]",128 City Road London United Kingdom EC1V 2NX
KAYMORE ENTERPRISE LTD,14138131,active,ltd,,27-05-2022,27-05-2022,[66300],31 Thornford Road London England SE13 6SG
EDMOND DE ROTHSCHILD ASSET MANAGEMENT (UK) LIMITED,02144903,active,ltd,,06-07-1987,06-07-1987,[66300],4 Carlton Gardens London SW1Y 5AA
1 ASSET MANAGEMENT LIMITED,08735219,active,ltd,,16-10-2013,16-10-2013,"[66300, 98000]",20-22 Wenlock Road London England N1 7GU
JOVAN INVESTMENTS LIMITED,10231725,active,ltd,,14-06-2016,14-06-2016,[66300],Fortune House Crabtree Office Village Egham United Kingdom TW20 8RY
CUBIS BRUTON INVESTMENTS LIMITED,11772223,active,ltd,,17-01-2019,17-01-2019,[66300],29 York Street London England W1H 1EZ
RS ISH ADVISORS LIMITED,13921972,active,ltd,,17-02-2022,17-02-2022,[66300],2 Foubert's Place London United Kingdom W1F 7PA
INFINITI CAPITAL PARTNERS LTD,08588046,active,ltd,,27-06-2013,27-06-2013,[66300],143 Eastfield Road Peterborough PE1 4AU
LUNDY INVESTORS LIMITED,10295668,active,ltd,,26-07-2016,26-07-2016,[66300],"First Floor,  The Old Barn Kings Lane Maidenhead England SL6 9AY"
SIGNET CAPITAL MANAGEMENT LIMITED,04644944,active,ltd,,22-01-2003,22-01-2003,[66300],27 Knightsbridge London United Kingdom SW1X 7LY
PACIFIC ALLIANCE CAPITAL LIMITED,14804877,active,ltd,,15-04-2023,15-04-2023,"[64209,64999,66110, 66300]",27 Old Gloucester Street London United Kingdom WC1N 3AX
GREGOR DAVIDSON WEALTH MANAGEMENT LTD,SC516310,active,ltd,,23-09-2015,23-09-2015,[66300],15 Melville Terrace Stirling Scotland FK8 2NE
AEROCOMP LIMITED,05246900,active,ltd,,30-09-2004,30-09-2004,[66300],10 Court Farm Mews Stonehouse United Kingdom GL10 3RA
PS SIPP HOLDINGS LIMITED,07208199,active,ltd,,30-03-2010,30-03-2010,[66300],11 Strand London WC2N 5HR
JENNINGS ADVISORY SERVICES LIMITED,13967686,active,ltd,,10-03-2022,10-03-2022,"[64301,66300,70221, 70229]",4 Glasshouse Studios Fryern Court Road Fordingbridge England SP6 1QX
JANUS HENDERSON INVESTORS INTERNATIONAL LIMITED,03594615,active,ltd,,06-07-1998,06-07-1998,[66300],201 Bishopsgate London England EC2M 3AE
GORE STREET JAPAN HOLDINGS LIMITED,15425240,active,ltd,,18-01-2024,18-01-2024,[66300],First Floor London United Kingdom W1W 8BP
VINPENTA INVESTMENTS LIMITED,07092506,active,ltd,,01-12-2009,01-12-2009,[66300],1 Shearers Drive Spalding PE11 3ZJ
CARLISLE ASSETS LIMITED,11564830,active,ltd,,12-09-2018,12-09-2018,"[66300, 70221]",637 High Road Ilford England IG3 8RA
COREMONT TREASURY SERVICES LIMITED,14343030,active,ltd,,07-09-2022,07-09-2022,[66300],60 Charlotte Street London England W1T 2NU
ELDA RIVER UK LIMITED,14881990,active,ltd,,19-05-2023,19-05-2023,[66300],"Suite 1,  7th Floor 50 Broadway London United Kingdom SW1H 0DB"
MARSHALL WACE ASSET MANAGEMENT LIMITED,03384699,active,ltd,,11-06-1997,11-06-1997,[66300],George House London SW1X 9AT
MVPQ CAPITAL LIMITED,11254305,active,ltd,,14-03-2018,14-03-2018,[66300],128 City Road London United Kingdom EC1V 2NX
BLACKOAK CAPITAL PARTNERS LIMITED,13435298,active,ltd,,02-06-2021,02-06-2021,[66300],City Place Chester United Kingdom CH1 3BQ
GHCM UK LIMITED,09536526,active,ltd,,10-04-2015,10-04-2015,[66300],C/O Buzzacott Llp London United Kingdom EC2V 6DL
WHITEBEARD INVESTMENTS LTD,15783930,active,ltd,,17-06-2024,17-06-2024,"[64303,64304, 66300]",71-75 Shelton Street London United Kingdom WC2H 9JQ
PRIMARY CAPITAL V (NOMINEES) LIMITED,12084097,active,ltd,,03-07-2019,03-07-2019,"[64205,64209, 66300]",Augustine House London United Kingdom EC2N 2HA
DEAL HOLDINGS LTD,10751215,active,ltd,,03-05-2017,03-05-2017,"[64301, 66300]",71-75 Shelton Street London England WC2H 9JQ
MARLBOROUGH NOMINEE LIMITED,10826027,active,ltd,,19-06-2017,19-06-2017,"[64999,66300, 82990]",Marlborough House Bolton United Kingdom BL1 4QP
FORESIGHT NF GP LIMITED,08571108,active,ltd,,17-06-2013,17-06-2013,[66300],C/O Foresight Group Llp The Shard London United Kingdom SE1 9SG
UK OM (LP2) (GP) LIMITED,06605594,active,ltd,,29-05-2008,29-05-2008,[66300],9th Floor 201 Bishopsgate London EC2M 3BN
GAD GULLY LTD,15771164,active,ltd,,11-06-2024,11-06-2024,[66300],"Number Ten,  Elm Court Stratford-Upon-Avon United Kingdom CV37 6PA"
HEARTHSTONE INVESTMENT MANAGEMENT LIMITED,09651253,active,ltd,,22-06-2015,22-06-2015,[66300],"Suite 2.06,  Bridge House 181 Queen Victoria Street London United Kingdom EC4V 4EG"
DEBIT TRADING LTD,13430125,active,ltd,,01-06-2021,01-06-2021,"[64301,64304,64306, 66300]",2 Floor Berkeley Square House London United Kingdom W1J 6BD
BGF UKEF 3 NOMINEES LIMITED,14831749,active,ltd,,27-04-2023,27-04-2023,[66300],13-15 York Buildings London United Kingdom WC2N 6JU
CRM INVESTMENTS LIMITED,SC579060,active,ltd,,16-10-2017,16-10-2017,[66300],Unit 5 Mayfield Industrial Estate Dalkeith Scotland EH22 4AD
BGF UKEF 2 NOMINEES LIMITED,13995643,active,ltd,,22-03-2022,22-03-2022,[66300],13-15 York Buildings London United Kingdom WC2N 6JU
COURTIERS INVESTMENT SERVICES LIMITED,01387954,active,ltd,,11-09-1978,11-09-1978,[66300],18 Hart Street Henley-On-Thames RG9 2AU
LVNSH LTD,14389270,active,ltd,,30-09-2022,30-09-2022,"[66300, 82990]",40 Stanley Avenue Beckenham United Kingdom BR3 6PX
LIMERSTON CAPITAL PARTNERS LIMITED,15610168,active,ltd,,02-04-2024,02-04-2024,[66300],12-18 Grosvenor Gardens London England SW1W 0DH
BGF UK ENTERPRISE FUND 1 NOMINEES LIMITED,12892127,active,ltd,,21-09-2020,21-09-2020,[66300],13-15 York Buildings London United Kingdom WC2N 6JU
LETTER A INVESTMENT LIMITED,12116732,active,ltd,,23-07-2019,23-07-2019,"[64303,66300,68310, 68320]",Westminster Tower Floor 7 London England SE1 7SP
PREMISS LIMITED,04229161,active,ltd,,05-06-2001,05-06-2001,[66300],Stockhull House Worcester WR6 5LZ
MORGAN STANLEY INVESTMENT MANAGEMENT (ACD) LIMITED,04250833,active,ltd,,12-07-2001,12-07-2001,[66300],25 Cabot Square London E14 4QA
DREAM ADVERTISING LTD,09507691,active,ltd,,25-03-2015,25-03-2015,"[62090,64999,66300, 73110]",71-75 Shelton Street London England WC2H 9JQ
AVODOT HERITAGE LIMITED,13499128,active,ltd,,07-07-2021,07-07-2021,"[41100,66300,68320, 71122]",Kemp House London England EC1V 2NX
STARLIGHT CONSORTIUM LTD,14216522,active,ltd,,05-07-2022,05-07-2022,[66300],Churchill House London England NW7 2BA
ZOUK CHARGING INFRASTRUCTURE INVESTMENT GENERAL PARTNER LIMITED,SC622770,active,ltd,,28-02-2019,28-02-2019,[66300],50 Lothian Road Edinburgh Scotland EH3 9WJ
SMART INVESTA HUB LTD,12757019,active,ltd,,20-07-2020,20-07-2020,"[66300,68100,68209, 82990]",Rutland House Leicester England LE1 5QQ
JAROART LTD,15845178,active,ltd,,17-07-2024,17-07-2024,"[66300,68100,74100, 90030]",34 The Market Square London England N9 0TZ
COLLIERS INVESTMENT MANAGEMENT ITALY HOLDINGS LTD,14228588,active,ltd,,12-07-2022,12-07-2022,[66300],95 Wigmore Street London England W1U 1FF
ALL SEAS CAPITAL PARTNERS LTD,11701908,active,ltd,,28-11-2018,28-11-2018,[66300],C/O Kroll Advisory Ltd London United Kingdom SE1 9SG
WELLTH IMPACT INVESTMENTS LIMITED,13825664,active,ltd,,04-01-2022,04-01-2022,"[64999, 66300]",15 Home Farm Luton United Kingdom LU1 3TD
GRAYSTONE CAPITALE LIMITED,13676672,active,ltd,,13-10-2021,13-10-2021,[66300],Seymour Chambers Liverpool England L3 5NW
HAWKSHEAD INVESTMENT LIMITED,11715042,active,ltd,,06-12-2018,06-12-2018,[66300],20-22 Wenlock Road London N1 7GU
REVOLVER OCELOT LIMITED,10172756,active,ltd,,10-05-2016,10-05-2016,"[66300, 68209]","C/O Pm+M Llp,  New Century House Greenbank Technology Park Blackburn United Kingdom BB1 5QB"
CLAYGATE TRUSTEES LIMITED,13695866,active,ltd,,21-10-2021,21-10-2021,[66300],Pattenden Lane Nr Tonbridge United Kingdom TN12 9QJ
ASSET INTELLIGENCE PORTFOLIO MANAGEMENT LTD,11955590,active,ltd,,20-04-2019,20-04-2019,[66300],340 Melton Road Leicester England LE4 7SL
HORIZON ASSET MANAGEMENT LTD,10990480,active,ltd,,02-10-2017,02-10-2017,"[64301,66110, 66300]",20-22 Wenlock Road London England N1 7GU
ROCKHILL FINANCIAL LTD,14145500,active,ltd,,01-06-2022,01-06-2022,"[64205,64999,66120, 66300]",128 City Road London United Kingdom EC1V 2NX
BAYHAM STREET FINANCIAL LIMITED,09328990,active,ltd,,26-11-2014,26-11-2014,[66300],21 Attlee Court Howard Road Stanmore England HA7 1FB
NIMROOD LTD,15865417,active,ltd,,30-07-2024,30-07-2024,[66300],"Medco,  Medco House,  Unit 1 Woking United Kingdom GU21 5LY"
"SPECTRUM EQUITY MANAGEMENT UK, LTD.",14493684,active,ltd,,,18-11-2022,[66300],"Suite 1,  7th Floor 50 Broadway London United Kingdom SW1H 0DB"
PROFIT INVESTMENT & HOLDING LIMITED,10413173,active,ltd,,06-10-2016,06-10-2016,"[66300,68320, 79909]",Suite A Bank House Egham United Kingdom TW20 0DF
OS-INTELLIGENCE PROPERTIES LTD,12221043,active,ltd,,23-09-2019,23-09-2019,"[64305,66300,68209, 68320]",50 Folkestone Road London United Kingdom E6 6AY
BOKA CAPITAL LTD,15838813,active,ltd,,15-07-2024,15-07-2024,[66300],Devonshire House London England W1J 8AJ
RESONANCE CW HOLDINGS LIMITED,SC667328,active,ltd,,13-07-2020,13-07-2020,[66300],13 Queen's Road Aberdeen United Kingdom AB15 4YL
D CLARKE MANAGEMENT LTD,11462762,active,ltd,,13-07-2018,13-07-2018,[66300],29 Ffordd Draenen Ddu Swansea SA3 5RP
"ACP MANAGEMENT PARTNERS, LTD",14403694,active,ltd,,,07-10-2022,[66300],7 Albemarle Street London England W1S 4HQ
COPPER STREET HOLDINGS LIMITED,09409140,active,ltd,,27-01-2015,27-01-2015,[66300],"Ground Floor,  East Wing,  7 London England W1J 5HG"
NEW MARK ADVISORS LIMITED,15353023,active,ltd,,15-12-2023,15-12-2023,[66300],One Mayfair Place London England W1J 8AJ
AW21 INVESTMENTS LIMITED,13340390,active,ltd,,16-04-2021,16-04-2021,[66300],53 Dyer Street Cirencester England GL7 2PP
VOYA INVESTMENT MANAGEMENT (UK) LIMITED,07713257,active,ltd,,21-07-2011,21-07-2011,[66300],6th Floor 35 King Street London EC2V 8EH
CAPITIS ADVISORS LTD,12712538,active,ltd,,02-07-2020,02-07-2020,"[66300,70221, 70229]","Hygeia Building,  Rear Ground Floor Harrow United Kingdom HA1 1BE"
LIFECOVER LIMITED,04472363,active,ltd,,28-06-2002,28-06-2002,[66300],1 Golden Court Richmond TW9 1EU
BASSO ASSOCIATES UK LIMITED,05195355,active,ltd,,02-08-2004,02-08-2004,[66300],"Suite 1,  7th Floor 50 Broadway London United Kingdom SW1H 0BL"
GTF INVESTMENT GROUP LIMITED,12048963,active,ltd,,13-06-2019,13-06-2019,"[66300,70221,74909, 82990]",27 Old Gloucester Street London United Kingdom WC1N 3AX
ARONTONE LIMITED,01372429,active,ltd,,08-06-1978,08-06-1978,"[64991, 66300]",40 Saint Marys Crescent Isleworth TW7 4NA
CAPINVEST (SECURITIES) LTD,11308699,active,ltd,,13-04-2018,13-04-2018,"[64929, 66300]",Chatsworth House Newquay England TR7 2AG
USS INVESTMENT MANAGEMENT LIMITED,03380864,active,ltd,,04-06-1997,04-06-1997,[66300],Royal Liver Building Merseyside L3 1PY
PLATINUM PURE CAPITAL LIMITED,07028208,active,ltd,,23-09-2009,23-09-2009,"[66120,66190, 66300]",236 Creighton Avenue London England N2 9BD
SHREWD FINANCE LTD,09155202,active,ltd,,31-07-2014,31-07-2014,[66300],9 Monarch Way Ely England CB7 4JP
COURTIERS PEP NOMINEE LIMITED,04859001,active,ltd,,07-08-2003,07-08-2003,[66300],18a Hart Street Oxfordshire RG9 2AU
AF NORTHANTS LTD,11603083,active,ltd,,03-10-2018,03-10-2018,[66300],"Ashby Fields Dental Centre,  5 Daventry United Kingdom NN11 0XY"
CHRYSALIS DEMENTIA CARE LTD,10918110,active,ltd,,16-08-2017,16-08-2017,[66300],Pyramid House London England N12 9RT
INTER REAL HOLDING LTD,15825074,active,ltd,,08-07-2024,08-07-2024,"[64301,64303,66300, 68100]",20 Wenlock Road London England N1 7GU
SERASA FINANCE LIMITED,10469162,active,ltd,,08-11-2016,08-11-2016,[66300],The Sir John Peace Building Experian Way Nottingham United Kingdom NG80 1ZZ
PG RHODIUM CAPITAL LTD.,13686773,active,ltd,,18-10-2021,18-10-2021,"[64204,64205,64209, 66300]",27 Old Gloucester Street London United Kingdom WC1N 3AX
SUNNY ASSET MANAGEMENT LIMITED,12157682,active,ltd,,15-08-2019,15-08-2019,[66300],"11th Floor,  The Mille Brentford United Kingdom TW8 9DW"
ALLTMORE LIMITED,SC621644,active,ltd,,19-02-2019,19-02-2019,[66300],Kincardine Lodge Boat Of Garten United Kingdom PH24 3BY
FULCRUM CAPITAL (EUROPE) LTD,13686051,active,ltd,,18-10-2021,18-10-2021,[66300],20 North Audley Street London England W1K 6LX
OMNI BRIDGEWAY (UK) LIMITED,11592223,active,ltd,,27-09-2018,27-09-2018,[66300],"Link House,   Level 2 London United Kingdom EC1M 6EJ"
HEADLEY CAPITAL LTD,11031174,active,ltd,,25-10-2017,25-10-2017,[66300],20-22 Wenlock Road London England N1 7GU
DKB WEALTH MANAGEMENT LIMITED,10026182,active,ltd,,25-02-2016,25-02-2016,[66300],124 City Road London England EC1V 2NX
BULLIVANT WEALTH MANAGEMENT LTD,12417273,active,ltd,,21-01-2020,21-01-2020,"[65110,65300, 66300]",92 Friern Gardens Wickford England SS12 0HD
LEN JOHNSON CAMPAIGN C.I.C.,15046866,active,private-limited-guarant-nsc,community-interest-company,03-08-2023,03-08-2023,"[66300, 85520]",60 Hollinwood Road Stockport England SK12 2EF
MARK LEACH ASSET MANAGEMENT LIMITED,09923645,active,ltd,,21-12-2015,21-12-2015,[66300],Black Country House Oldbury United Kingdom B69 2DG
PARAGON HUSTLE LTD,14748573,active,ltd,,22-03-2023,22-03-2023,[66300],4 Moorview Villas Shipley England BD18 1LH
BRINDLEY CAPITAL LTD,11486567,active,ltd,,27-07-2018,27-07-2018,"[64301,66300, 73200]",17 Constabulary Close West Drayton England UB7 7GE
ULTRAMARINE CAPITAL MANAGEMENT LIMITED,08618767,active,ltd,,22-07-2013,22-07-2013,[66300],18 Sycamore House 5 Langdon Park Teddington England TW11 9PE
RESONANCE CHW HOLDINGS LIMITED,SC677084,active,ltd,,08-10-2020,08-10-2020,[66300],13 Queen's Road Aberdeen United Kingdom AB15 4YL
BUIPE LTD,12082764,active,ltd,,03-07-2019,03-07-2019,[66300],1st Floor 135 Notting Hill Gate London England W11 3LB
INFORMED CHOICE (SOUTH WEST) LIMITED,01738451,active,ltd,,11-07-1983,11-07-1983,[66300],18 Church Farm Business Park Bath BA2 9AP
JANE BALLANTYNE LIMITED,SC295800,active,ltd,,19-01-2006,19-01-2006,[66300],21 Portland Road Kilmarnock Scotland KA1 2BT
CIBRA CAPITAL LTD,15189615,active,ltd,,05-10-2023,05-10-2023,[66300],37-38 Long Acre London United Kingdom WC2E 9JT
AVIVA INVESTORS INFRASTRUCTURE INCOME B LIMITED,12271111,active,ltd,,18-10-2019,18-10-2019,[66300],80 Fenchurch Street London United Kingdom EC3M 4AE
PIONEER BUSINESS DEVELOPMENT SOLUTIONS LTD,08755685,active,ltd,,31-10-2013,31-10-2013,[66300],Hollinwood Business Centre Oldham OL8 3QL
MILLADY LIMITED,13471123,active,ltd,,22-06-2021,22-06-2021,[66300],Webbs Farmhouse Pole Lane Witham United Kingdom CM8 1RD
ACCUR CAPITAL LTD,14221377,active,ltd,,07-07-2022,07-07-2022,[66300],"Unit A,  82 James Carter Road Mildenhall United Kingdom null"
CLEAR FUTURE WEALTH MANAGEMENT LIMITED,09074009,active,ltd,,06-06-2014,06-06-2014,[66300],59 Wostenholm Road Sheffield England S7 1LE
N CAPITAL LTD,13228001,active,ltd,,25-02-2021,25-02-2021,[66300],13228001 - COMPANIES HOUSE DEFAULT ADDRESS Cardiff CF14 8LH
BLOO MOON LIMITED,08818682,active,ltd,,18-12-2013,18-12-2013,[66300],57 New Walk Leicester LE1 7EA
ACHERON CAPITAL LIMITED,05588630,active,ltd,,11-10-2005,11-10-2005,[66300],"Suite 1,  7th Floor 50 Broadway London United Kingdom SW1H 0BL"
ADRIAN SMITH WEALTH MANAGEMENT LIMITED,09423185,active,ltd,,04-02-2015,04-02-2015,[66300],15 Olympic Court Boardmans Way Blackpool United Kingdom FY4 5GU
CAERULEAN,12033910,active,private-unlimited,,05-06-2019,05-06-2019,[66300],Arle House Bishops Sutton SO24 0AA
MARKET HARMONY LIMITED,03576881,active,ltd,,05-06-1998,05-06-1998,[66300],31 Main Street Bourne England PE10 0LL
ASPIRATIONS FINANCIAL ADVICE LTD,08252963,active,ltd,,15-10-2012,15-10-2012,"[65110,66290, 66300]","Ist Floor,  West Offices Willow Brook Centre Bristol England BS32 8BS"
AVOCET WEALTH PARTNERSHIP LTD,13074485,active,ltd,,10-12-2020,10-12-2020,"[66290, 66300]",55 The Parade Exmouth England EX8 1RD
SIBNER INVESTMENT MANAGEMENT LTD,15678009,active,ltd,,24-04-2024,24-04-2024,[66300],43 Kelvedon Road London United Kingdom SW6 5BP
RIVER AND MERCANTILE GROUP LIMITED,04035248,active,ltd,,17-07-2000,17-07-2000,[66300],30 Coleman Street London England EC2R 5AL
REVERA ASSET MANAGEMENT LIMITED,SC255433,active,ltd,,05-09-2003,05-09-2003,[66300],7 Castle Street Edinburgh Scotland EH2 3AH
CBA CAPITAL PARTNERS LTD,11862974,active,ltd,,05-03-2019,05-03-2019,"[66300,70221,70229, 74909]","95 Mortimer Street,  Suite 26 London United Kingdom W1W 7GB"
RFS INGLEBY LTD,12325224,active,ltd,,20-11-2019,20-11-2019,"[66300, 68209]",6a Davenham Avenue Northwood United Kingdom HA6 3HN
REALVALUE CAPITAL LTD,09264151,active,ltd,,15-10-2014,15-10-2014,[66300],34 Croydon Road Caterham England CR3 6QB
ASCENCIA INVESTMENT MANAGEMENT LIMITED,05010380,active,ltd,,08-01-2004,08-01-2004,[66300],Frenkel House 15 Carolina Way Manchester United Kingdom M50 2ZY
DBCN LIMITED,10234788,active,ltd,,16-06-2016,16-06-2016,[66300],"C/O Sobell Rhodes Llp The Kinetic Centre Elstree,  Borehamwood England WD6 4PJ"
FRIDAY 17 VENTURES LTD,14207558,active,ltd,,01-07-2022,01-07-2022,[66300],25a Soho Square London United Kingdom W1D 3QR
JENTA INVESTMENTS LIMITED,14958356,active,ltd,,24-06-2023,24-06-2023,[66300],Berkeley House Cobham England KT11 1JG
FINITY ASSET LIMITED,08303728,active,ltd,,22-11-2012,22-11-2012,[66300],9 Chester Place London NW1 4NB
HEDGEHOPE LIMITED,14170571,active,ltd,,14-06-2022,14-06-2022,[66300],Cairnfold House Northumberland United Kingdom NE71 6QT
FS FIRST SOLUTIONS LIMITED,08006945,active,ltd,,26-03-2012,26-03-2012,"[64999, 66300]",37th Floor 1 Canada Square London United Kingdom E14 5AA
HENGISTBURY SERVICE COMPANY LIMITED,07666201,active,ltd,,10-06-2011,10-06-2011,[66300],Floor 1 34 Brook Street London W1K 5DN
UTILITIES INVESTMENT RESEARCH LIMITED,03034260,active,ltd,,17-03-1995,17-03-1995,"[64999, 66300]",58 Southdean Gardens null SW19 6NU
REIGN CAPITAL LIMITED,12937913,active,ltd,,08-10-2020,08-10-2020,"[66300,70221, 70229]",1 Canada Square London E14 5AA
LORD NORTH STREET LIMITED,03664551,active,ltd,,10-11-1998,10-11-1998,[66300],Capital Tower London England SE1 8RT
MKC INVESTMENT MANAGEMENT LIMITED,13475203,active,ltd,,24-06-2021,24-06-2021,[66300],Walsingham House London United Kingdom EC3N 4AH
ATYPICAL PARTNER LTD,11391838,active,ltd,,31-05-2018,31-05-2018,[66300],25a Soho Square London England W1D 3QR
BRIGHT FUTURE FINANCIAL PLANNING LIMITED,09636105,active,ltd,,12-06-2015,12-06-2015,[66300],Highfield House Moor Lane Ilkley England LS29 6AS
HERCULE GROUP LTD,12354739,active,ltd,,09-12-2019,09-12-2019,[66300],Rapid Formations Limited 71-75 Shelton Street London England WC2H 9JQ
SRE PORTFOLIO MANAGEMENT LTD,14198371,active,ltd,,27-06-2022,27-06-2022,[66300],57 Berkeley Waye Hounslow United Kingdom TW5 9HJ
CANYON CAPITAL ADVISORS (EUROPE) LIMITED,05886261,active,ltd,,25-07-2006,25-07-2006,"[66120, 66300]","Suite 1,  7th Floor 50 Broadway London United Kingdom SW1H 0BL"
MADMAX INVESTMENTS LIMITED,12104645,active,ltd,,15-07-2019,15-07-2019,[66300],10 Haverstock Street London United Kingdom N1 8DL
HALF SKY CAPITAL (UK) LTD,10110398,active,ltd,,07-04-2016,07-04-2016,[66300],25 Ep 25 Eccleston Place London England SW1W 9NF
MOUNTROSS INVESTMENT MANAGEMENT LTD.,09805776,active,ltd,,02-10-2015,02-10-2015,[66300],46 Rosslyn Park Weybridge England KT13 9QZ
CC FTF (ENG) LTD,14228340,active,ltd,,12-07-2022,12-07-2022,[66300],148-150 Buckingham Palace Road London United Kingdom SW1W 9TR
OXX II (SCOTLAND) LIMITED,SC680856,active,ltd,,13-11-2020,13-11-2020,[66300],50 Lothian Road Edinburgh Scotland EH3 9WJ
AZZ INVESTINGS LIMITED,13607183,active,ltd,,07-09-2021,07-09-2021,"[45112,66300,68100, 68201]",16 Jefferson Street Stoke-On-Trent England ST6 5BG
SEGADA GP LIMITED,14242902,active,ltd,,19-07-2022,19-07-2022,[66300],Third Floor Exchange Tower London United Kingdom E14 9GE
SEGADA MINORITY INVESTORCO LIMITED,14274673,active,ltd,,03-08-2022,03-08-2022,[66300],Third Floor Exchange Tower London United Kingdom E14 9GE
SAJ CONSULTING SERVICES LTD,11562927,active,ltd,,11-09-2018,11-09-2018,"[66300, 74909]",60 Thistlewaite Road London United Kingdom E5 0QQ
MAVEN SWIF EQUITY GP LIMITED,SC772546,active,ltd,,13-06-2023,13-06-2023,[66300],Kintyre House Glasgow Scotland G2 2LW
IAN CROOK WEALTH MANAGEMENT LTD,07643546,active,ltd,,23-05-2011,23-05-2011,"[66290, 66300]",55 Parade Exmouth England EX8 1RD
PROMETHIUM ONE LTD,15778188,active,ltd,,14-06-2024,14-06-2024,[66300],"2nd Floor College House Ruislip,  United Kingdom HA4 7AE"
MKB FAMILY HOLDINGS LTD,09216450,active,ltd,,12-09-2014,12-09-2014,[66300],Scale Space London United Kingdom W12 7RZ
GLOBAL PARAMETRICS (GENERAL PARTNER) LIMITED,11086879,active,ltd,,28-11-2017,28-11-2017,[66300],1 Lime Street London England EC3M 7HA
GLOBAL PARAMETRICS LIMITED,10896407,active,ltd,,02-08-2017,02-08-2017,[66300],1 Lime Street London England EC3M 7HA
KM UK BUSINESS GROUP LTD,12679871,active,ltd,,18-06-2020,18-06-2020,[66300],Unit 14 Craycombe Farm Evesham Road Pershore England WR10 2QS
MANTEIO CAPITAL UK LIMITED,14980641,active,ltd,,04-07-2023,04-07-2023,[66300],10 Queen Street Place London United Kingdom EC4R 1AG
HIGHGATE CAPITAL INVESTMENTS LIMITED,12575182,active,ltd,,28-04-2020,28-04-2020,[66300],1 Kings Avenue London United Kingdom N21 3NA
COLLIERS INVESTMENT MANAGEMENT UK HOLDINGS LIMITED,13807197,active,ltd,,17-12-2021,17-12-2021,[66300],95 Wigmore Street London England W1U 1FF
PREMIER INVESTMENT CONSULTING LIMITED,13368355,active,ltd,,30-04-2021,30-04-2021,[66300],A M P House Croydon England CR0 2LX
AC OVERSEAS LIMITED,15820927,active,ltd,,05-07-2024,05-07-2024,[66300],8th Floor 100 Bishopsgate London England EC2N 4AG
REGENERATE ASSET MANAGEMENT LTD,11835374,active,ltd,,19-02-2019,19-02-2019,[66300],2nd Floor Marshalls Mill Leeds England LS11 9YJ
PLUTONIUM INVESTORS LTD,11208561,active,ltd,,15-02-2018,15-02-2018,[66300],The Orchard Coltman Avenue Aylesbury United Kingdom HP18 9DP
NASHVIEW LTD,13487843,active,ltd,,01-07-2021,01-07-2021,[66300],1st Floor 314 Regents Park Road London United Kingdom N3 2LT
VARDO VENTURES LTD,11176096,active,ltd,,29-01-2018,29-01-2018,[66300],Broughton Grounds House Newport Pagnell England MK16 0HZ
DURDLE DOOR CAPITAL LTD,15907768,active,ltd,,20-08-2024,20-08-2024,[66300],Unit 82a James Carter Road Bury St. Edmunds England IP28 7DE
LEGAL & GENERAL UK BTR INVESTMENT NOMINEE LIMITED,13199347,active,ltd,,12-02-2021,12-02-2021,[66300],One Coleman Street London United Kingdom EC2R 5AA
BESTPORT PRIVATE EQUITY LIMITED,11234307,active,ltd,,05-03-2018,05-03-2018,"[64303,64999,66190, 66300]",42 Upper Berkeley St London United Kingdom W1H 5QL
BIG ISSUE INVEST FUND MANAGEMENT LTD,08658029,active,ltd,,20-08-2013,20-08-2013,[66300],113-115 Fonthill Road London England N4 3HH
PELLUCID ASSOCIATES LTD,15097682,active,ltd,,25-08-2023,25-08-2023,"[64205,64991,66120, 66300]",128 City Road London United Kingdom EC1V 2NX
DAO ALPHA OMEGA PRODUCTIONS LTD,13729210,active,ltd,,08-11-2021,08-11-2021,"[59111,62011,66300, 74203]",128 City Road London United Kingdom EC1V 2NX
CATTLE DOG HOUSE LTD,08272677,active,ltd,,30-10-2012,30-10-2012,[66300],Broad Quay House Bristol BS1 4DJ
CASEYS HOLDINGS LIMITED,14527570,active,ltd,,07-12-2022,07-12-2022,[66300],24b Orgreave Crescent Sheffield England S13 9NQ
ENGENERA PROJECT 2 LIMITED,12344660,active,ltd,,02-12-2019,02-12-2019,[66300],4 Beech Ridge Harpenden United Kingdom AL5 3NJ
ENGENERA PROJECT 3 LIMITED,12344875,active,ltd,,02-12-2019,02-12-2019,[66300],4 Beech Ridge Harpenden United Kingdom AL5 3NJ
VIRIDE INVESTMENTS LTD,09184805,active,ltd,,21-08-2014,21-08-2014,[66300],36 Charles Ii Place London SW3 4NG
NEW MODEL VENTURE CAPITAL LIMITED,07723365,active,ltd,,01-08-2011,01-08-2011,[66300],2-4 Packhorse Road Gerrards Cross United Kingdom SL9 7QE
"HOXTON VENTURES IV, (ENG) LTD",15913800,active,ltd,,,23-08-2024,[66300],483 Green Lanes London United Kingdom N13 4BS
FORE SIERRA GP LIMITED,08186780,active,ltd,,21-08-2012,21-08-2012,[66300],"C/O Goringe Accountants Ltd,  Waterside,  1650 Arlington Business Park Reading United Kingdom RG7 4SA"
PELLUCID CAPITAL LTD,15092169,active,ltd,,23-08-2023,23-08-2023,"[64205,64991,66120, 66300]",128 City Road London United Kingdom EC1V 2NX
WESTCLIFF FINANCIAL MANAGEMENT LIMITED,05528924,active,ltd,,05-08-2005,05-08-2005,[66300],14 Miller Court Tewkesbury England GL20 8DN
DESIGN-INVEST LTD,12345480,active,ltd,,03-12-2019,03-12-2019,"[46900, 66300]",62 Gorseway Hatfield England AL10 9GS
CARLTON SQUARE CAPITAL LIMITED,11536143,active,ltd,,24-08-2018,24-08-2018,"[66300, 70221]","Devonshire House,  Level 1,  London United Kingdom W1J 8AJ"
THE WHITE ELEPHANT GROUP LTD,14502208,active,ltd,,23-11-2022,23-11-2022,"[64301,66300,68100, 70221]",27 Old Gloucester Street London United Kingdom WC1N 3AX
AYSTON CAPITAL LTD,08263394,active,ltd,,22-10-2012,22-10-2012,[66300],12 Bridewell Place London EC4V 6AP
BIRCHWOOD REAL ESTATE CAPITAL UK LIMITED,14499126,active,ltd,,22-11-2022,22-11-2022,[66300],17th Floor 52 Lime Street London United Kingdom EC3M 7AF
DFI CAPITAL ADVISORS LIMITED,12124544,active,ltd,,26-07-2019,26-07-2019,[66300],25 Berkeley Square 4th Floor London United Kingdom W1J 6HN
ROI ASSET MANAGEMENT LTD,13303016,active,ltd,,30-03-2021,30-03-2021,[66300],76 Onslow Gardens Wallington England SM6 9QQ
WATLING GRANGE HARROGATE GP LIMITED,13796265,active,ltd,,13-12-2021,13-12-2021,[66300],"C/O Aztec Financial Services (Uk) Limited Forum 4,  Solent Business Park Fareham United Kingdom PO15 7AD"
HUGHES HOUSE LIVERPOOL GP LIMITED,13165884,active,ltd,,28-01-2021,28-01-2021,[66300],"C/O Aztec Financial Services (Uk) Limited Forum 4,  Solent Business Park Fareham United Kingdom PO15 7AD"
SALT ROCK MANAGEMENT LIMITED,08338629,active,ltd,,20-12-2012,20-12-2012,[66300],21 Arlington Street London SW1A 1RN
FARO CAPITAL LIMITED,09610476,active,ltd,,27-05-2015,27-05-2015,[66300],39 Sloane Street London England SW1X 9LP
MML HOLDCO 7 LTD,11842850,active,ltd,,22-02-2019,22-02-2019,[66300],Orion House London WC2H 9EA
D R ASSET MANAGEMENT LTD,11554588,active,ltd,,05-09-2018,05-09-2018,[66300],Bryn Celyn Castle Hill Cowbridge United Kingdom CF71 7JB
Z-VISIONS INNOVATIONS & PROJECT DEVELOPMENT LTD,08090382,active,ltd,,31-05-2012,31-05-2012,"[64303,64306,66300, 70229]",71-75 Shelton Street London United Kingdom WC2H 9JQ
SOUTH EAST GROWTH FUND MANAGERS LIMITED,03963896,active,ltd,,30-03-2000,30-03-2000,[66300],The Coppers 24 Sudbury Road Burton Upon Trent England DE13 8NA
IMPERIAL MANAGEMENT CORPORATION LTD,15935537,active,ltd,,04-09-2024,04-09-2024,"[64999,66190, 66300]",16 Great Queen Street London United Kingdom WC2B 5AH
ST MARY'S PRIVATE WEALTH LIMITED,08948879,active,ltd,,19-03-2014,19-03-2014,[66300],"Wework,  30 Churchill Place London England E14 5RE"
THEA BARNES LEGACY FUND CIC,12080887,active,private-limited-guarant-nsc,community-interest-company,02-07-2019,02-07-2019,[66300],28 Benett Gardens London United Kingdom SW16 4QE
AXLEY PARTNERS LTD,15206436,active,ltd,,12-10-2023,12-10-2023,"[64209,66120, 66300]","Carrioca Business Park,  Sawley Road Manchester England M40 8BB"
LINLEY LIMITED,02154216,active,ltd,,11-08-1987,11-08-1987,[66300],86 Jermyn Street London England SW1Y 6JD
GOLDSTAR GROUP HEALTHCARE LIMITED,14269570,active,ltd,,02-08-2022,02-08-2022,"[66220,66290, 66300]",Nws House / 1e Purley United Kingdom CR8 2AF
DEVELOPMENT GUARANTEE GROUP LTD,13210209,active,ltd,,18-02-2021,18-02-2021,[66300],Oriel House Richmond TW9 1DL
CORSICA STREET LTD,13373684,active,ltd,,04-05-2021,04-05-2021,[66300],"1st Floor Cloister House,  Riverside Salford England M3 5FS"
HAVEN NOMINEES LIMITED,04288962,active,ltd,,18-09-2001,18-09-2001,[66300],23 King Street London SW1Y 6QY
UNITED INTERCONSULTING LIMITED,08029256,active,ltd,,13-04-2012,13-04-2012,"[64301,66300,70210, 70229]",85 Great Portland Street London England W1W 7LT
ANDY DEMI TRADING LTD,13593464,active,ltd,,31-08-2021,31-08-2021,"[66300, 68100]",6 Ridgeview Road London United Kingdom N20 0HJ
ATLANTIC FINANCIALS LTD,11359159,active,ltd,,14-05-2018,14-05-2018,"[64304,64999, 66300]","Level 1,  Devonshire House London United Kingdom W1J 8AJ"
MMC VENTURES LIMITED,03946009,active,ltd,,13-03-2000,13-03-2000,[66300],3rd Floor 24 High Holborn London United Kingdom WC1V 6AZ
THE THREE PUTZES INVESTMENT LIMITED,12529212,active,ltd,,20-03-2020,20-03-2020,[66300],2nd Floor Unicorn House Potters Bar United Kingdom EN6 1TL
GUINNESS VENTURES LIMITED,13861716,active,ltd,,20-01-2022,20-01-2022,[66300],18 Smith Square London United Kingdom SW1P 3HZ
P/E GLOBAL LTD,14551699,active,ltd,,20-12-2022,20-12-2022,[66300],Lakes End Leatherhead England KT22 0DJ
NEW AGE CONSULT (RESIDENTIAL) LIMITED,06103547,active,ltd,,14-02-2007,14-02-2007,"[63990,66300, 71111]",C/O Incorporate Online Ltd Suite 3 Newbury Park United Kingdom IG2 7HU
OGOLD PORTAL LTD,15945004,active,ltd,,09-09-2024,09-09-2024,"[64301, 66300]",71-75 Shelton Street London United Kingdom WC2H 9JQ
NICHE INVESTMENT MANAGEMENT LIMITED,14531833,active,ltd,,09-12-2022,09-12-2022,[66300],Paradigm House Lower Meadow Road Wilmslow United Kingdom SK9 3ND
ELYSIAN CAPITAL GP III (SCOTLAND) LIMITED,SC659650,active,ltd,,21-04-2020,21-04-2020,[66300],50 Lothian Road Edinburgh Scotland EH3 9WJ
CONNECT VENTURES THREE (ENGLAND) LIMITED,11768584,active,ltd,,15-01-2019,15-01-2019,[66300],4th Floor 89 Great Eastern Street London England EC2A 3HX
BLUEPEBBLE ASSET MANAGEMENT LIMITED,11041985,active,ltd,,01-11-2017,01-11-2017,[66300],Tolethorpe Grange Stamford United Kingdom PE9 4BH
RACEFIELDS LTD,06718275,active,ltd,,08-10-2008,08-10-2008,"[66190, 66300]",Highlands House Highlands Oldham England OL2 5HP
MENEXCEL LIMITED,07974625,active,ltd,,02-03-2012,02-03-2012,"[64209,64303,66300, 72190]",85a Creffield Road London W3 9PU
STEVEN TOWNSEND WEALTH MANAGEMENT LIMITED,11445469,active,ltd,,03-07-2018,03-07-2018,[66300],Victoria House Reading United Kingdom RG1 1TG
FASTNET CAPITAL LIMITED,04471527,active,ltd,,27-06-2002,27-06-2002,[66300],Acorn House London United Kingdom W3 6AY
SCHRODER INVESTMENT MANAGEMENT NORTH AMERICA LIMITED,02334190,active,ltd,,11-01-1989,11-01-1989,[66300],1 London Wall Place London England EC2Y 5AU
SEEK VENTURES (UK) LIMITED,11926336,active,ltd,,04-04-2019,04-04-2019,[66300],Shipgate House Chester England CH1 1RT
6K CAPITAL LTD,15882048,active,ltd,,06-08-2024,06-08-2024,"[66110,66120, 66300]",128 City Road London United Kingdom EC1V 2NX
STANLEY MANAGEMENT LIMITED,15887745,active,ltd,,09-08-2024,09-08-2024,[66300],"Streets Steele Stanway House,  Almondsbury Bristol United Kingdom BS32 4QH"
MIDVALE CAPITAL MANAGEMENT LTD,10841542,active,ltd,,29-06-2017,29-06-2017,[66300],Rear Of Friern Barnet England N11 3HT
HOLLYPORT MANAGEMENT LIMITED,SC306421,active,ltd,,07-08-2006,07-08-2006,[66300],50 Lothian Road Edinburgh Scotland EH3 9WJ
COLLINS COMMUNICATIONS LTD,12988610,active,ltd,,02-11-2020,02-11-2020,"[64205,64301, 66300]",71-75 Shelton Street London England WC2H 9JQ
LINKMOUNT GLOBAL NETWORK LTD,15892342,active,ltd,,12-08-2024,12-08-2024,"[64303,66300,84210, 96090]",124 City Road London United Kingdom EC1V 2NX
ARQUANT MANAGEMENT LIMITED,13034143,active,ltd,,20-11-2020,20-11-2020,"[66300, 82990]",167-169 Great Portland Street London England W1W 5PF
BUILT VENTURE CAPITAL LIMITED,11591402,active,ltd,,27-09-2018,27-09-2018,[66300],Port Salus Business Centre 3rd Floor Liverpool England L1 0AJ
GELLAW 301 LIMITED,11504470,active,ltd,,07-08-2018,07-08-2018,[66300],4 Firs Close Oswestry England SY11 3LT
WM AHSN SME GENERAL PARTNER LIMITED,09863813,active,ltd,,09-11-2015,09-11-2015,"[64303, 66300]",Forward House Henley-In-Arden United Kingdom B95 5AA
L E J INVESTMENTS LTD,13789109,active,ltd,,08-12-2021,08-12-2021,[66300],Gowran House 56 Broad Street Bristol United Kingdom BS37 6AG
ALPHA R2 LIMITED,10338379,active,ltd,,19-08-2016,19-08-2016,[66300],"4 Tawe Business Village,  Phoenix Way Swansea Wales SA7 9LA"
PEMBERTON ASSET MANAGEMENT SERVICES UK LIMITED,07228720,active,ltd,,20-04-2010,20-04-2010,[66300],5 Howick Place London England SW1P 1WG
ENTRUST GLOBAL LTD.,03535219,active,ltd,,26-03-1998,26-03-1998,[66300],30 Panton Street London England SW1Y 4AJ
CASHFLOW BRIDGE LIMITED,09527463,active,ltd,,07-04-2015,07-04-2015,[66300],The Manor Lodge Avenue Road Buckingham United Kingdom MK18 1QA
MARTIN C FRENETTE LTD,15073530,active,ltd,,15-08-2023,15-08-2023,[66300],6 Ambleside Road London England NW10 3UJ
O'CONNOR WEALTH MANAGEMENT LIMITED,05643785,active,ltd,,02-12-2005,02-12-2005,[66300],Unit 9 Brook Park Gaddesby Lane Leicester England LE7 4ZB
BARON CAPITAL MANAGEMENT UK LIMITED,12160343,active,ltd,,16-08-2019,16-08-2019,[66300],"Suite 1,  7th Floor 50 Broadway London United Kingdom SW1H 0BL"
HSU JV II GENERAL PARTNER LIMITED,12180755,active,ltd,,30-08-2019,30-08-2019,[66300],Becket House London United Kingdom SE1 7EU
SOURCE OF INSPIRATION LIMITED,02957266,active,ltd,,10-08-1994,10-08-1994,"[66300, 70229]",5 Hawley Drive Altrincham England WA15 0DP
5PLUS INT. TRADING LTD,10307417,active,ltd,,02-08-2016,02-08-2016,"[66110, 66300]",25 Grosvenor Road Wrexham Wales LL11 1BT
S&W ASSET MANAGEMENT LTD,13713570,active,ltd,,31-10-2021,31-10-2021,"[64306,66300,68320, 98000]",8 Jenny Nook Morecambe England LA3 2FQ
COMMONWEALTH GAMES (SCOTLAND) ENDOWMENT FUND,SC301214,active,private-limited-guarant-nsc-limited-exemption,,24-04-2006,24-04-2006,[66300],"Doges,  Templeton On The Green Glasgow G40 1DA"
SPECTRUM FIBRE MIDCO LIMITED,12875875,active,ltd,,13-09-2020,13-09-2020,[66300],Hodge House Cardiff Wales CF10 1DY
NSM FUNDS (UK) LIMITED,14807798,active,ltd,,17-04-2023,17-04-2023,[66300],46-48 James Street London England W1U 1EZ
AIM CUBE LIMITED,12293441,active,ltd,,01-11-2019,01-11-2019,[66300],138 Mill Lane Mill Lane London England NW6 1TG
SKEPPER FAMILY WEALTH MANAGEMENT LTD,12541335,active,ltd,,31-03-2020,31-03-2020,[66300],3 Brickfields Business Park Old Stowmarket Road Bury St Edmunds United Kingdom IP30 9QS
NOBLE CAPITAL MANAGEMENT LIMITED,11806443,active,ltd,,05-02-2019,05-02-2019,"[64204,64303,66220, 66300]",71-75 Shelton Street London England WC2H 9JQ
NE GROWTH (ERDF) CARRIED INTEREST PARTNER LIMITED,10660804,active,ltd,,09-03-2017,09-03-2017,[66300],"4 Enterprise House,  Kingsway Gateshead England NE11 0SR"
TRITON VENTURES LTD,14288862,active,ltd,,10-08-2022,10-08-2022,"[64304,64306,66300, 68100]",128 City Road London United Kingdom EC1V 2NX
NE SMALL LOAN (ERDF) GENERAL PARTNER LIMITED,10661218,active,ltd,,09-03-2017,09-03-2017,[66300],"4 Enterprise House,  Kingsway Gateshead England NE11 0SR"
GLOBAL ALPHA INVESTMENT LTD,14260916,active,ltd,,28-07-2022,28-07-2022,"[64929,64991, 66300]",Wedderburn House London England NW3 5QR
TENAX CAPITAL LIMITED,05193344,active,ltd,,30-07-2004,30-07-2004,[66300],Dominican House Pilgrim Street EC4V 6DE
OLD TOWN CHRISTIAN TRUST,08142700,active,private-limited-guarant-nsc-limited-exemption,,13-07-2012,13-07-2012,[66300],2 Great Grove Gloucester GL4 4QT
TITAN INVESTORS LIMITED,06362202,active,ltd,,05-09-2007,05-09-2007,[66300],10 Bloomsbury Way London United Kingdom WC1A 2SL
WAYPOINT HEALTH PROPERTY LIMITED,11534616,active,ltd,,23-08-2018,23-08-2018,"[66300, 68320]",17-19 Maddox Street London England W1S 2QH
BAYRIDGE INVESTMENTS LTD,15919487,active,ltd,,27-08-2024,27-08-2024,[66300],9 Greenriggs Avenue Newcastle Upon Tyne England NE3 5QH
DAIWA INTERNATIONAL CAPITAL PARTNERS LIMITED,12941001,active,ltd,,09-10-2020,09-10-2020,[66300],5 King William Street London United Kingdom EC4N 7DA
APG PI NO2 LIMITED,15093982,active,ltd,,24-08-2023,24-08-2023,[66300],29 York Street London United Kingdom W1H 1EZ
AVIVA INVESTORS INFRASTRUCTURE INCOME NO.6 LIMITED,10819386,active,ltd,,14-06-2017,14-06-2017,[66300],80 Fenchurch Street London United Kingdom EC3M 4AE
IQCP V A1 LIMITED,15886953,active,ltd,,08-08-2024,08-08-2024,[66300],45 Whitfield Street London England W1T 4HD
PHILIP J MILTON & COMPANY PLC,03233275,active,plc,,02-08-1996,02-08-1996,"[64205,64999, 66300]",Choweree House Barnstaple England EX31 1RP
LANCASTER COMMODITIES LIMITED,09708031,active,ltd,,29-07-2015,29-07-2015,[66300],17 Houblon Road Richmond United Kingdom TW10 6DB
PICTON ASSET MANAGEMENT LIMITED,12118555,active,ltd,,24-07-2019,24-07-2019,[66300],264 Banbury Road Oxford England OX2 7DY
CLEARANCE CAPITAL LIMITED,06760235,active,ltd,,27-11-2008,27-11-2008,"[64205, 66300]",3 Copthall Avenue London England EC2R 7BH
AVIVA INVESTORS INFRASTRUCTURE INCOME NO.8 LIMITED,11372449,active,ltd,,21-05-2018,21-05-2018,[66300],80 Fenchurch Street London United Kingdom EC3M 4AE
INVESTINDUSTRIAL MANAGEMENT LIMITED,08484360,active,ltd,,11-04-2013,11-04-2013,[66300],First Floor London United Kingdom SW3 1AF
RHU GROUP LIMITED,12993283,active,ltd,,03-11-2020,03-11-2020,[66300],32 Station Road Gillingham England ME8 7PH
INFRONTIER LIMITED,08505161,active,ltd,,25-04-2013,25-04-2013,[66300],4 St. Paul's Churchyard London England EC4M 8AY
L&G AFFORDABLE HOUSING NORTHERN GP LIMITED,15897590,active,ltd,,14-08-2024,14-08-2024,[66300],One London United Kingdom EC2R 5AA
L&G AFFORDABLE HOUSING ACCESS GP LIMITED,15897574,active,ltd,,14-08-2024,14-08-2024,[66300],One London United Kingdom EC2R 5AA
GRESHAM HOUSE TIMBERLAND GENERAL PARTNER LIMITED,09461251,active,ltd,,26-02-2015,26-02-2015,[66300],5 New Street Square London England EC4A 3TW
SPRING CAPITAL PARTNERS LIMITED,06310222,active,ltd,,11-07-2007,11-07-2007,"[64302, 66300]",Basildon House London England EC2R 6AF
AITI HOLDINGS LIMITED,03949333,active,ltd,,16-03-2000,16-03-2000,"[66300,70221, 70229]",5th Floor 22 Eastcheap London England EC3M 1EU
RAVENSCOURT CONSULTANTS LIMITED,00736580,active,ltd,,28-09-1962,28-09-1962,[66300],58 Suite 8 London United Kingdom NW8 6AG
SORBIETREES UNDERWRITING LIMITED,04521649,active,ltd,,29-08-2002,29-08-2002,"[65120,65202,65300, 66300]",5th Floor 40 Gracechurch Street London England EC3V 0BT
ALEX HAMMOND-CHAMBERS & COMPANY,SC126819,active,private-unlimited,,21-08-1990,21-08-1990,[66300],6 Logie Mill Edinburgh EH7 4HG
TYLER INVESTMENT MANAGEMENT LIMITED,12830764,active,ltd,,21-08-2020,21-08-2020,[66300],24 King William Street London England EC4R 9AT
HARVEST INTERNATIONAL LIMITED,04642371,active,ltd,,20-01-2003,20-01-2003,[66300],"414 Blackpool Road,  Ashton Lancs PR2 2DX"
OMERS EUROPE LIMITED,13261072,active,ltd,,11-03-2021,11-03-2021,[66300],"29th Floor,  The Leadenhall Building London United Kingdom EC3V 4AB"
JAMJAR B LTD,13241809,active,ltd,,03-03-2021,03-03-2021,[66300],"The Jam Pot,  Phoenix Brewery London England W10 6SZ"
BARNES FINANCIAL LIMITED,11282582,active,ltd,,29-03-2018,29-03-2018,[66300],2b Devonshire Road Westhill House Bexleyheath England DA6 8DS
BLACK RIVER CAPITAL LTD,11254392,active,ltd,,14-03-2018,14-03-2018,"[43290,43999,64999, 66300]",111b 111b Bishops Way London United Kingdom E2 9HL
IONA STAR CAPITAL GENERAL PARTNER LIMITED,14990584,active,ltd,,10-07-2023,10-07-2023,[66300],Iona Star Fora London England SE1 9PA
ELCIE LIMITED,09731214,active,ltd,,13-08-2015,13-08-2015,[66300],18 Buxmead 61 - 67 The Bishops Avenue London England N2 0BG
KUNVARJ CAPITAL LTD,13017118,active,ltd,,13-11-2020,13-11-2020,"[64304, 66300]",8 Mulgrave Road Harrow England HA1 3UF
STAFFORD INTERNATIONAL TIMBERLAND V GP LIMITED,06698047,active,ltd,,15-09-2008,15-09-2008,[66300],Level 6 Duo London England EC2M 4RB
DRC ENTERPRISES LTD,15957739,active,ltd,,16-09-2024,16-09-2024,"[66220,66300,70229, 74909]",71-75 Shelton Street London United Kingdom WC2H 9JQ
AL CAPITAL PARTNERS LIMITED,10454977,active,ltd,,01-11-2016,01-11-2016,[66300],9 Orchard Road South Ockendon United Kingdom RM15 6HB
HARPIN FINCO LIMITED,14541666,active,ltd,,14-12-2022,14-12-2022,[66300],"The Estate Office The Priory Estate Nun Monkton,  York United Kingdom YO26 8ES"
TATTON INVESTMENT MANAGEMENT LIMITED,08219008,active,ltd,,18-09-2012,18-09-2012,[66300],Paradigm House Wilmslow SK9 3ND
HOLLIS CAPITAL LIMITED,SC385338,active,ltd,,14-09-2010,14-09-2010,[66300],43 Melville Street Edinburgh United Kingdom EH3 7JF
GOODINSON WEALTH MANAGEMENT LIMITED,08893088,active,ltd,,13-02-2014,13-02-2014,[66300],Cjs Accountants Ltd The Yard Preston United Kingdom PR5 6HA
Y T SUTERWALLA LTD,12326048,active,ltd,,21-11-2019,21-11-2019,"[66300, 68209]",9 Berners Place London United Kingdom W1T 3AD
BARWOOD CAPITAL (RIPDM2) LIMITED,11565681,active,ltd,,12-09-2018,12-09-2018,[66300],Grafton House Towcester United Kingdom NN12 7LS
CG IV CARLTON LTD,14529013,active,ltd,,08-12-2022,08-12-2022,[66300],The Shard C/O Kroll Advisory Ltd London United Kingdom SE1 9SG
NEW SCIENCE VENTURES MANAGEMENT LTD,10941609,active,ltd,,01-09-2017,01-09-2017,"[64303, 66300]",Michelin House London England SW3 6RD
CENTURION PORTFOLIO MANAGERS LIMITED,06443313,active,ltd,,03-12-2007,03-12-2007,[66300],2 Crossways Business Centre Aylesbury HP18 0RA
PURE REAL ALPHA LIMITED,14222647,active,ltd,,08-07-2022,08-07-2022,[66300],71-75 Shelton Street London United Kingdom WC2H 9JQ
BIOMASS UK NO.4 LIMITED,12271489,active,ltd,,21-10-2019,21-10-2019,[66300],80 Fenchurch Street London United Kingdom EC3M 4AE
ROBERT LEWIS CAPITAL LIMITED,10515298,active,ltd,,07-12-2016,07-12-2016,[66300],4 Capricorn Centre Basildon United Kingdom SS14 3JJ
A D ASSET MANAGEMENT LTD,11532681,active,ltd,,23-08-2018,23-08-2018,[66300],Wrinstone House Dinas Powys United Kingdom CF64 4HE
A W J ASSET MANAGEMENT LTD,11481861,active,ltd,,25-07-2018,25-07-2018,[66300],6 Fairleigh Road Pontcanna Wales CF11 9JT
FORTUNA ANIMUS LTD,15054718,active,ltd,,07-08-2023,07-08-2023,"[64209,64301,64304, 66300]",17 Fortuna House Beckenham United Kingdom BR3 3QW
MATTHEW J STOREY LIMITED,05526019,active,ltd,,02-08-2005,02-08-2005,"[64999, 66300]",Upper Farm Chippenham England SN14 7AG
AMATI GLOBAL INVESTORS LIMITED,SC199908,active,ltd,,15-09-1999,15-09-1999,[66300],8 Coates Crescent Edinburgh Scotland EH3 7AL
BVRH LTD,11545575,active,ltd,,31-08-2018,31-08-2018,[66300],71-75 Shelton Street London United Kingdom WC2H 9JQ
VENTOUX INVESTMENT MANAGEMENT LTD,10376710,active,ltd,,15-09-2016,15-09-2016,[66300],10 South Worple Way London United Kingdom SW14 8ST
FORREST INVESTMENT MANAGEMENT LIMITED,07016698,active,ltd,,11-09-2009,11-09-2009,[66300],Beckwith Barn Warren Estate Writtle England CM1 3WT
VICTORIA CAPITAL (UK) LIMITED,04988876,active,ltd,,09-12-2003,09-12-2003,[66300],9 Sunte Avenue Haywards Heath England RH16 2AB
ALDERSGATE FUNDING LIMITED,12215736,active,ltd,,19-09-2019,19-09-2019,[66300],3rd Floor 1 Ashley Road Altrincham United Kingdom WA14 2DT
THE NEW SILK ROAD (BIDCO) MANAGEMENT COMPANY LIMITED,13500168,active,ltd,,08-07-2021,08-07-2021,"[66300,68320,70221, 70229]",12 Raleigh Close Nottingham England NG11 8RP
PALLISER CAPITAL (UK) LTD,13135419,active,ltd,,14-01-2021,14-01-2021,[66300],Palliser House London England W14 9EQ
IQCP GF2 LIMITED,11968787,active,ltd,,29-04-2019,29-04-2019,[66300],45 Whitfield Street London England W1T 4HD
JEREMY KING RESTAURANTS LIMITED,12451681,active,ltd,,10-02-2020,10-02-2020,[66300],"2nd Floor Connaught House,  1-3 Mount Street London United Kingdom W1K 3NB"
WHITEBOX ADVISORS UK HOLDINGS LTD,15965338,active,ltd,,18-09-2024,18-09-2024,[66300],Standbrook House London United Kingdom W1S 4PD
REZONATE MASTERS LIMITED,15413921,active,ltd,,15-01-2024,15-01-2024,[66300],Lifford Hall Lifford Lane Birmingham United Kingdom B30 3JN
MANCHESTER GLOBAL MANAGEMENT (UK) LIMITED,12552463,active,ltd,,09-04-2020,09-04-2020,[66300],9 Pembridge Road London England W11 3JY
PIVOTAL EXPEDITIONS LTD,13227597,active,ltd,,25-02-2021,25-02-2021,"[64303, 66300]",71-75 Shelton Street London England WC2H 9JQ
SEEDCAMP V (SCOT) LIMITED,SC673465,active,ltd,,08-09-2020,08-09-2020,[66300],50 Lothian Road Edinburgh Scotland EH3 9WJ
OPTO IMPACT VENTURES LTD,12937854,active,ltd,,08-10-2020,08-10-2020,[66300],Sefton Troy Weybridge England KT13 0QB
ARCHIPELAGO CIRCULAR ECONOMY GP LIMITED,15975873,active,ltd,,24-09-2024,24-09-2024,[66300],87 Pemberton Road London England N4 1AY
BLC I NOMINEE LTD,12419325,active,ltd,,22-01-2020,22-01-2020,[66300],25 Southampton Buildings London United Kingdom WC2A 1AL
INVESTCORP-TAGES LIMITED,12314899,active,ltd,,14-11-2019,14-11-2019,[66300],39 St. James's Street London SW1A 1JD
H.A.B FINANCE LIMITED,08811634,active,ltd,,12-12-2013,12-12-2013,[66300],Ground Floor London W8 6NX
GRIFFIN ACCOUNTING SERVICES LTD,07968271,active,ltd,,28-02-2012,28-02-2012,[66300],48 Further Green Road London SE6 1JH
GULFCAP GROUP LIMITED,11102374,active,ltd,,07-12-2017,07-12-2017,"[64999,66190,66300, 70221]",23a Kenilworth Gardens Hayes UB4 0AY
APG PI NO3 LIMITED,15123185,active,ltd,,07-09-2023,07-09-2023,[66300],29 York Street London United Kingdom W1H 1EZ
SHACKLETON SECONDARIES 3 GP LIMITED,SC468619,active,ltd,,29-01-2014,29-01-2014,[66300],Thistle Court Edinburgh Scotland EH2 1DD
HIGHLINE INVESTMENTS GP LIMITED,09825710,active,ltd,,15-10-2015,15-10-2015,[66300],C/O Tmf Group 13th Floor London United Kingdom EC2R 7HJ
INVESTAO OPERATIONS LIMITED,11801639,active,ltd,,01-02-2019,01-02-2019,[66300],103/105 Brighton Road Coulsdon United Kingdom CR5 2NG
GLEN NEWELL WEALTH MANAGEMENT LIMITED,09879007,active,ltd,,19-11-2015,19-11-2015,[66300],Bear Cottage East Ruston England NR12 9JT
QUILTER INVESTORS LIMITED,04227837,active,ltd,,04-06-2001,04-06-2001,[66300],Senator House London United Kingdom EC4V 4AB
NORTH WALL CAPITAL SERVICES LTD,10711291,active,ltd,,05-04-2017,05-04-2017,[66300],51-53 Great Marlborough Street London England W1F 7JT
EHARO LTD,12503234,active,ltd,,06-03-2020,06-03-2020,[66300],22a St. James's Square London England SW1Y 4JH
QUILTER CHEVIOT LIMITED,01923571,active,ltd,,18-06-1985,18-06-1985,[66300],Senator House London United Kingdom EC4V 4AB
MAYFAIR EQUITY PARTNERS I GENERAL PARTNER LIMITED,SC498626,active,ltd,,23-02-2015,23-02-2015,[66300],50 Lothian Road Edinburgh Scotland EH3 9WJ
BFXCAPITAL LTD,10924686,active,ltd,,21-08-2017,21-08-2017,"[66300, 86900]",Belvedere Ewenny Road Bridgend Wales CF35 5AW
BNY MELLON INVESTMENT MANAGEMENT HOLDINGS (GERMANY) LIMITED,05640740,active,ltd,,30-11-2005,30-11-2005,[66300],Bny Mellon Centre London EC4V 4LA
"VANGUARD ASSET MANAGEMENT, LTD.",07243412,active,ltd,,,05-05-2010,[66300],4th Floor The Walbrook Building London EC4N 8AF
ETERNAL RAY LTD,SC756954,active,ltd,,30-01-2023,30-01-2023,"[46900,66300, 68209]",225 Calder Road Edinburgh Scotland EH11 4RG
BARRHILL COMMUNITY INTEREST COMPANY,SC348907,active,private-limited-guarant-nsc,community-interest-company,22-09-2008,22-09-2008,"[66300,82990, 94990]",Memorial Hall Main Street Girvan Scotland KA26 0PP
ASHBOURNE CAPITAL SOLUTIONS LIMITED,10064514,active,ltd,,15-03-2016,15-03-2016,[66300],C/O Goldwyns London Llp London United Kingdom EC3V 3DG
HUDNALL ADVISORY LTD,11804052,active,ltd,,04-02-2019,04-02-2019,[66300],Hudnall Common Farm Hudnall Common Berkhamsted United Kingdom HP4 1QL
PENTECH GP HOLDINGS LIMITED,SC381985,active,ltd,,14-07-2010,14-07-2010,[66300],19 Ormidale Terrace Edinburgh Scotland EH12 6DY
EASTBOROUGH PARTNERS UK LIMITED,14217529,active,ltd,,06-07-2022,06-07-2022,[66300],C/O Aspreys Accountants No 5 The Heights Weybridge England KT13 0NY
J & E DAVY (UK) LIMITED,NI028952,active,ltd,,14-11-1994,14-11-1994,"[66220, 66300]",Donegall House Belfast Northern Ireland BT1 5GB
TRISTAN CAPITAL PARTNERS ASSET MANAGEMENT LIMITED,08164350,active,ltd,,01-08-2012,01-08-2012,[66300],Berkeley Square House London W1J 6DB
ENTROPY WEALTH MANAGEMENT LTD,15851686,active,ltd,,22-07-2024,22-07-2024,"[64301, 66300]",71-75 Shelton Street London United Kingdom WC2H 9JQ
PJS CAPITAL LIMITED,13527374,active,ltd,,23-07-2021,23-07-2021,[66300],2 Pear Tree Close Sheffield England S21 1FR
HOOVER TRUST FUND LIMITED(THE),00561120,active,ltd,,08-02-1956,08-02-1956,"[66300, 74990]",302 Bridgewater Place Warrington England WA3 6XG
MADARA CAPITAL MANAGEMENT LTD,10425704,active,ltd,,13-10-2016,13-10-2016,"[64999,66300, 70221]","39th Floor,  One Canada Square London England E14 5AB"
ATB MERCHANT LIMITED,13678455,active,ltd,,14-10-2021,14-10-2021,"[64301,64999, 66300]",Berkeley Square House London United Kingdom W1J 6BD
CAPITAL INTEGRATORS LTD,14966617,active,ltd,,28-06-2023,28-06-2023,[66300],Canada House 20/20 Business Park Maidstone United Kingdom ME16 0LS
MOYES FINANCIAL PLANNING LIMITED,07856963,active,ltd,,22-11-2011,22-11-2011,"[66220, 66300]",The Colchester Centre Colchester England CO2 8JX
MEDIUS UNUS LIMITED,11318955,active,ltd,,19-04-2018,19-04-2018,[66300],31 Baltic Avenue Westside Development Brentford United Kingdom TW8 0LL
A&A INVESTMENT GROUP LTD,13495173,active,ltd,,05-07-2021,05-07-2021,[66300],12 Adbert Drive Maidstone England ME15 0DE
ENNISMORE FUND MANAGEMENT LIMITED,03598371,active,ltd,,09-07-1998,09-07-1998,[66300],Kensington Cloisters London W8 4LD
MITCHELL & MITCHELL ASSET MANAGEMENT LTD,14011694,active,ltd,,30-03-2022,30-03-2022,[66300],1 Churchill Court Westerham England TN16 1BT
COACH HOUSE SETTLEMENT (NO 3) GP LIMITED,11051398,active,ltd,,07-11-2017,07-11-2017,[66300],White House Church Lane Winchester United Kingdom SO21 2NJ
KINDRED CAPITAL III GP LIMITED,14175017,active,ltd,,15-06-2022,15-06-2022,[66300],Percy House 1st Floor West London England W1T 1QU
BLUE SKY FAMILY WEALTH MANAGEMENT LTD,15804445,active,ltd,,26-06-2024,26-06-2024,[66300],Btc House Chapel Hill Preston United Kingdom PR3 3JY
AJM WEALTH MANAGEMENT LIMITED,09506940,active,ltd,,24-03-2015,24-03-2015,[66300],C/O Elliot Woolfe & Rose Limited Stanmore United Kingdom HA7 1JS
MONDIAL FINANCIAL SERVICES LIMITED,14147743,active,ltd,,02-06-2022,02-06-2022,[66300],27 Old Gloucester Street London United Kingdom WC1N 3AX
VIVID PRIVATE WEALTH LTD,09141801,active,ltd,,22-07-2014,22-07-2014,[66300],38 Bective Road London England SW15 2QA
FSE NOMINEES LIMITED,11705665,active,ltd,,30-11-2018,30-11-2018,[66300],First Floor Linea House Fleet England GU51 2UZ
BRITANNIA RESEARCH LTD,14249101,active,ltd,,21-07-2022,21-07-2022,[66300],"Shepherd Accountants Ltd 20 Lintot Square,  Fairbank Road Horsham United Kingdom RH13 9LA"
STEPHENSON WEALTH LIMITED,09133780,active,ltd,,16-07-2014,16-07-2014,[66300],21 Heath Grove Harrogate England HG2 0PX
HEDONISM CAPITAL LIMITED,11574430,active,ltd,,18-09-2018,18-09-2018,[66300],Connaught House London England W1K 3NB
SOUTH WEST INVEST (HOMES) LIMITED,13506867,active,ltd,,12-07-2021,12-07-2021,[66300],29 York Street London England W1H 1EZ
SIGNAL CAPITAL PARTNERS LIMITED,11464081,active,ltd,,13-07-2018,13-07-2018,[66300],4th Floor 25 Golden Square London United Kingdom W1F 9LU
RIPPLE ENTERPRISES LTD.,09303378,active,ltd,,10-11-2014,10-11-2014,"[47190,62012,64301, 66300]",26 Greens Road Cambridge England CB4 3EF
CAROLON CAPITAL UK LIMITED,11732685,active,ltd,,18-12-2018,18-12-2018,[66300],"2nd Floor,  Heathmans House London England SW6 4TJ"
BRITISH PEARL GROUP LIMITED,09701436,active,ltd,,24-07-2015,24-07-2015,[66300],14th Floor 33 Cavendish Square London United Kingdom W1G 0PW
BERWYN LAKELANDS LTD,15841877,active,ltd,,16-07-2024,16-07-2024,[66300],Ty Isaf Llanfyllin Wales SY22 5JB
A&S FINANCIAL SERVICES LTD,08417054,active,ltd,,25-02-2013,25-02-2013,[66300],80 Hartley Down Surrey CR8 4EB
COACH HOUSE INVESTMENT MANAGERS LIMITED,08390462,active,ltd,,06-02-2013,06-02-2013,[66300],White House Church Lane Winchester SO21 2NJ
XHIVA LTD,12706491,active,ltd,,30-06-2020,30-06-2020,"[64303,64304,64991, 66300]","Suite 15,  Beaufort Court London England E14 9XL"
ANDEAN SOCIAL INFRASTRUCTURE (NO. 1) LIMITED,12078889,active,ltd,,01-07-2019,01-07-2019,[66300],280 Bishopsgate London United Kingdom EC2M 4AG
CHAPTER DIGITAL LTD,11429016,active,ltd,,22-06-2018,22-06-2018,"[62020,66300,69203, 70229]",25 Clos Y Cedr Caerphilly Wales CF83 3RL
EM3 SME FINANCE II LIMITED,09432696,active,ltd,,10-02-2015,10-02-2015,[66300],First Floor Linea House Fleet England GU51 2UZ
CDP NORTH WEST INVESTMENTS LTD,10493291,active,private-limited-guarant-nsc,,23-11-2016,23-11-2016,[66300],"C/O Wainwrights Accountants,  Faversham House Bromborough United Kingdom CH62 3NX"
AVERROES CAPITAL LIMITED,11728639,active,ltd,,14-12-2018,14-12-2018,"[64303, 66300]",77 Charlotte Street London United Kingdom W1T 4PW
CALCULUS MEDIA LIMITED,06888387,active,ltd,,27-04-2009,27-04-2009,[66300],"12 Conduit Street London,  England W1S 2XH"
CORNERSTONE PRODUCTS LIMITED,12573239,active,ltd,,27-04-2020,27-04-2020,"[47990,62020,64991, 66300]",77 Ardwell Avenue Ilford United Kingdom IG6 1AP
JULIET ROSE MARKETING LIMITED,12704844,active,ltd,,29-06-2020,29-06-2020,[66300],17 Black Bourton Road Carterton United Kingdom OX18 3HQ
STACKED FINANCE LTD,13655474,active,ltd,,01-10-2021,01-10-2021,[66300],C/O Alexander & Co Centurion House Manchester United Kingdom M3 3WR
ACTIS MARATHON OGH2 LIMITED,15626961,active,ltd,,08-04-2024,08-04-2024,[66300],C/O Alter Domus (Uk) Limited 10th Floor London United Kingdom EC3A 8BF
AGRICULTURAL ASSET MANAGEMENT LIMITED,08953424,active,ltd,,21-03-2014,21-03-2014,"[66300, 68320]",The Atrium Norwich England NR3 1AB
MERCIA FUND MANAGEMENT LIMITED,06973399,active,ltd,,27-07-2009,27-07-2009,[66300],Forward House Henley-In-Arden B95 5AA
WISEST LIMITED,09541939,active,ltd,,14-04-2015,14-04-2015,"[64209,66300,69201, 70229]",25 Norway Gate London England SE16 7TR
EQUITIX ENERGY EFFICIENCY EPS GP 1 LIMITED,SC445425,active,ltd,,19-03-2013,19-03-2013,[66300],Citypoint Edinburgh Scotland EH12 5HD
TRANSITION GLOBAL SERVICES I LIMITED,13968669,active,ltd,,10-03-2022,10-03-2022,[66300],4th Floor 5 Carnaby Street London United Kingdom W1F 9PB
NACRO STAFF BENEFITS PLAN TRUSTEE LIMITED,07491443,active,ltd,,13-01-2011,13-01-2011,[66300],Walkden House London England EC2M 4SQ
SMRL CONSULTING & INVESTMENT LTD,15981368,active,ltd,,26-09-2024,26-09-2024,"[66300,74901, 93199]",Porthilly Brockenhurst United Kingdom SO42 7TA
APOLLO CREDIT MANAGEMENT INTERNATIONAL LIMITED,11066420,active,ltd,,15-11-2017,15-11-2017,[66300],1 Soho Place London England W1D 3BG
HOME COUNTY VENTURES LIMITED,11715934,active,ltd,,06-12-2018,06-12-2018,"[66300,70229, 84130]",The Corner House Aylesford ME20 7BG
LUMEN ASSET MANAGEMENT LIMITED,11880792,active,ltd,,13-03-2019,13-03-2019,[66300],7th Floor (North) London United Kingdom EC2R 8DU
CURLEW OPPORTUNITIES LIMITED,10444182,active,ltd,,25-10-2016,25-10-2016,[66300],Wey Court West Farnham United Kingdom GU9 7PT
SPEECA LIMITED,10513763,active,ltd,,07-12-2016,07-12-2016,[66300],28 Eccleston Square London England SW1V 1NZ
CAROLINA INVEST PRIVATE LTD,11254767,active,ltd,,14-03-2018,14-03-2018,[66300],18 Brunswick Gardens London England W8 4AJ
APIARY SECOND MEMBER LTD,11044719,active,ltd,,02-11-2017,02-11-2017,[66300],6 Warwick Street London United Kingdom W1B 5LX
ASKAIG NEWINGTON LIMITED,12326379,active,ltd,,21-11-2019,21-11-2019,[66300],6 Wrotham Business Park Barnet England EN5 4SZ
STINKING BISHOP FILMS LTD,08861740,active,ltd,,27-01-2014,27-01-2014,"[59111, 66300]",98 Regents Park Road London England NW1 8UG
HASMA CAPITAL ADVISORS (UK) LIMITED,06242054,active,ltd,,09-05-2007,09-05-2007,"[64303, 66300]",23 Hill Street London England W1J 5JW
WEB3 CAPITAL LTD,13796022,active,ltd,,13-12-2021,13-12-2021,"[64205,64304, 66300]",34 Edgeworth Crescent London England NW4 4HG
KKV INVESTMENT MANAGEMENT LTD,12475228,active,ltd,,20-02-2020,20-02-2020,[66300],103 Nations House London England W1U 1QS
SCITUS CAPITAL HOLDINGS ADVISORS LTD,11917275,active,ltd,,01-04-2019,01-04-2019,[66300],1 Kings Avenue London United Kingdom N21 3NA
IMPACTABLE INVESTMENT GROUP LTD,14563910,active,ltd,,30-12-2022,30-12-2022,"[66300, 70229]",124 City Road London England EC1V 2NX
WATERFALL ASSET MANAGEMENT HOLDINGS (UK) LIMITED,10004268,active,ltd,,15-02-2016,15-02-2016,"[66300, 70221]",3rd Floor 1 Ashley Road Altrincham United Kingdom WA14 2DT
TOMORROW 32 LIMITED,11208824,active,ltd,,15-02-2018,15-02-2018,"[64304,66120,66190, 66300]",Office Ff10 Brooklands House Lancing England BN15 8AF
PALLAS GROUP LTD,12399174,active,ltd,,13-01-2020,13-01-2020,[66300],18 Preshaw Close Southampton England SO16 5JP
CLYDEBORN LIMITED,09271509,active,ltd,,20-10-2014,20-10-2014,"[66300, 70221]",10 Lime Way Chepstow Wales NP16 7FQ
ARCTIS MANAGEMENT UK LIMITED,12254718,active,ltd,,10-10-2019,10-10-2019,[66300],24a The Boltons London England SW10 9SU
WEALTHKERNEL LIMITED,09686970,active,ltd,,15-07-2015,15-07-2015,"[62012,64205, 66300]",41 Luke Street London United Kingdom EC2A 4DP
SÖDERBERG & PARTNERS ASSET MANAGEMENT LTD,14628955,active,ltd,,31-01-2023,31-01-2023,"[64999, 66300]",70 White Lion Street London England N1 9PP
COLUMBIA THREADNEEDLE CAPITAL (UK) LIMITED,03487043,active,ltd,,30-12-1997,30-12-1997,[66300],Cannon Place London England EC4N 6AG
KELLEY INVESTMENTS LTD,12351693,active,ltd,,06-12-2019,06-12-2019,[66300],Chequers Farm Pilning United Kingdom BS35 4JU
M&G REAL ESTATE LIMITED,03852763,active,ltd,,04-10-1999,04-10-1999,[66300],10 Fenchurch Avenue London EC3M 5AG
JB INFRASTRUCTURE CONSULTING LIMITED,12407612,active,ltd,,16-01-2020,16-01-2020,[66300],Zlr Studios West Heath Yard London United Kingdom NW6 1TB
7PERCENT VENTURES GP LIMITED,11710834,active,ltd,,04-12-2018,04-12-2018,[66300],59 St. Martin's Lane London England WC2N 4JS
EMERALD 222 LIMITED,13765624,active,ltd,,25-11-2021,25-11-2021,[66300],Grand Buildings 1-3 Strand London United Kingdom WC2N 5HR
KPS GLOBAL ASSET MANAGEMENT UK LIMITED,10738819,active,ltd,,25-04-2017,25-04-2017,[66300],6th Floor One London Wall London England EC2Y 5EB
PEARLSTONE ALTERNATIVE LIMITED,13791305,active,ltd,,09-12-2021,09-12-2021,[66300],17c Curzon Street 7th Floor London England W1J 5HU
WAFRA EUROPEAN CAPITAL LIMITED,05967078,active,ltd,,16-10-2006,16-10-2006,[66300],125 Old Broad Street London EC2N 1AR
TSM CAPITAL LTD,12913769,active,ltd,,29-09-2020,29-09-2020,[66300],10 Akeman Row Aylesbury England HP22 5GN
RAMIUS UK LTD,04382500,active,ltd,,27-02-2002,27-02-2002,[66300],11th Floor London EC2A 2DQ
"HPS INVESTMENT PARTNERS (UK) I, LTD.",06450720,active,ltd,,,11-12-2007,[66300],"N2,  Floor 10 9 Bressenden Place London England SW1E 5BY"
AETE LIMITED,02619861,active,ltd,,12-06-1991,12-06-1991,[66300],15 Buckingham Street null WC2N 6DU
ALBION INTERNATIONAL LTD,13697527,active,ltd,,22-10-2021,22-10-2021,"[47190,66300,68310, 69201]",128 City Road London United Kingdom EC1V 2NX
GRIFFIN FINANCIAL CONSULTANTS LIMITED,07382379,active,ltd,,21-09-2010,21-09-2010,[66300],8 Howard Road Bristol BS6 7UT
JKS PROPERTY LTD,SC461800,active,ltd,,18-10-2013,18-10-2013,"[66300, 68209]",20 Blinkbonny Gardens West Calder EH55 8DN
M.H.R. HICKS LIMITED,02653362,active,ltd,,11-10-1991,11-10-1991,[66300],"Diamond Farm ,  Weston Road Burnham-On-Sea TA8 2RL"
CHRIS SIMONS WEALTH MANAGEMENT LTD,13313076,active,ltd,,03-04-2021,03-04-2021,[66300],College Business Centre Derby United Kingdom DE22 3WZ
S-3 GROUP INVEST LTD,15987878,active,ltd,,30-09-2024,30-09-2024,"[64301,64303,64304, 66300]",201b.3 Cardinal Point Park Road Rickmansworth England WD3 1RE
GARCKE GLOBAL LTD,15988884,active,ltd,,01-10-2024,01-10-2024,"[64205,64303,64991, 66300]",71-75 Shelton Street London United Kingdom WC2H 9JQ
INVESTRIUM LIMITED,10491728,active,ltd,,22-11-2016,22-11-2016,"[64205,64999,66300, 70221]",15 Siskin Avenue Dalton-In-Furness England LA15 8QB
BVL CAPITAL 2021 LIMITED,13098777,active,ltd,,24-12-2020,24-12-2020,[66300],4 Duke Street Mansions London United Kingdom W1K 6JX
L CATTERTON ASIA HOLDINGS LIMITED,09917621,active,ltd,,15-12-2015,15-12-2015,[66300],Belgrave House London United Kingdom SW1W 9TQ
TRANSITION CAPITAL PARTNERS LIMITED,12237472,active,ltd,,01-10-2019,01-10-2019,[66300],Ground Floor London United Kingdom SW1Y 5JG
NOVASTAR VENTURES LIMITED,12230248,active,ltd,,27-09-2019,27-09-2019,[66300],21-27 Lambs Conduit Street London United Kingdom WC1N 3GS
SOLTI CAPITAL LIMITED,10898798,active,ltd,,03-08-2017,03-08-2017,[66300],Devonshire Business Centre Aviary Court Basingstoke England RG24 8PE
RAB CAPITAL HOLDINGS LIMITED,07632131,active,ltd,,12-05-2011,12-05-2011,[66300],6 Kilmington Close Brentwood England CM13 2JZ
LGPS CENTRAL LP (FEEDER) LIMITED,11600521,active,ltd,,02-10-2018,02-10-2018,[66300],1st Floor I9 Wolverhampton United Kingdom WV1 1LD
AVIVA INVESTORS PIP SOLAR PV (GENERAL PARTNER) LIMITED,09401121,active,ltd,,22-01-2015,22-01-2015,[66300],80 Fenchurch Street London United Kingdom EC3M 4AE
PAUL CASSATA HOLDINGS LIMITED,13831584,active,ltd,,06-01-2022,06-01-2022,"[41100,66300, 82990]",2 Frederick Street London United Kingdom WC1X 0ND
SC VENTURES G.P. LIMITED,11880017,active,ltd,,13-03-2019,13-03-2019,[66300],1 Basinghall Avenue London United Kingdom EC2V 5DD
WAFRA EUROPE LIMITED,11654897,active,ltd,,01-11-2018,01-11-2018,[66300],C/O Kroll Advisory Ltd London United Kingdom SE1 9SG
MEDUSA RESOURCES LIMITED,10715390,active,ltd,,07-04-2017,07-04-2017,"[66300, 70229]",Tallford House Weston-Super-Mare United Kingdom BS23 1LP
AFRAA ASSET MANAGEMENT LTD,13033207,active,ltd,,20-11-2020,20-11-2020,[66300],8b Accommodation Road London United Kingdom NW11 8ED
EIGHTEEN48 PARTNERS LIMITED,11593850,active,ltd,,28-09-2018,28-09-2018,[66300],Montpelier House London United Kingdom SW3 1JJ
CONNECT VENTURES THREE (SCOTLAND) LIMITED,SC618522,active,ltd,,17-01-2019,17-01-2019,[66300],Harper Macleod Llp Citypoint Edinburgh EH12 5HD
CYRUS CAPITAL PARTNERS LIMITED,05251255,active,ltd,,06-10-2004,06-10-2004,[66300],4 Cork Street London United Kingdom W1S 3LB
GIBBS DENLEY INVESTMENT MANAGEMENT LIMITED,09333120,active,ltd,,28-11-2014,28-11-2014,[66300],1a Tower Square Leeds England LS1 4DL
CAPITAL DYNAMICS MMDV UK LTD,13207821,active,ltd,,17-02-2021,17-02-2021,[66300],One Snowhill Birmingham United Kingdom B4 6GB
HATHAWAY INVESTMENT MANAGEMENT LIMITED,03849924,active,ltd,,29-09-1999,29-09-1999,"[66120, 66300]",Grosvenor House Birmingham B2 5RS
FUSION INVESTMENTS LIMITED,04914627,active,ltd,,29-09-2003,29-09-2003,[66300],Kempton Altrincham United Kingdom WA14 2AT
TEMBO CAPITAL MANAGEMENT LIMITED,10038341,active,ltd,,02-03-2016,02-03-2016,[66300],First Floor 7-9 Swallow Street London England W1B 4DE
IQ CAPITAL CUSTODIAN LIMITED,08645156,active,ltd,,09-08-2013,09-08-2013,[66300],45 Whitfield Street London England W1T 4HD
SHANTI CONSULTING LIMITED,10738600,active,ltd,,25-04-2017,25-04-2017,"[66210,66300,69201, 70229]",81 London Road Leicester England LE2 0PF
KASM CAPITAL LTD,14447639,active,ltd,,27-10-2022,27-10-2022,[66300],Duken Lane Cottage Duken Lane Bridgnorth United Kingdom WV15 6EA
ECI MANAGEMENT LIMITED,11308989,active,ltd,,13-04-2018,13-04-2018,[66300],80 Strand London England WC2R 0DT
ECI MANAGEMENT 2 LIMITED,11319087,active,ltd,,19-04-2018,19-04-2018,[66300],80 Strand London England WC2R 0DT
NEWTON GROVE HOLDINGS,14268361,active,private-unlimited,,01-08-2022,01-08-2022,[66300],7 Marlborough Crescent London W4 1HE
HEARTHSTONE INVESTMENTS LIMITED,06379066,active,ltd,,24-09-2007,24-09-2007,"[66300, 70100]","Suite 2.06,  Bridge House 181 Queen Victoria Street London United Kingdom EC4V 4EG"
MUZINICH & CO. LIMITED,03852444,active,ltd,,04-10-1999,04-10-1999,[66300],8 Hanover Street London W1S 1YQ
ZR INVESTMENT UK LIMITED,09932645,active,ltd,,30-12-2015,30-12-2015,"[66300, 68100]",49 Kempton Road London England E6 2LG
NEWLION HOLDINGS LIMITED,10298776,active,ltd,,27-07-2016,27-07-2016,"[64205,64303,66110, 66300]",Dixcart House Addlestone Road Addlestone United Kingdom KT15 2LE
GORE ANDREWS NAMECO LIMITED,03852297,active,ltd,,28-09-1999,28-09-1999,"[65120,65202,65300, 66300]",5th Floor 40 Gracechurch Street London England EC3V 0BT
VALENTINE UNDERWRITING LIMITED,03637376,active,ltd,,18-09-1998,18-09-1998,"[65120,65202,65300, 66300]",5th Floor 40 Gracechurch Street London England EC3V 0BT
A G SADOWSKI UNDERWRITING LIMITED,03840766,active,ltd,,08-09-1999,08-09-1999,"[65120,65202,65300, 66300]",5th Floor 40 Gracechurch Street London England EC3V 0BT
NS PARTNERS LTD,01880176,active,ltd,,23-01-1985,23-01-1985,[66300],Southwest House London England SW1Y 4LR
XELAN LIMITED,12777203,active,ltd,,29-07-2020,29-07-2020,[66300],106 Moston Lane East Manchester England M40 3QL
4FORTY3THREE LTD,08766999,active,ltd,,07-11-2013,07-11-2013,[66300],Alberic Cottage Low Road Grantham England NG32 1DD
CEH MANAGEMENT LTD,11500762,active,ltd,,06-08-2018,06-08-2018,[66300],Kericks Caerphilly United Kingdom CF83 2NR
BLAIRBETH CONSULTING LTD,07801674,active,ltd,,07-10-2011,07-10-2011,[66300],Littlehaven House Horsham RH12 4HT
TURKISH TRADE & INVESTMENT CONSULTANCY LTD,12840112,active,ltd,,26-08-2020,26-08-2020,"[46190,66300,70221, 70229]",28 Harrington Close Reading England RG6 3BU
LOMBARD ODIER ASSET MANAGEMENT (EUROPE) LIMITED,07099556,active,ltd,,09-12-2009,09-12-2009,[66300],Goldings House Hays Galleria London England SE1 2HB
DN CAPITAL MANAGER LIMITED,13821193,active,ltd,,29-12-2021,29-12-2021,[66300],2 Queen Anne Gate Buildings London United Kingdom SW1H 9BP
STRIDE VENTURES UK ADVISORS LTD,15709283,active,ltd,,08-05-2024,08-05-2024,[66300],9-11 New Broadway London England W5 5AW
RYDER ADAMS LIMITED,05080876,active,ltd,,23-03-2004,23-03-2004,"[65300, 66300]",2 Harewood Gate Leeds LS17 9LZ
MARMEL INVESTMENT MANAGEMENT LTD,06665189,active,ltd,,05-08-2008,05-08-2008,[66300],Beckwith Barn Warren Estate Writtle England CM1 3WT
BA ASSET MANAGEMENT LTD,12781905,active,ltd,,30-07-2020,30-07-2020,"[64301,64304,66300, 70221]",39 Blatchington Road Hove England BN3 3YL
ASD RBS TRUSTEE LIMITED,13749676,active,ltd,,17-11-2021,17-11-2021,[66300],Valley Farm Road Leeds United Kingdom LS10 1SD
ALLIANZ GLOBAL INVESTORS UK LIMITED,11516839,active,ltd,,14-08-2018,14-08-2018,[66300],199 Bishopsgate London United Kingdom EC2M 3TY
API COTSWOLDS HILLS INVESTMENTS LIMITED,15534296,active,ltd,,01-03-2024,01-03-2024,[66300],29 York Street London England W1H 1EZ
CVC CREDIT PARTNERS INVESTMENT MANAGEMENT LIMITED,07441828,active,ltd,,16-11-2010,16-11-2010,[66300],105-109 Strand London United Kingdom WC2R 0AA
ORINVEST LIMITED,11856758,active,ltd,,04-03-2019,04-03-2019,[66300],Highbank Cotte Close Seaton United Kingdom EX12 3BH
GRAYSON'S LEGACY SUPPORT TRUST CIC,12746806,active,private-limited-guarant-nsc,community-interest-company,16-07-2020,16-07-2020,[66300],49 Bratton Road Trowbridge England BA14 6AZ
ADP CAPITAL UK CO LTD,15907022,active,ltd,,20-08-2024,20-08-2024,"[66300, 68100]","21-23 C/O Bca,  Mossop Street London England SW3 2LY"
DEXICREON GENERAL PARTNER LIMITED,07315916,active,ltd,,15-07-2010,15-07-2010,[66300],6th Floor Kings House London England SW1Y 4BP
LEVINE LEICHTMAN CAPITAL PARTNERS LIMITED,07519782,active,ltd,,07-02-2011,07-02-2011,[66300],30 Old Bailey London United Kingdom EC4M 7AU
SEALAND LIFE LTD,14819206,active,ltd,,21-04-2023,21-04-2023,"[66300,70229, 82990]","Unity House,  Suite 888 Westwood Park Wigan England WN3 4HE"
BONERBO HOLDINGS LIMITED,SC667309,active,ltd,,13-07-2020,13-07-2020,[66300],13 Queen's Road Aberdeen United Kingdom AB15 4YL
OCUBIS CAPITAL ADVISERS LIMITED,14232907,active,ltd,,13-07-2022,13-07-2022,[66300],33 Cavendish Square London England W1G 0PW
ODD ASSET MANAGEMENT LTD,09317332,active,ltd,,18-11-2014,18-11-2014,[66300],5 - 8 The Sanctuary London England SW1P 3JS
CIVITAS HOUSING ADVISORS LIMITED,12091261,active,ltd,,08-07-2019,08-07-2019,[66300],25 Maddox Street London England W1S 2QN
PARTNERS GROUP (UK) LIMITED,05113447,active,ltd,,27-04-2004,27-04-2004,[66300],33 Charterhouse Street London England EC1M 6HA
LADDERSTREAM ASSET MANAGEMENT LIMITED,08146624,active,ltd,,17-07-2012,17-07-2012,[66300],Denham Lodge Yelverton PL20 7NR
FINANUM LIMITED,10430883,active,ltd,,17-10-2016,17-10-2016,"[63990, 66300]",10 Cheltenham Court 30 Marsh Lane Stanmore United Kingdom HA7 4HE
SHIVSAP LTD,10822432,active,ltd,,16-06-2017,16-06-2017,[66300],40 Mayes Close Warlingham United Kingdom CR6 9LB
MFX CAPITAL LTD,12681105,active,ltd,,18-06-2020,18-06-2020,[66300],167 167 Bensham Lane Surrey United Kingdom CR7 7EW
GORDIAN KNOT LIMITED,02853833,active,ltd,,15-09-1993,15-09-1993,[66300],North Farm Sawston England CB22 3WE
IMPAX ASSET MANAGEMENT (AIFM) LIMITED,08819010,active,ltd,,18-12-2013,18-12-2013,"[66300, 82990]",7th Floor 30 Panton Street London England SW1Y 4AJ
AXM ALTERNATIVE INVESTMENTS LTD,12707413,active,ltd,,30-06-2020,30-06-2020,[66300],11 Albemarle Street London United Kingdom W1S 4HH
VERTIS CAPITAL PARTNERS LIMITED,15354221,active,ltd,,15-12-2023,15-12-2023,[66300],6th Floor 9 Appold Street London England EC2A 2AP
ENDLESS SECOND PARTNER LIMITED,SC401892,active,ltd,,17-06-2011,17-06-2011,[66300],50 Lothian Road Edinburgh EH3 9WJ
SHARPS INVESTMENT MANAGEMENT LIMITED,08389127,active,ltd,,05-02-2013,05-02-2013,[66300],Bentley Court Worcester WR6 6TX
ACORN GREEN INVESTMENTS NO 2 LIMITED,13804430,active,ltd,,16-12-2021,16-12-2021,[66300],29 York Street London England W1H 1EZ
RST OLIVER BARNSTAPLE INVESTMENTS LIMITED,13668762,active,ltd,,08-10-2021,08-10-2021,[66300],29 York Street London England W1H 1EZ
BRASIL WARRANT UK LIMITED,14955585,active,ltd,,23-06-2023,23-06-2023,[66300],4th Floor 3 More London Riverside London United Kingdom SE1 2AQ
GOOD MARKETS MANAGEMENT LTD,15602891,active,ltd,,29-03-2024,29-03-2024,[66300],5 The Heights Weybridge England KT13 0NY
INFLEXION GENERAL PARTNER LIMITED,SC219884,active,ltd,,06-06-2001,06-06-2001,[66300],50 Lothian Road Edinburgh EH3 9WJ
VICTORIA CAPITAL ADVISORS UK LTD,07776327,active,ltd,,16-09-2011,16-09-2011,[66300],"Suite 1,  7th Floor 50 Broadway London United Kingdom SW1H 0BL"
BARRINGTON ASSET MANAGEMENT LIMITED,15951385,active,ltd,,11-09-2024,11-09-2024,[66300],Oak Tree House Potton End St. Neots England PE19 6TH
MERCURI II GP LIMITED,14630694,active,ltd,,01-02-2023,01-02-2023,[66300],Kings Place London United Kingdom N1 9GU
AHC INVESTMENTS UNLIMITED,11531912,active,private-unlimited,,22-08-2018,22-08-2018,"[64991, 66300]",76 High Street Milton Keynes MK11 1AH
SIGNATURE SLP GP LIMITED,SC497155,active,ltd,,06-02-2015,06-02-2015,[66300],C/O 10th Floor Glasgow Scotland G3 8HB
S-GROUP INVESTMENT LTD,13719543,active,ltd,,02-11-2021,02-11-2021,"[64301,64303,64304, 66300]",201b.3 Cardinal Point Rickmansworth England WD3 1RE
WORLD VISION STRATEGIES LIMITED,08190861,active,ltd,,24-08-2012,24-08-2012,[66300],The Hangar Telford England TF1 6QJ
KEY CAPITAL PARTNERS GP IX LIMITED,12984883,active,ltd,,29-10-2020,29-10-2020,[66300],13 Park Place Leeds United Kingdom LS1 2SJ
ONE PERCENT HOLDINGS COMPANY LIMITED,12714993,active,ltd,,02-07-2020,02-07-2020,"[64301,65300,66290, 66300]",12 Raleigh Close Nottingham England NG11 8RP
KNOX D'ARCY INVESTMENT MANAGEMENT LIMITED,02863879,active,ltd,,19-10-1993,19-10-1993,[66300],11 St Jamess Place null SW1A 1NP
MARK COSGRAVE WEALTH MANAGEMENT LIMITED,12152224,active,ltd,,12-08-2019,12-08-2019,"[65300, 66300]","Levicks Chartered Accountants,  12 Canterbury United Kingdom CT1 3HD"
ADAM W CONSULTANCY LIMITED,15950401,active,ltd,,11-09-2024,11-09-2024,"[66300,70210, 70229]",67 Broadstone Road Bolton England BL2 4AT
GKF WEALTH MANAGEMENT LIMITED,06713771,active,ltd,,02-10-2008,02-10-2008,[66300],"Lytchett House,  13 Freeland Park Wareham Road Poole England BH16 6FA"
BROCKWELL ADVISORS LTD,12340635,active,ltd,,29-11-2019,29-11-2019,[66300],152-160 City Road London England EC1V 2NX
ASPIRE NORTH WEST LIMITED,15927014,active,ltd,,30-08-2024,30-08-2024,[66300],Unit 29 Highcroft Industrial Estate Enterprise Road Waterlooville United Kingdom PO8 0BT
OPAL FINANCIALS COMMERCIAL SOLUTIONS LTD,13888203,active,ltd,,02-02-2022,02-02-2022,[66300],St Mary's House Crewe Road Stoke-On-Trent United Kingdom ST7 2EW
AUFIN LIMITED,SC734565,active,ltd,,06-06-2022,06-06-2022,[66300],55 Blythswood St Glasgow Scotland G2 7AT
GENERAL F LIMITED,13561591,active,ltd,,12-08-2021,12-08-2021,[66300],2 St. Margarets Avenue London England N15 3DH
WESTCREEDS WEALTH LTD,13518714,active,ltd,,19-07-2021,19-07-2021,[66300],"The Bengal Wing,  9b London United Kingdom EC2M 4YF"
APOLLO INTERNATIONAL FINANCE III LTD,15161652,active,ltd,,25-09-2023,25-09-2023,[66300],1 Soho Place London United Kingdom W1D 3BG
RVB INVESTMENTS,02762592,active,private-unlimited,,06-11-1992,06-11-1992,[66300],Floor 2 - Robert House Chinnor England OX39 4PU
S-9 GROUP INVEST LTD,16001872,active,ltd,,07-10-2024,07-10-2024,"[64301,64303,64304, 66300]",201b.3 Cardinal Point Park Road Rickmansworth England WD3 1RE
EXTREEMFX LTD,12721709,active,ltd,,06-07-2020,06-07-2020,"[66110,66300,85590, 96090]",1e Tudor Gardens Harrow United Kingdom HA3 5PB
EMERALD INVESTCO 1 LTD,15123184,active,ltd,,07-09-2023,07-09-2023,[66300],36 Grantbridge Street London England N1 8JN
UNILEVER VENTURES GENERAL PARTNER LIMITED,04415366,active,ltd,,12-04-2002,12-04-2002,[66300],"C/O Tmf Group,  13th Floor London United Kingdom EC2R 7HJ"
NORTHERN GRITSTONE INVESTMENT MANAGER LIMITED,15186303,active,ltd,,04-10-2023,04-10-2023,[66300],No.1 Circle Square Manchester United Kingdom M1 7FS
INFINITY WEALTH MANAGEMENT LTD,09236532,active,ltd,,26-09-2014,26-09-2014,[66300],32a Newbold Road Chesterfield S41 7PH
BLACKROCK DIVERSIFIED PRIVATE DEBT FUND GP LIMITED,SC680149,active,ltd,,06-11-2020,06-11-2020,[66300],50 Lothian Road Edinburgh Scotland EH3 9WJ
FELIX MANAGEMENT I LIMITED,SC495997,active,ltd,,26-01-2015,26-01-2015,[66300],50 Lothian Road Edinburgh Scotland EH3 9WJ
S-7 GROUP INVEST LTD,16001671,active,ltd,,07-10-2024,07-10-2024,"[64301,64303,64304, 66300]",201b.3 Cardinal Point Park Road Rickmansworth England WD3 1RE
WEALTHLAB8 INVESTMENTS,13772954,active,private-unlimited,,30-11-2021,30-11-2021,"[66300, 70229]",565 High Road Leytonstone London E11 4PB
CIM CSL GP LIMITED,15442813,active,ltd,,25-01-2024,25-01-2024,[66300],25 Maddox Street London United Kingdom W1S 2QN
NSC INVESTMENTS LIMITED,06655849,active,ltd,,24-07-2008,24-07-2008,[66300],Pyramid House London England N12 9RT
CARING INVESTMENTS LIMITED,08315062,active,ltd,,30-11-2012,30-11-2012,[66300],Pyramid House London England N12 9RT
HOST CAPITAL LIMITED,10768038,active,ltd,,12-05-2017,12-05-2017,[66300],12 Old Bond Street Mayfair United Kingdom W1S 4PW
MVM (GP) (NO.4A) LIMITED,08974232,active,ltd,,02-04-2014,02-04-2014,[66300],38 Wigmore Street London England W1U 2RU
FPC ACRE GENERAL PARTNER LIMITED,13241340,active,ltd,,03-03-2021,03-03-2021,[66300],C/O Dwf Company Secretarial Services Limited 1 Scott Place Manchester United Kingdom M3 3AA
OPHIR GROUP LTD,11263295,active,ltd,,19-03-2018,19-03-2018,[66300],11263295: COMPANIES HOUSE DEFAULT ADDRESS Cardiff CF14 8LH
MVM (GP) (NO.6A) LIMITED,13858188,active,ltd,,19-01-2022,19-01-2022,"[64209, 66300]",38 38 Wigmore Street London England W1U 2RU
MVM (GP) (NO.6B) LIMITED,13858360,active,ltd,,19-01-2022,19-01-2022,"[64209, 66300]",38 38 Wigmore Street London England W1U 2RU
NORTH BLOCK CAPITAL LIMITED,11158515,active,ltd,,19-01-2018,19-01-2018,"[64999, 66300]",30 Nelson Street Leicester United Kingdom LE1 7BA
MVM (GP) (NO.4B) LIMITED,08973834,active,ltd,,02-04-2014,02-04-2014,[66300],38 Wigmore Street London England W1U 2RU
J WEALTH LIMITED,10692979,active,ltd,,27-03-2017,27-03-2017,[66300],"Apartment 312,  126 Pope Street Apartment 312 Birmingham England B1 3DU"
STAKEHOLDERS BUSINESS LTD,16079367,active,ltd,,14-11-2024,14-11-2024,[66300],7a The Close Wembley England HA9 9BY
ONEPOINT INVESTMENT SOLUTIONS LTD,10675792,active,ltd,,17-03-2017,17-03-2017,"[66110,66120,66210, 66300]",10 Bloomfield Terrace Bloomfield Terrace London England SW1W 8PG
1STCALLLEGAL LTD,14675591,active,ltd,,20-02-2023,20-02-2023,"[66190,66300,68320, 69109]",49a Fitzherbert Road Portsmouth United Kingdom PO6 1RU
CAPITAL GROUP UK MANAGEMENT COMPANY LIMITED,12952311,active,ltd,,14-10-2020,14-10-2020,[66300],1 Paddington Square London England W2 1GL
META FINANCE CONSULTANCY LTD,13910333,active,ltd,,11-02-2022,11-02-2022,"[64192,66110,66190, 66300]","2nd Floor College House Ruislip,  United Kingdom HA4 7AE"
QIC EUROPEAN INVESTMENT SERVICES LIMITED,07804418,active,ltd,,10-10-2011,10-10-2011,[66300],21 Holborn Viaduct London United Kingdom EC1A 2DY
MVM (GP) (NO.3) LIMITED,05959376,active,ltd,,06-10-2006,06-10-2006,[66300],38 Wigmore Street London England W1U 2RU
IQCP IV A1 LIMITED,12972174,active,ltd,,23-10-2020,23-10-2020,[66300],45 Whitfield Street London England W1T 4HD
ESR EUROPE PRIVATE MARKETS LIMITED,13447544,active,ltd,,09-06-2021,09-06-2021,[66300],Ferguson House London England NW1 5JD
MISSION FINANCIAL PLANNING LIMITED,13521233,active,ltd,,20-07-2021,20-07-2021,[66300],"Berwick Workspace,  Boarding School Yard Berwick Upon Tweed United Kingdom TD15 1BN"
ZION LEADERSHIP CONSULTANCY LTD,14888360,active,ltd,,23-05-2023,23-05-2023,[66300],55a Epsom Road Morden England SM4 5PR
PROVIDENCE ASSET MANAGEMENT LIMITED,06357208,active,ltd,,31-08-2007,31-08-2007,[66300],C/O B&F Services London United Kingdom SE1 2RE
EKA II (SCOTLAND) LTD,SC829083,active,ltd,,15-11-2024,15-11-2024,[66300],C/O Brodies Llp Capital Square Edinburgh United Kingdom EH3 8BP
BAINS CAPITAL LIMITED,14070147,active,ltd,,26-04-2022,26-04-2022,[66300],35 Berkeley Square Berkeley Suite Mayfair England W1J 5BF
SEEDAR FINANCE LIMITED,16084747,active,ltd,,18-11-2024,18-11-2024,"[64929, 66300]",274 Breedon Street Nottingham England NG10 4FD
FALCO CAPITAL PARTNERS LIMITED,09851696,active,ltd,,02-11-2015,02-11-2015,[66300],Millhouse Rochford United Kingdom SS4 1DB
WEITZMAN & JOHNSON WEALTH PLANNERS LTD,08410818,active,ltd,,20-02-2013,20-02-2013,"[66190, 66300]",Churchill House London England NW4 4DJ
GJ INVESTMENTS LIMITED,13115240,active,ltd,,06-01-2021,06-01-2021,"[66110, 66300]",2 Cotswold Road Birkenhead United Kingdom CH42 8NY
YUNMO COMPANY LIMITED,16082318,active,ltd,,15-11-2024,15-11-2024,"[64301,66110,66300, 70221]","7 Copperfield Road,  Coventry West Midlands,  England United Kingdom CV2 4AQ"
ALMA CAPITAL LONDON LIMITED,05415175,active,ltd,,06-04-2005,06-04-2005,[66300],30 Panton Street London United Kingdom SW1Y 4AJ
EB (NORTHERN IRELAND) LIMITED,NI621109,active,private-limited-guarant-nsc,,24-10-2013,24-10-2013,[66300],"C/O Tughans Llp,  The Ewart Belfast Northern Ireland BT2 7EP"
VIGIL CRUISEVOY LIMITED,14322939,active,ltd,,30-08-2022,30-08-2022,"[66300,78300,79110, 85600]",128 City Road London United Kingdom EC1V 2NX
ILDC WORLDWIDE HOLDINGS UK LIMITED,13266243,active,ltd,,15-03-2021,15-03-2021,"[66120, 66300]",24 New Charlton Way Bristol England BS10 7TN
CATALPA INVESTMENTS LIMITED,12180492,active,ltd,,29-08-2019,29-08-2019,"[66300, 68209]",Blunham House Park Lane Bedford United Kingdom MK44 3NJ
VC 003 LTD,14686734,active,ltd,,24-02-2023,24-02-2023,"[45111,45112,62090, 66300]",1 Trout Hollow Princes Risborough England HP27 9UA
BBRC HOMES LIMITED,14640420,active,ltd,,06-02-2023,06-02-2023,"[64205,64303,66190, 66300]",Desklodge House Bristol England BS1 6NL
WOODFORD INVESTMENT MANAGEMENT LIMITED,10118169,active,ltd,,11-04-2016,11-04-2016,[66300],C/O Wilson Partners Limited Tor Maidenhead England SL6 8BN
EMPSALL LIMITED,11062150,active,ltd,,14-11-2017,14-11-2017,[66300],130 Shaftesbury Avenue London W1D 5EU
BLUE HAVEN ASSETS LIMITED,14444996,active,ltd,,26-10-2022,26-10-2022,[66300],Lakeview House Billericay United Kingdom CM12 0EQ
CENTRACAP CASTLE STREET LIMITED,11946614,active,ltd,,15-04-2019,15-04-2019,"[64303,64306, 66300]",Healys Llp Atrium Court London WC1R 4QR
SCHOOL OF LIFE LTD,13893639,active,ltd,,04-02-2022,04-02-2022,"[47910,47990,66300, 96090]",128 City Road London United Kingdom EC1V 2NX
ACCESS CAPITAL PARTNERS (UK) LIMITED,08291889,active,ltd,,13-11-2012,13-11-2012,[66300],Central Court London WC2A 1AL
FIDENTI FINANCIAL PLANNING LTD,09468717,active,ltd,,03-03-2015,03-03-2015,[66300],25 Castle Street Cirencester England GL7 1QD
CHEEKYPEACH LTD,16090825,active,ltd,,20-11-2024,20-11-2024,[66300],128 City Road London United Kingdom EC1V 2NX
KARIM FINANCIAL LTD,14471721,active,ltd,,09-11-2022,09-11-2022,"[66110,66120,66220, 66300]",59 Alexandra Road Plymouth England PL2 1PH
DAVIDE LEONE AND PARTNERS INVESTMENT COMPANY LTD,07523186,active,ltd,,09-02-2011,09-02-2011,[66300],9-10 Savile Row London W1S 3PF
MORREGREEN HOLDINGS LTD,13015625,active,ltd,,13-11-2020,13-11-2020,[66300],1a Melbourn Street Royston England SG8 7BP
FORM VENTURES LIMITED,11529774,active,ltd,,21-08-2018,21-08-2018,[66300],1 St. James Court Norwich United Kingdom NR3 1RU
APG PI NO5 LIMITED,15266966,active,ltd,,07-11-2023,07-11-2023,[66300],29 York Street London United Kingdom W1H 1EZ
AARC VENTURES LIMITED,15272512,active,ltd,,09-11-2023,09-11-2023,[66300],44 Mount Pleasant Wilmslow England SK9 4AP
CALDERWOOD FAMILY INVESTMENT COMPANY LTD,10605168,active,ltd,,07-02-2017,07-02-2017,[66300],92 Kelham Hall Drive Oxford United Kingdom OX33 1YB
MC PRECIOUS METALS INVESTMENT LIMITED,11683203,active,ltd,,19-11-2018,19-11-2018,[66300],Mid City Place London United Kingdom WC1V 6BA
AGRI FRONTIER CAPITAL LTD,16093497,active,ltd,,21-11-2024,21-11-2024,"[64999,66300, 70229]",The Alliston Centre Cirencester United Kingdom GL7 6JR
ZEBEDEE CAPITAL LIMITED,04044551,active,ltd,,01-08-2000,01-08-2000,[66300],120 Pall Mall London England SW1Y 5EA
HENLEY GP LIMITED,13354491,active,ltd,,23-04-2021,23-04-2021,[66300],112-116 New Oxford Street London England WC1A 1HH
TERRALINK LTD,14498818,active,ltd,,22-11-2022,22-11-2022,"[47910,66300,68310, 70229]",71-75 Shelton Street London United Kingdom WC2H 9JQ
LG CAPITAL PARTNERS LIMITED,16095086,active,ltd,,22-11-2024,22-11-2024,[66300],F3 Bench London United Kingdom SE1 0QX
LUCKY STARLING INVESTMENTS LTD,13756615,active,ltd,,22-11-2021,22-11-2021,"[64991,66120,66300, 68100]",Brightfield Business Hub Bakewell Road Peterborough England PE2 6XU
RAFAAH FINANCIAL LTD,11221269,active,ltd,,23-02-2018,23-02-2018,"[63120,64991,64999, 66300]",11221269 - COMPANIES HOUSE DEFAULT ADDRESS Cardiff CF14 8LH
GLASSHOUSE TEAM MANAGEMENT 2 LTD,16035737,active,ltd,,23-10-2024,23-10-2024,[66300],5 Elstree Gate Borehamwood United Kingdom WD6 1JD
N1BNK EXCHANGE LTD,11220266,active,ltd,,22-02-2018,22-02-2018,"[66300, 68100]",B&K House Wysall Lane Nottingham England NG12 5AR
THE FORT FLIES,16034824,active,private-unlimited,,22-10-2024,22-10-2024,[66300],Staverton Court Cheltenham GL51 0UX
CKRC LIMITED,11510529,active,ltd,,10-08-2018,10-08-2018,[66300],27 Old Gloucester Street London England WC1N 3AX
"APO UK (FC), LIMITED",09840156,active,ltd,,,26-10-2015,[66300],1 Soho Place London England W1D 3BG
GRATICULE ASSET MANAGEMENT ASIA (UK) LIMITED,09007565,active,ltd,,23-04-2014,23-04-2014,[66300],2 New Bailey Salford United Kingdom M3 5GS
COUNSELOR SERVICE HOLDING LTD,11158428,active,ltd,,19-01-2018,19-01-2018,"[64205,64301,66300, 70229]",20-22 Wenlock Road London England N1 7GU
DRAGON (HOLDCO) LIMITED,12860891,active,ltd,,07-09-2020,07-09-2020,[66300],Hodge House Cardiff Wales CF10 1DY
GULAB DIAMONDS LIMITED,09581899,active,ltd,,08-05-2015,08-05-2015,"[46480, 66300]",71 Halfway Avenue Luton LU4 8RA
ACRITY INVESTMENTS LIMITED,15062785,active,ltd,,10-08-2023,10-08-2023,"[64303,64991,66300, 68209]",1 Billing Road Northampton United Kingdom NN1 5AL
FOOTBALL CAPITAL MANAGEMENT LTD,16009901,active,ltd,,10-10-2024,10-10-2024,"[66300,70221,70229, 93120]",20 Wenlock Road London England N1 7GU
FORESIGHT 1 VCT LIMITED,05204250,active,ltd,,12-08-2004,12-08-2004,[66300],C/O Foresight Group Llp The Shard London United Kingdom SE1 9SG
FORESIGHT VCT PLC,03421340,active,plc,,19-08-1997,19-08-1997,[66300],C/O Foresight Group Llp The Shard London United Kingdom SE1 9SG
LOCAL PENSIONS PARTNERSHIP INVESTMENTS LTD,09835244,active,ltd,,21-10-2015,21-10-2015,[66300],First Floor London United Kingdom EC2M 2PF
"KFO HOLDINGS, LTD.",11786202,active,ltd,,,24-01-2019,[66300],"Suite 1,  7th Floor 50 Broadway London United Kingdom SW1H 0BL"
GREEN FINANCE INVESTMENT SOLUTIONS LTD,16039793,active,ltd,,24-10-2024,24-10-2024,[66300],International House London EC3V 3NG
RANMORE FUND MANAGEMENT LTD,06477512,active,ltd,,18-01-2008,18-01-2008,[66300],Coveham House Cobham KT11 3EP
KINTBURY SERVICES (UK) LTD,09172205,active,ltd,,12-08-2014,12-08-2014,[66300],33 Cork Street 33 Cork Street London England W1S 3NQ
FOX TRADE & INVESTMENT LTD,16038231,active,ltd,,24-10-2024,24-10-2024,"[46190,46380, 66300]",79 Holywell Close Farnborough England GU14 8TT
FORTUNE GLOBAL INVESTMENT LTD,14570460,active,ltd,,04-01-2023,04-01-2023,"[64205,64301,66120, 66300]",71-75 Shelton Street London United Kingdom WC2H 9JQ
BRI BLUEROCK INVESTMENT LTD,16040600,active,ltd,,25-10-2024,25-10-2024,"[66300, 70229]",27 Old Gloucester Street London United Kingdom WC1N 3AX
CALCULUS CAPITAL LIMITED,03861194,active,ltd,,19-10-1999,19-10-1999,[66300],"12 Conduit Street London,  England W1S 2XH"
DOF UK MERIDIA HOLDINGS IV LIMITED,10996879,active,ltd,,04-10-2017,04-10-2017,[66300],C/O Siguler Guff Uk Llp 17 Albemarle Street London England W1S 4HP
SUR MULTI FAMILY OFFICE LIMITED,14631840,active,ltd,,01-02-2023,01-02-2023,[66300],3rd Floor East London England W1K 4HX
THE SHAZZA HOLDING CO LTD,SC825534,active,ltd,,10-10-2024,10-10-2024,"[64205,64209, 66300]",5 South Charlotte Street Edinburgh Scotland EH2 4AN
DOF UK MERIDIA HOLDINGS V LIMITED,10996890,active,ltd,,04-10-2017,04-10-2017,[66300],45 Pall Mall 45 Pall Mall London United Kingdom SW1Y 5JG
AINAD LTD,12911675,active,ltd,,29-09-2020,29-09-2020,"[62020,62090,66300, 70229]",86-90 Paul Street London England EC2A 4NE
FIERA INFRASTRUCTURE UK LTD,11218255,active,ltd,,21-02-2018,21-02-2018,[66300],Queensbury House 3rd Floor London England W1S 3AE
UK FTF GP LIMITED,SC372585,active,ltd,,08-02-2010,08-02-2010,[66300],"4th Floor,  7 Castle Street,  Edinburgh Edinburgh Scotland EH2 3AH"
SUPER DRUMMOND LP (GP) LIMITED,SC436484,active,ltd,,09-11-2012,09-11-2012,"[66300, 74990]",50 Lothian Road Edinburgh EH3 9WJ
EXAKEY LTD,14511021,active,ltd,,28-11-2022,28-11-2022,"[62020,66300,71122, 74909]",240 Shirley Road Birmingham England B27 7NP
APG PI NO4 LIMITED,15207773,active,ltd,,12-10-2023,12-10-2023,[66300],29 York Street London United Kingdom W1H 1EZ
OHR EMES BUILDING FUND LIMITED,13708679,active,private-limited-guarant-nsc,,28-10-2021,28-10-2021,[66300],121 Clapton Common London United Kingdom E5 9AB
HIGHLANDS HOUSE INVESTMENTS LIMITED,11025912,active,ltd,,23-10-2017,23-10-2017,[66300],Staverton Court Cheltenham United Kingdom GL51 0UX
FEHMIDA AI LTD,14632946,active,ltd,,01-02-2023,01-02-2023,"[63110,64304, 66300]",71-75 Shelton Street London United Kingdom WC2H 9JQ
COMMUNITY DIRECTIONS LTD,15229581,active,ltd,,23-10-2023,23-10-2023,[66300],20 Waingroves Road Ripley England DE5 9TB
SFM CAPITAL LTD,06733579,active,ltd,,27-10-2008,27-10-2008,[66300],4 Carlton Gardens London United Kingdom SW1Y 5AA
GRANDAGE HOLDINGS,16018397,active,private-unlimited,,15-10-2024,15-10-2024,[66300],180 Blythe Road London W14 0HD
RBK LOGISTIC LTD,12507233,active,ltd,,10-03-2020,10-03-2020,"[64205, 66300]",12507233: COMPANIES HOUSE DEFAULT ADDRESS Cardiff CF14 8LH
LSL CAPITAL PARTNERS LIMITED,14412989,active,ltd,,12-10-2022,12-10-2022,[66300],33 Welbeck Street London England W1G 8EX
JAMES HOUGHTON LIMITED,09421053,active,ltd,,04-02-2015,04-02-2015,[66300],32 Colvers Harlow United Kingdom CM17 0PX
SPARK TMT (GP) LIMITED,10770066,active,ltd,,15-05-2017,15-05-2017,[66300],Suite 6c The Plaza Suite 6c The Plaza Liverpool England L3 9QJ
AMATO CAPITAL LIMITED,14637383,active,ltd,,03-02-2023,03-02-2023,"[64205,64304,64999, 66300]",71-75 Shelton Street London United Kingdom WC2H 9JQ
BLUEVEST CAPITAL PARTNERS LIMITED,11984131,active,ltd,,08-05-2019,08-05-2019,[66300],2nd Floor Medway Bridge House Maidstone England ME14 1JP
B&E CONSULT LIMITED,11091013,active,ltd,,01-12-2017,01-12-2017,"[66300,68100,68320, 70229]",Level 3 207 Regent Street London United Kingdom W1B 3HH
ATLANTIC VENTURE CAPITAL + LTD,15053548,active,ltd,,07-08-2023,07-08-2023,"[64205,64301,66110, 66300]",7 Bell Yard London England WC2A 2JR
INFINITY FUND MANAGEMENT LIMITED,10746361,active,ltd,,28-04-2017,28-04-2017,[66300],"2.4,  2nd Floor Ice Building 3 Exchange Quay Manchester United Kingdom M5 3ED"
GINGKO INDEPENDENT LTD,08870615,active,ltd,,31-01-2014,31-01-2014,[66300],"First Floor,  3 Cumbrian House London United Kingdom E14 9FJ"
MAVEN PROPERTY INVESTMENTS LIMITED,SC299736,active,ltd,,28-03-2006,28-03-2006,[66300],First Floor Kintyre House Glasgow G2 2LW
BRULIAN INVESTMENT FINANCE LTD,13122947,active,ltd,,08-01-2021,08-01-2021,"[43999,64191,64205, 66300]",224a Tower Bridge Road London England SE1 2UP
SIBNER INVESTMENT MANAGEMENT GP LTD,16021873,active,ltd,,16-10-2024,16-10-2024,[66300],43 Kelvedon Road London United Kingdom SW6 5BP
UNLTD IMPACT SUPPORT COMPANY LTD,10951754,active,ltd,,07-09-2017,07-09-2017,[66300],123 Whitecross Street London United Kingdom EC1Y 8JJ
PRIMA EKUITI (UK) LIMITED,07800059,active,ltd,,06-10-2011,06-10-2011,[66300],C/O Company Secretarial Department London EC2M 4AG
DAPHNE PROPERTY INVESTMENT CONSULTANCY LTD,12496204,active,ltd,,04-03-2020,04-03-2020,"[66300,68320, 70229]",28 Redgrave Drive Milton Keynes England MK4 4TB
DYNAMIC HORIZON INVESTMENTS LIMITED,16118924,active,ltd,,04-12-2024,04-12-2024,[66300],8 The Cloisters Welwyn Garden City England AL8 6DX
PURITY PLUS LIMITED,12512982,active,ltd,,12-03-2020,12-03-2020,[66300],2 Michaels Court Hanney Road Abingdon United Kingdom OX13 5HR
OTI CAPITAL LTD,16120127,active,ltd,,05-12-2024,05-12-2024,[66300],Albany House Claremont Lane Surrey United Kingdom KT10 9FQ
SUPPORTING ALTERNATIVE FINANCE FOR ENTREPRENEURS MANAGEMENT COMPANY LTD,16108301,active,ltd,,28-11-2024,28-11-2024,[66300],Oriel House Richmond England TW9 1DL
THORNVALE CAPITAL LTD,15657973,active,ltd,,18-04-2024,18-04-2024,[66300],"6th Floor,  9 Argyll Street London England W1F 7TG"
HDCF C.I.C.,14576134,active,private-limited-guarant-nsc,community-interest-company,06-01-2023,06-01-2023,"[66300, 82990]",128 City Road London United Kingdom EC1V 2NX
MARKETSFORCE LIMITED,11173485,active,ltd,,29-01-2018,29-01-2018,"[64205, 66300]",45 Hillsden Road Whitley Bay United Kingdom NE25 9XF
COWBRIDGE,10525715,active,private-unlimited,,14-12-2016,14-12-2016,[66300],Midway House Herrick Way Cheltenham England GL51 6TQ
FOREXST LIMITED,SC592538,active,ltd,,26-03-2018,26-03-2018,[66300],19a St. Bernards Crescent Edinburgh Scotland EH4 1NR
SBZ SUPPLY AND TRADING LTD,16079245,active,ltd,,14-11-2024,14-11-2024,[66300],Unit 13 Kendall Court Wickford England SS11 8YB
MERCIA FUND 1 GENERAL PARTNER LIMITED,03676974,active,ltd,,01-12-1998,01-12-1998,"[64303, 66300]",Forward House Henley-In-Arden B95 5AA
MOMOESSA CAPITAL MANAGEMENT LIMITED,06819957,active,ltd,,16-02-2009,16-02-2009,"[64209,64303,64999, 66300]",Kemp House 160 City Road London United Kingdom EC1V 2NX
IEC UK INVESTMENT MANAGEMENT LTD,05425922,active,ltd,,15-04-2005,15-04-2005,[66300],30 Gresham Street London England EC2V 7QP
BCCIM GP LIMITED,13334845,active,ltd,,14-04-2021,14-04-2021,[66300],Grafton House Towcester United Kingdom NN12 7LS
VESPA CAPITAL III GP 2 LTD,12355626,active,ltd,,09-12-2019,09-12-2019,[66300],3 St. James's Square London England SW1Y 4JU
LSA EQUITIES LTD,10694792,active,ltd,,28-03-2017,28-03-2017,[66300],"6th Floor,  Charlotte Building London England W1T 1QL"
STELLAR ECOMMERCE LTD,11276324,active,ltd,,26-03-2018,26-03-2018,"[47990, 66300]",6 Venus Close Nottingham United Kingdom NG6 0FS
WILDBLOOD LTD,13715282,active,ltd,,01-11-2021,01-11-2021,"[66120,66300,68209, 70229]",36 Netheravon Road London England W4 2NA
MONEY MASTERS LIMITED,02990592,active,ltd,,15-11-1994,15-11-1994,"[66300, 68100]",Courtyard Cottage Brownston Street Modbury United Kingdom PL21 0RQ
CRUX ASSET MANAGEMENT LIMITED,08697189,active,ltd,,19-09-2013,19-09-2013,[66300],65 Curzon Street London England W1J 8PE
MAMHEAD CAPITAL LTD,16130476,active,ltd,,11-12-2024,11-12-2024,[66300],3 The Quadrant Richmond England TW9 1BP
EMBARK INVESTMENTS LIMITED,03383730,active,ltd,,09-06-1997,09-06-1997,[66300],33 Old Broad Street London United Kingdom EC2N 1HZ
INNISFREE SECONDARY PARTNERS 1 (MEMBER) LIMITED,06223453,active,ltd,,23-04-2007,23-04-2007,[66300],"1st Floor,  Boundary House London United Kingdom EC1M 6HR"
TRADING PLAN LIMITED,15336237,active,ltd,,08-12-2023,08-12-2023,"[64991,66120,66210, 66300]",85 Great Portland Street London W1W 7LT
REZONATE CONNECT LTD,16130506,active,ltd,,11-12-2024,11-12-2024,[66300],Lifford Hall Lifford Lane Birmingham United Kingdom B30 3JN
TRIPLE B CAPITAL LTD,16130845,active,ltd,,11-12-2024,11-12-2024,[66300],"1st Floor,  Spitalfields House Borehamwood England WD6 2FX"
INNISFREE SECONDARY SLP 2 LIMITED,07385735,active,ltd,,23-09-2010,23-09-2010,[66300],"1st Floor,  Boundary House London United Kingdom EC1M 6HR"
GKA INVESTMENTS LIMITED,06800607,active,ltd,,26-01-2009,26-01-2009,[66300],Beckwith Barn Warren Estate Writtle England CM1 3WT
RAINWORTH CONSULTANCY LIMITED,08401975,active,ltd,,14-02-2013,14-02-2013,[66300],Jubilee House Lytham St Annes FY8 5FT
ANDERSON WEALTH ADVICE LIMITED,09465036,active,ltd,,02-03-2015,02-03-2015,[66300],16 The Avenue Cheltenham England GL53 9BL
NEA SELINI LTD,16125525,active,ltd,,09-12-2024,09-12-2024,"[64303,64999,66110, 66300]","2nd Floor College House Ruislip,  United Kingdom HA4 7AE"
DERWENTWATER,13788876,active,private-unlimited,,08-12-2021,08-12-2021,[66300],1 Chamberlain Square Cs Birmingham England B3 3AX
WESTMINSTER EQUITY ASSET MANAGEMENT LIMITED,02326310,active,ltd,,07-12-1988,07-12-1988,[66300],28 The Pryors London NW3 1BJ
FAIRTREE HOTELS MIDCO LIMITED,13702009,active,ltd,,25-10-2021,25-10-2021,[66300],2nd Floor 10 Bridge Street Bath United Kingdom BA2 4AS
FYI MICROLOAN GP LIMITED,13705142,active,ltd,,26-10-2021,26-10-2021,[66300],First Floor Linea House Fleet England GU51 2UZ
METAGE CAPITAL LIMITED,03525123,active,ltd,,11-03-1998,11-03-1998,[66300],"C/O Tmf Group,  13th Floor London United Kingdom EC2R 7HJ"
LECAP ASSET MANAGEMENT LIMITED,11669613,active,ltd,,09-11-2018,09-11-2018,[66300],Michelin House London England SW3 6RD
FLP INVESTMENTS LIMITED,08254017,active,ltd,,15-10-2012,15-10-2012,[66300],2 Manor Farm Court Milton Keynes United Kingdom MK12 5NN
ETS INVESTMENT LIMITED,11582867,active,ltd,,21-09-2018,21-09-2018,"[62020, 66300]",Swift House Chelmsford United Kingdom CM1 1GU
DAYINSURE HOLDCO LIMITED,13147414,active,ltd,,20-01-2021,20-01-2021,[66300],Mara House Tarporley England CW6 9UY
KILLEW MANAGEMENT LTD,NI617025,active,ltd,,26-02-2013,26-02-2013,[66300],26 Killew Road Derry BT47 4SQ
OLD SHUTE ESTATES LIMITED,08287112,active,ltd,,08-11-2012,08-11-2012,[66300],21 Angel Hill Tiverton EX16 6PE
CALIBRA SERVICES LIMITED,14740807,active,ltd,,20-03-2023,20-03-2023,[66300],18 Rosewood Preston United Kingdom PR4 0NN
S-5 GROUP INVEST LTD,16001355,active,ltd,,07-10-2024,07-10-2024,"[64301,64303,64304, 66300]",201b.3 Cardinal Point Park Road Rickmansworth England WD3 1RE
6 FIGURES LIMITED,02195265,active,ltd,,18-11-1987,18-11-1987,"[58110, 66300]",28 Birds Hill Drive Leatherhead KT22 0SP
STAFFORD INFRASTRUCTURE LIMITED,08267191,active,ltd,,24-10-2012,24-10-2012,"[64303, 66300]",Level 6 Duo London England EC2M 4RB
STURGEON CAPITAL LTD,07421440,active,ltd,,27-10-2010,27-10-2010,[66300],Plantworks 1a Britannia Street London England WC1X 9JT
KLAY CAPITAL LIMITED,14399536,active,ltd,,05-10-2022,05-10-2022,"[64922,66190, 66300]",1 Kings Avenue London United Kingdom N21 3NA
EVAGO GLOBAL CAPITAL LTD,14404116,active,ltd,,07-10-2022,07-10-2022,"[64205,64999,66110, 66300]",233 Springbank Road London United Kingdom SE13 6ST
ASPIRATION FINANCIAL MANAGEMENT LIMITED,10452920,active,ltd,,31-10-2016,31-10-2016,"[65110, 66300]",90 Whitegate Drive Blackpool United Kingdom FY3 9DA
HOSKINSON BIOTECH LTD,15178093,active,ltd,,30-09-2023,30-09-2023,"[64205,64304,64999, 66300]",128 City Road London United Kingdom EC1V 2NX
NAHIF TRUSTEE LTD,16050865,active,ltd,,30-10-2024,30-10-2024,[66300],Eagle House 50 Marshall Street London England W1F 9BQ
BLUE LABEL WEALTH MANAGEMENT LIMITED,09377084,active,ltd,,07-01-2015,07-01-2015,[66300],Towngate House Poole United Kingdom BH15 2PW
OCTOPUS FOUNDER PARTNER LIMITED,SC409592,active,ltd,,18-10-2011,18-10-2011,[66300],50 Lothian Road Edinburgh EH3 9WJ
INSAAPH CAPITAL LIMITED,14597529,active,ltd,,17-01-2023,17-01-2023,[66300],"2nd Floor,  Heathmans House London England SW6 4TJ"
NEMEAN INVESTMENT COMPANY LTD,07916234,active,ltd,,19-01-2012,19-01-2012,[66300],Beckwith Barn Warren Estate Writtle England CM1 3WT
L.P.H. MANAGEMENT SERVICES LIMITED,12460272,active,ltd,,13-02-2020,13-02-2020,[66300],Unit 18 The Timber Yard Cardiff United Kingdom CF24 5EE
SAKURA SINGS,16025824,active,private-unlimited,,17-10-2024,17-10-2024,[66300],Staverton Court Cheltenham GL51 0UX
SOBO HOLDINGS LIMITED,09954280,active,ltd,,15-01-2016,15-01-2016,[66300],264 Banbury Road Oxford Oxfordshire England OX2 7DY
CAMBRIA CAPITAL LTD,10418182,active,ltd,,10-10-2016,10-10-2016,"[64205, 66300]",85 Beverley Crescent Bedford United Kingdom MK40 4BZ
WILLIAMS BOURKE LIMITED,12334793,active,ltd,,26-11-2019,26-11-2019,[66300],16 Great Queen Street London United Kingdom WC2B 5AH
PRYTANIA ASSET MANAGEMENT LIMITED,10500586,active,ltd,,28-11-2016,28-11-2016,[66300],C/O Prytania Investment Advisors Llp London England EC4N 7BP
ITI LEADERSHIP FOUNDATION,12901174,active,private-limited-guarant-nsc-limited-exemption,,24-09-2020,24-09-2020,"[66110,66120, 66300]",69 Aberdeen Avenue Cambridge United Kingdom CB2 8DL
AV II (ENGLAND) LTD,13986253,active,ltd,,18-03-2022,18-03-2022,[66300],C/O Ada Partners Llp United House London England W11 3JY
LOUGHRIGG HOLDINGS LIMITED,12302892,active,ltd,,07-11-2019,07-11-2019,[66300],Staverton Court Cheltenham United Kingdom GL51 0UX
SYNDICATE SPORTS MANAGEMENT LTD,16180109,active,ltd,,13-01-2025,13-01-2025,[66300],"1st Floor,  Spitalfields House Borehamwood England WD6 2FX"
VILKEN LTD,08769200,active,ltd,,11-11-2013,11-11-2013,[66300],71-75 Shelton Street London England WC2H 9JQ
SEATTLE PROCESS LIMITED,15313165,active,ltd,,28-11-2023,28-11-2023,[66300],31 Henshaw Drive Stockton-On-Tees England TS17 0PN
REENEDGE SOLUTIONS LIMITED,16183147,active,ltd,,14-01-2025,14-01-2025,"[66190, 66300]",85 Great Portland Street London United Kingdom W1W 7LT
CANNING HOLDINGS LTD,14067574,active,ltd,,25-04-2022,25-04-2022,"[64203,64301, 66300]","Suites C, D, E, F  14th Floor The Plaza Liverpool United Kingdom L3 9QJ"
GREEN WATER HOLDINGS LIMITED,16150383,active,ltd,,23-12-2024,23-12-2024,"[66300,70100, 70221]",51 Mansel Road Birmingham England B10 9NR
MILE END CAPITAL LIMITED,12927541,active,ltd,,04-10-2020,04-10-2020,[66300],45 Circus Road London England NW8 9JH
BUSINESS MONEYBOX (SERVICES) LTD,07167287,active,ltd,,24-02-2010,24-02-2010,"[66300,68100, 70229]",117 Harlesden Road London England NW10 2BT
THESAURUM DIAMOND TRADING LTD,16176728,active,ltd,,10-01-2025,10-01-2025,"[64303,66110, 66300]",20 Wenlock Road London England N1 7GU
ANJAZO MANAGEMENT LIMITED,06881378,active,ltd,,20-04-2009,20-04-2009,[66300],Beckwith Barn Warren Estate Writtle England CM1 3WT
MARK HURST FINANCIAL PLANNING LIMITED,07059439,active,ltd,,28-10-2009,28-10-2009,[66300],10 Victoria Road South Southsea England PO5 2DA
FINDOMESTIC LTD,08141652,active,ltd,,12-07-2012,12-07-2012,"[62090,64999,66300, 70229]",08141652 - COMPANIES HOUSE DEFAULT ADDRESS Cardiff CF14 8LH
BROMPTON PROPERTY MANAGEMENT HOLDINGS LIMITED,06865961,active,ltd,,01-04-2009,01-04-2009,[66300],1 Knightsbridge Green London SW1X 7QA
BUSINESS LOANS SCOTLAND,SC500710,active,private-limited-guarant-nsc-limited-exemption,,17-03-2015,17-03-2015,[66300],London Road Centre Kilmarnock Scotland KA3 7BU
IXC I (SCOTLAND) LTD,SC625912,active,ltd,,28-03-2019,28-03-2019,[66300],50 Lothian Road Edinburgh Scotland EH3 9WJ
OCTOPUS MONEY PLATFORM LIMITED,14066750,active,ltd,,25-04-2022,25-04-2022,[66300],6th Floor 33 Holborn London England EC1N 2HT
ALEXANDER BELLE CONSULTANTS LTD,13332106,active,ltd,,13-04-2021,13-04-2021,"[66300,78300,80300, 82990]",71-75 Shelton Street London England WC2H 9JQ
AXM VENTURE CAPITAL LIMITED,05089856,active,ltd,,31-03-2004,31-03-2004,"[66300, 70229]",57g Randolph Avenue London W9 1BQ
NEW CENTURY F M LIMITED,10069352,active,ltd,,17-03-2016,17-03-2016,[66300],21 Raglan Gardens Watford England WD19 4LJ
AV I (SCOTLAND) LTD,SC631970,active,ltd,,30-05-2019,30-05-2019,[66300],5 South Charlotte Street Edinburgh Scotland EH2 4AN
GSA CAPITAL SERVICES LIMITED,05320529,active,ltd,,23-12-2004,23-12-2004,[66300],Stratton House London W1J 8LA
888 CAPITAL VENTURES LTD,14073171,active,ltd,,27-04-2022,27-04-2022,"[64999,66300,82990, 96090]",80 Larch Crescent Hayes England UB4 9DR
SOLOMON PETER INVESTMENTS LIMITED,11233656,active,ltd,,05-03-2018,05-03-2018,"[66120, 66300]",85 Great Portland Street London England W1W 7LT
BROMPTON ASSET MANAGEMENT HOLDINGS LIMITED,06866017,active,ltd,,01-04-2009,01-04-2009,[66300],1 Knightsbridge Green London SW1X 7QA
BEACON CAPITAL GP LIMITED,13146875,active,ltd,,20-01-2021,20-01-2021,[66300],C/O Blick Rothenberg London United Kingdom null
CENKOS NOMINEE UK LIMITED,05380974,active,ltd,,02-03-2005,02-03-2005,[66300],1 Bartholomew Close London England EC1A 7BL
CENKOS SECURITIES (TRUSTEES) LIMITED,05780209,active,ltd,,13-04-2006,13-04-2006,"[66110, 66300]",1 Bartholomew Close London England EC1A 7BL
TITAN HOLDINGS GROUP OF COMPANIES LTD,12424137,active,ltd,,24-01-2020,24-01-2020,"[64209,64303, 66300]",128 City Road London EC1V 2NX
JMRC65 LIMITED,16157809,active,ltd,,31-12-2024,31-12-2024,[66300],5 The Grange Lymington England SO41 0ZR
MARKOWITZ LEGEND INVESTMENT LIMITED,15383923,active,ltd,,03-01-2024,03-01-2024,"[64205,64304,66190, 66300]",71-75 Shelton Street London United Kingdom WC2H 9JQ
ANTICG I GP LIMITED,13822992,active,ltd,,30-12-2021,30-12-2021,[66300],Censeo House St. Albans England AL1 3LF
CLEVER INVESTMENT MANAGEMENT LTD,13850171,active,ltd,,14-01-2022,14-01-2022,[66300],Watergate House Chester United Kingdom CH1 2LF
PELHAM CAPITAL INVESTMENTS LTD,07478009,active,ltd,,23-12-2010,23-12-2010,[66300],25 Bury Street London England SW1Y 6AL
WESTWICK CAPITAL LIMITED,12150544,active,ltd,,12-08-2019,12-08-2019,[66300],Westwick Lock House Westwick York United Kingdom YO51 9NH
LOGIC INTERNATIONAL LTD,11913832,active,ltd,,29-03-2019,29-03-2019,"[66300,82110, 82990]",3 Marshall Path London United Kingdom SE28 8DX
VISIONEDGEONE LTD,14147038,active,ltd,,01-06-2022,01-06-2022,"[64999,66300, 82990]",15 Half Moon Street London England W1J 7DZ
BEECHBROOK UK SME CREDIT II HOLDINGS PLC,11763030,active,plc,,11-01-2019,11-01-2019,[66300],C/O Alter Domus (Uk) Limited 10th Floor London United Kingdom EC3A 8BF
PEAR TREE PARTNERSHIP LTD,08424007,active,ltd,,28-02-2013,28-02-2013,"[58110,66300,68320, 70210]",Fulwood Godalming GU7 1QF
TIRYAKI FINANCIAL CONSULTING LTD,12993600,active,ltd,,03-11-2020,03-11-2020,"[56103,66300,70221, 70229]",C/O Fdca- Office 2 Bennet's House Harpenden England AL5 2HU
HJCS BUSINESS SOLUTIONS LTD,08029727,active,ltd,,13-04-2012,13-04-2012,[66300],Beckwith Barn Warren Estate Writtle England CM1 3WT
INTERZONE INVESTMENTS LTD,13178885,active,ltd,,04-02-2021,04-02-2021,"[66300, 68100]",271 High Street Berkhamsted England HP4 1AA
AMULET PRIVATE OFFICE LIMITED,10091224,active,ltd,,30-03-2016,30-03-2016,[66300],22 Long Street Grantham United Kingdom NG31 8LN
KALIX CAPITAL UK LIMITED,14701230,active,ltd,,02-03-2023,02-03-2023,[66300],71-75 Shelton Street London United Kingdom WC2H 9JQ
LCP INVESTMENT MANAGEMENT LIMITED,15319208,active,ltd,,30-11-2023,30-11-2023,[66300],30 Gresse Street Fitzrovia London United Kingdom W1T 1QR
MAYS CAPITAL LTD,11874600,active,ltd,,11-03-2019,11-03-2019,"[66300, 68100]",147 Stamford Hill London United Kingdom N16 5LG
RASE LOGISTICS LIMITED,07176873,active,ltd,,03-03-2010,03-03-2010,[66300],Oak Lodge Thorpe Lane Market Rasen England LN8 3XJ
CHEAFRICA LIMITED,11211185,active,private-limited-guarant-nsc,,19-02-2018,19-02-2018,[66300],Century House Northampton United Kingdom NN4 7HD
RUDOLF WOLFF LIMITED,03504633,active,ltd,,05-02-1998,05-02-1998,[66300],10 Orange Street London England WC2H 7DQ
JFKAPITAL LTD,16104942,active,ltd,,27-11-2024,27-11-2024,[66300],Unit A5 Quarry Park Old Milverton Lane Leamington Spa England CV32 6RW
PARADIGM PARTNERS TRUSTEE NO.1 LIMITED,10618226,active,ltd,,14-02-2017,14-02-2017,[66300],Paradigm House Lower Meadow Road Wilmslow England SK9 3ND
CONSCIOUS CAPITAL ASSET MANAGEMENT LTD,13933275,active,ltd,,22-02-2022,22-02-2022,"[66300,68100, 68320]",Flat 35 Free Trade Wharf London England E1W 3ES
FIRSTFUND LIMITED,SC687663,active,ltd,,01-02-2021,01-02-2021,[66300],7 Montgomery Street Lane Edinburgh United Kingdom EH7 5JT
FAIREY ASSOCIATES LIMITED,06535124,active,ltd,,14-03-2008,14-03-2008,"[66190,66220,66290, 66300]",Mayfield Farm Hungerdown Lane Colchester CO7 7LZ
BGF4 (NOMINEE) LIMITED,12465481,active,ltd,,15-02-2020,15-02-2020,[66300],Grafton House Towcester United Kingdom NN12 7LS
PURPLEYE INVESTMENTS LTD,13989763,active,ltd,,19-03-2022,19-03-2022,[66300],1 Wern Road Ammanford Wales SA18 1LN
SPORTS INVESTMENT PARTNERS (ADVISORY) LIMITED,07154733,active,ltd,,11-02-2010,11-02-2010,[66300],2nd Floor 67-68 Jermyn Street London England SW1Y 6NY
COMPOUND MANAGEMENT (UK) LIMITED,07566142,active,ltd,,16-03-2011,16-03-2011,[66300],23 Beaumont Mews London England W1G 6EN
EMERGING MARKETS INVESTMENT MANAGEMENT LIMITED,10788629,active,ltd,,25-05-2017,25-05-2017,[66300],80 Coleman Street London England EC2R 5BJ
ORROCK INVESTMENT MANAGEMENT LTD,06816307,active,ltd,,11-02-2009,11-02-2009,[66300],Beckwith Barn Warren Estate Writtle England CM1 3WT
LONG WINGS TRADING LTD,07583797,active,ltd,,30-03-2011,30-03-2011,[66300],14 A Gloucester Road London United Kingdom SW7 4RB
MOMENTUM INVESTMENT MANAGEMENT LIMITED,16138196,active,ltd,,16-12-2024,16-12-2024,[66300],124 City Road London United Kingdom EC1V 2NX
HIRE THAT MONEY LTD,08228039,active,ltd,,25-09-2012,25-09-2012,[66300],9 High Street Wellington England TA21 8QT
REDRICE I (SCOTLAND) LTD,SC683940,active,ltd,,17-12-2020,17-12-2020,[66300],50 Lothian Road Edinburgh Scotland EH3 9WJ
SAS MUTUAL CIC,12499719,active,private-limited-guarant-nsc,community-interest-company,05-03-2020,05-03-2020,[66300],Trigg House 11 Maisies Way South Normanton DE55 2DS
APNE LIMITED,09483083,active,ltd,,11-03-2015,11-03-2015,[66300],1c Henley Business Park Guildford England GU3 2DX
SARAS CAPITAL II GP LIMITED,15360510,active,ltd,,19-12-2023,19-12-2023,[66300],27 New Dover Road Canterbury England CT1 3DN
TCI FUND MANAGEMENT LIMITED,08898250,active,ltd,,17-02-2014,17-02-2014,[66300],7 Clifford Street London United Kingdom W1S 2FT
APPIAN BASE METALS MANAGEMENT LIMITED,16142415,active,ltd,,18-12-2024,18-12-2024,[66300],Level 5 45 Pall Mall London United Kingdom SW1Y 5JG
WURQI CAPITAL LIMITED,12342688,active,ltd,,02-12-2019,02-12-2019,[66300],Elthorne Gate Pinner England HA5 5QA
MODULAR EXTENSION LIMITED,12533310,active,ltd,,25-03-2020,25-03-2020,[66300],"Unit 2a,  Crown Business Park Rochdale England OL11 2PU"
RESOURCE ALLOCATION LIMITED,01737704,active,ltd,,07-07-1983,07-07-1983,"[65300, 66300]",10 Station Yard Twickenham TW1 4LJ
SRH INVESTMENTS,SC649378,active,private-unlimited,,11-12-2019,11-12-2019,[66300],3 Clairmont Gardens Glasgow Scotland G3 7LW
LUCIUS CAPITAL LTD,13287847,active,ltd,,24-03-2021,24-03-2021,[66300],206 Monument Court Woolners Way Stevenage England SG1 3BT
TATTON TRUST COMPANY LIMITED,13250551,active,private-limited-guarant-nsc,,08-03-2021,08-03-2021,[66300],Land Law Altrincham England WA14 1QB
WJH INVESTMENT CONSULTING LIMITED,04685399,active,ltd,,04-03-2003,04-03-2003,[66300],Heron Island Epsom KT18 7EH
BROMPTON REAL ESTATE HOLDINGS LIMITED,06891830,active,ltd,,29-04-2009,29-04-2009,[66300],1 Knightsbridge Green London SW1X 7QA
MIANSOMO INVESTMENTS LIMITED,13360886,active,ltd,,27-04-2021,27-04-2021,"[64301, 66300]",Blake House Stoke-On-Trent England ST3 1PQ
MAYFAIR EQUITY PARTNERS NOMINEES LIMITED,09519730,active,ltd,,31-03-2015,31-03-2015,[66300],8 Hanover Street London W1S 1YQ
BROMPTON INVESTMENT MANAGEMENT LIMITED,06865971,active,ltd,,01-04-2009,01-04-2009,[66300],1 Knightsbridge Green London SW1X 7QA
BRITE MOTORING LIMITED,11275974,active,ltd,,26-03-2018,26-03-2018,"[66220, 66300]",96 Warwick Avenue Harrow England HA2 8RD
UNIQUE CONSTRUCTION SOLUTIONS LTD,09847751,active,ltd,,29-10-2015,29-10-2015,"[66300, 77400]","Suite A,  Old Mill Farm Stansted Road Bishop's Stortford England CM22 6LL"
REVOLUX CAPITAL LTD,08714253,active,ltd,,02-10-2013,02-10-2013,"[41100,66300, 68310]",7 Bell Yard London England WC2A 2JR
SKIESFIFTY ASSET MANAGEMENT (UK) LIMITED,15631329,active,ltd,,09-04-2024,09-04-2024,[66300],86-87 Campden Street London England W8 7EN
EGMONT ADVISORY LIMITED,SC444209,active,ltd,,05-03-2013,05-03-2013,[66300],29 Commercial Street Dundee Scotland DD1 3DG
MAISONPARC LTD,10123355,active,ltd,,14-04-2016,14-04-2016,[66300],Greenstedes Brockenhurst England SO42 7SU
ROVERT SLLEW LIMITED,08037506,active,ltd,,19-04-2012,19-04-2012,[66300],1 The Vaults Lewes England BN7 2FR
MARUMIA LTD,09974142,active,ltd,,28-01-2016,28-01-2016,[66300],Jps Casterton Road Business Park Stamford United Kingdom PE9 4DE
BHA TRUSTEES LTD,11972687,active,ltd,,01-05-2019,01-05-2019,"[66120,66300, 68209]",168 Church Road Hove United Kingdom BN3 2DL
RAYAN A&P SERVICES LIMITED,16204182,active,ltd,,23-01-2025,23-01-2025,[66300],50 Vincent Gardens London England NW2 7RP
SEPTA FX GLOBAL LIMITED,13580641,active,ltd,,23-08-2021,23-08-2021,"[66120, 66300]",13580641 - COMPANIES HOUSE DEFAULT ADDRESS Cardiff CF14 8LH
PALMIER LTD,10120961,active,ltd,,13-04-2016,13-04-2016,[66300],Greenstedes Brockenhurst England SO42 7SU
RICHARD WILDE WEALTH SOLUTIONS LIMITED,09572551,active,ltd,,05-05-2015,05-05-2015,[66300],6 Penmere Drive Stoke On Trent United Kingdom ST9 0NG
LOMAND SERVICES LTD,10706877,active,ltd,,04-04-2017,04-04-2017,[66300],Beckwith Barn Warren Estate Chelmsford United Kingdom CM1 3WT
GRANGETTE LTD,10121535,active,ltd,,13-04-2016,13-04-2016,[66300],Greenstedes Brockenhurst England SO42 7SU
LATITUDE INVESTMENT GROUP LTD,10193549,active,ltd,,23-05-2016,23-05-2016,[66300],6 Arlington Street London England SW1A 1RE
MILLENNIA CAPITAL LIMITED,10727399,active,ltd,,18-04-2017,18-04-2017,"[64205,66110, 66300]",Level 3 207 Regent Street London United Kingdom W1B 3HH
COMMON MAGIC LTD,14621487,active,ltd,,27-01-2023,27-01-2023,[66300],"Unit 3,  Office A London England EC3R 8EE"
P.R LONDON AND MEDIA LTD,13848562,active,ltd,,14-01-2022,14-01-2022,"[58130,59111,63910, 66300]",37 Lynwood Avenue Langley SL3 7BJ
WUD CAPITAL LTD,15411696,active,ltd,,15-01-2024,15-01-2024,[66300],71-75 Shelton Street London United Kingdom WC2H 9JQ
4LWM LIMITED,07569385,active,ltd,,18-03-2011,18-03-2011,[66300],Lumaneri House Blythe Gate Solihull United Kingdom B90 8AH
QUINTEX WEALTH MANAGEMENT LIMITED,11369239,active,ltd,,17-05-2018,17-05-2018,[66300],32 Threadneedle Street London England EC2R 8AY
GKA INTERNATIONAL ASSET MANAGEMENT LIMITED,07232563,active,ltd,,22-04-2010,22-04-2010,[66300],6th Floor 55 King Street Manchester M2 4LQ
GKA INTERNATIONAL (NORTH AMERICA) LIMITED,07918509,active,ltd,,20-01-2012,20-01-2012,[66300],6th Floor Manchester M2 4LQ
ALCHEMI CAPITAL MANAGEMENT LIMITED,11326570,active,ltd,,24-04-2018,24-04-2018,[66300],27 Old Gloucester Street London England WC1N 3AX
INTERNATIONAL EDUCATION MANAGEMENT LTD 1 LIMITED,16157479,active,ltd,,31-12-2024,31-12-2024,"[66300,85421,85422, 85590]",128 City Road London United Kingdom EC1V 2NX
GARY ELLIOTT CONSULTING LTD,08555244,active,ltd,,04-06-2013,04-06-2013,[66300],Four Seasons Leatherhead England KT22 8LF
EMARI LTD,15561894,active,ltd,,14-03-2024,14-03-2024,[66300],364-368 Cranbrook Road Ilford England IG2 6HY
WISE UNIVERSAL GROUP LTD,14615225,active,ltd,,25-01-2023,25-01-2023,"[64205,64301,66110, 66300]",128 City Road London England EC1V 2NX
RAYMAR INVESTMENTS LIMITED,06226741,active,ltd,,25-04-2007,25-04-2007,[66300],Beckwith Barn Warren Estate Writtle England CM1 3WT
HINDE CAPITAL LTD,06207559,active,ltd,,10-04-2007,10-04-2007,[66300],Carpenters Meadow Udimore England TN31 6AD
NIELS SKOV INVESTMENT LTD,16222676,active,ltd,,01-02-2025,01-02-2025,"[64301,64304,66300, 70221]",201 Brox Road Chertsey England KT16 0RD
SPINNAKER CAPITAL LIMITED,03758622,active,ltd,,21-04-1999,21-04-1999,[66300],52 Jermyn Street London England SW1Y 6LX
YAVIN INVESTMENTS LTD,08961177,active,ltd,,26-03-2014,26-03-2014,[66300],Field House Utterby United Kingdom LN11 0TH
DYNAMIC STABILITY LIMITED,04241542,active,ltd,,26-06-2001,26-06-2001,[66300],14 Old Queen Street London England SW1H 9HP
HONEY BADGER SCIENCE IT LTD,15468382,active,ltd,,05-02-2024,05-02-2024,"[66300,71122,72110, 74909]",Flat 6 122 Waddon New Road Croydon England CR0 4JF
IMPERIAL ARBITRAGE CAPITAL LIMITED,10530467,active,ltd,,17-12-2016,17-12-2016,"[64205,64304,64999, 66300]",28 Barlow Drive London United Kingdom SE18 4NE
C.M.B. ENERGY LTD,08860221,active,ltd,,24-01-2014,24-01-2014,[66300],C/O Kidd Rapinet Llp London E14 9GE
LVP OPPORTUNITY (TRUSTEE) II LIMITED,16237706,active,ltd,,07-02-2025,07-02-2025,[66300],25 Eccleston Place London England SW1W 9NF
3I AURA GP (2022) LIMITED,14097808,active,ltd,,10-05-2022,10-05-2022,"[64205, 66300]",1 Knightsbridge London United Kingdom SW1X 7LX
3I EUROPEAN MID-MARKET INFRASTRUCTURE GP (2024) LIMITED,16061340,active,ltd,,05-11-2024,05-11-2024,"[64205, 66300]",1 Knightsbridge London United Kingdom SW1X 7LX
JSL INVESTMENTS LIMITED,09099396,active,ltd,,24-06-2014,24-06-2014,[66300],The Old Mill Mill Yard Cobham KT11 3NE
GREED MANAGERS LIMITED,13940838,active,ltd,,25-02-2022,25-02-2022,"[62020,64991,66300, 71200]",27 Old Gloucester Street London United Kingdom WC1N 3AX
MAUNBY NOMINEES LTD,01985459,active,ltd,,04-02-1986,04-02-1986,[66300],30 Market Place West Ripon England HG4 1BN
GORE STREET INTERNATIONAL LIMITED,15424403,active,ltd,,18-01-2024,18-01-2024,[66300],First Floor London United Kingdom W1W 8BP
EPSOM PROPERTIES LIMITED,09254321,active,ltd,,08-10-2014,08-10-2014,"[66120, 66300]",Diamond House C/O Lower Richmond Properties Richmond England TW9 4LN
3I IP ACQUISITIONS LIMITED,12668132,active,ltd,,13-06-2020,13-06-2020,"[64205, 66300]",1 Knightsbridge London United Kingdom SW1X 7LX
ENGAGE FINANCIAL SERVICES LTD,10609552,active,ltd,,08-02-2017,08-02-2017,"[64999,66300, 70221]",159 High Street Barnet England EN5 5SU
LIONSON INVESTMENTS LIMITED,10745487,active,ltd,,28-04-2017,28-04-2017,[66300],27 Mulberry Walk London United Kingdom SW3 6DZ
LEADING INVESTMENT GROUP LTD,16250772,active,ltd,,13-02-2025,13-02-2025,"[66300,68100, 68310]",20 Wenlock Road London England N1 7GU
ZED2 LIMITED,NI636462,active,ltd,,17-02-2016,17-02-2016,[66300],366 Upper Newtownards Road Belfast United Kingdom BT4 3EX
PANIMA CAPITAL MANAGEMENT LIMITED,09256383,active,ltd,,09-10-2014,09-10-2014,[66300],First Floor (North) Five Kings' House London United Kingdom EC4R 1QS
GATEWAY FINANCIAL ADVISERS (UK) LTD,07261628,active,ltd,,21-05-2010,21-05-2010,"[64302,65110,65300, 66300]",170 Upper New Walk Leicester LE1 7QA
JOBS UK CHORLEY LTD,15334304,active,ltd,,07-12-2023,07-12-2023,"[64921,64929,66300, 78200]",270 Slade Road Birmingham England B23 7LX
SYCAMORE GAP MANAGEMENT LTD,15475843,active,ltd,,09-02-2024,09-02-2024,[66300],31 Walton Street London England SW3 2HU
GREAT HOMES UK PROPERTY LTD,14672096,active,ltd,,17-02-2023,17-02-2023,"[66300,68100,68209, 68310]",Parsons Farm Warren Corner Petersfield England GU32 1BJ
ADVICE ECOSYSTEM TECHNOLOGIES LIMITED,15564560,active,ltd,,15-03-2024,15-03-2024,[66300],10th Floor 135 Bishopsgate London United Kingdom EC2M 3TP
ARJUN INFRASTRUCTURE PARTNERS LIMITED,09431213,active,ltd,,10-02-2015,10-02-2015,[66300],"Loddon Reach,  Reading Road Reading England RG2 9HU"
SCA ALLIANCE LIMITED,14716599,active,ltd,,08-03-2023,08-03-2023,"[64205,64303,66120, 66300]",277 Gray's Inn Road London United Kingdom WC1X 8QF
ATLAS INFRASTRUCTURE PARTNERS (UK) LTD,10605792,active,ltd,,07-02-2017,07-02-2017,[66300],4th Floor Phoenix House Reading United Kingdom RG1 1NB
VERTIS PRIVATE WEALTH MANAGEMENT LIMITED,07934669,active,ltd,,03-02-2012,03-02-2012,[66300],Campion House Kidderminster DY10 1JL
HENSTOCK CAPITAL LIMITED,09805963,active,ltd,,02-10-2015,02-10-2015,[66300],124 City Road London England EC1V 2NX
APG PI NO6 LIMITED,16270427,active,ltd,,24-02-2025,24-02-2025,[66300],29 York Street London United Kingdom W1H 1EZ
