company_name,company_number,company_type,incorporation_date,nature_of_business,registered_office_address,_score
CAMBRIDGE ASSOCIATES LIMITED,06135829,ltd,05-03-2007,"[64999,66190,66300, 96090]",62 Buckingham Gate London England SW1E 6AJ,15.0
TWO SIGMA INTERNATIONAL LIMITED,06486331,ltd,28-01-2008,"[64999,66120,66190, 66300]",Level 5 7 Devonshire Square London United Kingdom EC2M 4YH,15.0
SAUNDERSON HOUSE LIMITED,00940473,ltd,14-10-1968,"[64999,65110,65120, 66300]",30 Gresham Street London England EC2V 7QN,15.0
SAINTEMP INVESTMENTS LIMITED,05961819,ltd,10-10-2006,"[41100,66300,70229, 72190]",C/O Citygate Accountants Unit 1.01 East London Business Centre London England E1 1EJ,15.0
TRADERISKS LIMITED,04042506,ltd,28-07-2000,"[64999,66120,66300, 70229]",5 New Street Square London England EC4A 3TW,15.0
HR BANK LIMITED,04707000,ltd,21-03-2003,"[64929,64999,66110, 66300]",7 Bell Yard London England WC2A 2JR,15.0
COZETTE LTD,06969733,ltd,22-07-2009,"[64209,64304,64999, 66300]",4 Wimbledon Close London England SW20 8HW,15.0
GOLDCAPITAL INVESTMENTS LTD.,07107266,ltd,17-12-2009,"[64205,66110,66300, 82990]",27 Scott Gardens London England TW5 9JU,15.0
PHILIP J MILTON & COMPANY PLC,03233275,plc,02-08-1996,"[64205,64999, 66300]",Choweree House Barnstaple England EX31 1RP,15.0
MOMOESSA CAPITAL MANAGEMENT LIMITED,06819957,ltd,16-02-2009,"[64209,64303,64999, 66300]",Kemp House 160 City Road London United Kingdom EC1V 2NX,15.0
ESS GROUP INTERNATIONAL LTD,07710145,ltd,19-07-2011,"[41100,62020,66300, 82990]",3rd Floor 207 Regent Street London W1B 3HH,14.5
RESI CAPITAL MANAGEMENT LIMITED,07588964,ltd,04-04-2011,"[64999,66120,66190, 66300]",5 New Street Square London England EC4A 3TW,14.5
AGENZIA LIGURIA RUSSIA LTD,07808773,ltd,13-10-2011,"[64301,64999,66300, 82110]",167-169 Great Portland Street London W1W 5PF,14.5
MORNINGSTAR WEALTH ADMINISTRATION LIMITED,06016828,ltd,04-12-2006,"[64304,66190, 66300]",1 Oliver's Yard London England EC1Y 1HQ,14.0
B KING ASSOCIATES LTD,07477764,ltd,23-12-2010,"[63990,66300, 82990]",Flat 3 North Lodge London N22 7UB,14.0
MASTER FINCAPITAL LTD,07431816,ltd,08-11-2010,"[66190,66300, 70229]",C/O Rpgcc London England EC3V 0BT,14.0
PIERS COURT CAPITAL LIMITED,07454416,ltd,29-11-2010,"[64303,64999, 66300]",65 Cadogan Square London SW1X 0DY,14.0
PHOENIX UNIVERSAL  SOLUTIONS LIMITED,07116827,ltd,05-01-2010,"[66110,66120,66300, 70229]",10 Offord Grove Offord Grove Watford England WD25 7NE,14.0
FLUID7 LIMITED,05826599,ltd,23-05-2006,"[64999,66190,66300, 82990]",C11 Generator Hall Electric Wharf Coventry England CV1 4JL,14.0
MARSHALL STERLING ASSET MANAGEMENT LIMITED,06773042,ltd,15-12-2008,"[64303,64999, 66300]",27 Old Gloucester Street London England WC1N 3AX,14.0
MAHER BROWNSWORD LIMITED,04460050,ltd,13-06-2002,"[64922,66300,70221, 82990]",10 Guild Street Stratford-Upon-Avon CV37 6RE,14.0
CITY TRAINING LIMITED,03734888,ltd,17-03-1999,"[66120,66190,66300, 70221]",19 The Ridgeway null N3 2PG,14.0
STOCKDALE STREET LIMITED,04481271,ltd,09-07-2002,"[64205,66300, 70221]",1 Charterhouse Street London EC1N 6SA,14.0
AXM VENTURE CAPITAL (HOLDINGS) LIMITED,05355331,ltd,07-02-2005,"[64205,66300, 70229]",57g Randolph Avenue London W9 1BQ,14.0
PROMARKET INTERNATIONAL PLC,08251885,plc,12-10-2012,"[64205,64921,66220, 66300]","Unit 3,  Office A,  1st Floor London England EC3R 8EE",14.0
SAGE & HERMES LIMITED,02958215,ltd,12-08-1994,"[58110,58141,66190, 66300]",44 Worthington Road Surrey KT6 7RX,14.0
BOSTON INVESTMENT MANAGEMENT GROUP LIMITED,01007782,ltd,14-04-1971,"[64205,64303,66300, 70229]",Wildwoods Beaconsfield HP9 2NR,14.0
QUANTUM ENGINEERING CONSULTANCY LTD,07172848,ltd,01-03-2010,"[64303,64999,66300, 71122]",33a Norfolk Street Sunderland SR1 1EE,14.0
DUKE GODLEY FINANCIAL PLANNING LIMITED,02268794,ltd,17-06-1988,"[64999,65110,66220, 66300]",Congress House Harrow HA1 2EN,14.0
CAPITAL OIL LIMITED,05637488,ltd,28-11-2005,"[64209,64304,64999, 66300]",Office 1 Hatherton Court Walsall England WS4 2LA,14.0
SKYBOUND FINANCIAL PLANNING LIMITED,03116941,ltd,23-10-1995,"[65110,65300,66190, 66300]",Solent Business Park 4500 Parkway Fareham England PO15 7AZ,14.0
CONSULTIST LIMITED,04701671,ltd,18-03-2003,"[46900,66300,70229, 73200]",11 Middle Way Oxford England OX2 7LH,14.0
PLATINUM PURE CAPITAL LIMITED,07028208,ltd,23-09-2009,"[66120,66190, 66300]",236 Creighton Avenue London England N2 9BD,14.0
Z-VISIONS INNOVATIONS & PROJECT DEVELOPMENT LTD,08090382,ltd,31-05-2012,"[64303,64306,66300, 70229]",71-75 Shelton Street London United Kingdom WC2H 9JQ,14.0
UNITED INTERCONSULTING LIMITED,08029256,ltd,13-04-2012,"[64301,66300,70210, 70229]",85 Great Portland Street London England W1W 7LT,14.0
AITI HOLDINGS LIMITED,03949333,ltd,16-03-2000,"[66300,70221, 70229]",5th Floor 22 Eastcheap London England EC3M 1EU,14.0
BUSINESS MONEYBOX (SERVICES) LTD,07167287,ltd,24-02-2010,"[66300,68100, 70229]",117 Harlesden Road London England NW10 2BT,14.0
FAIREY ASSOCIATES LIMITED,06535124,ltd,14-03-2008,"[66190,66220,66290, 66300]",Mayfield Farm Hungerdown Lane Colchester CO7 7LZ,14.0
SAPIENTI LIMITED,07756538,ltd,30-08-2011,"[41100,66300,68209, 70229]",82a James Carter Road Officeserv Mildenhall England IP28 7DE,13.5
BEAUCLERC ADVISORY SERVICES LIMITED,07759898,ltd,02-09-2011,"[64999,66190, 66300]",20 North Audley Street London England W1K 6LX,13.5
JAY CAPITAL LTD,08386976,ltd,04-02-2013,"[64991,64999,66120, 66300]",3rd Floor Suite London England W1B 3HH,13.5
BEDROCK ASSET MANAGEMENT (UK) LTD,05171393,ltd,06-07-2004,"[66300, 70221]",33 Glasshouse Street London United Kingdom W1B 5DG,13.0
MURRAY ROUND WEALTH MANAGEMENT LIMITED,04010289,ltd,08-06-2000,"[66190,66290, 66300]",2 Claremont Bank Salop SY1 1RW,13.0
CHANTERELLE UNDERWRITING LIMITED,03853053,ltd,29-09-1999,"[65120,65202,65300, 66300]",5th Floor 40 Gracechurch Street London England EC3V 0BT,13.0
PARK FARM UNDERWRITING LIMITED,03848332,ltd,21-09-1999,"[65120,65202,65300, 66300]",5th Floor 40 Gracechurch Street London England EC3V 0BT,13.0
IAM INVEST LTD,04007950,ltd,05-06-2000,"[66300,70221, 82990]",4 Hill Street null W1J 5NE,13.0
WELLINGTON MANAGEMENT INTERNATIONAL LIMITED,04283513,ltd,07-09-2001,"[66300, 70221]",Cardinal Place London SW1E 5JL,13.0
BLACKROCK ADVISORS (UK) LIMITED,00796793,ltd,18-03-1964,"[64999, 66300]",12 Throgmorton Avenue London EC2N 2DL,13.0
BLACKROCK INVESTMENT MANAGEMENT (UK) LIMITED,02020394,ltd,16-05-1986,"[64999, 66300]",12 Throgmorton Avenue London EC2N 2DL,13.0
CLEAR FINANCIAL SOLUTIONS (MIDLANDS) LTD,07081690,ltd,19-11-2009,"[66190,66290, 66300]",195 Sandbed Lane Belper England DE56 0SL,13.0
HANSON ASSET MANAGEMENT LTD,07199183,ltd,23-03-2010,"[64999, 66300]",6 Arlington Street London SW1A 1RE,13.0
IAN DAVENPORT LIMITED,03848333,ltd,21-09-1999,"[65120,65202,65300, 66300]",5th Floor 40 Gracechurch Street London England EC3V 0BT,13.0
ALTIR UNDERWRITING LIMITED,03849926,ltd,24-09-1999,"[65120,65202,65300, 66300]",5th Floor 40 Gracechurch Street London England EC3V 0BT,13.0
KILLYGOWAN LIMITED,03829477,ltd,17-08-1999,"[65120,65202,65300, 66300]",5th Floor 40 Gracechurch Street London England EC3V 0BT,13.0
PB UNDERWRITING LIMITED,03852294,ltd,28-09-1999,"[65120,65202,65300, 66300]",5th Floor 40 Gracechurch Street London England EC3V 0BT,13.0
FORWARD UNDERWRITING LIMITED,03852289,ltd,28-09-1999,"[65120,65202,65300, 66300]",5th Floor 40 Gracechurch Street London England EC3V 0BT,13.0
FERRAVALE LIMITED,03641384,ltd,25-09-1998,"[65120,65202,65300, 66300]",5th Floor 40 Gracechurch Street London England EC3V 0BT,13.0
YATI CAPITAL LIMITED,07049453,ltd,20-10-2009,"[66190, 66300]",50 Braeburn Mansions 5 Mary Neuner Road London England N8 0FA,13.0
A J BUCKLEY ASSET MANAGEMENT LIMITED,02730015,ltd,09-07-1992,"[64999,66190, 66300]",The Old Rectory Weybridge KT13 8DE,13.0
KING & SHAXSON ASSET MANAGEMENT LIMITED,03870667,ltd,03-11-1999,"[64999, 66300]",155 Fenchurch Street London England EC3M 6AL,13.0
KNIGHT DOLLYS LIMITED,03853046,ltd,29-09-1999,"[65120,65202,65300, 66300]",5th Floor 40 Gracechurch Street London England EC3V 0BT,13.0
AINSWORTH CAPITAL LIMITED,07300332,ltd,30-06-2010,"[62020,66300, 70229]",22 The Chase Reigate RH2 7DH,13.0
CAPITAL INTERNATIONAL LIMITED,01613098,ltd,11-02-1982,"[64999, 66300]",1 Paddington Square London United Kingdom W2 1GL,13.0
CREATIVE CAPITAL FUND GENERAL PARTNER LIMITED,05349344,ltd,01-02-2005,"[66300, 70229]",57g Randolph Avenue London W9 1BQ,13.0
CAPEL COURT LIMITED,02686967,ltd,12-02-1992,"[64999,66120, 66300]",The Pavilions Eden Park Bristol United Kingdom BS20 0DD,13.0
INGATESTONE GOVERNANCE AND COMPLIANCE LIMITED,07447290,ltd,22-11-2010,"[64205,64304,66300, 68100]",146 New London Road Chelmsford England CM2 0AW,13.0
APOLLO MEDIA LTD,03192726,ltd,30-04-1996,"[59111,59113,64303, 66300]",Flat 8 30 Redcliffe Square London England SW10 9JY,13.0
COMMITTED CAPITAL LIMITED,04479415,ltd,08-07-2002,"[66300, 82990]",148-150 Buckingham Palace Road London England SW1W 9TR,13.0
BANQUE CAPITAL SUISSE LTD,08041240,ltd,23-04-2012,"[64205,64999,66300, 70100]",08041240 - COMPANIES HOUSE DEFAULT ADDRESS Cardiff CF14 8LH,13.0
SORS ASSET MANAGEMENT EUROPE LIMITED,07342518,ltd,11-08-2010,"[64999, 66300]",23 Berkeley Square London England W1J 6EJ,13.0
SELLEK WEALTH MANAGEMENT LIMITED,07243432,ltd,05-05-2010,"[66190,66290, 66300]",Hyak House Cheltenham GL54 5TH,13.0
MILBURN UNDERWRITING LIMITED,05227017,ltd,09-09-2004,"[65120,65202,65300, 66300]",5th Floor 70 Gracechurch Street London England EC3V 0XL,13.0
CAPRICORN FUND MANAGERS LIMITED,06849383,ltd,17-03-2009,"[64999, 66300]",2nd Floor Malta House London W1J 0DP,13.0
JENNER UNDERWRITING LIMITED,03849918,ltd,24-09-1999,"[65120,65202,65300, 66300]",5th Floor 40 Gracechurch Street London England EC3V 0BT,13.0
KILLIN UNDERWRITING LIMITED,03830302,ltd,18-08-1999,"[65120,65202,65300, 66300]",5th Floor 40 Gracechurch Street London England EC3V 0BT,13.0
INVESCO ASSET MANAGEMENT LIMITED,00949417,ltd,07-03-1969,"[66300,70100, 82990]",Perpetual Park Henley-On-Thames RG9 1HH,13.0
SCHRODER INVESTMENT MANAGEMENT LIMITED,01893220,ltd,07-03-1985,"[64999, 66300]",1 London Wall Place London England EC2Y 5AU,13.0
WELLES UNDERWRITING LIMITED,05226381,ltd,09-09-2004,"[65120,65202,65300, 66300]",5th Floor 40 Gracechurch Street London England EC3V 0BT,13.0
STAR CAPITAL PARTNERS LIMITED,03862379,ltd,15-10-1999,"[66300, 82990]",15th Floor 33 Cavendish Square London England W1G 0PW,13.0
PETER JOHNSON FINANCIAL PLANNING LTD,08248086,ltd,10-10-2012,"[65110,65300,66190, 66300]",13 Trinity Square Llandudno LL30 2RB,13.0
KELVEDON INVESTMENTS LTD,07242991,ltd,04-05-2010,"[66300,70229, 82990]",14b South Park Drive Gerrards Cross United Kingdom SL9 8JH,13.0
GL INTEGRITY FINANCIAL PLANNING LTD,05814248,ltd,11-05-2006,"[64999,66290, 66300]",Bristol & Bath Science Park Bristol & Bath Science Park Bristol England BS16 7FR,13.0
POLUS CAPITAL MANAGEMENT LIMITED,04885685,ltd,03-09-2003,"[64999, 66300]",Asticus Building London United Kingdom SW1H 0AD,13.0
CAPITAL PARTNERS LONDON LIMITED,03882524,ltd,24-11-1999,"[64999,66300, 82990]",C/O Gkp Viglen House Wembley England HA0 1HD,13.0
CAPITAL DYNAMICS LIMITED,02215798,ltd,01-02-1988,"[64999, 66300]",16 St. Martin's Le Grand London England EC1A 4EN,13.0
ALTERA PARTNERS MANAGEMENT LIMITED,04945309,ltd,28-10-2003,"[64999, 66300]",Berkeley Square House 2nd Floor Berkeley Square House London England W1J 6BD,13.0
ENVIRONMENTAL FINANCE LIMITED,08195029,ltd,29-08-2012,"[64303,66300, 70229]","W106 Vox Studios,  1-45 Durham Street London England SE11 5JH",13.0
RECLAIM FUND LTD,07344884,ltd,13-08-2010,"[64999, 66300]",27 Old Gloucester Street London United Kingdom WC1N 3AX,13.0
IMPAX ASSET MANAGEMENT LIMITED,03583839,ltd,18-06-1998,"[66300, 82990]",7th Floor 30 Panton Street London England SW1Y 4AJ,13.0
SORBIETREES UNDERWRITING LIMITED,04521649,ltd,29-08-2002,"[65120,65202,65300, 66300]",5th Floor 40 Gracechurch Street London England EC3V 0BT,13.0
GORE ANDREWS NAMECO LIMITED,03852297,ltd,28-09-1999,"[65120,65202,65300, 66300]",5th Floor 40 Gracechurch Street London England EC3V 0BT,13.0
VALENTINE UNDERWRITING LIMITED,03637376,ltd,18-09-1998,"[65120,65202,65300, 66300]",5th Floor 40 Gracechurch Street London England EC3V 0BT,13.0
A G SADOWSKI UNDERWRITING LIMITED,03840766,ltd,08-09-1999,"[65120,65202,65300, 66300]",5th Floor 40 Gracechurch Street London England EC3V 0BT,13.0
FINDOMESTIC LTD,08141652,ltd,12-07-2012,"[62090,64999,66300, 70229]",08141652 - COMPANIES HOUSE DEFAULT ADDRESS Cardiff CF14 8LH,13.0
AXM VENTURE CAPITAL LIMITED,05089856,ltd,31-03-2004,"[66300, 70229]",57g Randolph Avenue London W9 1BQ,13.0
SPARROWS CAPITAL LIMITED,08623416,ltd,24-07-2013,"[66190,66300, 70221]",35-37 Ludgate Hill London England EC4M 7JN,12.5
INGENIOUS CAPITAL MANAGEMENT LIMITED,07728908,ltd,04-08-2011,"[66300, 82990]",Myo Piccadilly London United Kingdom W1F 7BL,12.5
KHAGA LIMITED,07548762,ltd,02-03-2011,"[66300,68100,68310, 68320]",Flat 6 Fitzjohns Avenue London England NW3 6NP,12.5
SKF TRADING LIMITED,07678618,ltd,22-06-2011,"[66190, 66300]",181 Queen Victoria Street London England EC4V 4EG,12.5
FORTUNE TRADING & CONSULTANCY LTD,07501359,ltd,21-01-2011,"[64999,66300, 78109]",98 Parkway Erith England DA18 4HH,12.5
LOTUS INVESTMENT MANAGEMENT LTD,07765801,ltd,07-09-2011,"[66300, 70221]",33 Glasshouse Street London United Kingdom W1B 5DG,12.5
EPN INTERNATIONAL LIMITED,08688921,ltd,12-09-2013,"[64209,64999,66300, 68100]",103 High Street Waltham Cross England EN8 7AN,12.5
CLOUDBREAK LTD,07654377,ltd,01-06-2011,"[66300, 70229]","C/O Gorrie Whitson Limited,  1st Floor,  Cromwell House London England WC1V 6HZ",12.5
DREAM ADVERTISING LTD,09507691,ltd,25-03-2015,"[62090,64999,66300, 73110]",71-75 Shelton Street London England WC2H 9JQ,12.5
WISEST LIMITED,09541939,ltd,14-04-2015,"[64209,66300,69201, 70229]",25 Norway Gate London England SE16 7TR,12.5
CHIMARA LIMITED,08986533,ltd,08-04-2014,"[63990,64999, 66300]",124 City Road 124 City Road London United Kingdom EC1V 2NX,12.0
BORDIER & CIE (UK) PLC,01583393,plc,01-09-1981,[66300],23 King Street London SW1Y 6QY,12.0
ELLIOT FLETCHER LIMITED,05147846,ltd,08-06-2004,"[64999, 66300]",Yorkshire House 4th Floor Liverpool United Kingdom L3 9AG,12.0
FLETCHER KING INVESTMENT MANAGEMENT PLC,05862811,plc,30-06-2006,[66300],19-20 Great Pulteney Street London England W1F 9NF,12.0
COLLINS SARRI STATHAM INVESTMENTS LIMITED,06539190,ltd,19-03-2008,"[64999, 66300]",138 Fortis Green Road Muswell Hill United Kingdom N10 3DU,12.0
OMNICLOUT LIMITED,10314683,ltd,05-08-2016,"[46900,66110,66300, 70229]",2 - 8 Scrutton Street London England EC2A 4RT,12.0
INVESCO FUND MANAGERS LIMITED,00898166,ltd,14-02-1967,"[64999, 66300]",Perpetual Park Henley-On-Thames United Kingdom RG9 1HH,12.0
STARHA ENTERPRISES UK LTD,10389120,ltd,22-09-2016,"[62020,64205,66300, 70229]",32 St George Street London United Kingdom W1S 2EA,12.0
OAKRIDGE FINANCIAL PLANNING LIMITED,04477172,ltd,04-07-2002,"[65300,66220,66290, 66300]",197 Bakers Ground Bristol BS34 8GE,12.0
MARSHALL ZOING LIMITED,04615794,ltd,12-12-2002,"[66190, 66300]",Third Floor Liverpool United Kingdom L3 9SJ,12.0
SYNERGIC LINKS LIMITED,06277715,ltd,13-06-2007,"[62020,64205,65202, 66300]",164 Forum House Empire Way Wembley England HA9 0HL,12.0
AYRES PUNCHARD INVESTMENT MANAGEMENT LIMITED,06746940,ltd,11-11-2008,"[66190, 66300]",Tudor Mead Newport Road Ventnor PO38 2DF,12.0
RICHMOND SPRING CAPITAL PARTNERS LTD,10367157,ltd,09-09-2016,"[66190,66300,68100, 70229]",7 Stratford Place London England W1C 1AY,12.0
J H LOWSON & COMPANY LIMITED,08013456,ltd,30-03-2012,"[64999,66220, 66300]",16 Dalton Square Lancaster England LA1 1PL,12.0
HEDLEY & COMPANY STOCKBROKERS LIMITED,06355300,ltd,29-08-2007,"[64999, 66300]",Suite 20 Manor Court Salesbury Hall Road Preston England PR3 3XR,12.0
MAZAL E&Y LTD,06522503,ltd,04-03-2008,"[64303,66300, 68100]",35 Ballards Lane London N3 1XW,12.0
VR FINANZ E.G.,08867022,private-unlimited-nsc,29-01-2014,"[64205,66300,70221, 82990]",Companyplanet Unit Hounslow/Greater London England TW4 6JQ,12.0
CLIMATE INSULATION LIMITED,06869211,ltd,03-04-2009,"[41202,43999,66300, 96090]",Sovereign House Cheadle SK8 2EA,12.0
FINANCIAL LINK LIMITED,02106689,ltd,05-03-1987,"[64301,65110,65300, 66300]",29 Wayland Avenue Brighton England BN1 5LW,12.0
CAPDESIA GROUP LIMITED,10428605,ltd,14-10-2016,"[64303,64999,66300, 70229]",16 Great Queen Street London United Kingdom WC2B 5AH,12.0
HIP EUROPE MANAGEMENT LTD,06487588,ltd,29-01-2008,"[66300, 70221]",Dept 302 43 Owston Road Doncaster England DN6 8DA,12.0
TMS CAPITAL LIMITED,03960337,ltd,30-03-2000,"[64999, 66300]",The Innovation Centre University Way Bedford MK43 0BT,12.0
CHARLWOOD IFA LIMITED,04820268,ltd,03-07-2003,"[65110,65120,65300, 66300]",35 Seamoor Road Bournemouth BH4 9AE,12.0
REAL FOR INVESTMENT LTD.,10310154,ltd,03-08-2016,"[64304,64999,66120, 66300]",4 Greystoke Gardens London W5 1EP,12.0
SAND AIRE LIMITED,03066958,ltd,12-06-1995,"[64302,64304, 66300]",1 London Wall Place London England EC2Y 5AU,12.0
MAX OFFSHORE LIMITED,09072068,ltd,05-06-2014,"[63110,64304,66300, 70229]",364 West Road Newcastle Upon Tyne United Kingdom NE4 9JY,12.0
FINDON HOUSE LIMITED,10475767,ltd,14-11-2016,"[64209,64304,64999, 66300]",4 Wimbledon Close London England SW20 8HW,12.0
RED BOX SERVICES (UK) LTD,09001123,ltd,17-04-2014,"[23990,66300, 70229]",71-75 Shelton Street London WC2H 9JQ,12.0
EVOLVE CONSULTING UK LIMITED,04387680,ltd,05-03-2002,"[66300,68320, 78109]",607 Corson House City Island Way London England E14 0TL,12.0
FORESIGHT ENTERPRISE VCT PLC,03506579,plc,03-02-1998,[66300],The Shard London SE1 9SG,12.0
JOINT VENTURES (INVESTMENTS) LIMITED,04381821,ltd,26-02-2002,"[66300,68100,68209, 68320]",23 Canons Close Radlett WD7 7ER,12.0
FS FIRST SOLUTIONS LIMITED,08006945,ltd,26-03-2012,"[64999, 66300]",37th Floor 1 Canada Square London United Kingdom E14 5AA,12.0
UTILITIES INVESTMENT RESEARCH LIMITED,03034260,ltd,17-03-1995,"[64999, 66300]",58 Southdean Gardens null SW19 6NU,12.0
RACEFIELDS LTD,06718275,ltd,08-10-2008,"[66190, 66300]",Highlands House Highlands Oldham England OL2 5HP,12.0
MENEXCEL LIMITED,07974625,ltd,02-03-2012,"[64209,64303,66300, 72190]",85a Creffield Road London W3 9PU,12.0
SOURCE OF INSPIRATION LIMITED,02957266,ltd,10-08-1994,"[66300, 70229]",5 Hawley Drive Altrincham England WA15 0DP,12.0
MATTHEW J STOREY LIMITED,05526019,ltd,02-08-2005,"[64999, 66300]",Upper Farm Chippenham England SN14 7AG,12.0
FORESIGHT VCT PLC,03421340,plc,19-08-1997,[66300],C/O Foresight Group Llp The Shard London United Kingdom SE1 9SG,12.0
IMPERIAL ARBITRAGE CAPITAL LIMITED,10530467,ltd,17-12-2016,"[64205,64304,64999, 66300]",28 Barlow Drive London United Kingdom SE18 4NE,12.0
GATEWAY FINANCIAL ADVISERS (UK) LTD,07261628,ltd,21-05-2010,"[64302,65110,65300, 66300]",170 Upper New Walk Leicester LE1 7QA,12.0
EGOY DISTRIBUTION LIMITED,08702913,ltd,24-09-2013,"[66300, 70229]",Care Of Goldwins Ltd London England NW6 2EG,11.5
LOGEX LTD,11126296,ltd,28-12-2017,"[64303,64304,66190, 66300]","Studio No. 28,  138 Marylebone Road London England NW1 5PH",11.5
SINCLAIR ADVISORY SERVICES LTD.,07595733,ltd,07-04-2011,"[47910,58190,66300, 90030]",Elklands Petworth England GU28 0EA,11.5
DIGICROP TECHNOLOGIES LTD.,10583740,ltd,25-01-2017,"[66300,70210,70221, 70229]",71-75 Shelton Street London England WC2H 9JQ,11.5
INVESTING IN YOUR FUTURE LIMITED,08416754,ltd,25-02-2013,"[46341,46342,64191, 66300]",36 Westlake Rotherhithe New Road London SE16 2BW,11.5
GLADMAX GROUP LIMITED,10790521,ltd,26-05-2017,"[66300,68100,70100, 82990]",31 Belson Road London England SE18 5PU,11.5
SIMPLY EFFECTIVE SOLUTIONS LTD,SC497134,ltd,06-02-2015,"[66300,70100,70229, 82990]",SC497134 - COMPANIES HOUSE DEFAULT ADDRESS Edinburgh EH7 9HR,11.5
HAVISHAM ASSETS LIMITED,08379611,ltd,29-01-2013,"[56102,66300, 70229]",Level 12 Thames Tower Reading England RG1 1LX,11.5
SYMVAN CAPITAL LIMITED,08772369,ltd,12-11-2013,"[64999, 66300]",2 London Wall Place London England EC2Y 5AU,11.5
ADVON SOLUTIONS LIMITED,11088559,ltd,29-11-2017,"[62020,66300,68320, 70229]",2 Trevor Road London England SW19 3PW,11.5
DP SUPPORT SERVICES C.I.C.,07645482,ltd,24-05-2011,"[66300,78300,82110, 97000]",24 The Firlands Redcar TS11 7AE,11.5
SHANTI CONSULTING LIMITED,10738600,ltd,25-04-2017,"[66210,66300,69201, 70229]",81 London Road Leicester England LE2 0PF,11.5
IMPAX ASSET MANAGEMENT (AIFM) LIMITED,08819010,ltd,18-12-2013,"[66300, 82990]",7th Floor 30 Panton Street London England SW1Y 4AJ,11.5
WEITZMAN & JOHNSON WEALTH PLANNERS LTD,08410818,ltd,20-02-2013,"[66190, 66300]",Churchill House London England NW4 4DJ,11.5
B&E CONSULT LIMITED,11091013,ltd,01-12-2017,"[66300,68100,68320, 70229]",Level 3 207 Regent Street London United Kingdom W1B 3HH,11.5
AFLAX LTD,06887676,ltd,24-04-2009,"[66300, 82302]",Suite 58 Princes Court London England SW3 1ET,11.0
UPSILON BETA INVESTMENT LTD,07996938,ltd,20-03-2012,"[20110,46900,66300, 70100]",3 Chapel Street Congleton England CW12 4AB,11.0
C M WHITE INVESTMENTS LIMITED,02399561,ltd,29-06-1989,"[55900, 66300]","Arbor C/O Winckworth Sherwood,  Arbor London United Kingdom SE1 9AX",11.0
BARGAIN MUNKY LIMITED,09133268,ltd,16-07-2014,"[66120,66190, 66300]",49 Albion Road Birmingham England B21 8BG,11.0
PROJECT XYZ LIMITED,10346473,ltd,25-08-2016,"[64999,66300, 70229]",71-75 Shelton Street Covent Garden London United Kingdom WC2H 9JQ,11.0
INVESTMENT WISE LIMITED,10354965,ltd,01-09-2016,"[46190,64304,64999, 66300]",52 Marsham Street Maidstone England ME14 1HH,11.0
THREADNEEDLE PENSIONS LIMITED,00984167,ltd,09-07-1970,"[65110, 66300]",Cannon Place London EC4N 6AG,11.0
THREADNEEDLE ASSET MANAGEMENT LIMITED,00573204,ltd,22-10-1956,"[66120, 66300]",Cannon Place London EC4N 6AG,11.0
SUNDELL LIMITED,11383586,ltd,25-05-2018,"[64910,64999,66110, 66300]",27 Old Gloucester Street London United Kingdom WC1N 3AX,11.0
AXA INVESTMENT MANAGERS UK LIMITED,01431068,ltd,19-06-1979,"[66120, 66300]",22 Bishopsgate London United Kingdom EC2N 4BQ,11.0
AXA INVESTMENT MANAGERS GS LIMITED,03601496,ltd,21-07-1998,"[66120, 66300]",22 Bishopsgate London United Kingdom EC2N 4BQ,11.0
VIJAY ASSOCIATES LIMITED,03380291,ltd,03-06-1997,"[61900,66300, 85600]",24 Gatehill Road Northwood England HA6 3QD,11.0
HALLMARK CORPORATE FINANCE LTD,11622352,ltd,15-10-2018,"[64999,66190,66300, 70221]",31 Belson Road London England SE18 5PU,11.0
SOCIAL LOGIC LTD,11675749,ltd,13-11-2018,"[64303,66300,70229, 73110]",101 Corson House City Island Way London England E14 0TL,11.0
SOLD IT ONLINE LIMITED,11161877,ltd,22-01-2018,"[64209,64304,64999, 66300]",4 Wimbledon Close London England SW20 8HW,11.0
SOVEREIGN ASSETS & INVESTMENTS LIMITED,07975354,ltd,05-03-2012,"[66110,66300, 68320]",6 Barnfield Place London England E14 9YA,11.0
ROSSINGTON WEALTH MANAGEMENT LTD,09937771,ltd,06-01-2016,"[66190,66220,66290, 66300]",3 Crickets Drive Lincoln England LN2 2GS,11.0
ALPHA TELECOMMUNICATIONS LIMITED,07051047,ltd,20-10-2009,"[61900,66120, 66300]",118 Park Avenue Barking England IG11 8QX,11.0
LONDON CAPITAL INTERNATIONAL LTD,11385866,ltd,29-05-2018,"[47770,66300,70229, 78109]",128 City Road London United Kingdom EC1V 2NX,11.0
FUNDROCK PARTNERS LIMITED,04162989,ltd,19-02-2001,"[64302,64304, 66300]",Hamilton Centre Chelmsford England CM1 3BY,11.0
OXFORD TECHNOLOGY 2 VENTURE CAPITAL TRUST PLC,03928569,plc,18-02-2000,[66300],Magdalen Centre Oxford OX4 4GA,11.0
DAKSFIRST LIMITED,11626401,ltd,16-10-2018,"[64991,64999,66300, 70221]",8 Hill Street London England W1J 5NG,11.0
RLUM LIMITED,02369965,ltd,10-04-1989,"[64302, 66300]",80 Fenchurch Street London United Kingdom EC3M 4BY,11.0
ROYAL LONDON ASSET MANAGEMENT LIMITED,02244297,ltd,14-04-1988,"[66290, 66300]",80 Fenchurch Street London United Kingdom EC3M 4BY,11.0
MOMENTUM INVESTING LTD,09121989,ltd,08-07-2014,"[66210,66220,66290, 66300]",84 High Street London England NW10 4SJ,11.0
(CGN) CAPITAL GROWTH NETWORK LTD,09041461,ltd,15-05-2014,"[64303,64304,64929, 66300]",167 Gloucester Terrace London W2 6DX,11.0
CAPITAL FINANCE AND INVESTMENT MANAGEMENT LIMITED,06756876,ltd,24-11-2008,"[66300, 68100]",Pyramid House London England N12 9RT,11.0
YFT CONSULT LTD,10031322,ltd,29-02-2016,"[66300,70229,90020, 90030]",57 Greens Valley Drive Stockton-On-Tees England TS18 5QH,11.0
THE HOUSEHOLD CAVALRY FOUNDATION,08236363,private-limited-guarant-nsc-limited-exemption,02-10-2012,"[63110,66300, 82990]",Horse Guards Household Cavalry Foundation London SW1A 2AX,11.0
ORIGIN INVEST LIMITED,07091807,ltd,01-12-2009,"[66300, 74901]",Floor 2 Berkeley Square House Berkeley Square London W1J 6BD,11.0
FAIRWAY CAPITAL LTD,10134142,ltd,19-04-2016,"[66300,68100,68320, 70229]",21-23 Ives Street Chelsea United Kingdom SW3 2ND,11.0
LEASEFIN LIMITED,01370470,ltd,25-05-1978,"[66300, 77330]",97 Southover London N12 7HG,11.0
T. BAILEY ASSET MANAGEMENT LIMITED,03720372,ltd,25-02-1999,"[64302,64304, 66300]",Toll Bar House Landmere Lane Nottingham England NG12 4DG,11.0
F.M.I. BANQUE LTD,11523211,ltd,17-08-2018,"[64303,64999,66300, 70221]",85 Great Portland Street London United Kingdom W1W 7LT,11.0
COMMITTED CAPITAL FINANCIAL SERVICES LIMITED,03810820,ltd,21-07-1999,"[64303, 66300]",148-150 Buckingham Palace Road London England SW1W 9TR,11.0
THE ECU GROUP PUBLIC LIMITED COMPANY,02296619,plc,14-09-1988,[66300],17 Shirwell Crescent Milton Keynes England MK4 1GA,11.0
CETEX.ONLINE LTD,11130034,ltd,02-01-2018,"[64301,64303,66190, 66300]",10 Upper Bank Street London England E14 5GH,11.0
BIG ISSUE INVEST LIMITED,04764982,ltd,14-05-2003,"[64929, 66300]",113-115 Fonthill Road London England N4 3HH,11.0
CHURCHILL INVESTMENTS PLC,03125227,plc,13-11-1995,[66300],9 Woodborough Road Winscombe BS25 1AB,11.0
SOFTPOINT LICENCING LTD,04228348,ltd,04-06-2001,"[62011,62012, 66300]",Unit 5 Mosley Business Park Burton On Trent DE14 1DW,11.0
CANYON CAPITAL ADVISORS (EUROPE) LIMITED,05886261,ltd,25-07-2006,"[66120, 66300]","Suite 1,  7th Floor 50 Broadway London United Kingdom SW1H 0BL",11.0
BESTPORT PRIVATE EQUITY LIMITED,11234307,ltd,05-03-2018,"[64303,64999,66190, 66300]",42 Upper Berkeley St London United Kingdom W1H 5QL,11.0
NEW AGE CONSULT (RESIDENTIAL) LIMITED,06103547,ltd,14-02-2007,"[63990,66300, 71111]",C/O Incorporate Online Ltd Suite 3 Newbury Park United Kingdom IG2 7HU,11.0
CLEARANCE CAPITAL LIMITED,06760235,ltd,27-11-2008,"[64205, 66300]",3 Copthall Avenue London England EC2R 7BH,11.0
SPRING CAPITAL PARTNERS LIMITED,06310222,ltd,11-07-2007,"[64302, 66300]",Basildon House London England EC2R 6AF,11.0
BLACK RIVER CAPITAL LTD,11254392,ltd,14-03-2018,"[43290,43999,64999, 66300]",111b 111b Bishops Way London United Kingdom E2 9HL,11.0
BARRHILL COMMUNITY INTEREST COMPANY,SC348907,private-limited-guarant-nsc,22-09-2008,"[66300,82990, 94990]",Memorial Hall Main Street Girvan Scotland KA26 0PP,11.0
MADARA CAPITAL MANAGEMENT LTD,10425704,ltd,13-10-2016,"[64999,66300, 70221]","39th Floor,  One Canada Square London England E14 5AB",11.0
HASMA CAPITAL ADVISORS (UK) LIMITED,06242054,ltd,09-05-2007,"[64303, 66300]",23 Hill Street London England W1J 5JW,11.0
INVESTRIUM LIMITED,10491728,ltd,22-11-2016,"[64205,64999,66300, 70221]",15 Siskin Avenue Dalton-In-Furness England LA15 8QB,11.0
HEARTHSTONE INVESTMENTS LIMITED,06379066,ltd,24-09-2007,"[66300, 70100]","Suite 2.06,  Bridge House 181 Queen Victoria Street London United Kingdom EC4V 4EG",11.0
COUNSELOR SERVICE HOLDING LTD,11158428,ltd,19-01-2018,"[64205,64301,66300, 70229]",20-22 Wenlock Road London England N1 7GU,11.0
CENKOS SECURITIES (TRUSTEES) LIMITED,05780209,ltd,13-04-2006,"[66110, 66300]",1 Bartholomew Close London England EC1A 7BL,11.0
LAGUNA INTERNATIONAL BUSINESS CONSULTING LIMITED,12145682,ltd,08-08-2019,"[64999,66300,68320, 70229]",Kemp House London United Kingdom EC1V 2NX,10.5
EHG & G PLANNING LTD,10971078,ltd,19-09-2017,"[64305,64999,66300, 70221]",60 Hilltop Lane Caterham England CR3 5BG,10.5
VARNA CONSULTANCY LTD,10600992,ltd,06-02-2017,"[64999,66300, 82990]",Flat 3 St Floor London England WC1N 1AP,10.5
EVLEN  CAPITAL  INVESTMENTS LTD,12272000,ltd,21-10-2019,"[64301,64304,64999, 66300]",20-22 Wenlock Road London England N1 7GU,10.5
ALPHA QUANTS LIMITED,09395881,ltd,19-01-2015,"[62012,66300,72190, 74909]",115 Hampstead Road London England NW1 3EE,10.5
SALORIA ECO BUSINESS LTD,08815861,ltd,16-12-2013,"[43999,66300, 74909]",Unit 27 Cygnus Business Centre London England NW10 2XA,10.5
ENCRYPTICON LTD,11770092,ltd,16-01-2019,"[62012,63110,66300, 70221]",20-22 Wenlock Road London England N1 7GU,10.5
HALLMARK ASSETS MANAGEMENT LIMITED,12234241,ltd,30-09-2019,"[65300,66300,70221, 82990]",31 Belson Road London England SE18 5PU,10.5
LADHAM PROPERTIES LIMITED,07544227,ltd,28-02-2011,"[66300,68100, 68209]",Hill View House Cranbrook TN17 3AD,10.5
MD SOLUTION GROUP LIMITED,10746006,ltd,28-04-2017,"[64999,66190,66300, 68100]",Suite 1 Mease Croft Birmingham B9 4PW,10.5
RISKSAVE TECHNOLOGIES LTD,09930262,ltd,29-12-2015,"[66300, 70229]",2 Eastbourne Terrace London England W2 6LG,10.5
9912085 LTD,09912085,ltd,10-12-2015,"[24100,66300, 70221]","C/O Specialist Mobility Training Ltd,  Unit 6 Leamington Spa England CV31 3RG",10.5
CROWNGLOBAL CAPITAL UK LIMITED,12206004,ltd,13-09-2019,"[64191,64304,66190, 66300]",3 Portnall Road London United Kingdom W9 3BA,10.5
BUTWHO ENTERTAINMENT GROUP LTD,11987148,ltd,09-05-2019,"[59200,64306,66300, 70229]",1st Floor 124 Cleveland Street London United Kingdom W1T 6PG,10.5
BLINNIO PARTNERS LTD,10841882,ltd,29-06-2017,"[66300,68320, 70229]",19 Ellington House Ashmore Road London England SE18 4AS,10.5
EDUARD TRANSPORT SERVICES LTD,10690786,ltd,27-03-2017,"[49410,52290,66300, 70229]",11 Parrys Grove Bristol England BS9 1TT,10.5
SILICON SILK LTD,12039590,ltd,07-06-2019,"[62012,64205,64999, 66300]",128 City Road London England EC1V 2NX,10.5
CRAGG ESTATE MANAGEMENT LTD,07814071,ltd,18-10-2011,"[66300, 68320]",85 Percy Road London W12 9QH,10.5
GROSVENOR SERVICE SOLUTIONS LIMITED,09601954,ltd,20-05-2015,"[64303,66300, 82990]",3 Bronte View Gravesend England DA12 1PX,10.5
ZEUSS CHILDCARE LIMITED,09915813,ltd,14-12-2015,"[64999, 66300]",33 Charterhouse Street London United Kingdom EC1M 6HA,10.5
EVOLUTIS CAPITAL LTD,07591020,ltd,05-04-2011,"[66300, 74909]",58 Marryat Road London England SW19 5BD,10.5
REALIZE.VC LIMITED,10693224,ltd,28-03-2017,"[64303,66300,70221, 70229]",66 Shelburne Road High Wycombe England HP12 3NQ,10.5
SEAWEST INDUSTRIES LTD,07839691,ltd,08-11-2011,"[64202, 66300]",Flat 4 Redcliffe Gardens 52 London England SW10 9HB,10.5
CITYSTONE ALLIANCE GROUP LTD,12169223,ltd,22-08-2019,"[66190,66300,69109, 70221]","4th Floor,  18 St. Cross Street London England EC1N 8UN",10.5
J.E.DEVEREUX LTD,SC454393,ltd,12-07-2013,"[45190,64304,66300, 68209]",1 Campview Edinburgh Scotland EH22 1QD,10.5
GTF INVESTMENT GROUP LIMITED,12048963,ltd,13-06-2019,"[66300,70221,74909, 82990]",27 Old Gloucester Street London United Kingdom WC1N 3AX,10.5
CBA CAPITAL PARTNERS LTD,11862974,ltd,05-03-2019,"[66300,70221,70229, 74909]","95 Mortimer Street,  Suite 26 London United Kingdom W1W 7GB",10.5
GULFCAP GROUP LIMITED,11102374,ltd,07-12-2017,"[64999,66190,66300, 70221]",23a Kenilworth Gardens Hayes UB4 0AY,10.5
PEAR TREE PARTNERSHIP LTD,08424007,ltd,28-02-2013,"[58110,66300,68320, 70210]",Fulwood Godalming GU7 1QF,10.5
REVOLUX CAPITAL LTD,08714253,ltd,02-10-2013,"[41100,66300, 68310]",7 Bell Yard London England WC2A 2JR,10.5
ANTERRA LIMITED,07953000,ltd,16-02-2012,"[64209, 66300]",7-8 Ritz Parade London W5 3RA,10.0
BAOBAB INVESTMENT MANAGERS LTD,07456530,ltd,01-12-2010,[66300],Leytonstone House London England E11 1GA,10.0
AUTONOMY SERVICE COMPANY LIMITED,04607476,ltd,03-12-2002,[66300],9 Appold Street London England EC2A 2AP,10.0
BALYASNY INTERNATIONAL ASSET MANAGEMENT LIMITED,05147664,ltd,08-06-2004,[66300],23 King Street London England SW1Y 6QY,10.0
MULVANEY CAPITAL MANAGEMENT LIMITED,03734035,ltd,17-03-1999,[66300],5th Floor 3 Moorgate Place London England EC2R 6EA,10.0
AZINI 3 (GENERAL PARTNER) LIMITED,04000835,ltd,19-05-2000,[66300],32 Maple Street London W1T 6HB,10.0
NAPIER PARK GLOBAL CAPITAL LTD,07480435,ltd,31-12-2010,[66300],5 Hanover Square London England W1S 1HE,10.0
THREE BODY CAPITAL LIMITED,11642880,ltd,25-10-2018,"[62012,66190, 66300]",30 Churchill Place London England E14 5RE,10.0
J ROTHSCHILD CAPITAL MANAGEMENT LIMITED,02201053,ltd,01-12-1987,[66300],27 St. James's Place London SW1A 1NR,10.0
PALATIUM INVESTMENT MANAGEMENT LIMITED,05455959,ltd,18-05-2005,[66300],6th Floor Kings House London England SW1Y 4BP,10.0
OAK HILL ADVISORS (U.K. SERVICES) LIMITED,05477617,ltd,10-06-2005,[66300],45 Pall Mall London SW1Y 5JG,10.0
LK ADVISERS LIMITED,04310198,ltd,24-10-2001,[66300],"Berkeley Square House,  Fifth Floor London United Kingdom W1J 6BY",10.0
FYRESQUARE CAPITAL LIMITED,07284517,ltd,15-06-2010,[66300],2 St. James's Street London England SW1A 1EF,10.0
GAM STERLING MANAGEMENT LIMITED,01750352,ltd,06-09-1983,[66300],8 Finsbury Circus London England EC2M 7GB,10.0
GAM LONDON LIMITED,00874802,ltd,24-03-1966,[66300],8 Finsbury Circus London England EC2M 7GB,10.0
HAMILTON LANE (UK) LIMITED,04507221,ltd,08-08-2002,[66300],"10 Bressenden Place,  4th Floor London United Kingdom SW1E 5DH",10.0
EVEREST INVESTMENTS MANAGEMENT LIMITED,06756975,ltd,24-11-2008,[66300],Pyramid House London England N12 9RT,10.0
PRAGMA WEALTH MANAGEMENT LTD.,04191349,ltd,30-03-2001,[66300],"The Scalpel,  18th Floor London United Kingdom EC3M 7AF",10.0
LONGVIEW PARTNERS (UK) LIMITED,04170481,ltd,01-03-2001,[66300],Savoystrand London England WC2R 0AA,10.0
RESOLUTION PROPERTY FM LIMITED,04446371,ltd,23-05-2002,[66300],7 Heddon Street London England W1B 4BD,10.0
HERACLES CAPITAL LTD,12973217,ltd,26-10-2020,"[62020,66300,70221, 70229]",1 Lindfield Gardens London England NW3 6PX,10.0
INFINITY INVESTMENT PROJECTS LTD,12660982,ltd,10-06-2020,"[62020,66300,70229, 78300]",49 Foxbourne Road London United Kingdom SW17 8AS,10.0
WORLDINVEST MANAGEMENT LTD.,06950394,ltd,02-07-2009,[66300],Southwest House London England SW1Y 4LR,10.0
MITSUBISHI UFJ ASSET MANAGEMENT (UK) LTD.,01842259,ltd,20-08-1984,[66300],24 Lombard Street London EC3V 9AJ,10.0
THOMPSON TARAZ MANAGERS LIMITED,04482509,ltd,10-07-2002,[66300],"C/O Thompson Taraz Llp 4th Floor,  Stanhope House London England W1K 1PR",10.0
PRIMARY CAPITAL LIMITED,02924207,ltd,29-04-1994,[66300],Augustine House London EC2N 2HA,10.0
MAYFAIR SPORTS VENTURES LTD,12455157,ltd,11-02-2020,"[66300,70229,93110, 93199]",71-75 Shelton Street London England WC2H 9JQ,10.0
CHELTON CAPITAL LIMITED,11493173,ltd,31-07-2018,"[64301,64999, 66300]",128 City Road London United Kingdom EC1V 2NX,10.0
SAMENA CAPITAL LIMITED,06526886,ltd,07-03-2008,[66300],14 Hanover Square Office 2.15b London United Kingdom W1S 1HN,10.0
PROSPERITY CAPITAL MANAGEMENT (UK) LIMITED,04959887,ltd,11-11-2003,[66300],3rd Floor 207 Regent Street London United Kingdom W1B 3HH,10.0
HEDGE FUNDS LIMITED,03591243,ltd,01-07-1998,[66300],30 Crown Place London England EC2A 4EB,10.0
PIMCO EUROPE LTD,02604517,ltd,24-04-1991,[66300],11 Baker Street London W1U 3AH,10.0
PORTLAND INVESTMENTS (AM) LIMITED,07427829,ltd,03-11-2010,"[66300, 68209]",Portland House Durham England DH1 4QP,10.0
ALTUS INVESTMENT MANAGEMENT LIMITED,04940982,ltd,22-10-2003,[66300],24 Grosvenor Street London England W1K 4QN,10.0
PRADERA LIMITED,03786152,ltd,10-06-1999,[66300],3rd Floor 345 Oxford Street London England W1C 2JD,10.0
POINT ONE GLOBAL INVESTMENT LIMITED,11489860,ltd,30-07-2018,"[66110,66120,66190, 66300]",88 Sycamore Avenue Peterborough United Kingdom PE1 4JU,10.0
LINGA UK LIMITED,05374629,ltd,24-02-2005,[66300],70 Great Arthur House Fann Street City Of London EC1Y 0RQ,10.0
HEDGE FUNDS INVESTMENT MANAGEMENT LIMITED,03591241,ltd,01-07-1998,[66300],30 Crown Place London EC2A 4ES,10.0
FAIRHOLME MANAGEMENT LIMITED,00698486,ltd,17-07-1961,[66300],58 Suite 8 London United Kingdom NW8 6AG,10.0
RREEF EUROPEAN VALUE ADDED I (G.P.) LIMITED,05869878,ltd,07-07-2006,[66300],21 Moorfields London United Kingdom EC2Y 9DB,10.0
SHORE CAPITAL LIMITED,03841076,ltd,09-09-1999,[66300],Cassini House London England SW1A 1LD,10.0
NINETY ONE UK LIMITED,02036094,ltd,10-07-1986,[66300],55 Gresham Street London England EC2V 7EL,10.0
POLUNIN CAPITAL PARTNERS LIMITED,04132122,ltd,28-12-2000,[66300],10 Cavalry Square London SW3 4RB,10.0
OTUS CAPITAL MANAGEMENT LIMITED,04095762,ltd,19-10-2000,[66300],29 Queen Annes Gate London England SW1H 9BU,10.0
SWISS LIFE ASSET MANAGERS UK LIMITED,04846209,ltd,25-07-2003,[66300],55 Wells Street London England W1T 3PT,10.0
DRAKE HOWELL LIMITED,09244948,ltd,02-10-2014,"[66190, 66300]",The Old Farmhouse Paices Hill Reading England RG7 4PG,10.0
ALLSPRING GLOBAL INVESTMENTS (UK) LIMITED,03710963,ltd,10-02-1999,[66300],30 Cannon Street London United Kingdom EC4M 6XH,10.0
IGLOO REGENERATION (GENERAL PARTNER) LIMITED,04299836,ltd,05-10-2001,[66300],80 Fenchurch Street London United Kingdom EC3M 4AE,10.0
PICNIC INVESTMENT LIMITED,11459868,ltd,11-07-2018,"[64929,64999, 66300]",W106 Vox Studios Durham Street London England SE11 5JH,10.0
DWS INVESTMENTS UK LIMITED,05233891,ltd,16-09-2004,[66300],21 Moorfields London United Kingdom EC2Y 9DB,10.0
ARDIAN INVESTMENT UK LIMITED,05654928,ltd,15-12-2005,[66300],1 Grafton Street London W1S 4FE,10.0
NIPPON LIFE SCHRODERS ASSET MANAGEMENT EUROPE LIMITED,03709605,ltd,02-02-1999,[66300],1 London Wall Place London England EC2Y 5AU,10.0
GUINNESS ASSET MANAGEMENT LIMITED,04647882,ltd,27-01-2003,[66300],18 Smith Square London England SW1P 3HZ,10.0
FOREXBOND LTD,12615479,ltd,21-05-2020,"[64991,64999,66190, 66300]",128 City Road London United Kingdom EC1V 2NX,10.0
CONNING ASSET MANAGEMENT LIMITED,03654447,ltd,16-10-1998,[66300],24 Monument Street London EC3R 8AJ,10.0
COHEN & STEERS UK LIMITED,05861206,ltd,29-06-2006,[66300],The Burlian 3 Dering Street London England W1S 1AA,10.0
THREADNEEDLE INTERNATIONAL LIMITED,02283244,ltd,02-08-1988,[66300],Cannon Place London EC4N 6AG,10.0
CAL INVESTMENTS LIMITED,01488617,ltd,31-03-1980,[66300],"1st Floor,  Nicholas House London England EC4R 0EU",10.0
HEARTHSTONE ASSET MANAGEMENT LIMITED,07458920,ltd,02-12-2010,[66300],"Suite 2.06,  Bridge House 181 Queen Victoria Street London United Kingdom EC4V 4EG",10.0
ATOMOS INVESTMENTS LIMITED,02041819,ltd,29-07-1986,[66300],2nd Floor 5 Hatfields (Alto) London United Kingdom SE1 9PG,10.0
WREN INVESTMENT OFFICE LIMITED,10286208,ltd,19-07-2016,"[66300, 70221]",66 Lincoln's Inn Fields London United Kingdom WC2A 3LH,10.0
BREGAL (CUSTODY) LIMITED,04615819,ltd,12-12-2002,[66300],20 Air Street London England W1B 5AN,10.0
COMMANDER ASSET MANAGEMENT LIMITED,04301639,ltd,09-10-2001,[66300],2 St. Andrew's Hill London EC4V 5BY,10.0
ASPECT CAPITAL LIMITED,03491169,ltd,12-01-1998,[66300],10 Portman Square London W1H 6AZ,10.0
MAKOR PARTNERS LIMITED,07275915,ltd,07-06-2010,[66300],30 Panton Street London England SW1Y 4AJ,10.0
REDWOOD CAPITAL (EUROPE) LIMITED,03899931,ltd,21-12-1999,[66300],"3rd Floor,  Waverley House London United Kingdom W1F 8GQ",10.0
MKP CAPITAL UK LTD,07400336,ltd,07-10-2010,[66300],5 Hanover Square London England null,10.0
TWO RIVERS FINANCIAL PLANNING LIMITED,05298510,ltd,26-11-2004,"[66290, 66300]",33 Main Road Caldicot NP26 5SA,10.0
CIT FINANCIAL SERVICES LIMITED,03889608,ltd,07-12-1999,[66300],1st Floor 1 Red Place London England W1K 6PL,10.0
RHOMBUS PRIVATE CAPITAL LIMITED,04404988,ltd,27-03-2002,"[66120, 66300]",116 Silverdale Avenue Walton-On-Thames United Kingdom KT12 1EQ,10.0
COLLIERS CAPITAL HOLDINGS LIMITED,06430656,ltd,19-11-2007,[66300],95 Wigmore Street London England W1U 1FF,10.0
FINANCE EARTH LIMITED,12955180,ltd,15-10-2020,"[64304,64999,66300, 70229]",W106 Vox Studios 1-45 Durham Street London United Kingdom SE11 5JH,10.0
CHARLES TAYLOR INVESTMENT MANAGEMENT COMPANY LIMITED,02597752,ltd,27-03-1991,[66300],2 Minster Court London United Kingdom EC3R 7BB,10.0
AKO CAPITAL MANAGEMENT LIMITED,05411627,ltd,01-04-2005,[66300],One Newman Street London England W1T 1PB,10.0
BLUEBAY ASSET MANAGEMENT INTERNATIONAL LIMITED,05310624,ltd,10-12-2004,[66300],100 Bishopsgate London England EC2N 4AA,10.0
GMO U.K. LIMITED,04658801,ltd,06-02-2003,[66300],No. 1 London Bridge London SE1 9BG,10.0
BALBEC CAPITAL LIMITED,07123905,ltd,13-01-2010,[66300],1st Floor 3-4 London NW4 2EL,10.0
SAPPHIRE CAPITAL LTD,04675455,ltd,24-02-2003,"[62020, 66300]","47 Velsheda Court Hythe Marina Village Hythe,  Southampton United Kingdom SO45 6DW",10.0
HANDELSBANKEN WEALTH & ASSET MANAGEMENT LIMITED,04132340,ltd,29-12-2000,[66300],25 Basinghall Street London England EC2V 5HA,10.0
GALMERROW SECURITIES LIMITED,00934842,ltd,03-07-1968,"[66300, 68100]",2 Piries Place Horsham United Kingdom RH12 1EH,10.0
ASHMORE INVESTMENT MANAGEMENT LIMITED,03344281,ltd,03-04-1997,[66300],16 Palace Street London England SW1E 5JD,10.0
IWP INVESTMENT MANAGEMENT LIMITED,01812617,ltd,01-05-1984,[66300],101 Wigmore Street London United Kingdom W1U 1QU,10.0
OX GLOBAL INVESTMENTS LTD,06884280,ltd,22-04-2009,[66300],22a St James's Square London England SW1Y 4JH,10.0
DUKE STREET GENERAL PARTNER LIMITED,03565673,ltd,18-05-1998,[66300],"Third Floor (East),  Carrington House London England W1B 5SE",10.0
HARBOUR LITIGATION FUNDING LTD,06426478,ltd,14-11-2007,[66300],Suite 2a Princes House London England SW1Y 6DN,10.0
GORILLA TECH CAPITAL LIMITED,03564275,ltd,14-05-1998,[66300],64 North Row London England W1K 7DA,10.0
FUTURE VALUE LIMITED,07433597,ltd,09-11-2010,[66300],167-169 Great Portland Street London England W1W 5PF,10.0
MANOR PARK CARE LIMITED,04681146,ltd,27-02-2003,[66300],Pyramid House London England N12 9RT,10.0
INNISFREE COINVESTMENTS LIMITED,05118369,ltd,04-05-2004,[66300],"1st Floor,  Boundary House London United Kingdom EC1M 6HR",10.0
INNISFREE LIMITED,03039792,ltd,30-03-1995,[66300],"First Floor,  Boundary House London United Kingdom EC1M 6HR",10.0
INNISFREE RESOURCES LIMITED,03817389,ltd,30-07-1999,[66300],"1st Floor,  Boundary House London United Kingdom EC1M 6HR",10.0
INNISFREE SECONDARY SLP LIMITED,06223514,ltd,23-04-2007,[66300],"1st Floor,  Boundary House London United Kingdom EC1M 6HR",10.0
INNISFREE IMPPP 1 LIMITED,04386611,ltd,04-03-2002,[66300],"1st Floor,  Boundary House London United Kingdom EC1M 6HR",10.0
INNISFREE CONTINUATION PARTNERS (MEMBER) LIMITED,03552874,ltd,24-04-1998,[66300],"1st Floor,  Boundary House London United Kingdom EC1M 6HR",10.0
INNISFREE CONTINUATION SLP LIMITED,05623327,ltd,15-11-2005,[66300],"1st Floor,  Boundary House London England EC1M 6HR",10.0
INNISFREE EXGP SECONDARY LIMITED,06243650,ltd,10-05-2007,[66300],"1st Floor,  Boundary House London United Kingdom EC1M 6HR",10.0
POLAR CAPITAL SECRETARIAL SERVICES LIMITED,04138229,ltd,10-01-2001,[66300],16 Palace Street London SW1E 5JD,10.0
JAGUAR INVESTMENTS LIMITED,04401454,ltd,22-03-2002,[66300],71 Queen Victoria Street London England EC4V 4BE,10.0
TURFMOOR CONSULTING LTD,11257260,ltd,15-03-2018,"[64999,66120,66220, 66300]",6 Richmond Mansions East Twickenham England TW1 2HH,10.0
IFM INVESTORS (UK) LTD,05857982,ltd,26-06-2006,[66300],2 London Wall Place London England EC2Y 5AU,10.0
IFDC LIMITED,01746367,ltd,16-08-1983,[66300],33 Cavendish Square London England W1G 0PW,10.0
NUVEEN INVESTMENT MANAGEMENT INTERNATIONAL LIMITED,02137726,ltd,04-06-1987,[66300],9th Floor 201 London EC2M 3BN,10.0
EFES CONSULTING UK LTD,13087903,ltd,17-12-2020,"[66300,70221,70229, 85590]",Britannia House London England W6 0LH,10.0
E.D. CHAPMAN LIMITED,00712109,ltd,03-01-1962,"[66300, 68100]",61 Bridge Street Kington United Kingdom HR5 3DJ,10.0
D'ORSA CAPITAL LIMITED,07183440,ltd,09-03-2010,[66300],4th Floor Fitzrovia House London W1T 6QW,10.0
LANSDOWNE PARTNERS LIMITED,03514088,ltd,20-02-1998,[66300],65 Curzon Street London England W1J 8PE,10.0
CENKOS FUND MANAGEMENT LIMITED,06181222,ltd,23-03-2007,[66300],1 Bartholomew Close London England EC1A 7BL,10.0
MUSSARD & CO. WEALTH MANAGEMENT LIMITED,07203602,ltd,25-03-2010,[66300],Turnpike House 1208-1210 London Road Leigh-On-Sea SS9 2UA,10.0
BROMPTON PARTNERS LIMITED,07184850,ltd,10-03-2010,[66300],1 Knightsbridge Green London SW1X 7QA,10.0
ABRAXAS CAPITAL MANAGEMENT LIMITED,04519371,ltd,27-08-2002,[66300],4th Floor 399-401 Strand London United Kingdom WC2R 0LT,10.0
ROOT CAPITAL (FOUNDER PARTNER) LIMITED,04762967,ltd,13-05-2003,[66300],44 Catherine Place London England SW1E 6HL,10.0
ALANGO EVENTS CONSULTING INTERNATIONAL LTD,11716122,ltd,06-12-2018,"[62020,64999,66300, 70229]",2nd Floor College House Ruislip United Kingdom HA4 7AE,10.0
BELGRAVE CAPITAL MANAGEMENT LIMITED,03105821,ltd,22-09-1995,[66300],85 Great Portland Street London United Kingdom W1W 7LT,10.0
GESTORIA LIMITED,07953766,ltd,17-02-2012,"[64209, 66300]",7-8 Ritz Parade London W5 3RA,10.0
EXCLUSIVE CAPITAL PARTNERS GLOBAL LIMITED,12507585,ltd,10-03-2020,"[46190,46720,64999, 66300]",7 Bell Yard London United Kingdom WC2A 2JR,10.0
J SAINSBURY COMMON INVESTMENT FUND LIMITED,02789936,ltd,15-02-1993,[66300],33 Charterhouse Street London England EC1M 6HA,10.0
NEWTON MANAGEMENT LIMITED,02769904,ltd,02-12-1992,[66300],160 Queen Victoria Street London England EC4V 4LA,10.0
STEPHEN GRUNDY LIMITED,07384282,ltd,22-09-2010,"[66300, 68320]",Towngate House 2-8 Parkstone Road Poole BH15 2PW,10.0
GOLDFIELDS VAULTX LTD,12739243,ltd,13-07-2020,"[64301,66190,66300, 70221]",128 City Road London United Kingdom EC1V 2NX,10.0
PRINCIPAL REAL ESTATE EUROPE LIMITED,06434632,ltd,22-11-2007,[66300],1 Wood Street London United Kingdom EC2V 7JB,10.0
MACKENZIE TAYLOR WEALTH MANAGEMENT LTD.,SC313079,ltd,06-12-2006,"[66220, 66300]",53 Culduthel Mains Gardens Inverness Scotland IV2 6RD,10.0
CHIKARA INVESTMENT SERVICES LIMITED,05396509,ltd,17-03-2005,[66300],5-10 Bolton Street London United Kingdom W1J 8BA,10.0
EXXONMOBIL PENSION TRUST LIMITED,00371341,ltd,18-12-1941,"[65300, 66300]",Fawley Administration Building Fawley Refinery Fawley United Kingdom SO45 1TX,10.0
FALCON MONEY MANAGEMENT UK LIMITED,06726423,ltd,17-10-2008,[66300],Elementa Workspace London United Kingdom W1G 0PW,10.0
DAIWA ASSET MANAGEMENT (EUROPE) LTD,02045607,ltd,11-08-1986,[66300],62-64 Cornhill London England EC3V 3NH,10.0
CBH WEALTH UK LIMITED,07013856,ltd,09-09-2009,[66300],One Fleet Place London EC4M 7WS,10.0
ALBERON SERVICES LIMITED,02802006,ltd,22-03-1993,[66300],Chancellors House 3 Brampton Lane London England NW4 4AB,10.0
EATON VANCE MANAGEMENT (INTERNATIONAL) LIMITED,04228294,ltd,04-06-2001,[66300],125 Old Broad Street London EC2N 1AR,10.0
CORPORATION ONE LTD,06889334,ltd,28-04-2009,[66300],29 Langland Gardens London England NW3 6QE,10.0
RUGBY RADIO STATION (GENERAL PARTNER) LIMITED,04944892,ltd,27-10-2003,[66300],80 Fenchurch Street London United Kingdom EC3M 4AE,10.0
AMUNDI (UK) LIMITED,01753527,ltd,16-09-1983,[66300],77 Coleman Street London United Kingdom EC2R 5BJ,10.0
PEDIMENT CAPITAL PARTNERS LIMITED,11527558,ltd,20-08-2018,"[66300,68209, 82990]",11 Conduit Mews London England W2 3RE,10.0
SILK INVEST LIMITED,06603042,ltd,27-05-2008,[66300],30 Churchill Place London England E14 5RE,10.0
FOUNDATION PROPERTY COMPANY LIMITED,01930587,ltd,15-07-1985,[66300],101 New Cavendish Street London United Kingdom W1W 6XH,10.0
BROAD STREET ASSET MANAGEMENT LTD,11235406,ltd,05-03-2018,"[64205,64999,66120, 66300]",7/8 Avon Reach Chippenham United Kingdom SN15 1EE,10.0
MILLENNIUM GLOBAL INVESTMENTS LIMITED,02964847,ltd,05-09-1994,[66300],15th Floor 88 Wood Street London England EC2V 7QR,10.0
GREG RICHMOND LIMITED,05386444,ltd,09-03-2005,"[66120, 66300]",23 West Avenue Exeter England EX4 4SD,10.0
LINDSELL TRAIN LIMITED,03941727,ltd,07-03-2000,[66300],66 Buckingham Gate London England SW1E 6AU,10.0
BRICKLANE TECHNOLOGIES LTD,09170265,ltd,11-08-2014,"[62012,66300, 68310]",19-23 Ironmonger Row London England EC1V 3QN,10.0
HOVE CAPITAL MANAGEMENT LTD,03424396,ltd,26-08-1997,[66300],3rd Floor 207 Regent Street London W1B 3HH,10.0
DWS ALTERNATIVES GLOBAL LIMITED,05603289,ltd,26-10-2005,[66300],21 Moorfields London United Kingdom EC2Y 9DB,10.0
SENECA PARTNERS LIMITED,07196273,ltd,19-03-2010,"[64209, 66300]",9 The Parks Newton-Le-Willows England WA12 0JQ,10.0
WMG FUNDS LIMITED,05237578,ltd,21-09-2004,[66300],239-241 Kennington Lane London United Kingdom SE11 5QU,10.0
ARES MANAGEMENT LIMITED,05837428,ltd,05-06-2006,[66300],"C/O Tmf Group,  13th Floor London United Kingdom EC2R 7HJ",10.0
BRICEAMERY CAPITAL LTD,05523093,ltd,29-07-2005,[66300],8 Devonshire Square London England EC2M 4YJ,10.0
381 INVESTMENTS LIMITED,07330809,ltd,30-07-2010,"[66300, 96090]",Suite L3 Chatteris PE16 6TT,10.0
MACQUARIE INFRASTRUCTURE AND REAL ASSETS (EUROPE) LIMITED,03976881,ltd,19-04-2000,[66300],Ropemaker Place London EC2Y 9HD,10.0
COGNIS CAPITAL MANAGEMENT LIMITED,06668733,ltd,08-08-2008,[66300],71-75 Shelton Street London WC2H 9JQ,10.0
DIMENSIONAL FUND ADVISORS LTD.,02569601,ltd,19-12-1990,[66300],20 Triton Street London NW1 3BF,10.0
THE PRIVATE INFRASTRUCTURE DEVELOPMENT GROUP LIMITED,11265124,ltd,20-03-2018,"[64205,66300, 70221]",6 Bevis Marks London England EC3A 7BA,10.0
RWC PARTNERS LIMITED,03517613,ltd,26-02-1998,[66300],Verde 4th Floor London England SW1E 5DH,10.0
DRAGON PARTNERS LIMITED,03388419,ltd,18-06-1997,[66300],49 St James's Street London England SW1A 1AH,10.0
ROYAL LONDON UNIT TRUST MANAGERS LIMITED,02372439,ltd,14-04-1989,[66300],80 Fenchurch Street London United Kingdom EC3M 4BY,10.0
CULROSS GLOBAL MANAGEMENT LIMITED,02736036,ltd,30-07-1992,[66300],8-10 Hill Street London England W1J 5NG,10.0
GAM INTERNATIONAL MANAGEMENT LIMITED,01802911,ltd,26-03-1984,[66300],8 Finsbury Circus London England EC2M 7GB,10.0
RAEF CAPITAL LTD.,10246180,ltd,22-06-2016,"[66300, 70229]",438 Streatham High Road London England SW16 3PX,10.0
SUMITOMO MITSUI DS ASSET MANAGEMENT (UK) LIMITED,01660184,ltd,25-08-1982,[66300],100 Liverpool Street London United Kingdom EC2M 2AT,10.0
COLLEGIATE HOUSE LIMITED,02727604,ltd,01-07-1992,[66300],143-149 Fenchurch Street London England EC3M 6BN,10.0
GUINNESS CAPITAL MANAGEMENT LIMITED,07084333,ltd,23-11-2009,[66300],18 Smith Square London England SW1P 3HZ,10.0
MACANIE INVESTMENTS LIMITED,00595844,ltd,20-12-1957,[66300],Cohen Arnold New Burlington House 1075 London England NW11 0PU,10.0
ARGENT FUND MANAGEMENT LIMITED,03187591,ltd,18-04-1996,[66300],5 Market Yard Mews London United Kingdom SE1 3TQ,10.0
MBM CAPITAL INVESTMENTS LIMITED,07376667,ltd,15-09-2010,[66300],3 Hill Street London W1J 5LB,10.0
ASHTENNE INDUSTRIAL (GENERAL PARTNER) LIMITED,04222557,ltd,23-05-2001,[66300],3 Copthall Avenue London England EC2R 7BH,10.0
ALAN PARKER ESTATES LTD,11495548,ltd,01-08-2018,"[64999,66300,68100, 68209]",59 59 Kenton Road Harrow England HA3 0AP,10.0
MOORGATE INVESTMENT MANAGEMENT LIMITED,02405166,ltd,17-07-1989,[66300],Cannon Place London England EC4N 6HL,10.0
K2 INVESTMENT MANAGEMENT LIMITED,06757026,ltd,24-11-2008,[66300],Pyramid House London England N12 9RT,10.0
HENDERSON ROWE LIMITED,04379340,ltd,22-02-2002,[66300],1 London Street Reading RG1 4PN,10.0
INVESCO UK LIMITED,03004959,ltd,19-12-1994,"[64205, 66300]",Perpetual Park Henley-On-Thames RG9 1HH,10.0
FINDLAY PARK INVESTMENT MANAGEMENT LIMITED,03386539,ltd,13-06-1997,[66300],2nd Floor 16 New Burlington Place London England W1S 2HX,10.0
ARTEMIS FUND MANAGERS LIMITED,01988106,ltd,11-02-1986,[66300],Cassini House London SW1A 1LD,10.0
SEILERN INVESTMENT MANAGEMENT LTD.,02962937,ltd,26-08-1994,[66300],"3rd Floor,  Burdett House London England WC2N 6DU",10.0
THELEME SERVICES LIMITED,06978736,ltd,03-08-2009,[66300],65 Curzon Street London England W1J 8PE,10.0
AFKAR PLUS LTD,12996379,ltd,04-11-2020,"[62020,66300,70229, 85600]",128 City Road London United Kingdom EC1V 2NX,10.0
CONSULTA LIMITED,02203991,ltd,09-12-1987,[66300],19-21 Old Bond Street London England W1S 4PX,10.0
FIELDINGS INVESTMENT MANAGEMENT LIMITED,02958085,ltd,12-08-1994,[66300],100 Wood Street London England EC2V 7AN,10.0
CG ASSET MANAGEMENT LIMITED,04056163,ltd,21-08-2000,[66300],20 King Street London England EC2V 8EG,10.0
DIAMOND CAPITAL HOLDINGS LTD,10357887,ltd,02-09-2016,"[41201,55201,66300, 68100]",1 Berkeley Street London United Kingdom W1J 8DJ,10.0
FMR INVESTMENT MANAGEMENT (UK) LIMITED,05942395,ltd,21-09-2006,[66300],25 Cannon Street London England EC4M 5SB,10.0
TOKIO MARINE ASSET MANAGEMENT (LONDON) LIMITED,02534139,ltd,24-08-1990,[66300],20 Fenchurch Street London EC3M 3BY,10.0
MERSEYLINK (ISSUER) PLC,08896313,plc,14-02-2014,"[64203, 66300]",9 Howard Court Runcorn England WA7 1SJ,10.0
WM CAPITAL MANAGEMENT LIMITED,07042526,ltd,14-10-2009,[66300],80 Coleman Street London England EC2R 5BJ,10.0
BLUEBAY ASSET MANAGEMENT (SERVICES) LTD,03262598,ltd,11-10-1996,[66300],100 Bishopsgate London England EC2N 4AA,10.0
MORANT WRIGHT MANAGEMENT LIMITED,03692692,ltd,07-01-1999,[66300],43 St. James's Place London SW1A 1NS,10.0
HARBERT EUROPEAN FUND ADVISORS LIMITED,05384713,ltd,08-03-2005,[66300],45 Old Bond Street London England W1S 4QT,10.0
THOMAS MILLER INVESTMENT LTD.,02187502,ltd,03-11-1987,[66300],90 Fenchurch Street London EC3M 4ST,10.0
PATHWAY CAPITAL MANAGEMENT (UK) LIMITED,05531075,ltd,08-08-2005,[66300],14 Upper St. Martin's Lane London England WC2H 9FB,10.0
KEYHAVEN CAPITAL PARTNERS LIMITED,04562641,ltd,15-10-2002,[66300],45 Whitfield Street London England W1T 4HD,10.0
ZOUK VENTURES LIMITED,03754987,ltd,20-04-1999,[66300],26 Ives Street London United Kingdom SW3 2ND,10.0
NURTRIO LIMITED,06204479,private-limited-guarant-nsc,05-04-2007,"[66300,87200,88100, 88990]","Unit 5,  Acorn Business Park Grimsby England DN32 0LT",10.0
AVIVA INVESTORS GLOBAL SERVICES LIMITED,01151805,ltd,17-12-1973,[66300],80 Fenchurch Street London United Kingdom EC3M 4AE,10.0
NATIXIS INVESTMENT MANAGERS UK LIMITED,03680538,ltd,08-12-1998,[66300],Level 4 Cannon Bridge House London United Kingdom EC4R 2YA,10.0
ASHIK SHAH & CO LIMITED,04551353,ltd,02-10-2002,[66300],33 Foley Street London England W1W 7TL,10.0
FCA FINANCE CONSULTING AKTIENGESELLSCHAFT LTD,05509943,ltd,15-07-2005,[66300],"Unit 3,  Office A,  1st Floor London England EC3R 8EE",10.0
IRONSIDE GENERAL PARTNER LIMITED,07462016,ltd,07-12-2010,[66300],6th Floor Kings House London England SW1Y 4BP,10.0
HERMITAGE CAPITAL MANAGEMENT (UK) LIMITED,05775751,ltd,10-04-2006,[66300],The Aspect London England EC2A 1AS,10.0
MATTHEW TURNBULL LIMITED,00408446,ltd,15-04-1946,"[66300, 68209]",23 Chandos Road Buckingham England MK18 1AL,10.0
CITY OF LONDON INVESTMENT MANAGEMENT COMPANY LIMITED,02851236,ltd,07-09-1993,[66300],77 Gracechurch Street London EC3V 0AS,10.0
VALERIDGE INVESTMENTS LIMITED,03939768,ltd,03-03-2000,"[66300, 68209]",C/O M C Patel & Co Hillingdon Harrow HA3 9DP,10.0
VITRUVIAN PARTNERS LIMITED,05946871,ltd,26-09-2006,[66300],105 Wigmore Street London W1U 1QY,10.0
PUNTER SOUTHALL WEALTH LIMITED,05374633,ltd,24-02-2005,[66300],88 Wood Street London England EC2V 7QR,10.0
BROMPTON REAL ESTATE INVESTMENT MANAGEMENT LIMITED,06891842,ltd,29-04-2009,[66300],1 Knightsbridge Green London SW1X 7QA,10.0
FANGLAA UK TRADING LTD,13072169,ltd,09-12-2020,"[64303,64305,66300, 70221]",20-22 Wenlock Road London England N1 7GU,10.0
WEST COMMON INVESTMENTS LIMITED,00795163,ltd,09-03-1964,[66300],6th Floor 9 Appold Street London United Kingdom EC2A 2AP,10.0
BROMPTON ASSET MANAGEMENT LIMITED,06866020,ltd,01-04-2009,[66300],1 Knightsbridge Green London SW1X 7QA,10.0
TROY ASSET MANAGEMENT LIMITED,03930846,ltd,22-02-2000,[66300],33 Davies Street London United Kingdom W1K 4BP,10.0
INNISFREE IMPPP SLP LIMITED,04363921,ltd,30-01-2002,[66300],"1st Floor,  Boundary House London United Kingdom EC1M 6HR",10.0
INNISFREE EXGP CONTINUATION LIMITED,05651389,ltd,12-12-2005,[66300],"1st Floor,  Boundary House London United Kingdom EC1M 6HR",10.0
INNISFREE SECONDARY PARTNERS 2 (MEMBER) LIMITED,07385697,ltd,23-09-2010,[66300],"1st Floor,  Boundary House London United Kingdom EC1M 6HR",10.0
INNISFREE EXGP SECONDARY 2 LIMITED,07407311,ltd,14-10-2010,[66300],"1st Floor,  Boundary House London United Kingdom EC1M 6HR",10.0
REVCAP ADVISORS LIMITED,07211394,ltd,01-04-2010,[66300],Second Floor London England W1T 2NU,10.0
EPWORTH INVESTMENT MANAGEMENT LIMITED,03052894,ltd,03-05-1995,[66300],Methodist Church House London England WC1H 9SF,10.0
MAAB CONNECT LTD,11409941,ltd,12-06-2018,"[46190,52290,66300, 70229]",39 Kinross Drive Kinross Drive Milton Keynes England MK3 7UF,10.0
DEAN WETTON ADVISORY UK LIMITED,07076625,ltd,14-11-2009,[66300],Office 7 35 - 37 Ludgate Hill London England EC4M 7JN,10.0
INFINITY CAPITAL MANAGEMENT LTD.,03869255,ltd,01-11-1999,[66300],4th Floor 399-401 Strand London United Kingdom WC2R 0LT,10.0
W1M WEALTH MANAGEMENT LIMITED,02080604,ltd,04-12-1986,[66300],16 Babmaes Street London England SW1Y 6AH,10.0
SLATER INVESTMENTS LIMITED,02863882,ltd,19-10-1993,[66300],Nicholas House London EC4R 0EU,10.0
KANADEVIA INOVA CAPITAL LTD,01583260,ltd,28-08-1981,[66300],123 Pall Mall London England SW1Y 5EA,10.0
J SAINSBURY PENSION SCHEME TRUSTEES LIMITED,02721178,ltd,08-06-1992,[66300],33 Charterhouse Street London England EC1M 6HA,10.0
CASSIAN CAPITAL (UK) LIMITED,04370586,ltd,08-02-2002,[66300],Flat 16 Barness Court London W2 3UW,10.0
NORSE INVESTMENTS LIMITED,05734115,ltd,08-03-2006,[66300],56a Flood Street London England SW3 5TE,10.0
FITIKOF LTD,SC437093,ltd,19-11-2012,"[09100,66300, 78109]",3c Inglestone Avenue Glasgow Scotland G46 7ES,10.0
W1M ASSET MANAGEMENT LIMITED,02112588,ltd,19-03-1987,[66300],16 Babmaes Street London England SW1Y 6AH,10.0
NUVEEN MANAGEMENT AIFM LIMITED,03984658,ltd,03-05-2000,[66300],9th Floor 201 London EC2M 3BN,10.0
UFS CONSULTING LTD,11284086,ltd,29-03-2018,"[64999,66110,66190, 66300]","Room 107,  Charles House Beam Heath Way Nantwich England CW5 6PQ",10.0
MAYFAIR CAPITAL PARTNERS LIMITED,04330007,ltd,28-11-2001,[66300],55 Wells Street London England W1T 3PT,10.0
N1 LTD,10406834,ltd,03-10-2016,"[64209,66300, 70221]",Flat 4 11 Park Valley Nottingham United Kingdom NG7 1BS,10.0
TARGET PLANNING FINANCIAL SERVICES LIMITED,07145495,ltd,03-02-2010,"[65300, 66300]",8 Camberwell Way Sunderland United Kingdom SR3 3XN,10.0
SCR INVESTMENTS LTD,07392266,ltd,30-09-2010,[66300],93 Gloucester Place London United Kingdom W1U 6JQ,10.0
OSLO VENTURES LIMITED,12970117,ltd,23-10-2020,"[66300,68320,70229, 74901]",251 Southwark Bridge Road Flat 23.03 London England SE1 6FN,10.0
CRAIGS CONTAINERS LIMITED,05973751,ltd,20-10-2006,[66300],"Flat 4,  243a Wimbledon Park Road London England SW18 5RJ",10.0
BROOKS MACDONALD ASSET MANAGEMENT LIMITED,03417519,ltd,11-08-1997,[66300],40 Leadenhall Street London England EC3A 2BJ,10.0
HORIZON CAPITAL (FOUNDERS) LIMITED,02633662,ltd,30-07-1991,[66300],2nd Floor 1-3 College Hill London United Kingdom EC4R 2RA,10.0
RECORD CURRENCY MANAGEMENT LIMITED,01710736,ltd,30-03-1983,[66300],3 Sheldon Square London England W2 6HY,10.0
SCULPTOR CAPITAL MANAGEMENT EUROPE LIMITED,03676366,ltd,01-12-1998,[66300],25 Baker Street London United Kingdom W1U 8EQ,10.0
STABLE ASSET MANAGEMENT LTD.,07471761,ltd,16-12-2010,[66300],C/O Csc Cls (Uk) Limited 5 Churchill Place London United Kingdom E14 5HU,10.0
LANCASTER INVESTMENT SERVICES LTD,06350401,ltd,22-08-2007,[66300],Yalding House London England W1W 5QA,10.0
PREMIER FUND MANAGERS LIMITED,02274227,ltd,05-07-1988,[66300],Paternoster House London England EC4M 8AB,10.0
MANULIFE INVESTMENT MANAGEMENT (EUROPE) LIMITED,02831891,ltd,30-06-1993,[66300],4th Floor One Strand London England WC2N 5HR,10.0
NDSE MANAGEMENT LIMITED,07396253,ltd,04-10-2010,[66300],"Flat B,  122 Camden Street London England NW1 0HY",10.0
M & L CAPITAL MANAGEMENT LIMITED,04089418,ltd,13-10-2000,[66300],197 Kensington High Street London England W8 6BA,10.0
REX VENTURE RESOURCES LIMITED,06079262,ltd,02-02-2007,"[66300, 68209]",Sovereign House Rochford England SS4 1AS,10.0
TREASURY PROPERTIES LIMITED,05720812,ltd,24-02-2006,[66300],167-169 Great Portland Street London England W1W 5PF,10.0
RANGE CAPITAL LTD,04438043,ltd,14-05-2002,[66300],Harben House Harben Parade London NW3 6LH,10.0
SKYGRID CAPITAL LTD,10316508,ltd,08-08-2016,"[64205,64209,64303, 66300]",71-75 Shelton Street London United Kingdom WC2H 9JQ,10.0
BNP PARIBAS ASSET MANAGEMENT UK LIMITED,02474627,ltd,27-02-1990,[66300],5 Aldermanbury Square London EC2V 7BP,10.0
LIME PROPERTY FUND (GENERAL PARTNER) LIMITED,05118252,ltd,04-05-2004,[66300],80 Fenchurch Street London United Kingdom EC3M 4AE,10.0
TETHYS ADVISORS LIMITED,03534108,ltd,24-03-1998,[66300],First Floor Office 3 Hornton Place London United Kingdom W8 4LZ,10.0
UNILEVER VENTURES LIMITED,04918638,ltd,01-10-2003,[66300],"C/O Tmf Group,  13th Floor London United Kingdom EC2R 7HJ",10.0
DELFF MANAGEMENT LIMITED,04432678,ltd,07-05-2002,[66300],"1 Knightsbridge Green,  5th Floor,  Office 5.33 London United Kingdom SW1X 7QA",10.0
MUNDANE ASSET MANAGEMENT LIMITED,03259769,ltd,07-10-1996,[66300],51 St. Martin's Lane 3rd Floor London WC2N 4EA,10.0
MAXIM FUND MANAGEMENT LIMITED,03991541,ltd,09-05-2000,[66300],1 Highlever Road London W10 6PP,10.0
ARGO CAPITAL MANAGEMENT LIMITED,04000274,ltd,18-05-2000,[66300],Second Floor London W1S 2RR,10.0
GEN II MANAGEMENT COMPANY (UK) LIMITED,05471541,ltd,03-06-2005,[66300],8 Sackville Street London England W1S 3DG,10.0
NS ASSET MANAGEMENT UK LTD,02946806,ltd,08-07-1994,[66300],25 Upper Brook Street London England W1K 7QD,10.0
GABELLI SECURITIES INTERNATIONAL UK LIMITED,07118844,ltd,07-01-2010,[66300],3 St James's Place London England SW1A 1NP,10.0
REDRESS SOLUTIONS PLC,09079980,plc,10-06-2014,[66300],Coopers' Hall London England EC2M 4TH,10.0
DISCOVER AND INVEST LIMITED,06594332,ltd,15-05-2008,[66300],85 Great Portland Street London England W1W 7LT,10.0
EDMOND DE ROTHSCHILD ASSET MANAGEMENT (UK) LIMITED,02144903,ltd,06-07-1987,[66300],4 Carlton Gardens London SW1Y 5AA,10.0
SIGNET CAPITAL MANAGEMENT LIMITED,04644944,ltd,22-01-2003,[66300],27 Knightsbridge London United Kingdom SW1X 7LY,10.0
PS SIPP HOLDINGS LIMITED,07208199,ltd,30-03-2010,[66300],11 Strand London WC2N 5HR,10.0
JANUS HENDERSON INVESTORS INTERNATIONAL LIMITED,03594615,ltd,06-07-1998,[66300],201 Bishopsgate London England EC2M 3AE,10.0
MARSHALL WACE ASSET MANAGEMENT LIMITED,03384699,ltd,11-06-1997,[66300],George House London SW1X 9AT,10.0
MORGAN STANLEY INVESTMENT MANAGEMENT (ACD) LIMITED,04250833,ltd,12-07-2001,[66300],25 Cabot Square London E14 4QA,10.0
BASSO ASSOCIATES UK LIMITED,05195355,ltd,02-08-2004,[66300],"Suite 1,  7th Floor 50 Broadway London United Kingdom SW1H 0BL",10.0
ARONTONE LIMITED,01372429,ltd,08-06-1978,"[64991, 66300]",40 Saint Marys Crescent Isleworth TW7 4NA,10.0
ACHERON CAPITAL LIMITED,05588630,ltd,11-10-2005,[66300],"Suite 1,  7th Floor 50 Broadway London United Kingdom SW1H 0BL",10.0
ASPIRATIONS FINANCIAL ADVICE LTD,08252963,ltd,15-10-2012,"[65110,66290, 66300]","Ist Floor,  West Offices Willow Brook Centre Bristol England BS32 8BS",10.0
RIVER AND MERCANTILE GROUP LIMITED,04035248,ltd,17-07-2000,[66300],30 Coleman Street London England EC2R 5AL,10.0
LORD NORTH STREET LIMITED,03664551,ltd,10-11-1998,[66300],Capital Tower London England SE1 8RT,10.0
LINLEY LIMITED,02154216,ltd,11-08-1987,[66300],86 Jermyn Street London England SW1Y 6JD,10.0
ATLANTIC FINANCIALS LTD,11359159,ltd,14-05-2018,"[64304,64999, 66300]","Level 1,  Devonshire House London United Kingdom W1J 8AJ",10.0
MMC VENTURES LIMITED,03946009,ltd,13-03-2000,[66300],3rd Floor 24 High Holborn London United Kingdom WC1V 6AZ,10.0
FASTNET CAPITAL LIMITED,04471527,ltd,27-06-2002,[66300],Acorn House London United Kingdom W3 6AY,10.0
SCHRODER INVESTMENT MANAGEMENT NORTH AMERICA LIMITED,02334190,ltd,11-01-1989,[66300],1 London Wall Place London England EC2Y 5AU,10.0
PEMBERTON ASSET MANAGEMENT SERVICES UK LIMITED,07228720,ltd,20-04-2010,[66300],5 Howick Place London England SW1P 1WG,10.0
ENTRUST GLOBAL LTD.,03535219,ltd,26-03-1998,[66300],30 Panton Street London England SW1Y 4AJ,10.0
TITAN INVESTORS LIMITED,06362202,ltd,05-09-2007,[66300],10 Bloomsbury Way London United Kingdom WC1A 2SL,10.0
RAVENSCOURT CONSULTANTS LIMITED,00736580,ltd,28-09-1962,[66300],58 Suite 8 London United Kingdom NW8 6AG,10.0
QUILTER INVESTORS LIMITED,04227837,ltd,04-06-2001,[66300],Senator House London United Kingdom EC4V 4AB,10.0
QUILTER CHEVIOT LIMITED,01923571,ltd,18-06-1985,[66300],Senator House London United Kingdom EC4V 4AB,10.0
BNY MELLON INVESTMENT MANAGEMENT HOLDINGS (GERMANY) LIMITED,05640740,ltd,30-11-2005,[66300],Bny Mellon Centre London EC4V 4LA,10.0
J & E DAVY (UK) LIMITED,NI028952,ltd,14-11-1994,"[66220, 66300]",Donegall House Belfast Northern Ireland BT1 5GB,10.0
HOOVER TRUST FUND LIMITED(THE),00561120,ltd,08-02-1956,"[66300, 74990]",302 Bridgewater Place Warrington England WA3 6XG,10.0
ENNISMORE FUND MANAGEMENT LIMITED,03598371,ltd,09-07-1998,[66300],Kensington Cloisters London W8 4LD,10.0
RIPPLE ENTERPRISES LTD.,09303378,ltd,10-11-2014,"[47190,62012,64301, 66300]",26 Greens Road Cambridge England CB4 3EF,10.0
CHAPTER DIGITAL LTD,11429016,ltd,22-06-2018,"[62020,66300,69203, 70229]",25 Clos Y Cedr Caerphilly Wales CF83 3RL,10.0
CALCULUS MEDIA LIMITED,06888387,ltd,27-04-2009,[66300],"12 Conduit Street London,  England W1S 2XH",10.0
TOMORROW 32 LIMITED,11208824,ltd,15-02-2018,"[64304,66120,66190, 66300]",Office Ff10 Brooklands House Lancing England BN15 8AF,10.0
CLYDEBORN LIMITED,09271509,ltd,20-10-2014,"[66300, 70221]",10 Lime Way Chepstow Wales NP16 7FQ,10.0
COLUMBIA THREADNEEDLE CAPITAL (UK) LIMITED,03487043,ltd,30-12-1997,[66300],Cannon Place London England EC4N 6AG,10.0
M&G REAL ESTATE LIMITED,03852763,ltd,04-10-1999,[66300],10 Fenchurch Avenue London EC3M 5AG,10.0
WAFRA EUROPEAN CAPITAL LIMITED,05967078,ltd,16-10-2006,[66300],125 Old Broad Street London EC2N 1AR,10.0
RAMIUS UK LTD,04382500,ltd,27-02-2002,[66300],11th Floor London EC2A 2DQ,10.0
CYRUS CAPITAL PARTNERS LIMITED,05251255,ltd,06-10-2004,[66300],4 Cork Street London United Kingdom W1S 3LB,10.0
HATHAWAY INVESTMENT MANAGEMENT LIMITED,03849924,ltd,29-09-1999,"[66120, 66300]",Grosvenor House Birmingham B2 5RS,10.0
MUZINICH & CO. LIMITED,03852444,ltd,04-10-1999,[66300],8 Hanover Street London W1S 1YQ,10.0
NS PARTNERS LTD,01880176,ltd,23-01-1985,[66300],Southwest House London England SW1Y 4LR,10.0
LOMBARD ODIER ASSET MANAGEMENT (EUROPE) LIMITED,07099556,ltd,09-12-2009,[66300],Goldings House Hays Galleria London England SE1 2HB,10.0
RYDER ADAMS LIMITED,05080876,ltd,23-03-2004,"[65300, 66300]",2 Harewood Gate Leeds LS17 9LZ,10.0
CVC CREDIT PARTNERS INVESTMENT MANAGEMENT LIMITED,07441828,ltd,16-11-2010,[66300],105-109 Strand London United Kingdom WC2R 0AA,10.0
DEXICREON GENERAL PARTNER LIMITED,07315916,ltd,15-07-2010,[66300],6th Floor Kings House London England SW1Y 4BP,10.0
PARTNERS GROUP (UK) LIMITED,05113447,ltd,27-04-2004,[66300],33 Charterhouse Street London England EC1M 6HA,10.0
UNILEVER VENTURES GENERAL PARTNER LIMITED,04415366,ltd,12-04-2002,[66300],"C/O Tmf Group,  13th Floor London United Kingdom EC2R 7HJ",10.0
NSC INVESTMENTS LIMITED,06655849,ltd,24-07-2008,[66300],Pyramid House London England N12 9RT,10.0
PROVIDENCE ASSET MANAGEMENT LIMITED,06357208,ltd,31-08-2007,[66300],C/O B&F Services London United Kingdom SE1 2RE,10.0
ALMA CAPITAL LONDON LIMITED,05415175,ltd,06-04-2005,[66300],30 Panton Street London United Kingdom SW1Y 4AJ,10.0
ZEBEDEE CAPITAL LIMITED,04044551,ltd,01-08-2000,[66300],120 Pall Mall London England SW1Y 5EA,10.0
RAFAAH FINANCIAL LTD,11221269,ltd,23-02-2018,"[63120,64991,64999, 66300]",11221269 - COMPANIES HOUSE DEFAULT ADDRESS Cardiff CF14 8LH,10.0
FORESIGHT 1 VCT LIMITED,05204250,ltd,12-08-2004,[66300],C/O Foresight Group Llp The Shard London United Kingdom SE1 9SG,10.0
CALCULUS CAPITAL LIMITED,03861194,ltd,19-10-1999,[66300],"12 Conduit Street London,  England W1S 2XH",10.0
AINAD LTD,12911675,ltd,29-09-2020,"[62020,62090,66300, 70229]",86-90 Paul Street London England EC2A 4NE,10.0
SFM CAPITAL LTD,06733579,ltd,27-10-2008,[66300],4 Carlton Gardens London United Kingdom SW1Y 5AA,10.0
IEC UK INVESTMENT MANAGEMENT LTD,05425922,ltd,15-04-2005,[66300],30 Gresham Street London England EC2V 7QP,10.0
MONEY MASTERS LIMITED,02990592,ltd,15-11-1994,"[66300, 68100]",Courtyard Cottage Brownston Street Modbury United Kingdom PL21 0RQ,10.0
EMBARK INVESTMENTS LIMITED,03383730,ltd,09-06-1997,[66300],33 Old Broad Street London United Kingdom EC2N 1HZ,10.0
INNISFREE SECONDARY PARTNERS 1 (MEMBER) LIMITED,06223453,ltd,23-04-2007,[66300],"1st Floor,  Boundary House London United Kingdom EC1M 6HR",10.0
INNISFREE SECONDARY SLP 2 LIMITED,07385735,ltd,23-09-2010,[66300],"1st Floor,  Boundary House London United Kingdom EC1M 6HR",10.0
WESTMINSTER EQUITY ASSET MANAGEMENT LIMITED,02326310,ltd,07-12-1988,[66300],28 The Pryors London NW3 1BJ,10.0
METAGE CAPITAL LIMITED,03525123,ltd,11-03-1998,[66300],"C/O Tmf Group,  13th Floor London United Kingdom EC2R 7HJ",10.0
6 FIGURES LIMITED,02195265,ltd,18-11-1987,"[58110, 66300]",28 Birds Hill Drive Leatherhead KT22 0SP,10.0
STAFFORD INFRASTRUCTURE LIMITED,08267191,ltd,24-10-2012,"[64303, 66300]",Level 6 Duo London England EC2M 4RB,10.0
STURGEON CAPITAL LTD,07421440,ltd,27-10-2010,[66300],Plantworks 1a Britannia Street London England WC1X 9JT,10.0
BROMPTON PROPERTY MANAGEMENT HOLDINGS LIMITED,06865961,ltd,01-04-2009,[66300],1 Knightsbridge Green London SW1X 7QA,10.0
GSA CAPITAL SERVICES LIMITED,05320529,ltd,23-12-2004,[66300],Stratton House London W1J 8LA,10.0
BROMPTON ASSET MANAGEMENT HOLDINGS LIMITED,06866017,ltd,01-04-2009,[66300],1 Knightsbridge Green London SW1X 7QA,10.0
PELHAM CAPITAL INVESTMENTS LTD,07478009,ltd,23-12-2010,[66300],25 Bury Street London England SW1Y 6AL,10.0
RUDOLF WOLFF LIMITED,03504633,ltd,05-02-1998,[66300],10 Orange Street London England WC2H 7DQ,10.0
SPORTS INVESTMENT PARTNERS (ADVISORY) LIMITED,07154733,ltd,11-02-2010,[66300],2nd Floor 67-68 Jermyn Street London England SW1Y 6NY,10.0
RESOURCE ALLOCATION LIMITED,01737704,ltd,07-07-1983,"[65300, 66300]",10 Station Yard Twickenham TW1 4LJ,10.0
BROMPTON REAL ESTATE HOLDINGS LIMITED,06891830,ltd,29-04-2009,[66300],1 Knightsbridge Green London SW1X 7QA,10.0
BROMPTON INVESTMENT MANAGEMENT LIMITED,06865971,ltd,01-04-2009,[66300],1 Knightsbridge Green London SW1X 7QA,10.0
SPINNAKER CAPITAL LIMITED,03758622,ltd,21-04-1999,[66300],52 Jermyn Street London England SW1Y 6LX,10.0
DYNAMIC STABILITY LIMITED,04241542,ltd,26-06-2001,[66300],14 Old Queen Street London England SW1H 9HP,10.0
BENTLEY REID & CO (UK) LIMITED,07602886,ltd,13-04-2011,[66300],3rd Floor London SW1H 9BU,9.5
BSFI LIP 1 LIMITED,07713986,ltd,21-07-2011,[66300],3 More London Riverside London England SE1 2AQ,9.5
BSFI LIP 2 LIMITED,07714002,ltd,21-07-2011,[66300],3 More London Riverside London England SE1 2AQ,9.5
PIPER EQUITY LIMITED,07706794,ltd,15-07-2011,[66300],1st Floor London W8 7AS,9.5
BLACKSTAR TRADING & FINANCE LTD,12265166,ltd,16-10-2019,"[64999,66300, 68100]",20-22 Wenlock Road London England N1 7GU,9.5
AMOC INVESTMENTS LTD,13486073,ltd,30-06-2021,"[64991,64999,66120, 66300]",71-75 Shelton Street London United Kingdom WC2H 9JQ,9.5
PROGRESS FINANCE LTD,12128831,ltd,30-07-2019,"[64910,64922,64999, 66300]",26 Adelaide Road Leamington Spa United Kingdom CV31 3PL,9.5
WATERWORTH CONSULTING LTD,13753892,ltd,19-11-2021,"[66300,70229,74901, 84130]",128 City Road London United Kingdom EC1V 2NX,9.5
SH INVEST LIMITED,12374889,ltd,23-12-2019,"[64999,66300, 70229]",55 Riding House Street London England W1W 7EE,9.5
ROQUE HOLDINGS LTD,12095019,ltd,10-07-2019,"[64303,66300,70229, 74909]",20 Market Street Altrincham England WA14 1PF,9.5
SKIRFARE INVESTMENTS LIMITED,07780354,ltd,20-09-2011,[66300],71 Queen Victoria Street London United Kingdom EC4V 4BE,9.5
HITGROUP INCORPORATED LTD,11021779,ltd,19-10-2017,"[66300,69109,72190, 80300]",35 Ballards Lane London United Kingdom N3 1XW,9.5
LIZANIA BUSINESS LTD,11839918,ltd,21-02-2019,"[66300,69201, 70221]","Carlyle House 235-237 Vauxhall Bridge Road,  Lower Ground Floor London United Kingdom SW1V 1EJ",9.5
SPORTING CAPITAL LIMITED,10673757,ltd,16-03-2017,"[64929,64999, 66300]",W106 Vox Studios - None - United Kingdom SE11 5JH,9.5
BRIDGES VENTURES III (GENERAL PARTNER) LIMITED,07790936,ltd,28-09-2011,[66300],38 Seymour Street London W1H 7BP,9.5
TAJ EXCHANGE LIMITED,12150889,ltd,12-08-2019,"[64999,66190, 66300]","Suit 118,  1st Floor 239 Kensington High Street London England W8 6SN",9.5
TAJ GENERAL TRADING LTD,11929657,ltd,05-04-2019,"[64999,66190, 66300]","Suit 118,  1st Floor 239 Kensington High Street London England W8 6SN",9.5
AUREA INVESTMENT MANAGEMENT LTD,09857646,ltd,05-11-2015,"[64301,64303,64991, 66300]",09857646 - COMPANIES HOUSE DEFAULT ADDRESS Cardiff CF14 8LH,9.5
ENSPIRE LIMITED,07671663,ltd,15-06-2011,[66300],Suite 540 5th Floor Linen Hall London W1B 5TF,9.5
FOSCADH DIGITAL ASSETS LTD,13128421,ltd,12-01-2021,"[62090,64999,66190, 66300]",One Canada Square 1 Canada Square London England E14 5AA,9.5
LINFELD LTD,12179453,ltd,29-08-2019,"[64306,66300,70229, 82990]",99 Blenheim Court Navestock Crescent Woodford Green England IG8 7BB,9.5
KOODOS LTD,12352270,ltd,06-12-2019,"[63120,64304,64999, 66300]",Unit 2.02 High Weald House Bexhill United Kingdom TN39 5ES,9.5
LIFE TENANCY INVESTMENTS LIMITED,10744662,ltd,27-04-2017,"[64301,64304,64306, 66300]",71-75 Shelton Street London United Kingdom WC2H 9JQ,9.5
ROBUS CAPITAL MANAGEMENT LIMITED,07745735,ltd,18-08-2011,[66300],Central Court London England WC2A 1AL,9.5
FLY MY CLOUD LIMITED,09756179,ltd,01-09-2015,"[62012,62020,63120, 66300]",50 Collins Cross Bishop's Stortford England CM23 2DD,9.5
NET ZERO MARKETS LTD,13380851,ltd,06-05-2021,"[64999,66110,66190, 66300]",32 Gloucester Circus London United Kingdom SE10 8RY,9.5
CLARION PARTNERS EUROPE (U.K.) LIMITED,07654712,ltd,01-06-2011,[66300],One London England WC2R 0LR,9.5
BLUMEADOWS LIMITED,09787512,ltd,21-09-2015,"[09100,66300,74909, 88990]",15 Ivy Street Manchester England M40 9LN,9.5
VABEL DEVELOPMENTS LIMITED,07544316,ltd,28-02-2011,[66300],18 Haverstock Hill London England NW3 2BL,9.5
ATLANTIDE ASSET MANAGEMENT LIMITED,07858231,ltd,23-11-2011,[66300],8-10 Hill Street London England W1J 5NG,9.5
MIJD LIMITED,07640038,ltd,19-05-2011,"[62020, 66300]",22 Woodford Avenue Ilford England IG2 6XG,9.5
TRENDCRAFT INVESTMENT LTD,12242698,ltd,03-10-2019,"[66300,68320,70221, 70229]",22 Friary Grove Milton Keynes England MK17 7FG,9.5
A SHADE GREENER MONEY PLC,08659252,plc,21-08-2013,[66300],Sterling House Maple Court Tankersley S75 3DP,9.5
MUBARAK FINANCE LTD,13448419,ltd,09-06-2021,"[64191,64910,64999, 66300]","Wsm,  Connect House 133-137 Alexandra Road London United Kingdom SW19 7JY",9.5
TIDAL WAVE LTD,13488475,ltd,01-07-2021,"[64205,64303,64999, 66300]",128 City Road London United Kingdom EC1V 2NX,9.5
RUGBY CAPITAL LIMITED,07784506,ltd,23-09-2011,[66300],101 New Cavendish Street London United Kingdom W1W 6XH,9.5
MIM DISCRETIONARY FM LIMITED,10759956,ltd,08-05-2017,"[64999,66300, 82990]",Marlborough House Bolton United Kingdom BL1 4QP,9.5
POV INTERNATIONAL LIMITED,10772278,ltd,16-05-2017,"[64191,64301,64306, 66300]",27 Old Gloucester Street London United Kingdom WC1N 3AX,9.5
UNIBANQUE  SA LTD,12061155,ltd,20-06-2019,"[64205,64209,64999, 66300]",Devonshire House Stanmore England HA7 1JS,9.5
OLYMPIA WEALTH MANAGEMENT LTD,07690337,ltd,01-07-2011,[66300],60 Cannon Street London England EC4N 6NP,9.5
IF INVESTMENTS & FINANCE LIMITED,12192809,ltd,06-09-2019,"[64209,64929,66300, 70221]",61 Bridge Street Kington United Kingdom HR5 3DJ,9.5
PRESERVATION CAPITAL PARTNERS LIMITED,10737610,ltd,24-04-2017,"[66190, 66300]",25 Golden Square London England W1F 9LU,9.5
QUANT BEE LTD,09449898,ltd,20-02-2015,"[62090,66110,66220, 66300]",C/O Sg Accounting Wimborne England BH21 7SB,9.5
VIOLA ALEO LTD,13161113,ltd,27-01-2021,"[64999,65120,66110, 66300]",128 City Road London England EC1V 2NX,9.5
FVD GLOBAL HOUSE LTD,13716520,ltd,01-11-2021,"[66300,74909,82990, 99000]",37th Floor 1 Canada Square London United Kingdom E14 5AA,9.5
EATON CAPITAL MANAGEMENT UK LIMITED,09470698,ltd,04-03-2015,"[66190, 66300]",5 Barnards Hill Marlow United Kingdom SL7 2NX,9.5
STANDISH MANAGEMENT (UK) LTD,11773926,ltd,17-01-2019,"[66300,69202, 70221]",51 Lime Street Lime Street London England EC3M 7DQ,9.5
BETTER SOCIETY CAPITAL LIMITED,07599565,ltd,11-04-2011,[66300],Script London United Kingdom EC1Y 8RN,9.5
ALLDUBEE LTD,11881941,ltd,14-03-2019,"[64205,66300,68209, 70221]",293 Sugar Mill Business Park Leeds England LS11 7HL,9.5
SUSTAINABLE VENTURES INVESTMENT MANAGEMENT LTD,10647639,ltd,02-03-2017,"[66300, 82990]","Sustainable Workspaces 5th Floor,  County Hall London United Kingdom SE1 7PB",9.5
PATRITALIA PLC,16487947,plc,02-06-2025,"[64209,64304,66300, 70229]",128 City Road London United Kingdom EC1V 2NX,9.5
GIV TRADE LTD.,13741505,ltd,12-11-2021,"[64991,64999,66110, 66300]","4th Floor,  Silverstream House,  45 Fitzroy Street London England W1T 6EB",9.5
LENROSE WEALTH MANAGEMENT LTD,11832797,ltd,18-02-2019,"[64922,64999,66220, 66300]","C/O Argentis,  5 Lancer House,  Hussar Court Waterlooville England PO7 7SE",9.5
OLIM PROPERTY LIMITED,07696904,ltd,07-07-2011,[66300],15 Queen Anne's Gate London England SW1H 9BU,9.5
PLAN B TRADING LTD,07742451,ltd,16-08-2011,[66300],45 North Road London England SW19 1AQ,9.5
EDALE CAPITAL (SERVICES) LIMITED,07495917,ltd,18-01-2011,[66300],29 Farm Street London England W1J 5RL,9.5
HARDING FINANCIAL LTD,07641388,ltd,20-05-2011,"[66290, 66300]",The Estate Yard East Shalford Lane Guildford England GU4 8AE,9.5
1 ASSET MANAGEMENT LIMITED,08735219,ltd,16-10-2013,"[66300, 98000]",20-22 Wenlock Road London England N1 7GU,9.5
VOYA INVESTMENT MANAGEMENT (UK) LIMITED,07713257,ltd,21-07-2011,[66300],6th Floor 35 King Street London EC2V 8EH,9.5
HENGISTBURY SERVICE COMPANY LIMITED,07666201,ltd,10-06-2011,[66300],Floor 1 34 Brook Street London W1K 5DN,9.5
IAN CROOK WEALTH MANAGEMENT LTD,07643546,ltd,23-05-2011,"[66290, 66300]",55 Parade Exmouth England EX8 1RD,9.5
MOYES FINANCIAL PLANNING LIMITED,07856963,ltd,22-11-2011,"[66220, 66300]",The Colchester Centre Colchester England CO2 8JX,9.5
NACRO STAFF BENEFITS PLAN TRUSTEE LIMITED,07491443,ltd,13-01-2011,[66300],Walkden House London England EC2M 4SQ,9.5
WEALTHKERNEL LIMITED,09686970,ltd,15-07-2015,"[62012,64205, 66300]",41 Luke Street London United Kingdom EC2A 4DP,9.5
LEVINE LEICHTMAN CAPITAL PARTNERS LIMITED,07519782,ltd,07-02-2011,[66300],30 Old Bailey London United Kingdom EC4M 7AU,9.5
VICTORIA CAPITAL ADVISORS UK LTD,07776327,ltd,16-09-2011,[66300],"Suite 1,  7th Floor 50 Broadway London United Kingdom SW1H 0BL",9.5
ONEPOINT INVESTMENT SOLUTIONS LTD,10675792,ltd,17-03-2017,"[66110,66120,66210, 66300]",10 Bloomfield Terrace Bloomfield Terrace London England SW1W 8PG,9.5
QIC EUROPEAN INVESTMENT SERVICES LIMITED,07804418,ltd,10-10-2011,[66300],21 Holborn Viaduct London United Kingdom EC1A 2DY,9.5
DAVIDE LEONE AND PARTNERS INVESTMENT COMPANY LTD,07523186,ltd,09-02-2011,[66300],9-10 Savile Row London W1S 3PF,9.5
PRIMA EKUITI (UK) LIMITED,07800059,ltd,06-10-2011,[66300],C/O Company Secretarial Department London EC2M 4AG,9.5
WILDBLOOD LTD,13715282,ltd,01-11-2021,"[66120,66300,68209, 70229]",36 Netheravon Road London England W4 2NA,9.5
ALEXANDER BELLE CONSULTANTS LTD,13332106,ltd,13-04-2021,"[66300,78300,80300, 82990]",71-75 Shelton Street London England WC2H 9JQ,9.5
LOGIC INTERNATIONAL LTD,11913832,ltd,29-03-2019,"[66300,82110, 82990]",3 Marshall Path London United Kingdom SE28 8DX,9.5
COMPOUND MANAGEMENT (UK) LIMITED,07566142,ltd,16-03-2011,[66300],23 Beaumont Mews London England W1G 6EN,9.5
LONG WINGS TRADING LTD,07583797,ltd,30-03-2011,[66300],14 A Gloucester Road London United Kingdom SW7 4RB,9.5
ENGAGE FINANCIAL SERVICES LTD,10609552,ltd,08-02-2017,"[64999,66300, 70221]",159 High Street Barnet England EN5 5SU,9.5
LANDFAIR CAPITAL LIMITED,12611953,ltd,19-05-2020,"[66300,68320,70221, 96090]",3rd Floor 1 Ashley Road Altrincham United Kingdom WA14 2DT,9.0
JK INVESTMENT MANAGEMENT SERVICES LIMITED,04765845,ltd,15-05-2003,[66300],3 Bury House Guildford GU2 4AW,9.0
BARRACUDA ENERGY STORAGE LIMITED,13017347,ltd,13-11-2020,"[07290, 08990,66300, 70221]",13017347 - COMPANIES HOUSE DEFAULT ADDRESS Cardiff CF14 8LH,9.0
FE LOAN MANAGEMENT LIMITED,06906958,ltd,15-05-2009,[66300],First Floor Linea House Fleet England GU51 2UZ,9.0
PRIMA 200 LIMITED,05099500,ltd,13-04-2004,[66300],5 The Triangle Worcester WR5 2QX,9.0
PALMER INVESTMENT MANAGEMENT LIMITED,06373531,ltd,18-09-2007,[66300],1-4 Farrow Road Chelmsford CM1 3TH,9.0
DARWIN ALTERNATIVE INVESTMENT MANAGEMENT LIMITED,08100415,ltd,11-06-2012,[66300],Empire House London England W1J 9EN,9.0
MFM UNIT TRUST MANAGERS LIMITED,01651703,ltd,15-07-1982,[66300],Marlborough House Bolton BL1 4QP,9.0
MONTANARO ASSET MANAGEMENT LIMITED,03246931,ltd,06-09-1996,[66300],53 Threadneedle Street null EC2R 8AR,9.0
ABRDN INVESTMENT MANAGEMENT LIMITED,SC123321,ltd,27-02-1990,[66300],1 George Street null EH2 2LL,9.0
ILFORD PARQUET COMPANY LIMITED,01361885,ltd,07-04-1978,[66300],37 Aylmer Road Essex RM8 3LP,9.0
H&M INVESTMENT MANAGEMENT LTD,06368165,ltd,11-09-2007,[66300],"The Old Forge,  141 Main Road Chelmsford CM3 4AA",9.0
PWS WEALTH MANAGEMENT LIMITED,06401742,ltd,17-10-2007,[66300],Butterworth Barlow House Prescot England L34 3LG,9.0
PREMIER PENSIONS MANAGEMENT LIMITED,04692580,ltd,11-03-2003,[66300],Amp House Croydon CR0 2LX,9.0
KEVIN BASSETT WEALTH MANAGEMENT LIMITED,08110078,ltd,19-06-2012,[66300],37 Church Road London England SW19 5DQ,9.0
EISER INFRASTRUCTURE LIMITED,05375885,ltd,25-02-2005,[66300],42-46 Station Road Edgware England HA8 7AB,9.0
CLARITY ADVICE & MANAGEMENT LTD,10058780,ltd,11-03-2016,"[66190, 66300]",North House Tonbridge United Kingdom TN9 1BE,9.0
INEVERSLEY LTD,06784220,ltd,06-01-2009,[66300],Brook House Kingswinford England DY6 9HS,9.0
AZINI 2 (FP) LIMITED,SC375584,ltd,25-03-2010,[66300],50 Lothian Road Edinburgh EH3 9WJ,9.0
LEGAL & GENERAL INVESTMENT MANAGEMENT LIMITED,02091894,ltd,21-01-1987,[66300],One Coleman Street null EC2R 5AA,9.0
HORIZON UAE VISION BOND ONE BY A.S. AL NABOODAH PLC,13101100,plc,29-12-2020,"[64303,64304, 66300]",71-75 Shelton Street London United Kingdom WC2H 9JQ,9.0
AVIVA LIFE INVESTMENTS INTERNATIONAL (GENERAL PARTNER) LIMITED,07019488,ltd,15-09-2009,[66300],Aviva York United Kingdom YO90 1WR,9.0
UMRIGAR INVESTMENTS LIMITED,SC131040,ltd,08-04-1991,[66300],37 Drumsheugh Gardens Edinburgh EH3 7RN,9.0
N.F.U. MUTUAL UNIT MANAGERS LIMITED,01837277,ltd,31-07-1984,[66300],Tiddington Road null CV37 7BJ,9.0
INVESCO UK SERVICES LIMITED,06649814,ltd,17-07-2008,[66300],Perpetual Park Henley-On-Thames England RG9 1HH,9.0
GCP EUROPE GP1 LTD,08201425,ltd,04-09-2012,[66300],14-16 Bruton Place London England W1J 6LX,9.0
SPORTADAM LTD,06404114,ltd,19-10-2007,[66300],55 Halstow Way Basildon SS13 2NY,9.0
FSE FUND MANAGERS LIMITED,05644712,ltd,05-12-2005,[66300],First Floor Linea House Fleet England GU51 2UZ,9.0
SEFM GENERAL PARTNER LIMITED,06324370,ltd,25-07-2007,[66300],First Floor Linea House Fleet England GU51 2UZ,9.0
METROPOLIS CAPITAL LTD,07244251,ltd,05-05-2010,[66300],"First Floor,  Amersham Court,  Amersham England HP6 5DW",9.0
STRATFORD ASSET MANAGEMENT LTD,04117195,ltd,30-11-2000,[66300],The Tithe House Chipping Campden England GL55 6JE,9.0
ABERFORTH LGP IB LIMITED,SC215035,ltd,24-01-2001,[66300],14 Melville Street Midlothian EH3 7NS,9.0
EUROPEAN BESPOKE SOLUTIONS LTD,13086602,ltd,17-12-2020,"[64999,66300,68320, 70221]",13 Broadwalk Close Orpington United Kingdom BR6 7RZ,9.0
LETCHWORTH HOUSING INVESTMENTS LIMITED,07128548,ltd,18-01-2010,[66300],"Unit 1b,  Focus Four,  Letchworth Garden City England SG6 2TU",9.0
HJH CONSULTANCY LIMITED(THE),01798194,ltd,08-03-1984,[66300],121 Green Lane Derby DE1 1RZ,9.0
NUTAKI LTD,07162673,ltd,19-02-2010,[66300],Sbc House Wallington SM6 7AH,9.0
CKR INVESTMENT MANAGEMENT LTD,06812230,ltd,06-02-2009,[66300],Monks Farm Priory Road Colchester CO5 0QE,9.0
TITAN PRIVATE WEALTH LIMITED,04731281,ltd,11-04-2003,[66300],2 Cardale Park Harrogate England HG3 1RY,9.0
VICASSET ADVISORS UK LIMITED,08003325,ltd,23-03-2012,[66300],"5th Floor,  Verde London United Kingdom SW1E 5DH",9.0
EBI PORTFOLIOS LTD,07473221,ltd,17-12-2010,[66300],Aurora Bristol England BS1 6BX,9.0
TRINITY GREEN INVESTMENTS LTD,11714551,ltd,06-12-2018,"[35110,46120,66300, 96090]","42 Fortune Green Road,  Flat 1 42 Fortune Green Road London England NW6 1UJ",9.0
DEXTER CAPITAL GROUP LIMITED,04328044,ltd,23-11-2001,[66300],"First Floor,  Brandon House Chesham United Kingdom HP5 1EG",9.0
CRAVEN CAPITAL LIMITED,07209893,ltd,31-03-2010,[66300],3 Castlegate Grantham NG31 6SF,9.0
ROLSTON LIMITED,NI040831,ltd,15-05-2001,[66300],49 Lisleen Road Belfast BT5 7SU,9.0
CHELVERTON ASSET MANAGEMENT LIMITED,03429348,ltd,04-09-1997,[66300],11 Laura Place Bath England BA2 4BL,9.0
NCM MEZZANINE GENERAL PARTNER LIMITED,SC314899,ltd,18-01-2007,[66300],"4th Floor,  7 Castle Street,  Edinburgh Edinburgh Scotland EH2 3AH",9.0
HSEINVESTMENTS LIMITED,07424370,ltd,29-10-2010,[66300],286 Fulford Road York YO10 4PD,9.0
IMPEL LONDON LIMITED,12852365,ltd,02-09-2020,"[62090,66300,68310, 70229]","6th Floor,  Amp House Croydon England CR0 2LX",9.0
RIVER CAPITAL MANAGEMENT LIMITED,03099944,ltd,08-09-1995,[66300],"Suite 6c,  The Plaza Liverpool England L3 9QJ",9.0
BARKESTONE ASSOCIATES (WEALTH MANAGEMENT) LIMITED,06968793,ltd,21-07-2009,[66300],10 Kingswell Avenue Nottingham NG5 6SY,9.0
WILLIAM HIGHBOURNE WEALTH MANAGEMENT LIMITED,07193496,ltd,17-03-2010,[66300],Briar House Exeter EX5 2LZ,9.0
NEL FUND MANAGERS LIMITED,02564907,ltd,03-12-1990,[66300],"4 Enterprise House,  Kingsway Gateshead England NE11 0SR",9.0
ARR INVESTMENT PARTNERS LTD,11524099,ltd,17-08-2018,"[66190, 66300]",9 Argyll Street London England W1F 7TG,9.0
HOKULANI LIMITED,14465197,ltd,07-11-2022,"[64209,64301,66300, 70221]",86-90 Paul Street London United Kingdom EC2A 4NE,9.0
KENNOX ASSET MANAGEMENT LIMITED,SC302037,ltd,08-05-2006,[66300],33 Melville Street Edinburgh Scotland EH3 7JF,9.0
INSPARO ASSET MANAGEMENT LIMITED,06332714,ltd,03-08-2007,[66300],32 Byron Hill Road Harrow On The Hill United Kingdom HA2 0HY,9.0
ARCHGOLD INVESTMENTS LTD,05465594,ltd,27-05-2005,[66300],21 Oakfield Park Wellington TA21 8EX,9.0
SIR IAIN NOBLE & PARTNERS LIMITED,SC208134,ltd,08-06-2000,[66300],An Oifig Sleit An T-Eilean IV43 8QR,9.0
SIRK INVESTMENTS LIMITED,02167063,ltd,18-09-1987,[66300],Cheveley Park Stud Newmarket CB8 9DD,9.0
MERSEYSIDE SPECIAL INVESTMENT VENTURE FUND LIMITED,03104077,ltd,20-09-1995,[66300],"Suite 6c,  The Plaza Liverpool England L3 9QJ",9.0
THE OXFORD INVESTMENT MANAGEMENT COMPANY LIMITED,05764864,ltd,31-03-2006,[66300],Oxam House Oxford England OX1 2BW,9.0
LYNGARTH PROPERTIES LIMITED,00860320,ltd,30-09-1965,[66300],Tudor House Huby LS17 0EF,9.0
S & J FINANCIAL MANAGEMENT LIMITED,05721827,ltd,24-02-2006,[66300],26 Peatburn Avenue Derby DE75 7RL,9.0
PUMA INVESTMENT MANAGEMENT LIMITED,08210180,ltd,11-09-2012,[66300],Cassini House London England SW1A 1LD,9.0
PARUS FINANCE (UK) LTD,08260823,ltd,19-10-2012,[66300],100 Pall Mall London SW1Y 5NQ,9.0
TOWER INVESTMENTS INTERNATIONAL LIMITED,12718310,ltd,04-07-2020,"[64910,64921,64999, 66300]",7a Abbey Business Park Farnham United Kingdom GU9 8HT,9.0
OXFORD INNOVATION AND INVESTMENT GROUP LTD,13869914,ltd,25-01-2022,"[64303,66300,70229, 72190]",71-75 Shelton Street London United Kingdom WC2H 9JQ,9.0
UNICORN ASSET MANAGEMENT LIMITED,03919499,ltd,04-02-2000,[66300],First Floor Office Preacher's Court Charterhouse Square United Kingdom EC1M 6AU,9.0
SH INVESTMENT MANAGEMENT LTD,07078543,ltd,17-11-2009,[66300],Beckwith Barn Warren Estate Writtle England CM1 3WT,9.0
FW CAPITAL LIMITED,07078439,ltd,17-11-2009,[66300],Unit J Yale Business Village Wrexham Wales LL13 7YL,9.0
PROVINCIAL RESIDENTIAL HOLDINGS LIMITED,00321968,ltd,16-12-1936,[66300],Traumerei Ashford England TN24 8HJ,9.0
MIDTOWN INVESTMENTS LIMITED,03714138,ltd,16-02-1999,[66300],69 Moss Lane Middlesex HA5 3AZ,9.0
VALERIAN DEVELOPMENTS LIMITED,02864025,ltd,19-10-1993,[66300],13/15 Netherhall Rd Doncaster DN1 2PH,9.0
WENTWORTH INVESTMENT MANAGEMENT LIMITED,06802517,ltd,27-01-2009,[66300],Beckwith Barn Warren Estate Writtle England CM1 3WT,9.0
BVO GROEP LIMITED,05577569,ltd,28-09-2005,[66300],43 Owston Road Carcroft England DN6 8DA,9.0
CLENDINNING (HOLDINGS) LIMITED,NI004528,ltd,31-03-1960,[66300],1 Coastguard Cottage Holywood BT18 0AG,9.0
J.BATTY AND CO.LIMITED,00183343,ltd,24-07-1922,[66300],"Unit A,  Belgrave Court Caxton Road Preston United Kingdom PR2 9PL",9.0
DBM ADVISORY LIMITED,09935269,ltd,05-01-2016,"[66300,68310, 68320]",55 Loudoun Road London United Kingdom NW8 0DL,9.0
ENTRES LTD,09940117,ltd,07-01-2016,"[55100,66300,69203, 85100]",12 Crabtree Lane Harpenden England AL5 5TB,9.0
S G WEALTH MANAGEMENT LIMITED,04164888,ltd,21-02-2001,[66300],53-57 St Martin's Lane Norwich NR3 3SA,9.0
RAB CAPITAL LIMITED,03694213,ltd,12-01-1999,[66300],6 Kilmington Close Brentwood England CM13 2JZ,9.0
SYNGENTA PENSIONS TRUSTEE LIMITED,03919501,ltd,04-02-2000,[66300],Jealott's Hill International Research Centre Bracknell England RG42 6EY,9.0
ASHTON FRASER INVESTMENTS,NI625706,private-unlimited,16-07-2014,"[66300, 82990]",Alfred House Belfast Northern Ireland BT2 8EQ,9.0
CORNELIAN ASSET MANAGERS LIMITED,SC113646,ltd,30-09-1988,[66300],Hobart House Edinburgh Scotland EH2 1EL,9.0
CHENPEN LTD,07129192,ltd,19-01-2010,[66300],Highlands Farm Southend Road Chelmsford CM3 8EB,9.0
BEAMISH INVESTMENTS LIMITED,07415255,ltd,21-10-2010,[66300],Hill View House Cranbrook TN17 3AD,9.0
CLARKE FINANCIAL CONSULTING LIMITED,10536319,ltd,22-12-2016,"[66300, 70221]",The Old House Aston Abbotts England HP22 4LX,9.0
A WILSON INVESTMENTS LIMITED,06796869,ltd,21-01-2009,[66300],Beckwith Barn Warren Estate Chelmsford United Kingdom CM1 3WT,9.0
PAUL BYLES WEALTH MANAGEMENT LIMITED,07455427,ltd,30-11-2010,[66300],Southmoor Farmhouse Stonehill Lane Abingdon England OX13 5HU,9.0
CHART TL CAPITAL LIMITED,07112486,ltd,24-12-2009,[66300],Second Floor Ridgeland House Horsham England RH12 1ER,9.0
CTA & MACRO STRATEGIES FOR CORPORATIONS ONLY LTD,04014398,ltd,14-06-2000,[66300],5 Elstree Gate Borehamwood United Kingdom WD6 1JD,9.0
TF8 FUTURES LTD,06834254,ltd,02-03-2009,[66300],4 Wharfe Mews Wetherby United Kingdom LS22 6LX,9.0
ASCENDER FUND PARTNERS (UK) LIMITED,06795280,ltd,20-01-2009,[66300],33 Turner Street Manchester England M4 1DW,9.0
LONGBON & CO LTD,06904497,ltd,13-05-2009,[66300],Quay Point Woodbridge England IP12 4AL,9.0
FINSOR HOLDING PLC,15416498,plc,16-01-2024,"[64304,66300,70100, 82990]",15416498 - COMPANIES HOUSE DEFAULT ADDRESS Cardiff CF14 8LH,9.0
VOYAGER FINANCIAL SERVICES LIMITED,03294877,ltd,20-12-1996,[66300],Workspace Albert Road Methodist Church Penarth Wales CF64 1BY,9.0
WAYNE AUSTIN IFA LIMITED,05729483,ltd,03-03-2006,[66300],Ground Floor Market Court Altrincham England WA14 4DW,9.0
HAWFINCH FINANCIAL SERVICES LIMITED,05681767,ltd,20-01-2006,[66300],16 St. Owen Street Hereford England HR1 2PL,9.0
ABACUS 88 LIMITED,10391890,ltd,23-09-2016,"[59111,64303,64304, 66300]",10391890 - COMPANIES HOUSE DEFAULT ADDRESS Cardiff CF14 8LH,9.0
Q CAPITAL (LONDON) LIMITED,04848199,ltd,28-07-2003,[66300],11/12 Hallmark Trading Centre Fourth Way Middlesex United Kingdom HA9 0LB,9.0
BAILLIE GIFFORD & CO LIMITED,SC069524,ltd,08-10-1979,[66300],3 Haymarket Square Edinburgh United Kingdom EH3 8RY,9.0
ACCRUE INVESTMENT MANAGEMENT LIMITED,04263019,ltd,01-08-2001,[66300],4 Queen Street Bath England BA1 1HE,9.0
TKS COMMODITIES TRADING LTD,14403599,ltd,07-10-2022,"[66120,66190,66300, 70221]",1259 London Road Leigh-On-Sea England SS9 2AF,9.0
DBW FM LIMITED,01833687,ltd,17-07-1984,[66300],Unit J Yale Business Village Wrexham Wales LL13 7YL,9.0
ROB NORTH FINANCIAL SERVICES LIMITED,07226226,ltd,16-04-2010,[66300],Sansome Lodge Worcester England WR1 1LH,9.0
KAMO INVESTMENTS LIMITED,03791859,ltd,18-06-1999,[66300],1 Spring Mews null W1U 6AS,9.0
UNDERRIVER ENTERPRISES LIMITED,00682494,ltd,03-02-1961,[66300],St Julians Kent TN15 0RX,9.0
BRENMATCH LIMITED,03496512,ltd,21-01-1998,[66300],Dancing Ghyll Keswick CA12 5UQ,9.0
FRONTHIDE LIMITED,01996190,ltd,05-03-1986,[66300],1 Downham Grove Wymondham England NR18 0SN,9.0
RON COATES & CO LIMITED,04196358,ltd,09-04-2001,[66300],27 Warren Drive Caerphilly Wales CF83 1HQ,9.0
M D H DERIVATIVES LIMITED,05743078,ltd,15-03-2006,[66300],Unit 5 Swaker Yard Herts England WD6 4SE,9.0
THE CHAMBERLAIN GROUP LIMITED,05741560,ltd,14-03-2006,[66300],New Mill House Park Lane Tamworth England B78 3HX,9.0
MEDITOR CAPITAL MANAGEMENT LIMITED,03516926,ltd,25-02-1998,[66300],Donald Reid Group Limited 1010 Eskdale Road Wokingham United Kingdom RG41 5TS,9.0
LIBERATE ENTERPRISES LTD,12553471,ltd,09-04-2020,"[41202,66300,68209, 70229]",9 Mill Mead Basingstoke England RG25 3FD,9.0
PRIDELAND LIMITED,03718334,ltd,23-02-1999,[66300],Westville Brockenhurst SO42 7ST,9.0
MISSION WINNOW LIMITED,14089112,ltd,05-05-2022,"[62090,63120,64999, 66300]",7 Bell Yard London United Kingdom WC2A 2JR,9.0
CITY FINANCIAL ASSET MANAGEMENT LIMITED,01151609,ltd,14-12-1973,[66300],21 Clifford Grove Middlesex TW15 2JS,9.0
M D FINANCIAL LIMITED,04215592,ltd,14-05-2001,[66300],2 Station View Stockport England SK7 5ER,9.0
KYLENDALE LIMITED,05187788,ltd,23-07-2004,[66300],Suite 8 Phoenix House Basildon United Kingdom SS14 3EZ,9.0
SDCL EE (CO) (UK) CIP HOLDINGS LIMITED,08148673,ltd,18-07-2012,[66300],One London England W1H 7AL,9.0
CHARTERIS TREASURY PORTFOLIO MANAGERS LIMITED,01830771,ltd,06-07-1984,[66300],Suite 10 4th Floor Amp House Croydon England CR0 2LX,9.0
COMINVEST SYSTEMS (UK) LIMITED,01861657,ltd,07-11-1984,[66300],Stag Gates House Southampton SO17 1XS,9.0
TIBURON PARTNERS LIMITED,05509734,ltd,15-07-2005,[66300],Crabfields Farm Drungewick Lane Billingshurst England RH14 0RS,9.0
HAFREN INVESTMENTS LTD,02181722,ltd,21-10-1987,[66300],1 Carlton Parade Wembley England HA9 8NE,9.0
ASCOT ASSET MANAGEMENT LIMITED,03646575,ltd,08-10-1998,[66300],20-22 Greenham Business Park Thatcham England RG19 6HX,9.0
SEVERUS CAPITAL LTD,14515179,ltd,30-11-2022,"[64205,66300,69203, 70221]",Cannon Green London United Kingdom EC4R 0AA,9.0
LEXLEA LIMITED,08159880,ltd,27-07-2012,[66300],64 Charlotte House 10 Lapidge Drive London England SW17 0ZL,9.0
WESTBRIDGE MANAGEMENT LIMITED,03441221,ltd,29-09-1997,[66300],1 Westbridge Maghull Merseyside Westway Liverpool England L31 2PQ,9.0
TDB FINANCIAL MANAGEMENT CONSULTANCY LTD,13020675,ltd,15-11-2020,"[66300,69202,70221, 70229]",3 Vanguard Court Southsea England PO4 9TD,9.0
MORRIS BUILDERS (AYLESBURY) LIMITED,00537701,ltd,03-09-1954,[66300],Wenn Townsend Oxford OX1 3LE,9.0
OLIVE RACE LIMITED,08213986,ltd,13-09-2012,[66300],"6th Floor,  Charlotte Building London England W1T 1QL",9.0
BEACHWOOD CAPITAL LIMITED,09009596,ltd,24-04-2014,"[64303, 66300]",6 Dukes Lane London England W8 4JL,9.0
GARNER'S BUSES(BRIDGE OF WEIR)LIMITED,SC020372,ltd,05-05-1938,[66300],North Cottage Wemyss Bay Scotland PA18 6AN,9.0
ARCANUM ASSET MANAGEMENT LIMITED,07369908,ltd,08-09-2010,[66300],11 Saville Place Bristol England BS8 4EJ,9.0
AEGF 2 LTD,05893079,ltd,01-08-2006,[66300],Redroofs Tenbury Wells England WR15 8EN,9.0
FORTY TWO FINANCIAL PLANNING LIMITED,SC294648,ltd,19-12-2005,[66300],4 Kingshill Park Westhill Scotland AB32 6FL,9.0
PARK VALE CAPITAL LIMITED,08209203,ltd,11-09-2012,[66300],50 Sloane Avenue Sloane Avenue London England SW3 3DD,9.0
SANTANDER ASSET MANAGEMENT UK LIMITED,SC106669,ltd,14-09-1987,[66300],287 St. Vincent Street Glasgow G2 5NB,9.0
STATCHASE INVESTMENTS LIMITED,03194593,ltd,03-05-1996,[66300],3 Queensfield Nr Basingstoke Hampshire RG25 2AY,9.0
INVESTMENTS & LOANS LIMITED,06937578,ltd,18-06-2009,[66300],Lynwood House Harrow HA1 2AW,9.0
CATALYST THERAPY LTD.,09013261,ltd,28-04-2014,"[66300, 86900]",71-75 Shelton Street London England WC2H 9JQ,9.0
HERALD INVESTMENT MANAGEMENT LIMITED,02877061,ltd,01-12-1993,[66300],10-11 Charterhouse Square null EC1M 6EE,9.0
MONTRACHET CAPITAL LIMITED,07918242,ltd,20-01-2012,[66300],71-75 Shelton Street London United Kingdom WC2H 9JQ,9.0
CS MANAGERS LTD,SC231678,ltd,17-05-2002,[66300],43 Charlotte Square Edinburgh United Kingdom EH2 4HQ,9.0
MIDS SOLUTIONS LTD,06694182,ltd,10-09-2008,[66300],Seabreeze Lodge Egremont England CA22 2UH,9.0
MONARCH ALTERNATIVE CAPITAL (EUROPE) LTD,08138649,ltd,11-07-2012,[66300],1st Floor 50-52 Welbeck Street London England W1G 9HL,9.0
FSE LOAN MANAGEMENT LIMITED,05041192,ltd,11-02-2004,[66300],First Floor Linea House Fleet England GU51 2UZ,9.0
COLUMBIA THREADNEEDLE REP PM LIMITED,08198483,ltd,03-09-2012,[66300],"Cannon Place,  78 Cannon Street London England EC4N 6AG",9.0
JENCAP CONSULTING LTD,06099091,ltd,13-02-2007,[66300],Suite B2 Ground Floor Copthorne Way Cardiff Wales CF5 6ES,9.0
ADD WEALTH MANAGEMENT LIMITED,07306825,ltd,07-07-2010,[66300],18-24 Brighton Road South Croydon England CR2 6AA,9.0
B & P FINANCE CONSULTANTS LIMITED,04534896,ltd,13-09-2002,[66300],River Farm House Redwall Lane Maidstone England ME17 4BD,9.0
ENA INVESTMENT CAPITAL (UK) LIMITED,08166142,ltd,02-08-2012,[66300],Carrington House London W1B 5SE,9.0
CAIN CAPITAL LTD,07077070,ltd,16-11-2009,[66300],241 Hale Road Altrincham England WA15 8RD,9.0
NORTHO LIMITED,07207225,ltd,30-03-2010,[66300],98 Hornchurch Road Hornchurch United Kingdom RM11 1JS,9.0
ABERFORTH LGP IA LIMITED,SC214415,ltd,03-01-2001,[66300],14 Melville Street Midlothian EH3 7NS,9.0
HANAE LTD,13027826,ltd,18-11-2020,"[66300,68100,68209, 82990]",6 Portland Business Centre Datchet England SL3 9EG,9.0
CAPITAL TRUST FINANCIAL MANAGEMENT LTD,NI028640,ltd,21-07-1994,[66300],Capital House Coleraine BT52 1NB,9.0
CLARION PARTNERS EMEA LIMITED,08120530,ltd,27-06-2012,[66300],1 Southampton Street London United Kingdom WC2R 0LR,9.0
FORESTER MACLEAN LIMITED,01031927,ltd,19-11-1971,[66300],The Old Dairy 12 Stephen Road Oxford England OX3 9AY,9.0
ARTHUR SAMUEL FINANCIAL SERVICES LIMITED,01342664,ltd,06-12-1977,[66300],16 Dalkeith Grove Stanmore HA7 4SG,9.0
COURTIERS SUPPORT SERVICES LTD,03075228,ltd,03-07-1995,[66300],18a Hart Street Oxfordshire RG9 2AU,9.0
PARSENNE LTD,12894687,ltd,21-09-2020,"[64304,64999,66190, 66300]",2nd Floor College House Ruislip United Kingdom HA4 7AE,9.0
PRL INV LIMITED,03844585,ltd,20-09-1999,[66300],26 Barrett Road Great Bookham KT22 9HL,9.0
CAREFREE MORTGAGE SOLUTIONS LIMITED,05688918,ltd,26-01-2006,[66300],3 Ingrow Bridge Keighley England BD21 5AX,9.0
RHONE CAPITAL LIMITED,14450036,ltd,28-10-2022,"[64999,66110,66190, 66300]",17 Allenswood Road London England SE9 6RW,9.0
XNTREE LTD,10178546,ltd,13-05-2016,"[66300, 70229]",Suite 41 Chessington Business Centre Chessington United Kingdom KT9 1SD,9.0
FORT FINANCIAL PLANNING LIMITED,05262921,ltd,18-10-2004,[66300],Etheridge House Barton View Business Park Sherborne United Kingdom DT9 4FW,9.0
COULDN'T CARE LESS LTD,01031267,ltd,16-11-1971,[66300],7 Hollywood Altrincham WA14 2LL,9.0
STERLING IM LIMITED,06999954,ltd,25-08-2009,[66300],"Lynwood House,  Crofton Road,  Orpington Orpington England BR6 8QE",9.0
DJWM LIMITED,06338794,ltd,09-08-2007,[66300],"C/O Sobell Rhodes Llp The Kinetic Centre Elstree,  Borehamwood United Kingdom WD6 4PJ",9.0
WAY FUND MANAGERS LIMITED,04011838,ltd,09-06-2000,[66300],"Cedar House,  3 Cedar Park Wimborne BH21 7SB",9.0
THESIS UNIT TRUST MANAGEMENT LIMITED,03508646,ltd,06-02-1998,[66300],Exchange Building Chichester PO19 1UP,9.0
NSF HOLDINGS LIMITED,02238143,ltd,31-03-1988,[66300],"5th Floor,  Maybrook House Newcastle Upon Tyne England NE1 5JE",9.0
KHUDUR LIMITED,11144285,ltd,11-01-2018,"[46720,64910,66300, 68100]",128 City Road London England EC1V 2NX,9.0
BARWOOD CAPITAL LIMITED,06884336,ltd,22-04-2009,[66300],Grafton House Towcester United Kingdom NN12 7LS,9.0
APPIN INVESTMENTS LTD.,SC368028,ltd,04-11-2009,[66300],505 Great Western Road Glasgow G12 8HN,9.0
HARGREAVES LANSDOWN FUND MANAGERS LTD.,02707155,ltd,15-04-1992,[66300],1 College Square South Bristol BS1 5HL,9.0
SAXONBURY HOUSE MANAGEMENT COMPANY LIMITED,03026186,ltd,24-02-1995,[66300],Flat 3 Saxonbury House Ryde England PO33 2NX,9.0
WESTATE INVESTMENT MANAGEMENT LIMITED,05085150,ltd,26-03-2004,[66300],The Coach House Guildford GU1 2BJ,9.0
SHEES CONSULTANCY SERVICES LIMITED,14438041,ltd,24-10-2022,"[62020,66190,66300, 70229]",12 Constance Street London England E16 2DQ,9.0
HSBC GLOBAL ASSET MANAGEMENT (UK) LIMITED,01917956,ltd,31-05-1985,[66300],8 Canada Square null E14 5HQ,9.0
MCM BESPOKE INVESTMENT SERVICES LIMITED,06460768,ltd,28-12-2007,[66300],8 Thorpe Road Norwich United Kingdom NR1 1RY,9.0
AFL WEALTH MANAGEMENT LIMITED,07115234,ltd,04-01-2010,[66300],255 Poulton Road Wirral United Kingdom CH44 4BT,9.0
SIGNATURE SENIOR LIFESTYLE INVESTMENT MANAGEMENT LIMITED,06582776,ltd,01-05-2008,[66300],Signature House Beaconsfield England HP9 1FN,9.0
S.O. CAPITAL LTD,11729443,ltd,17-12-2018,"[64205,66300,85590, 85600]",71-75 Shelton Street London United Kingdom WC2H 9JQ,9.0
OXFORD UNIVERSITY ENDOWMENT MANAGEMENT LIMITED,06242141,ltd,09-05-2007,[66300],University Offices Oxford OX1 2JD,9.0
CHENNELLS INVESTMENT MANAGEMENT LTD,06371813,ltd,14-09-2007,[66300],"Highlands Farm,  Southend Road Essex CM3 8EB",9.0
MAYFIELD INVESTMENT MANAGEMENT LTD,08224408,ltd,21-09-2012,"[66220, 66300]",3a Market Square Crewkerne England TA18 7LE,9.0
BOMAN TRADING LIMITED,04910397,ltd,24-09-2003,[66300],28 St Wilfrid's Road South Yorks DN4 6AB,9.0
D G S FINANCIAL SERVICES LTD.,SC243833,ltd,12-02-2003,[66300],2 Crimond Park Aberdeenshire AB41 8BS,9.0
CAPITAL MOTORS GLOBAL HOLDINGS LIMITED,04645503,ltd,23-01-2003,[66300],The Pinnacle Milton Keynes MK9 1FE,9.0
AEQUITES LIMITED,14544780,ltd,16-12-2022,"[64991,64999,66120, 66300]",71-75 Shelton Street London United Kingdom WC2H 9JQ,9.0
SCIENS GROUP RISK SERVICES LIMITED,08174467,ltd,09-08-2012,[66300],34 Bruton Street London England W1J 6QX,9.0
HERITAGE FINANCIAL LIMITED,07103745,ltd,14-12-2009,[66300],The Old House Christchurch England BH23 1QL,9.0
MARK REYNOLDS FINANCIAL PLANNING LIMITED,06068299,ltd,25-01-2007,[66300],Cathedral House Lichfield England WS13 7AA,9.0
CAPERNAUM GROUP LIMITED,10349147,ltd,27-08-2016,"[66110,66300,68320, 69109]",358 Brentwood Road Romford England RM2 5TD,9.0
EASTHAVEN INVESTMENTS BV LTD,12858745,ltd,04-09-2020,"[64304,66300, 70229]",C/O Ida&Co Building 3 Chiswick Business Park London England W4 5YA,9.0
ULG MANAGEMENT LIMITED,06375471,ltd,19-09-2007,[66300],"Beckwith Barn,  Warren Estate Lordship Road Chelmsford England CM1 3WT",9.0
NOVALIS GENERAL PARTNERS LTD,11528088,ltd,21-08-2018,"[64303,66300, 70229]",1 Park Road Kingston Upon Thames United Kingdom KT1 4AS,9.0
MANAGEMENT AND STRATEGIES LIMITED,06403614,ltd,18-10-2007,[66300],3a School Road Sale England M33 7XY,9.0
SEDONA INVESTMENTS LIMITED,06440901,ltd,29-11-2007,[66300],Beckwith Barn Warren Estate Writtle England CM1 3WT,9.0
TRENDWATCH ASSET MANAGEMENT LTD,04704606,ltd,20-03-2003,[66300],6b Parkway St Albans England AL3 6PA,9.0
TRINITY GLOBAL CAPITAL UK LTD,06910409,ltd,19-05-2009,[66300],1 Balloon Street Manchester England M4 4BE,9.0
KIRK INVESTMENTS LIMITED,04157523,ltd,09-02-2001,[66300],4 Earle Drive Neston United Kingdom CH64 6RZ,9.0
RSB PARTNERSHIP LIMITED,04174592,ltd,07-03-2001,[66300],Paynes Park House Hitchin England SG5 1EH,9.0
C L & H DEVELOPMENTS LIMITED,05369689,ltd,18-02-2005,[66300],68 Queen Street South Yorkshire S1 1WR,9.0
SPINNAKER INVESTMENT MANAGEMENT LIMITED,06802467,ltd,27-01-2009,[66300],Beckwith Barn Warren Estate Writtle England CM1 3WT,9.0
SEAN JONES WEALTH MANAGEMENT LIMITED,06813317,ltd,09-02-2009,[66300],Clifton House 2 Clifton Centre Malvern England WR14 1BJ,9.0
UNIVERSITY OF CAMBRIDGE INVESTMENT MANAGEMENT LIMITED,06907395,ltd,15-05-2009,[66300],The Old Schools Cambridge England CB2 1TN,9.0
STERLING ALTERNATIVE ASSET MANAGEMENT LTD.,11241240,ltd,08-03-2018,"[64999, 66300]",1st Floor 124 Cleveland Street London United Kingdom W1T 6PG,9.0
EURO CREDITS ALLIANCE GROUP LTD,11617088,ltd,11-10-2018,"[66120,66300,68320, 80100]",246-250 Romford Road London England E7 9HZ,9.0
SKIPVALE LIMITED,01313413,ltd,11-05-1977,[66300],Tudor House Huby LS17 0EF,9.0
M P INVESTMENT MANAGEMENT LTD,07174461,ltd,02-03-2010,[66300],Beckwith Barn Warren Estate Writtle England CM1 3WT,9.0
AMP DERIVATIVES LTD,06782274,ltd,05-01-2009,[66300],16 Pinner Park Gardens Harrow England HA2 6LQ,9.0
SDG INVESTMENTS LIMITED,04149294,ltd,29-01-2001,[66300],Unit 5 Swaker Yard Herts England WD6 4SE,9.0
GRAVITAS INVESTMENT FUND LIMITED,05730106,ltd,06-03-2006,[66300],12 Hatherley Road Kent DA14 4DT,9.0
RITZCO LTD,07983564,ltd,09-03-2012,[66300],Flat 52 Gean Court London N11 2NF,9.0
LITHGOW INVESTMENT COMPANY LIMITED,00598290,ltd,03-02-1958,[66300],"St.,  Julians,  Kent,  TN15 0RX",9.0
SHANE WHEELER WEALTH MANAGEMENT LIMITED,07178343,ltd,04-03-2010,[66300],Unit 7a Radford Crescent Billericay England CM12 0DU,9.0
MAYFAIR INVESTMENT & REAL ESTATE GROUP LTD,14556731,ltd,23-12-2022,"[64306,64910,64999, 66300]",5 Greenwich View Place London United Kingdom E14 9NN,9.0
S.V.C. LIMITED,01724259,ltd,18-05-1983,[66300],Suite 1 Belvedere Preston PR2 9NU,9.0
JAMOS MANAGEMENT LIMITED,06881468,ltd,20-04-2009,[66300],Beckwith Barn Warren Estate Writtle England CM1 3WT,9.0
ANDREW C GRANT FINANCIAL SERVICES LIMITED,04254576,ltd,18-07-2001,[66300],13 Liverpool Road North Maghull United Kingdom L31 2HB,9.0
MM PROPERTY RENTALS LTD,14205088,ltd,30-06-2022,"[64209,64304,64999, 66300]",4 Wimbledon Close London England SW20 8HW,9.0
SOVEREIGN WEALTH PORTFOLIO LTD,11463370,ltd,13-07-2018,"[49390,66120,66300, 68100]",71-75 Shelton Street London United Kingdom WC2H 9JQ,9.0
HIGHAMBURY LIMITED,01028034,ltd,20-10-1971,[66300],Market House Saffron Walden England CB10 1JZ,9.0
CHARAN MANAGEMENT LIMITED,06881191,ltd,20-04-2009,[66300],Beckwith Barn Warren Estate Writtle England CM1 3WT,9.0
AFS (AFRICAN FORUM SCOTLAND) GLOBAL LTD,SC659759,ltd,22-04-2020,"[01500,66300,74909, 82990]",13 Bangor Road Edinburgh Scotland EH6 5JY,9.0
SUMMERLEA COURT LIMITED,10524348,ltd,14-12-2016,"[66300,68100,68209, 68320]",Parsons Farm Petersfield United Kingdom GU32 1BJ,9.0
REVERSE CAPITAL LTD,14094321,ltd,09-05-2022,"[62020,64991,66300, 70221]",42b Castlewood Road London England N16 6DW,9.0
THE EDGE C GROUP LTD,06775372,ltd,17-12-2008,[66300],The Old Barn Swanley Village BR8 7PA,9.0
THE STRACHAN PARTNERSHIP LTD.,SC283174,ltd,13-04-2005,[66300],37 Hay Crescent Aberdeenshire AB42 1HH,9.0
PANORAMIC GROWTH EQUITY (GENERAL PARTNER 1) LIMITED,SC352848,ltd,23-12-2008,[66300],The Garment Factory Suite 7 Glasgow Scotland G1 1RE,9.0
ACCRUE LIMITED,04185133,ltd,22-03-2001,[66300],4 Queen Street Bath England BA1 1HE,9.0
STANAGE INVESTMENTS LTD,05121865,ltd,07-05-2004,[66300],"Stanage,  Roslyn Road Telford TF1 3AX",9.0
ALCHEMY CREW LTD,12646471,ltd,04-06-2020,"[66190,66300, 70229]",Hamilton House Dunne & Waterman London England EC4Y 0HA,9.0
CHART STRATEGIES LIMITED,07465372,ltd,09-12-2010,[66300],Second Floor Ridgeland House Horsham England RH12 1ER,9.0
M J CALDERBANK LIMITED,04632726,ltd,09-01-2003,[66300],Rustic Ridge Coventry CV7 7DB,9.0
MONTANARO INVESTMENT MANAGERS LIMITED,02982410,ltd,24-10-1994,[66300],53 Threadneedle Street null EC2R 8AR,9.0
FOWLER DREW LIMITED,04384956,ltd,01-03-2002,[66300],C/O Bishop Fleming Brook House Clyst St. Mary England EX5 1GD,9.0
WMP MANAGEMENT SERVICES LTD,14363395,ltd,20-09-2022,"[64999,66300,68209, 68320]",128 City Road London EC1V 2NX,9.0
STRATA LENDING PLC,09329385,plc,26-11-2014,[66300],"Terminal Buildings,  Blackbushe Airport,  Camberley England GU17 9LQ",9.0
EVERGRIIN EUROPEAN LTD,NI691993,ltd,19-10-2022,"[64205,66300,70221, 82990]",Nw Business Complex - Companyplanet Services Londonderry Northern Ireland BT48 8SE,9.0
THE STELLAR (LP) LIMITED,06504888,ltd,15-02-2008,[66300],C/O Stellar Asset Management Limited Liverpool United Kingdom L3 9AG,9.0
MILVIAN BRIDGE LIMITED,08333029,ltd,17-12-2012,[66300],3rd Floor 45 Albermarle Street London England W1S 4JL,9.0
NUBMONEY LTD,13962728,ltd,08-03-2022,"[64999,66190,66300, 82990]",23 Haycroft Gardens London NW10 3BJ,9.0
STERLING ACCEPTANCES LIMITED,14449831,ltd,28-10-2022,"[64191,64921,64999, 66300]",31 Belson Road London England SE18 5PU,9.0
BARNWOOD PROPERTIES LIMITED,00600319,ltd,11-03-1958,[66300],10 Brindleyplace Birmingham United Kingdom B1 2JB,9.0
FRANK INVESTMENTS LIMITED,05629005,ltd,18-11-2005,[66300],27 Holly Walk Leamington Spa England CV32 4NN,9.0
RENDEZVOUS 7 UK LTD,12558391,ltd,16-04-2020,"[66220,66300,78300, 82990]",235 The Fairway Ruislip England HA4 0SN,9.0
AMG CAPITAL PARTNERS LIMITED,04177241,ltd,12-03-2001,[66300],Flat 7 58 York Road Tunbridge Wells United Kingdom TN1 1JY,9.0
GCP EUROPE GP2 LTD,08140851,ltd,12-07-2012,[66300],14-16 Bruton Place London W1J 6LX,9.0
M&D CLAIM LTD,10346349,ltd,25-08-2016,"[66210,66300, 77110]",95 Mortimer Street London England W1W 7GB,9.0
YEALAND FUND SERVICES LIMITED,06923395,ltd,03-06-2009,[66300],"Fountain Suite B,  Lynch Wood Park Peterborough England PE2 6FZ",9.0
BLUECLOUD CAPITAL LIMITED,08893496,ltd,13-02-2014,"[62012, 66300]",Kemp House London England EC1V 2NX,9.0
WALTER GURNEY & SON LIMITED,00262619,ltd,11-02-1932,[66300],1 Doolittle Yard Ampthill United Kingdom MK45 2NW,9.0
SAAM HOLDINGS LTD,SC615824,ltd,10-12-2018,"[64999,66300, 70221]",48 West George Street Glasgow Scotland G2 1BP,9.0
WOOLLEY PROJECT MANAGEMENT LIMITED,05301656,ltd,01-12-2004,[66300],Pilgrims Barn Green Road Stowmarket England IP14 3RA,9.0
MULMINSTER LIMITED,02039188,ltd,21-07-1986,[66300],Room 2 Ingram House Cheshunt England EN8 9XB,9.0
BAILLIE GIFFORD OVERSEAS LIMITED,SC084807,ltd,29-09-1983,[66300],3 Haymarket Square Edinburgh United Kingdom EH3 8RY,9.0
MITSUBISHI UFJ BAILLIE GIFFORD ASSET MANAGEMENT LIMITED,SC122044,ltd,21-12-1989,[66300],3 Haymarket Square Edinburgh United Kingdom EH3 8RY,9.0
ARCUS INVESTMENT LIMITED,03582673,ltd,11-06-1998,[66300],Highdown House Worthing United Kingdom BN99 3HH,9.0
HAMILL LTD,14479438,ltd,11-11-2022,"[66300,70221,70229, 72110]",7 Bell Yard London England WC2A 2JR,9.0
ALTO PRIVATE CLIENTS LIMITED,07091239,ltd,01-12-2009,[66300],Building 2 Ground Floor Guildford England GU2 8XG,9.0
AUBREY CAPITAL MANAGEMENT LIMITED,SC299239,ltd,20-03-2006,[66300],37 Melville Street Edinburgh Scotland EH3 7JF,9.0
20 GRACECHURCH (GENERAL PARTNER) LIMITED,05835401,ltd,02-06-2006,[66300],C/O Aztec Financial Services (Uk) Limited Forum 4 Fareham England PO15 7AD,9.0
NORTH EAST FINANCE (SUBCO) LIMITED,07039229,ltd,13-10-2009,[66300],"5th Floor,  West One Newcastle Upon Tyne England NE1 3PA",9.0
DIF INFRA YIELD 1 UK LIMITED,06756556,ltd,24-11-2008,[66300],2.05 Clockwise Old Town Hall Bromley England BR1 3FE,9.0
RATHBONES INVESTMENT MANAGEMENT LIMITED,01448919,ltd,17-09-1979,[66300],Port Of Liverpool Building Liverpool L3 1NW,9.0
ELLON FINANCIAL SERVICES LTD,SC355449,ltd,23-02-2009,[66300],C/O Acumen House Peterhead Scotland AB42 1WN,9.0
GAMBLIN INVESTMENTS LIMITED,06664656,ltd,05-08-2008,[66300],Beckwith Barn Warren Estate Writtle England CM1 3WT,9.0
EDENTREE INVESTMENT MANAGEMENT LIMITED,02519319,ltd,06-07-1990,[66300],"Benefact House,  2000 Pioneer Avenue Gloucester United Kingdom GL3 4AW",9.0
A.D.A. INVESTMENT MANAGEMENT LIMITED,01921585,ltd,12-06-1985,[66300],Aldra House Southport PR9 0PG,9.0
AUREUS ASSET MANAGERS LIMITED,07439140,ltd,15-11-2010,[66300],Thames House Leigh-On-Sea England SS9 2QQ,9.0
LGIM REAL ASSETS (OPERATOR) LIMITED,05522016,ltd,28-07-2005,[66300],One Coleman Street null EC2R 5AA,9.0
PHILIP BINFIELD LIMITED,01015442,ltd,23-06-1971,[66300],Station Hse Berkhamsted HP4 2AA,9.0
PELICAN WEALTHORITY LTD,14170414,ltd,14-06-2022,"[64204,64304,64999, 66300]",128 City Road London United Kingdom EC1V 2NX,9.0
CAM WEALTH GROUP LIMITED,05186703,ltd,22-07-2004,[66300],6th Floor The Plaza Liverpool England L3 9QJ,9.0
MORGAN STANLEY INVESTMENT MANAGEMENT LIMITED,01981121,ltd,22-01-1986,[66300],Legal Department Canary Wharf E14 4QA,9.0
PENTECH CAPITAL LIMITED,SC219860,ltd,05-06-2001,[66300],19 Ormidale Terrace Edinburgh Scotland EH12 6DY,9.0
ALPHA ACTIVE INVESTMENTS LIMITED,10202634,ltd,27-05-2016,"[66300,85590, 85600]",71 Winchester Street London SW1V 4NU,9.0
NORDIC FINANCE LTD,11459938,ltd,11-07-2018,"[41100,41201,64992, 66300]",Third Floor London England W1B 3HH,9.0
FRONTLINE FINANCE SOLUTIONS LIMITED,06878056,ltd,15-04-2009,[66300],272 Manchester Road Manchester England M43 6PW,9.0
CBS COMPACT BUSINESS SOLUTIONS LTD.,09034683,ltd,12-05-2014,"[64301,66110, 66300]",Dept 302 43 Owston Road Doncaster DN6 8DA,9.0
SHORT TERM CAPITAL LTD,04926528,ltd,09-10-2003,[66300],6 Breen Close Chester CH3 9PN,9.0
WINDMILL HILL ASSET MANAGEMENT LIMITED,03382235,ltd,05-06-1997,[66300],Windmill Hill Silk Street Aylesbury England HP18 0JZ,9.0
JOHN MARY INVESTMENTS LIMITED,11152745,ltd,16-01-2018,"[66300,68100, 70221]",1 The Forum Peterborough PE2 6FT,9.0
RUNWAY INVESTMENTS LIMITED,01899020,ltd,25-03-1985,[66300],Green Lane Trading Estate York YO30 5PY,9.0
NFU MUTUAL INVESTMENT SERVICES LIMITED,01860029,ltd,01-11-1984,[66300],Tiddington Road Warwickshire CV37 7BJ,9.0
BIOMEDICAL CONTRACTOR SOLUTIONS LTD,14389589,ltd,30-09-2022,"[66300,70221,71122, 74909]",128 City Road London United Kingdom EC1V 2NX,9.0
AEROCOMP LIMITED,05246900,ltd,30-09-2004,[66300],10 Court Farm Mews Stonehouse United Kingdom GL10 3RA,9.0
VINPENTA INVESTMENTS LIMITED,07092506,ltd,01-12-2009,[66300],1 Shearers Drive Spalding PE11 3ZJ,9.0
COURTIERS INVESTMENT SERVICES LIMITED,01387954,ltd,11-09-1978,[66300],18 Hart Street Henley-On-Thames RG9 2AU,9.0
PREMISS LIMITED,04229161,ltd,05-06-2001,[66300],Stockhull House Worcester WR6 5LZ,9.0
SMART INVESTA HUB LTD,12757019,ltd,20-07-2020,"[66300,68100,68209, 82990]",Rutland House Leicester England LE1 5QQ,9.0
ROCKHILL FINANCIAL LTD,14145500,ltd,01-06-2022,"[64205,64999,66120, 66300]",128 City Road London United Kingdom EC1V 2NX,9.0
LIFECOVER LIMITED,04472363,ltd,28-06-2002,[66300],1 Golden Court Richmond TW9 1EU,9.0
USS INVESTMENT MANAGEMENT LIMITED,03380864,ltd,04-06-1997,[66300],Royal Liver Building Merseyside L3 1PY,9.0
INFORMED CHOICE (SOUTH WEST) LIMITED,01738451,ltd,11-07-1983,[66300],18 Church Farm Business Park Bath BA2 9AP,9.0
JANE BALLANTYNE LIMITED,SC295800,ltd,19-01-2006,[66300],21 Portland Road Kilmarnock Scotland KA1 2BT,9.0
MARKET HARMONY LIMITED,03576881,ltd,05-06-1998,[66300],31 Main Street Bourne England PE10 0LL,9.0
REVERA ASSET MANAGEMENT LIMITED,SC255433,ltd,05-09-2003,[66300],7 Castle Street Edinburgh Scotland EH2 3AH,9.0
ASCENCIA INVESTMENT MANAGEMENT LIMITED,05010380,ltd,08-01-2004,[66300],Frenkel House 15 Carolina Way Manchester United Kingdom M50 2ZY,9.0
FINITY ASSET LIMITED,08303728,ltd,22-11-2012,[66300],9 Chester Place London NW1 4NB,9.0
REIGN CAPITAL LIMITED,12937913,ltd,08-10-2020,"[66300,70221, 70229]",1 Canada Square London E14 5AA,9.0
WESTCLIFF FINANCIAL MANAGEMENT LIMITED,05528924,ltd,05-08-2005,[66300],14 Miller Court Tewkesbury England GL20 8DN,9.0
CARLTON SQUARE CAPITAL LIMITED,11536143,ltd,24-08-2018,"[66300, 70221]","Devonshire House,  Level 1,  London United Kingdom W1J 8AJ",9.0
THE WHITE ELEPHANT GROUP LTD,14502208,ltd,23-11-2022,"[64301,66300,68100, 70221]",27 Old Gloucester Street London United Kingdom WC1N 3AX,9.0
AYSTON CAPITAL LTD,08263394,ltd,22-10-2012,[66300],12 Bridewell Place London EC4V 6AP,9.0
SALT ROCK MANAGEMENT LIMITED,08338629,ltd,20-12-2012,[66300],21 Arlington Street London SW1A 1RN,9.0
SOUTH EAST GROWTH FUND MANAGERS LIMITED,03963896,ltd,30-03-2000,[66300],The Coppers 24 Sudbury Road Burton Upon Trent England DE13 8NA,9.0
HOLLYPORT MANAGEMENT LIMITED,SC306421,ltd,07-08-2006,[66300],50 Lothian Road Edinburgh Scotland EH3 9WJ,9.0
O'CONNOR WEALTH MANAGEMENT LIMITED,05643785,ltd,02-12-2005,[66300],Unit 9 Brook Park Gaddesby Lane Leicester England LE7 4ZB,9.0
TENAX CAPITAL LIMITED,05193344,ltd,30-07-2004,[66300],Dominican House Pilgrim Street EC4V 6DE,9.0
HARVEST INTERNATIONAL LIMITED,04642371,ltd,20-01-2003,[66300],"414 Blackpool Road,  Ashton Lancs PR2 2DX",9.0
HOLLIS CAPITAL LIMITED,SC385338,ltd,14-09-2010,[66300],43 Melville Street Edinburgh United Kingdom EH3 7JF,9.0
CENTURION PORTFOLIO MANAGERS LIMITED,06443313,ltd,03-12-2007,[66300],2 Crossways Business Centre Aylesbury HP18 0RA,9.0
AMATI GLOBAL INVESTORS LIMITED,SC199908,ltd,15-09-1999,[66300],8 Coates Crescent Edinburgh Scotland EH3 7AL,9.0
FORREST INVESTMENT MANAGEMENT LIMITED,07016698,ltd,11-09-2009,[66300],Beckwith Barn Warren Estate Writtle England CM1 3WT,9.0
VICTORIA CAPITAL (UK) LIMITED,04988876,ltd,09-12-2003,[66300],9 Sunte Avenue Haywards Heath England RH16 2AB,9.0
GRIFFIN ACCOUNTING SERVICES LTD,07968271,ltd,28-02-2012,[66300],48 Further Green Road London SE6 1JH,9.0
TRISTAN CAPITAL PARTNERS ASSET MANAGEMENT LIMITED,08164350,ltd,01-08-2012,[66300],Berkeley Square House London W1J 6DB,9.0
MERCIA FUND MANAGEMENT LIMITED,06973399,ltd,27-07-2009,[66300],Forward House Henley-In-Arden B95 5AA,9.0
HOME COUNTY VENTURES LIMITED,11715934,ltd,06-12-2018,"[66300,70229, 84130]",The Corner House Aylesford ME20 7BG,9.0
STINKING BISHOP FILMS LTD,08861740,ltd,27-01-2014,"[59111, 66300]",98 Regents Park Road London England NW1 8UG,9.0
WATERFALL ASSET MANAGEMENT HOLDINGS (UK) LIMITED,10004268,ltd,15-02-2016,"[66300, 70221]",3rd Floor 1 Ashley Road Altrincham United Kingdom WA14 2DT,9.0
AETE LIMITED,02619861,ltd,12-06-1991,[66300],15 Buckingham Street null WC2N 6DU,9.0
GRIFFIN FINANCIAL CONSULTANTS LIMITED,07382379,ltd,21-09-2010,[66300],8 Howard Road Bristol BS6 7UT,9.0
M.H.R. HICKS LIMITED,02653362,ltd,11-10-1991,[66300],"Diamond Farm ,  Weston Road Burnham-On-Sea TA8 2RL",9.0
FUSION INVESTMENTS LIMITED,04914627,ltd,29-09-2003,[66300],Kempton Altrincham United Kingdom WA14 2AT,9.0
NEWLION HOLDINGS LIMITED,10298776,ltd,27-07-2016,"[64205,64303,66110, 66300]",Dixcart House Addlestone Road Addlestone United Kingdom KT15 2LE,9.0
TURKISH TRADE & INVESTMENT CONSULTANCY LTD,12840112,ltd,26-08-2020,"[46190,66300,70221, 70229]",28 Harrington Close Reading England RG6 3BU,9.0
MARMEL INVESTMENT MANAGEMENT LTD,06665189,ltd,05-08-2008,[66300],Beckwith Barn Warren Estate Writtle England CM1 3WT,9.0
BA ASSET MANAGEMENT LTD,12781905,ltd,30-07-2020,"[64301,64304,66300, 70221]",39 Blatchington Road Hove England BN3 3YL,9.0
GORDIAN KNOT LIMITED,02853833,ltd,15-09-1993,[66300],North Farm Sawston England CB22 3WE,9.0
INFLEXION GENERAL PARTNER LIMITED,SC219884,ltd,06-06-2001,[66300],50 Lothian Road Edinburgh EH3 9WJ,9.0
KNOX D'ARCY INVESTMENT MANAGEMENT LIMITED,02863879,ltd,19-10-1993,[66300],11 St Jamess Place null SW1A 1NP,9.0
GKF WEALTH MANAGEMENT LIMITED,06713771,ltd,02-10-2008,[66300],"Lytchett House,  13 Freeland Park Wareham Road Poole England BH16 6FA",9.0
CARING INVESTMENTS LIMITED,08315062,ltd,30-11-2012,[66300],Pyramid House London England N12 9RT,9.0
ACCESS CAPITAL PARTNERS (UK) LIMITED,08291889,ltd,13-11-2012,[66300],Central Court London WC2A 1AL,9.0
TERRALINK LTD,14498818,ltd,22-11-2022,"[47910,66300,68310, 70229]",71-75 Shelton Street London United Kingdom WC2H 9JQ,9.0
RANMORE FUND MANAGEMENT LTD,06477512,ltd,18-01-2008,[66300],Coveham House Cobham KT11 3EP,9.0
MAVEN PROPERTY INVESTMENTS LIMITED,SC299736,ltd,28-03-2006,[66300],First Floor Kintyre House Glasgow G2 2LW,9.0
GKA INVESTMENTS LIMITED,06800607,ltd,26-01-2009,[66300],Beckwith Barn Warren Estate Writtle England CM1 3WT,9.0
EVAGO GLOBAL CAPITAL LTD,14404116,ltd,07-10-2022,"[64205,64999,66110, 66300]",233 Springbank Road London United Kingdom SE13 6ST,9.0
ANJAZO MANAGEMENT LIMITED,06881378,ltd,20-04-2009,[66300],Beckwith Barn Warren Estate Writtle England CM1 3WT,9.0
MARK HURST FINANCIAL PLANNING LIMITED,07059439,ltd,28-10-2009,[66300],10 Victoria Road South Southsea England PO5 2DA,9.0
TIRYAKI FINANCIAL CONSULTING LTD,12993600,ltd,03-11-2020,"[56103,66300,70221, 70229]",C/O Fdca- Office 2 Bennet's House Harpenden England AL5 2HU,9.0
RASE LOGISTICS LIMITED,07176873,ltd,03-03-2010,[66300],Oak Lodge Thorpe Lane Market Rasen England LN8 3XJ,9.0
ORROCK INVESTMENT MANAGEMENT LTD,06816307,ltd,11-02-2009,[66300],Beckwith Barn Warren Estate Writtle England CM1 3WT,9.0
WJH INVESTMENT CONSULTING LIMITED,04685399,ltd,04-03-2003,[66300],Heron Island Epsom KT18 7EH,9.0
GKA INTERNATIONAL ASSET MANAGEMENT LIMITED,07232563,ltd,22-04-2010,[66300],6th Floor 55 King Street Manchester M2 4LQ,9.0
RAYMAR INVESTMENTS LIMITED,06226741,ltd,25-04-2007,[66300],Beckwith Barn Warren Estate Writtle England CM1 3WT,9.0
HINDE CAPITAL LTD,06207559,ltd,10-04-2007,[66300],Carpenters Meadow Udimore England TN31 6AD,9.0
ICG ALTERNATIVE INVESTMENT LIMITED,08547260,ltd,29-05-2013,[66300],Procession House London United Kingdom EC4M 7JW,8.5
PFPNI LTD,NI608597,ltd,12-08-2011,[66300],46 Hill Street Belfast BT1 2LB,8.5
V&B TRADING LTD,10948705,ltd,06-09-2017,"[43999,46900,66300, 90020]",10948705 - COMPANIES HOUSE DEFAULT ADDRESS Cardiff CF14 8LH,8.5
FM FINANCIAL SOLUTIONS LIMITED,07580031,ltd,28-03-2011,[66300],6 Oliver Road Tonbridge TN12 0TD,8.5
MAGIS CAPITAL HOLDING LTD,14906641,ltd,31-05-2023,"[46900,66120,66300, 70221]",20 Wenlock Road London England N1 7GU,8.5
META ADVISORS LIMITED,08706309,ltd,25-09-2013,[66300],2 Eaton Gate London SW1W 9BJ,8.5
CGN INVESTMENTS LTD,12054155,ltd,17-06-2019,"[64304,66300, 70221]",The Rectory Church Lane Royston England SG8 9QD,8.5
VK MANAGEMENT LIMITED,12291964,ltd,31-10-2019,"[64991,66300,74202, 74209]",128 City Road London United Kingdom EC1V 2NX,8.5
VCAP CAPITAL LTD,10905629,ltd,08-08-2017,"[66300, 70221]",Olivers Barn Witham England CM8 3HY,8.5
LONGFIELD INVESTMENT PARTNERS LIMITED,12095661,ltd,10-07-2019,"[66190, 66300]",73 Cornhill London United Kingdom EC3V 3QQ,8.5
A. E. SHARP LIMITED,07714406,ltd,21-07-2011,[66300],7 Elm Court Stratford Upon Avon CV37 6PA,8.5
IL GUSTO HOLDING LTD,12327134,ltd,21-11-2019,"[64204,64209,64306, 66300]",71-75 Shelton Street London England WC2H 9JQ,8.5
RONI P LIMITED,07838152,ltd,07-11-2011,[66300],Beckwith Barn Warren Estate Writtle England CM1 3WT,8.5
WILSON GREENE BUSINESS SOLUTIONS LTD,07878313,ltd,12-12-2011,[66300],Beckwith Barn Warren Estate Writtle England CM1 3WT,8.5
INFRAWORK CAPITAL LIMITED,10629315,ltd,20-02-2017,"[28990,38320,43999, 66300]",Langland Way Langland Way Newport Wales NP19 4ED,8.5
ARABESQUE ASSET MANAGEMENT LTD,08636689,ltd,05-08-2013,[66300],5-7 Ulster Terrace London United Kingdom NW1 4PJ,8.5
PINE TREE PARTNERS LTD,13161371,ltd,27-01-2021,"[66300,68100, 70229]",71-75 Shelton Street London United Kingdom WC2H 9JQ,8.5
RVKNIGHTSBRIDGE LIMITED,07714185,ltd,21-07-2011,[66300],24 Russell Road Northwood England HA6 2LL,8.5
GREEN VENTURES CAPITAL LTD,13660414,ltd,04-10-2021,"[66300,70221, 70229]","Kings Court North Flat 15,  Kings Court North London United Kingdom SW3 5EQ",8.5
FIRST UNITED HOLDINGS LTD,15144591,ltd,18-09-2023,"[64303,64304,64999, 66300]",128 City Road London United Kingdom EC1V 2NX,8.5
RYIAD LTD,14949434,ltd,21-06-2023,"[62090,64999,66300, 96090]",71-75 Shelton Street London United Kingdom WC2H 9JQ,8.5
FISCAL ASSET MANAGEMENT LONDON LTD,15164433,ltd,26-09-2023,"[64205,64303,64999, 66300]",128 City Road London United Kingdom EC1V 2NX,8.5
TRADING COMPASS LTD,15251363,ltd,01-11-2023,"[66190,66300,85590, 85600]",71-75 Shelton Street London United Kingdom WC2H 9JQ,8.5
AZUR FINANCIAL AND ADVISORY SERVICES LTD,13663415,ltd,05-10-2021,"[47910,66190,66220, 66300]",27 Lune Drive Manchester United Kingdom M45 8NL,8.5
KESTROM GLOBAL LIMITED,12337254,ltd,27-11-2019,"[62012,62020,66300, 68100]",128 City Road London United Kingdom EC1V 2NX,8.5
UNITY GROUP MANAGEMENT LIMITED,14678125,ltd,20-02-2023,"[66300,68100,68320, 70229]",590 Green Lanes London England N13 5RY,8.5
JJBB EQUITIES LIMITED,08434932,ltd,07-03-2013,[66300],"113 Warwick House,  2 Chancellor Way London England RM8 2GP",8.5
LIJARO SERVICES LIMITED,07536318,ltd,21-02-2011,[66300],Kings Copse Virginia Water England GU25 4PZ,8.5
SENSIFI LIMITED,14813117,ltd,18-04-2023,"[62090,66190,66300, 85590]",71-75 Shelton Street Shelton Street London England WC2H 9JQ,8.5
DOWNING DEVELOPMENT FINANCE PLC,10952607,plc,08-09-2017,[66300],10 Lower Thames Street London England EC3R 6AF,8.5
CT PARTNERS GROUP LTD,13376174,ltd,05-05-2021,"[62020,66300,70229, 82990]",C/O Lucia Accounts Partners Concord House Dartford England DA1 1UP,8.5
SHAUN HART FINANCIAL PLANNING LIMITED,07850024,ltd,16-11-2011,[66300],Woodstock House The Avenue Lewes BN7 3LL,8.5
EURO LEX POLSKA LTD,15174488,ltd,29-09-2023,"[65300,66220,66300, 70229]",27 Old Gloucester Street London United Kingdom WC1N 3AX,8.5
VAULT INVESTMENTS LTD,14621217,ltd,27-01-2023,"[64999,66110,66190, 66300]",71-75 Shelton Street London United Kingdom WC2H 9JQ,8.5
LONDON AND FRANKFURT LIMITED,08564458,ltd,11-06-2013,[66300],1a Shepherd Market London England W1J 7PA,8.5
BNF CAPITAL LIMITED,08474039,ltd,04-04-2013,[66300],25 Hanover Square London England W1S 1JF,8.5
VALLOOP INVESTMENT MANAGEMENT LIMITED,14803768,ltd,15-04-2023,"[64999,66300,70221, 82990]",167-169 Great Portland Street London England W1W 5PF,8.5
ASHMORE INVESTMENT ADVISORS LIMITED,08723494,ltd,08-10-2013,[66300],16 Palace Street London England SW1E 5JD,8.5
SUNTERA DEPOSITARY (UK) LIMITED,08458300,ltd,22-03-2013,[66300],95 Chancery Lane London England WC2A 1DT,8.5
PRIMOSENTIA LTD,14667056,ltd,16-02-2023,"[62012,64304,64999, 66300]",24 Millfield Avenue London United Kingdom E17 5HH,8.5
BIZDB LIMITED,10669975,ltd,14-03-2017,"[59200,62020,66300, 74909]",Chestnut Cottage Main Road Winchester England SO21 2EE,8.5
FRAMECORE CAPITAL LIMITED,14779786,ltd,04-04-2023,"[08990, 09900,64999, 66300]",207 Regent Street London United Kingdom W1B 4ND,8.5
R H BROKING LIMITED,07628557,ltd,10-05-2011,[66300],10 Brixham Close Rayleigh England SS6 9PG,8.5
LUMYNA INVESTMENTS LIMITED,08824800,ltd,23-12-2013,[66300],11 Bressenden Place London United Kingdom SW1E 5BY,8.5
PLAYFAIR CAPITAL INVESTMENTS LIMITED,08410647,ltd,19-02-2013,[66300],8 Warner Yard London EC1R 5EY,8.5
GBIM LIMITED,07746731,ltd,19-08-2011,[66300],Milford House Salisbury England SP1 2BP,8.5
SOVAH LTD,08805033,ltd,06-12-2013,[66300],43 Overstone Road London England W6 0AD,8.5
MUSTARD SEED STEWARDSHIP LTD,15286277,ltd,15-11-2023,"[62090,63110,64999, 66300]",71-75 Shelton Street London United Kingdom WC2H 9JQ,8.5
GL BROTHERS CAPITAL LTD,11767800,ltd,15-01-2019,"[64205,64991,66120, 66300]",128 City Road London United Kingdom EC1V 2NX,8.5
AVANTULO LTD,11969410,ltd,29-04-2019,"[66300, 70229]",20-22 Wenlock Road London England N1 7GU,8.5
AMYNA LTD.,11836954,ltd,20-02-2019,"[64999, 66300]",98 Dukes Avenue London England W4 2AF,8.5
DREAM CHASING INVESTMENT MANAGEMENT COMPANY LTD,13674188,ltd,12-10-2021,"[66110,66190,66300, 70221]",13674188 - COMPANIES HOUSE DEFAULT ADDRESS Cardiff CF14 8LH,8.5
SVM FINANCIAL LIMITED,15032077,ltd,27-07-2023,"[64209,64304,64999, 66300]",4 Wimbledon Close London England SW20 8HW,8.5
PENTALPHA CAPITAL LTD,08679155,ltd,05-09-2013,[66300],85 Great Portland Street London United Kingdom W1W 7LT,8.5
CORDOVAN CAPITAL MANAGEMENT LIMITED,NI609393,ltd,07-10-2011,[66300],The Kelvin Suite 204 Belfast Northern Ireland BT1 6DE,8.5
CCLA FUND MANAGERS LIMITED,08735639,ltd,16-10-2013,[66300],The Zig Zag Building London England SW1E 6SQ,8.5
OPTIMUS SOCIALLY RESPONSIBLE INVESTMENTS LTD,08623337,ltd,24-07-2013,[66300],33 St. James's Square London England SW1Y 4JS,8.5
DAVID LISTER LIMITED,07619330,ltd,03-05-2011,[66300],Galla House North Finchley N12 0BT,8.5
ANOUSHKA LTD,07645375,ltd,24-05-2011,[66300],80 The Woodfields South Croydon England CR2 0HF,8.5
ATRI CAPITAL LTD,12248794,ltd,08-10-2019,"[64205,64303,64304, 66300]",Flat 12 Peacon House London England NW9 4DS,8.5
KNOX CAPITAL COMPANY LIMITED,08531026,ltd,16-05-2013,[66300],22 Chancery Lane London England WC2A 1LS,8.5
RIBK-UK LTD,14852269,ltd,08-05-2023,"[64999,66300,70221, 70229]",Flat 56 Eldon House London England NW9 5ZP,8.5
ALMA RESOURCES LIMITED,07626744,ltd,09-05-2011,[66300],57 Greystoke Park Newcastle Upon Tyne NE3 2DZ,8.5
MARK LEACH CONSULTING LIMITED,07644555,ltd,24-05-2011,[66300],First Floor Black Country House Oldbury B69 2DG,8.5
HB & JV LIMITED,11961157,ltd,24-04-2019,"[46900,66300,69201, 84210]",124 City Road London England EC1V 2NX,8.5
REALWORLD CAPITAL MANAGEMENT LTD,08688287,ltd,12-09-2013,[66300],Tc Group 6th Floor Kings House London United Kingdom SW1Y 4BP,8.5
ARES MANAGEMENT UK LIMITED,08708339,ltd,27-09-2013,[66300],"C/O Tmf Group,  13th Floor London United Kingdom EC2R 7HJ",8.5
VEC ASSET MANAGEMENT LTD,07849689,ltd,16-11-2011,[66300],Pixies Holt Gods Blessing Green Wimborne England BH21 7DD,8.5
ENDLESS FIRST PARTNER LIMITED,SC401890,ltd,17-06-2011,[66300],50 Lothian Road Edinburgh EH3 9WJ,8.5
BGF GROUP PLC,10657226,plc,07-03-2017,[66300],13-15 York Buildings London United Kingdom WC2N 6JU,8.5
ETHERGY SOLUTIONS LTD,12038964,ltd,07-06-2019,"[66300, 70229]",71-75 Shelton Street London United Kingdom WC2H 9JQ,8.5
NIGEL BANNERMAN SERVICES LIMITED,12164799,ltd,19-08-2019,"[66300,69201, 70221]",5 Owl Close Gloucester England GL4 4WL,8.5
EXECUTIVE LIFESTYLE PLANNING LTD,07656132,ltd,02-06-2011,[66300],24 Market Place Swaffham England PE37 7QH,8.5
PALMERS HILL INVESTMENTS LTD,07662234,ltd,08-06-2011,[66300],Palmers Hill Hagley DY8 2XP,8.5
CHRISTIAN JONES FINANCIAL SERVICES LTD,07669902,ltd,14-06-2011,[66300],10 Northlands Park Swansea Wales SA3 3JW,8.5
SMORGASBORD INVESTMENTS LIMITED,13403892,ltd,17-05-2021,"[64303,64304,66300, 70229]",Lower Woodend House Marlow United Kingdom SL7 2HN,8.5
RYEDALE ASSET MANAGEMENT LTD,07600471,ltd,12-04-2011,[66300],Manor Barn York YO60 7TW,8.5
COLLIANCE INVESTMENTS LTD,13370877,ltd,03-05-2021,"[64306,66300, 70229]",B2 - Colliance Investments 309 Hoe Street London England E17 9BG,8.5
DEN MANAGEMENT LIMITED,NI618892,ltd,14-06-2013,[66300],26 Killew Road Londonderry BT47 4SQ,8.5
SMART INVESTMENT MANAGEMENT LIMITED,08704800,ltd,25-09-2013,[66300],1 Oliver's Yard London England EC1Y 1HQ,8.5
CENTRACAP LIMITED,10860539,ltd,11-07-2017,"[64303,64306, 66300]",14 Ensign House London United Kingdom E14 9XQ,8.5
GREEN CAPITAL PRIVATE ADVISERS LTD,13765159,ltd,25-11-2021,"[64301,64999, 66300]",128 City Road London United Kingdom EC1V 2NX,8.5
RUSHLAKE INTERNATIONAL,13678358,private-unlimited,14-10-2021,"[66300,68100,70221, 70229]",7 Bell Yard London WC2A 2JR,8.5
OCTOPUS AIF MANAGEMENT LIMITED,08802172,ltd,04-12-2013,[66300],"6th Floor,  33 Holborn London EC1N 2HT",8.5
SUNRISE PARTNERS LTD,15103308,ltd,29-08-2023,"[62020,66300,70229, 74901]",71-75 Shelton Street London United Kingdom WC2H 9JQ,8.5
EDINBURGH EURO VENTURES LTD,15150356,ltd,20-09-2023,"[64205,64304,64999, 66300]",128 City Road London United Kingdom EC1V 2NX,8.5
APAX PARTNERS FUND SERVICES LTD,08801930,ltd,04-12-2013,[66300],1 Knightsbridge London United Kingdom SW1X 7LX,8.5
SQUARE MILE INVESTMENT SERVICES LIMITED,08743370,ltd,22-10-2013,[66300],"5th Floor,  101 Wigmore Street London England W1U 1QU",8.5
GEMINI CAPITAL MANAGEMENT LIMITED,07836664,ltd,07-11-2011,[66300],33 Turner Street Manchester England M4 1DW,8.5
CODUR CONSULTANCY LTD,13744948,ltd,15-11-2021,"[47910,66300,70221, 70229]",42 Broomhill Road Nottingham England NG15 6AD,8.5
CROWNGLOBAL CAPITAL HOLDINGS (UK) LIMITED,12273819,ltd,22-10-2019,"[64205,66120,66300, 70100]",3 Portnall Road London England W9 3BA,8.5
VISION AIR FINANCIAL LTD,13353229,ltd,23-04-2021,"[64999,66300,70221, 70229]",21 Hill Street Haverfordwest Wales SA61 1QQ,8.5
GTAM APEX (GENERAL PARTNER) LIMITED,08680717,ltd,06-09-2013,[66300],10th Floor 110 Cannon Street London England EC4N 6EU,8.5
BEEBY INVESTMENTS LTD,07891699,ltd,23-12-2011,[66300],Beeby Manor Main Street Leicester LE7 3BL,8.5
PHIL ANDERSON FINANCIAL SERVICES LTD.,SC409185,ltd,11-10-2011,[66300],8 Bridge Street Ellon Scotland AB41 9AA,8.5
GLOBALSTREAM OIL RESOURCES LTD,15307290,ltd,24-11-2023,"[09100, 09900,64999, 66300]",128 City Road London United Kingdom EC1V 2NX,8.5
RUFFER AIFM LIMITED,08813919,ltd,13-12-2013,[66300],80 Victoria Street London SW1E 5JL,8.5
MAVEN SLF FP LIMITED,SC391763,ltd,18-01-2011,[66300],Kintyre House Glasgow G2 2LW,8.5
ADFX TRADING LTD,11829326,ltd,15-02-2019,"[64999,66300, 85600]",15 Commercial Road Tonbridge England TN12 6EN,8.5
CASH LOANS 4 U LIMITED,07835348,ltd,04-11-2011,[66300],8 Axis Court Mallard Way Swansea Wales SA7 0AJ,8.5
SYNCONA DISCOVERY LIMITED,08767670,ltd,08-11-2013,[66300],8 Bloomsbury Street London England WC1B 3SR,8.5
POSITIVE RETIREMENT PLANNING LIMITED,09569301,ltd,30-04-2015,"[66220,66290, 66300]",32a East Street St. Ives England PE27 5PD,8.5
SUPERFUTURE VENTURES LIMITED,14915708,ltd,05-06-2023,"[64303,64304,66300, 70229]",68 Havilland Mews London England W12 8BG,8.5
POLLEN STREET CAPITAL LIMITED,08741640,ltd,21-10-2013,[66300],11-12 Hanover Square London England W1S 1JJ,8.5
SUCELLUS CAPITAL LIMITED,12006627,ltd,20-05-2019,"[64202,64209,64303, 66300]",24 Fitzgeorge Avenue London United Kingdom W14 0SN,8.5
HAVISHAM DEVELOPMENTS LIMITED,08379612,ltd,29-01-2013,"[41100, 66300]",Level 12 Thames Tower Reading England RG1 1LX,8.5
BLUEBELL CAPITAL LIMITED,08500546,ltd,23-04-2013,[66300],11 Circle Gardens London England SW19 3JX,8.5
KAVANAGH MOTOR SERVICES LIMITED,09654530,ltd,24-06-2015,"[66300,68100, 68320]",1-4 Kings Parade Croydon England CR0 1AA,8.5
HAVERFORDS LIMITED,08583767,ltd,25-06-2013,"[66220, 66300]","Greenhill House Block B,  First Floor Peterborough United Kingdom PE3 6RU",8.5
THE VENTURE HUB INNOVATION CENTER LIMITED,14908782,ltd,01-06-2023,"[64303,64999,66300, 82302]","Office Suite 29a,  3/F,  23 Wharf Street London England SE8 3GG",8.5
RENG CAPITAL LIMITED,10615345,ltd,13-02-2017,"[66300, 70229]","3rd Floor,  Imperial House Bromley United Kingdom BR1 1SD",8.5
YOUNIS ACCOUNTANCY SOLUTIONS LTD,08567442,ltd,13-06-2013,"[66300, 69201]",46 Aspley Park Drive Nottingham England NG8 3EG,8.5
HANNINGTON CONSULTANTS LIMITED,08409837,ltd,19-02-2013,[66300],4th Floor 49 St. James's Street London United Kingdom SW1A 1AH,8.5
BWELL ENTERPRISES LIMITED,12291209,ltd,31-10-2019,"[38110,38320,66300, 96040]",C/O Rpgcc London England EC3V 0BT,8.5
SAVINGS UK LTD,12368272,ltd,17-12-2019,"[64191,64301,64922, 66300]",40 Bank Street London England E14 5NR,8.5
ASAC INVESTMENTS LTD,08712731,ltd,01-10-2013,"[64209, 66300]",61 Bridge Street Kington United Kingdom HR5 3DJ,8.5
SEEFO CAPITAL MANAGEMENT LTD,13416920,ltd,24-05-2021,"[66300,68100, 82990]",42-44 Bishopsgate London England EC2N 4AH,8.5
COMET BUSINESS CONSULTING LTD,13386741,ltd,11-05-2021,"[66300,70229, 82990]","C/O Ida & Co Building 3,  Chiswick Business Park London United Kingdom W4 5YA",8.5
WHITE LOTUS WEALTH LTD,09429224,ltd,09-02-2015,"[66220,66290, 66300]",8 Mills Way Brentwood England CM13 2QN,8.5
ANTIN INFRASTRUCTURE PARTNERS UK LIMITED,08492573,ltd,17-04-2013,[66300],14 St George Street London W1S 1FE,8.5
INVESCO SOLUTIONS LTD,07788961,ltd,27-09-2011,[66300],Beckwith Barn Warren Estate Writtle England CM1 3WT,8.5
PACIFIC ALLIANCE CAPITAL LIMITED,14804877,ltd,15-04-2023,"[64209,64999,66110, 66300]",27 Old Gloucester Street London United Kingdom WC1N 3AX,8.5
LETTER A INVESTMENT LIMITED,12116732,ltd,23-07-2019,"[64303,66300,68310, 68320]",Westminster Tower Floor 7 London England SE1 7SP,8.5
HORIZON ASSET MANAGEMENT LTD,10990480,ltd,02-10-2017,"[64301,66110, 66300]",20-22 Wenlock Road London England N1 7GU,8.5
OS-INTELLIGENCE PROPERTIES LTD,12221043,ltd,23-09-2019,"[64305,66300,68209, 68320]",50 Folkestone Road London United Kingdom E6 6AY,8.5
BIG ISSUE INVEST FUND MANAGEMENT LTD,08658029,ltd,20-08-2013,[66300],113-115 Fonthill Road London England N4 3HH,8.5
NEW MODEL VENTURE CAPITAL LIMITED,07723365,ltd,01-08-2011,[66300],2-4 Packhorse Road Gerrards Cross United Kingdom SL9 7QE,8.5
NOBLE CAPITAL MANAGEMENT LIMITED,11806443,ltd,05-02-2019,"[64204,64303,66220, 66300]",71-75 Shelton Street London England WC2H 9JQ,8.5
INVESTINDUSTRIAL MANAGEMENT LIMITED,08484360,ltd,11-04-2013,[66300],First Floor London United Kingdom SW3 1AF,8.5
INFRONTIER LIMITED,08505161,ltd,25-04-2013,[66300],4 St. Paul's Churchyard London England EC4M 8AY,8.5
H.A.B FINANCE LIMITED,08811634,ltd,12-12-2013,[66300],Ground Floor London W8 6NX,8.5
ATB MERCHANT LIMITED,13678455,ltd,14-10-2021,"[64301,64999, 66300]",Berkeley Square House London United Kingdom W1J 6BD,8.5
JKS PROPERTY LTD,SC461800,ltd,18-10-2013,"[66300, 68209]",20 Blinkbonny Gardens West Calder EH55 8DN,8.5
RAB CAPITAL HOLDINGS LIMITED,07632131,ltd,12-05-2011,[66300],6 Kilmington Close Brentwood England CM13 2JZ,8.5
MEDUSA RESOURCES LIMITED,10715390,ltd,07-04-2017,"[66300, 70229]",Tallford House Weston-Super-Mare United Kingdom BS23 1LP,8.5
IQ CAPITAL CUSTODIAN LIMITED,08645156,ltd,09-08-2013,[66300],45 Whitfield Street London England W1T 4HD,8.5
ZR INVESTMENT UK LIMITED,09932645,ltd,30-12-2015,"[66300, 68100]",49 Kempton Road London England E6 2LG,8.5
BLAIRBETH CONSULTING LTD,07801674,ltd,07-10-2011,[66300],Littlehaven House Horsham RH12 4HT,8.5
ENDLESS SECOND PARTNER LIMITED,SC401892,ltd,17-06-2011,[66300],50 Lothian Road Edinburgh EH3 9WJ,8.5
AMATO CAPITAL LIMITED,14637383,ltd,03-02-2023,"[64205,64304,64999, 66300]",71-75 Shelton Street London United Kingdom WC2H 9JQ,8.5
CRUX ASSET MANAGEMENT LIMITED,08697189,ltd,19-09-2013,[66300],65 Curzon Street London England W1J 8PE,8.5
HOSKINSON BIOTECH LTD,15178093,ltd,30-09-2023,"[64205,64304,64999, 66300]",128 City Road London United Kingdom EC1V 2NX,8.5
OCTOPUS FOUNDER PARTNER LIMITED,SC409592,ltd,18-10-2011,[66300],50 Lothian Road Edinburgh EH3 9WJ,8.5
VILKEN LTD,08769200,ltd,11-11-2013,[66300],71-75 Shelton Street London England WC2H 9JQ,8.5
MILLENNIA CAPITAL LIMITED,10727399,ltd,18-04-2017,"[64205,66110, 66300]",Level 3 207 Regent Street London United Kingdom W1B 3HH,8.5
4LWM LIMITED,07569385,ltd,18-03-2011,[66300],Lumaneri House Blythe Gate Solihull United Kingdom B90 8AH,8.5
CDAM (UK) LIMITED,08978722,ltd,04-04-2014,[66300],Meadows House London England W1J 5PR,8.0
PROMERITUM MANAGEMENT LIMITED,09055167,ltd,23-05-2014,[66300],11-12 Hanover Square London United Kingdom W1S 1JJ,8.0
GLOBAL PARAMETRICS HOLDING COMPANY LIMITED,10120315,ltd,12-04-2016,"[64205, 66300]",1 Lime Street London England EC3M 7HA,8.0
LEE BAY VILLAGE INVESTMENTS LIMITED,09021349,ltd,01-05-2014,[66300],29 York Street London England W1H 1EZ,8.0
CARDRET LIMITED,09219501,ltd,16-09-2014,[66300],76 Balcombe Street London NW1 6NE,8.0
HG ASIA SECURITIES LIMITED,09224724,ltd,18-09-2014,[66300],9 Albert Place London England W8 5PD,8.0
DNZ HOLDING LTD,13059338,ltd,03-12-2020,"[64192,64303,66110, 66300]",27 Old Gloucester Street London United Kingdom WC1N 3AX,8.0
VITA CAPITAL MANAGEMENT LTD,08104498,ltd,13-06-2012,[66300],Dawes Court House Dawes Court Esher KT10 9QD,8.0
NVYAS WEALTH MANAGEMENT LIMITED,08176476,ltd,13-08-2012,[66300],9a Leicester Road Leicester LE8 4GR,8.0
ALKEN ASSET MANAGEMENT LTD.,09071203,ltd,04-06-2014,[66300],25 Savile Row London United Kingdom W1S 2ER,8.0
H/2 CAPITAL PARTNERS UK LIMITED,09032524,ltd,09-05-2014,[66300],"C/O Tmf Group,  13th Floor London United Kingdom EC2R 7HJ",8.0
WEST ASSET MANAGEMENT LIMITED,08146519,ltd,17-07-2012,[66300],Stable House Calstock United Kingdom PL18 9SF,8.0
FALCON INVESTMENT MANAGEMENT LTD,09277206,ltd,23-10-2014,[66300],64 North Row 5th Floor London United Kingdom W1K 7DA,8.0
TVB LOAN MANAGEMENT LIMITED,08338137,ltd,20-12-2012,[66300],First Floor Linea House Fleet England GU51 2UZ,8.0
ASHBOURNE CAPITAL PARTNERS LIMITED,09984520,ltd,03-02-2016,"[41100, 66300]",C/O Goldwyns London Llp London United Kingdom EC3V 3DG,8.0
REED FINANCIAL PLANNING LIMITED,SC431746,ltd,03-09-2012,[66300],Radleigh House 1 Golf Road Glasgow G76 7HU,8.0
SW7 SERVICES (UK) LIMITED,09136537,ltd,17-07-2014,[66300],86/87 Campden Street London England W8 7EN,8.0
18V MANAGEMENT LIMITED,09155785,ltd,31-07-2014,"[41100, 66300]",182a-184a 182a-184a Liverpool United Kingdom L15 3JR,8.0
WAYPOINT INVESTMENT MANAGEMENT LIMITED,10338524,ltd,19-08-2016,"[66300, 68320]",17-19 Maddox Street London England W1S 2QH,8.0
TEMPORIS CAPITAL LIMITED,09000848,ltd,16-04-2014,[66300],"7th Floor,  Wellington House London England WC2R 0AP",8.0
D AND K CHAPMAN LIMITED,08194522,ltd,29-08-2012,[66300],"C/O Walkers Accountants Ltd Suite 3,  Aireside House ,  Aireside Business Centre Keighley England BD21 4BZ",8.0
EDL CAPITAL (UK) LTD,09346096,ltd,08-12-2014,[66300],Flat 6 Fawcett Court London United Kingdom SW10 9HW,8.0
TRYPOINT (SERVICES) LIMITED,08291433,ltd,13-11-2012,[66300],14 Rockliffe Avenue Bath BA2 6QP,8.0
WAYPARK COMMERCIAL MORTGAGE 1 LIMITED,13932831,ltd,22-02-2022,"[64999,66190, 66300]",17-19 Maddox Street London United Kingdom W1S 2QH,8.0
ARK INVESTMENT MANAGEMENT LTD,09281759,ltd,27-10-2014,[66300],The Sati Room London England W1G 0JR,8.0
ZETA-ARTS LIMITED,09102856,ltd,25-06-2014,[66300],25a Soho Square London England W1D 3QR,8.0
CREATE EQUITY LTD,12966294,ltd,21-10-2020,"[66300, 82990]",35 Palace Gates Road London England N22 7BW,8.0
OASIS CAPITAL LTD,15880385,ltd,06-08-2024,"[66300,68100,68320, 82990]",71-75 Shelton Street London United Kingdom WC2H 9JQ,8.0
FS TOPE LIMITED,09115686,ltd,03-07-2014,[66300],C/O Foresight Group Llp The Shard London United Kingdom SE1 9SG,8.0
N. RODITI AND CO. LIMITED,12902856,ltd,24-09-2020,"[66300, 70229]",2 Back Lane London England NW3 1HL,8.0
MFM INVESTMENT LTD,09088155,ltd,16-06-2014,[66300],90-92 Pentonville Road London United Kingdom N1 9HS,8.0
ABINGER CAPITAL LIMITED,09081126,ltd,11-06-2014,[66300],98 Abinger Road Abinger Road London England W4 1EX,8.0
IMPREZACO LTD,08162031,ltd,31-07-2012,[66300],Jps Casterton Road Business Park Stamford PE9 4DE,8.0
SOCRATIC CAPITAL MANAGEMENT LTD,09219049,ltd,15-09-2014,[66300],International House London England EC3V 3NG,8.0
TATTY MANAGEMENT LTD,07917468,ltd,20-01-2012,[66300],"23,  Church Walk Leatherhead England KT22 8HH",8.0
AUDACITY CAPITAL LTD,08865122,ltd,28-01-2014,[66300],The Frames 1 Phipp Street Ec2a 4ps London England EC2A 4PS,8.0
S J ELMS CONSULTING LIMITED,08018637,ltd,04-04-2012,[66300],Edinburgh House Clevedon England BS21 7NP,8.0
S RADIA MANAGEMENT LTD,08250340,ltd,12-10-2012,[66300],Winston House Harrow England HA3 6SL,8.0
LIVE FX HUB LIMITED,15980515,ltd,26-09-2024,"[64205,64991,64999, 66300]",27 Old Gloucester Street London United Kingdom WC1N 3AX,8.0
DAISY BLUE TOO LTD,07905781,ltd,11-01-2012,[66300],Beckwith Barn Warren Estate Writtle England CM1 3WT,8.0
FUNDMENT LIMITED,08884918,ltd,10-02-2014,[66300],58-60 Berners Street London England W1T 3NQ,8.0
BELVEDERE INVESTMENTS LIMITED,09113133,ltd,02-07-2014,"[66290, 66300]",42 Ground Floor Lawrence Street Sunderland England SR1 2PD,8.0
ESKMUIR FM LIMITED,09249737,ltd,06-10-2014,[66300],8 Queen Anne Street London W1G 9LD,8.0
SPEKTRM TECH LIMITED,16084468,ltd,18-11-2024,"[62012,62090,64999, 66300]",71-75 Shelton Street London United Kingdom WC2H 9JQ,8.0
IGENE IGENERATION LTD,16090716,ltd,20-11-2024,"[66300,68100,70221, 70229]",20 Wenlock Road London England N1 7GU,8.0
RENAISSANCE GLOBAL ADVISORS LTD,13891353,ltd,03-02-2022,"[66190,66300, 70229]",71-75 Shelton Street London United Kingdom WC2H 9JQ,8.0
YORK INVEST LTD,11295584,ltd,06-04-2018,"[64306,64910,64922, 66300]",16 Alwoodley Gardens Leeds England LS17 7BQ,8.0
GY AND SON'S TRADING LIMITED,12489930,ltd,28-02-2020,"[66110,66300, 70221]",54 Ruby Street Saltburn-By-The-Sea England TS12 1EG,8.0
J M FLETCHER CONSULTING LIMITED,08230278,ltd,26-09-2012,[66300],Stumps House Shore Road Chichester England PO18 8QL,8.0
ADAM FINANCE LIMITED,13000479,ltd,05-11-2020,"[64991,66300, 70221]",Chevron House Hillingdon England UB10 9PF,8.0
PCML INVESTMENTS LIMITED,09047456,ltd,20-05-2014,"[66300, 82110]",1-3 High Street Great Dunmow CM6 1UU,8.0
RJG ADVISORS LIMITED,08986159,ltd,08-04-2014,[66300],64 St Quintin Avenue London W10 6PA,8.0
GREEN LION MEDIA LIMITED,07936417,ltd,06-02-2012,[66300],First Floor Lipton House Leighton Buzzard United Kingdom LU7 4QQ,8.0
BURDETT O'HANLON LTD,08123624,ltd,28-06-2012,[66300],Beckwith Barn Warren Estate Writtle England CM1 3WT,8.0
C.M.B. REAL ESTATE LTD,08860244,ltd,24-01-2014,[66300],29 Harbour Exchange Square London E14 9GE,8.0
C.M.B. COMPANIES LTD,08860245,ltd,24-01-2014,[66300],29 Harbour Exchange Square London E14 9GE,8.0
ANETO UK LTD,15947784,ltd,10-09-2024,"[46900,66300,70100, 82990]",4th Floor Office London England W1B 4HB,8.0
CORROUR LIMITED,08024794,ltd,11-04-2012,[66300],Counsells Cranleigh United Kingdom GU6 8JJ,8.0
RHFC (HOLDINGS) LTD,09274727,ltd,22-10-2014,"[64209, 66300]",Ash House Cook Way Taunton United Kingdom TA2 6BJ,8.0
STONE RIDGE LIMITED,13843391,ltd,12-01-2022,"[62020,66300, 70229]",17a Cavendish Road London United Kingdom NW6 7XT,8.0
HUSSON CAPITAL LIMITED,12846014,ltd,31-08-2020,"[64999, 66300]",809 Salisbury House 29 Finsbury Circus London United Kingdom EC2M 7AQ,8.0
TALOMON VALUE LIMITED,09234148,ltd,24-09-2014,[66300],5 Bolton Street London United Kingdom W1J 8BA,8.0
VERMEER INVESTMENT MANAGEMENT LIMITED,09081916,ltd,11-06-2014,[66300],16 Babmaes Street London England SW1Y 6AH,8.0
COLE CAPITAL LIMITED,15652898,ltd,16-04-2024,"[58190,62012,64999, 66300]",64 Nile Street London England N1 7SR,8.0
NAVY INC. LIMITED,11150150,ltd,15-01-2018,"[64999, 66300]",Flat 45 Western Avenue Greenford England UB6 8AT,8.0
XRPAID LTD,15410296,ltd,13-01-2024,"[64301,66110,66300, 70221]","60 Tottenham Court Road,  Suite 7024a London United Kingdom W1T 2EW",8.0
CLIMSEN LTD,16129031,ltd,10-12-2024,"[66120,66300,70229, 74901]",Millenium Village Child Lane London England SE10 0PZ,8.0
SOLANITY LIMITED,12518232,ltd,16-03-2020,"[66300, 70229]",19 Eastbourne Terrace London England W2 6LG,8.0
DELOREAN HOMES LTD,14031188,ltd,06-04-2022,"[64209,64304,64999, 66300]",Office 1 Hatherton Court Walsall England WS4 2LA,8.0
EPIDAREX CAPITAL PARTNERS LIMITED,SC437985,ltd,30-11-2012,[66300],137a George Street Edinburgh Scotland EH2 4JY,8.0
AK JENSEN INVESTMENT MANAGEMENT LIMITED,08939656,ltd,14-03-2014,[66300],49 Grosvenor Street London United Kingdom W1K 3HP,8.0
IJP WEALTH MANAGEMENT LIMITED,08044091,ltd,24-04-2012,[66300],C/O Camargue Wealth Management Ltd Pure Office Ltd Brooks Drive Cheadle England SK8 3TD,8.0
DIGITAL ANALYTICS LTD,11299980,ltd,09-04-2018,"[66300, 70229]",Rawa House Coalville England LE67 3FA,8.0
JAD MANAGMENT LTD,07998565,ltd,20-03-2012,[66300],Beckwith Barn Warren Estate Writtle England CM1 3WT,8.0
HILBERT INVESTMENT SOLUTIONS LTD,08956837,ltd,25-03-2014,[66300],2 Leman Street London United Kingdom E1W 9US,8.0
FITOVATE LIMITED,14231312,ltd,13-07-2022,"[64209,64304,64999, 66300]",Office 1 Hatherton Court Walsall England WS4 2LA,8.0
CHAPTER WEALTH MANAGEMENT LTD,07941744,ltd,08-02-2012,[66300],Lancaster House Ackhurst Business Park Chorley England PR7 1NY,8.0
ARXCA LTD,11206567,ltd,14-02-2018,"[66300, 82990]",7 Clough Avenue Sale United Kingdom M33 4HX,8.0
AR GLOBAL INVESTMENT GROUP LTD,16154565,ltd,30-12-2024,"[64991,66120,66300, 70229]",86-90 Paul Street London England EC2A 4NE,8.0
E.G.I. ENTERPRISE LTD,15402033,ltd,10-01-2024,"[41100,62020,66300, 82990]",3rd Floor 207 Regent Street London United Kingdom W1B 3HH,8.0
TEMPLE NORTH MANAGEMENT LTD,10388440,ltd,21-09-2016,"[66300,68100, 68209]",6 Bridge Street Northampton England NN1 1NW,8.0
LIFEWAY CAPITAL LTD,14406603,ltd,09-10-2022,"[64205,64999, 66300]",86-90 Paul Street London England EC2A 4NE,8.0
ASCOT LLOYD INVESTMENT MANAGEMENT LIMITED,08197347,ltd,31-08-2012,[66300],45 Church Street Birmingham United Kingdom B3 2RT,8.0
NUMBER FIVE CAPITAL LTD,15748404,ltd,29-05-2024,"[64303,66120,66300, 70221]",Flat 66 Richmond Court London England SW1X 9QU,8.0
MONPAY GLOBAL NETWORK LIMITED,15894722,ltd,13-08-2024,"[64999,66110,66190, 66300]",54 Chelsea Crescent Chelsea Harbour London England SW10 0XB,8.0
YOUR.CLOUD UK HOLDING LIMITED,15992483,ltd,02-10-2024,"[64209,66300,70221, 70229]","Suite 3.02,  6 - 9 Snow Hill London England EC1A 2AY",8.0
MRM INVESTMENT MANAGEMENT LTD,08069237,ltd,15-05-2012,[66300],Beckwith Barn Warren Estate Writtle England CM1 3WT,8.0
LIME TREE ASSETS LTD.,10530839,ltd,17-12-2016,"[66300,68100, 68209]",Battleswick Farm Colchester United Kingdom CO5 7JP,8.0
CITIDEL LIMITED,09251424,ltd,07-10-2014,[66300],76 Balcombe Street London NW1 6NE,8.0
PARTNERS GROUP (UK) MANAGEMENT LTD,09172998,ltd,13-08-2014,[66300],33 Charterhouse Street London England EC1M 6HA,8.0
TUNGATE CAPITAL PLC,10257377,plc,29-06-2016,[66300],16 Riverside Omega Park Alton GU34 2UF,8.0
LAWRANCE VENTURES LTD,08182155,ltd,16-08-2012,[66300],Cedarwood Grove Lane Gerrards Cross England SL9 9LN,8.0
KEEN VENTURE PARTNERS ADVISER UK LIMITED,09060584,ltd,28-05-2014,[66300],"Michelin House,  Office 121 81 Fulham Road London England SW3 6RD",8.0
YOUEE LTD,14112786,ltd,17-05-2022,"[66300,70221, 70229]","Flat 114 Gladwin Tower,  London United Kingdom SW8 2FJ",8.0
BAY BIONICS LTD,12720741,ltd,05-07-2020,"[64304,64910,64991, 66300]",20 Elgin Mews London England W11 1PU,8.0
EDWARD HOWELL FINANCIAL CONSULTANCY LIMITED,08246622,ltd,10-10-2012,[66300],28 Brock Street Bath England BA1 2LN,8.0
RIPPLEWOOD ADVISORS LIMITED,09159953,ltd,04-08-2014,[66300],8 St James's Place London SW1A 1NP,8.0
LTB GLOBAL FINANCE LTD,14247071,ltd,20-07-2022,"[64205,64999,66220, 66300]",83 Tatlow Road Leicester United Kingdom LE3 8NF,8.0
FIT TO RETIRE LTD,14464898,ltd,07-11-2022,"[65110,66190, 66300]",International House London United Kingdom E16 2DQ,8.0
QUAY PARTNERS (UK) LTD,08973736,ltd,02-04-2014,[66300],3 Queen Street London England W1J 5PA,8.0
STORMONT CAPITAL INVESTMENTS LTD,12814146,ltd,14-08-2020,"[64303,64305,64991, 66300]","Floor 2,  18 Savile Row London United Kingdom W1S 3PW",8.0
LONDON LGPS CIV LIMITED,09136445,ltd,17-07-2014,[66300],"4th Floor,  22 Lavington Street London SE1 0NZ",8.0
B2 WEALTH LTD,08296287,ltd,16-11-2012,[66300],Allium House 12 Enterprise Way Spalding England PE11 3YR,8.0
TCI REAL ESTATE PARTNERS LIMITED,09168419,ltd,08-08-2014,[66300],7 Clifford Street London W1S 2FT,8.0
MS AMLIN INVESTMENT MANAGEMENT LIMITED,09110461,ltd,01-07-2014,[66300],The Leadenhall Building London United Kingdom EC3V 4AG,8.0
BURDETT CAPITAL MANAGEMENT LTD,12849050,ltd,01-09-2020,"[64999, 66300]",1 Burdett Avenue London England SW20 0ST,8.0
KING WILLIAM STREET CAPITAL MANAGEMENT LIMITED,09337401,ltd,02-12-2014,[66300],69 King William Street London EC4N 7HR,8.0
CARO CAPITAL MARKETS LIMITED,09315137,ltd,17-11-2014,[66300],Berkeley Square House London England W1J 6BD,8.0
WEST OF SCOTLAND LOAN FUND,SC166736,private-limited-guarant-nsc-limited-exemption,26-06-1996,[66300],London Road Centre Kilmarnock KA3 7BU,8.0
ASHBURG VENTURES CORP. LIMITED,14225603,ltd,11-07-2022,"[66300,70221, 82990]",277 Gray's Inn Road London United Kingdom WC1X 8QF,8.0
GREVILLE INVESTMENTS LIMITED,09216776,ltd,12-09-2014,"[66300, 82110]",Beckwith Barn Warren Estate Writtle England CM1 3WT,8.0
ZAIDI INVESTMENTS LTD,12456928,ltd,11-02-2020,"[66300, 70221]",241 Mitcham Road London England SW17 9JQ,8.0
MARSHALL STERLING INVESTMENT MANAGEMENT LIMITED,09170695,ltd,11-08-2014,"[66120, 66300]",1 Canada Square Canary Wharf England E14 5AA,8.0
ENLIGHTENMENT INVESTMENTS LTD,15746203,ltd,28-05-2024,"[63990,66300,70221, 74901]",Flat 154 Marsham Court Marsham Street London England SW1P 4LB,8.0
HBA INTERIM TREASURY RISK MANAGEMENT LTD,08016927,ltd,03-04-2012,[66300],102 Sidney Road Walton On Thames KT12 3SA,8.0
BAKKS BUSINESS SERVICES LIMITED,12816971,ltd,17-08-2020,"[66300,79110,82190, 95110]",155 Peckham Hill Street London England SE15 5JZ,8.0
IRWELL BRIDGE COMMUNITY INTEREST COMPANY,12659236,ltd,10-06-2020,"[66300,85520,93290, 98200]",93 Tabernacle Street London United Kingdom EC2A 4BA,8.0
SMART CONTRACT SOLUTIONS LTD,12844085,ltd,28-08-2020,"[64205,64303,66110, 66300]",71-75 Shelton Street London United Kingdom WC2H 9JQ,8.0
BAIN CAPITAL INVESTMENTS (EUROPE) LIMITED,09162234,ltd,05-08-2014,[66300],"Duo,  Level 6 London England EC2M 4RB",8.0
BYTETREE ASSET MANAGEMENT LIMITED,12696776,ltd,25-06-2020,"[64999,66190, 66300]",Kells East Bergholt United Kingdom C07 6TL,8.0
PROJECT711 LTD,15922953,ltd,28-08-2024,"[66300,70210,70229, 82990]",71-75 Shelton Street London United Kingdom WC2H 9JQ,8.0
SHERLOCK PERSONAL MANAGEMENT LTD,08194787,ltd,29-08-2012,[66300],Beckwith Barn Warren Estate Writtle England CM1 3WT,8.0
HAMILTON LANE AIFM LTD.,08902654,ltd,19-02-2014,[66300],10 Bressenden Place London England SW1E 5DH,8.0
SHAREDIMPACT VENTURES LTD,08154452,ltd,24-07-2012,[66300],114 High Street Bedford England MK43 0DG,8.0
P VAID MANAGEMENT LTD,08250205,ltd,11-10-2012,[66300],The Paddock Northwood England HA6 3HA,8.0
CMMB LTD,07936299,ltd,06-02-2012,[66300],Beckwith Barn Warren Estate Writtle England CM1 3WT,8.0
PRICE VALUE PARTNERS LIMITED,09081742,ltd,11-06-2014,[66300],Flat 7 Sorbonne House London England NW3 4JL,8.0
BOSTON WEALTH MANAGEMENT LTD,08241592,ltd,05-10-2012,[66300],Offices A13-A14 Champion Business Park Wirral CH49 0AB,8.0
PZ PROPERTY INVESTMENT LTD,12778273,ltd,29-07-2020,"[41100,64306,66300, 98000]",Office Suite 31a 23 Wharf Street London England SE8 3GG,8.0
DBI TOUCH FINANCES LTD,15825869,ltd,08-07-2024,"[64301,64999,66120, 66300]",128 City Road London United Kingdom EC1V 2NX,8.0
CASTLE HARBOUR INVESTMENTS LIMITED,08832865,ltd,06-01-2014,[66300],2 Elvaston Mews London SW7 5HY,8.0
TRUEHN GLOBAL GROUP PLC,16121377,plc,05-12-2024,"[66110,66120,66210, 66300]",27 Old Gloucester Street London United Kingdom WC1N 3AX,8.0
DP ASSET MANAGEMENT LTD,13906803,ltd,10-02-2022,"[66300,70221, 70229]","2,  Egremont House,  Flat 20 Medals Way London United Kingdom E20 1BF",8.0
POPTIN LIMITED,07982943,ltd,08-03-2012,[66300],Beckwith Barn Warren Estate Writtle England CM1 3WT,8.0
WIMBLEDON CAPITAL MANAGEMENT LTD,09369120,ltd,29-12-2014,[66300],10 Parkside Ave Wimbledon London SW19 5ES,8.0
MARTIN JEFFERY BEST ADVICE CONSULTANCY LTD,14009854,ltd,29-03-2022,"[64999,66220,66290, 66300]",Suites 2 & 3 Marine Trade Centre Brighton Marina United Kingdom BN2 5HA,8.0
PARVUS ASSET MANAGEMENT EUROPE LIMITED,08899081,ltd,17-02-2014,[66300],7 Clifford Street London United Kingdom W1S 2FT,8.0
JF CAPITAL LTD,13961134,ltd,07-03-2022,"[64999,66300, 70221]",20-22 Wenlock Road London England N1 7GU,8.0
DIVINE PAYMENTS LIMITED,11184733,ltd,02-02-2018,"[66190, 66300]","38 Metropolitan Park Halifax Road,  Greenford England UB6 8XU",8.0
UBSIDI FINANCIAL LIMITED,13948573,ltd,02-03-2022,"[62090,64999,66190, 66300]",66 Little Caldmore Walsall United Kingdom WS1 3RA,8.0
AJKP ADVISORY LIMITED,08994607,ltd,14-04-2014,[66300],81-83 Fulham High Street London England SW6 3JW,8.0
ZUKIOO LIMITED,11588405,ltd,25-09-2018,"[63990,66110, 66300]",85 Great Portland Street London England W1W 7LT,8.0
FBC LEGAL CONSULTANCY LTD,13004152,ltd,09-11-2020,"[66300,68320,69109, 96090]",20 Wenlock Road London N1 7GU,8.0
QUEX FINANCIAL LTD,15529627,ltd,28-02-2024,"[64999,66300,70221, 70229]",45 Pont Street London England SW1X 0BD,8.0
SPECIALISED RESEARCH (UK) LIMITED,08129397,ltd,04-07-2012,[66300],Censeo House St. Albans England AL1 3LF,8.0
DURNFORD CAPITAL LTD,08989413,ltd,10-04-2014,[66300],25 Bury Street London England SW1Y 6AL,8.0
C.M.B. AGROINDUSTRY LTD,08860293,ltd,24-01-2014,[66300],29 Harbour Exchange Square London E14 9GE,8.0
DENNIS BROKERAGE SERVICES LTD,15467617,ltd,05-02-2024,"[64205,64999,66300, 70229]",39 Tanfield Avenue London England NW2 7SA,8.0
TAG U INVESTMENTS LTD,SC600503,ltd,20-06-2018,"[65300,66110,66300, 85600]",167/6 Muirhouse Green Edinburgh Scotland EH4 4RA,8.0
DAMARLA CAPITAL LIMITED,11284422,ltd,29-03-2018,"[62020,64991, 66300]",1 Rosemont Road London England NW3 6NG,8.0
ANGUS PROJECT FINANCE SERVICES LIMITED,08080255,ltd,23-05-2012,[66300],Pips Hill Leatherhead England KT22 8LR,8.0
SANGHA TRI-NATIONAL TRUST FUND LIMITED,06193079,private-limited-guarant-nsc,29-03-2007,[66300],"C/O Sedulo London Office 605,  Albert House London United Kingdom EC1V 9DD",8.0
NBC BANQ HOLDING LTD,12707741,ltd,30-06-2020,"[64301,64306,64991, 66300]","Devonshire House 582,  Honeypot Lane London England HA7 1JS",8.0
APROPOS WEALTH MANAGEMENT LTD,08875651,ltd,04-02-2014,[66300],Wework London England EC2Y 9DT,8.0
ORTONA INVESTMENTS LIMITED,07999887,ltd,21-03-2012,[66300],55 Colegate Norwich NR3 1DD,8.0
EOS INVESTMENT MANAGEMENT LTD,09259578,ltd,13-10-2014,[66300],84 Brook Street London United Kingdom W1K 5EH,8.0
BLACK MEGAURION LTD,16007958,ltd,09-10-2024,"[64304,66190,66300, 70221]",128 City Road London United Kingdom EC1V 2NX,8.0
PRGHOLDINGS CONSULTING LTD,14540339,ltd,14-12-2022,"[64301,64999,66300, 94110]",Office 17 Aquis House 27-37 Station Road Hayes Hayes United Kingdom UB3 4DX,8.0
SAND GROVE FRM LIMITED,09332683,ltd,28-11-2014,[66300],40 Leadenhall Street London United Kingdom EC3A 2BJ,8.0
MKX SERVICESS LTD.,14558916,ltd,28-12-2022,"[62020,64999,66300, 92000]",105 Fence House Fence Avenue Macclesfield England SK10 1LT,8.0
GREENLAND INVESTMENT MANAGEMENT LIMITED,14270355,ltd,02-08-2022,"[64999,66190, 66300]",17 Hanover Square London W1S 1HU,8.0
GRANT WRITING CONSULTANCY LTD,SC597999,ltd,23-05-2018,"[66300, 70229]",24 Canning Street Edinburgh Scotland EH3 8EG,8.0
BOSTON PARTNERS (UK) LIMITED,09084372,ltd,12-06-2014,[66300],C/O Csc Cls (Uk) Limited 5 Churchill Place London United Kingdom E14 5HU,8.0
NGC WEALTH MANAGEMENT LIMITED,08295315,ltd,15-11-2012,[66300],"Unit 1,  Riverside Court Skellingthorpe Road Lincoln England LN1 5AB",8.0
MAYNE CAPITAL (UK) LTD,09109717,ltd,01-07-2014,[66300],Office 1.15 - 22a St James's Square London 22a St James's Square London London United Kingdom SW1Y 4JH,8.0
MONTERONE (UK) LIMITED,09132370,ltd,15-07-2014,[66300],Green Park House London United Kingdom W1J 8LQ,8.0
VECTORS MARITIME LIMITED,11218836,ltd,22-02-2018,"[64303,64304,66120, 66300]",Devonshire Business Centre (A13) Letchworth Garden City England SG6 1GJ,8.0
HARRINGTON CAPITAL LTD,13860931,ltd,20-01-2022,"[64999,66300, 68100]",167-169 Great Portland Street London England W1W 5PF,8.0
INNOWEALTH GROUP LIMITED,16075523,ltd,12-11-2024,"[64205,66300,70100, 70229]",KKVMS LLP London SE1 8EG,8.0
WORKING CAPITAL ADVISORS (UK) LTD.,08840257,ltd,10-01-2014,[66300],International House London England SW7 4EF,8.0
RESONANCE ASSET MANAGEMENT LIMITED,09028327,ltd,07-05-2014,[66300],Beaumont Bridge House London England EC4V 4EG,8.0
SEGANTII CAPITAL MANAGEMENT (UK) LIMITED,08926874,ltd,06-03-2014,[66300],7th Floor York House London United Kingdom WC2B 6UJ,8.0
NJORD PARTNERS FOUNDER CO LIMITED,09116978,ltd,04-07-2014,[66300],10 Lower James Street London England W1F 9EL,8.0
SINCHURU CIC,12512573,ltd,11-03-2020,"[64301,64304,65120, 66300]",Flat 2 Danesfield London England SE5 0AW,8.0
DRUMNOR INVESTMENTS LIMITED,SC438886,ltd,14-12-2012,[66300],Royal Exchange Building 2nd Floor Dundee Scotland DD1 1DU,8.0
JSV CAPITAL LTD,12620470,ltd,26-05-2020,"[64999, 66300]",14 Bramalea Close London England N6 4QD,8.0
CRAZY DIAMOND LTD.,14022099,ltd,04-04-2022,"[64999,66300, 70221]",128 City Road London United Kingdom EC1V 2NX,8.0
BIG ISSUE ACCESS LIMITED,10348835,ltd,27-08-2016,"[64929, 66300]",113-115 Fonthill Road London N4 3HH,8.0
ALPHAPLUS INVESTMENTS LTD,14136545,ltd,27-05-2022,"[64205,64301,66190, 66300]",100 Arundel Avenue Epsom England KT17 2RL,8.0
WORLD VENTURES LIMITED,13098421,ltd,23-12-2020,"[08990,64910,66120, 66300]",128 City Road London United Kingdom EC1V 2NX,8.0
SUCCINCT TECHNOLOGY HOLDINGS LIMITED,10401878,ltd,29-09-2016,"[41100,65300, 66300]",4 Glasshouse Studios Fryern Court Road Fordingbridge England SP6 1QX,8.0
CSE CAPITAL LIMITED,09279009,ltd,24-10-2014,[66300],"1st Floor,  239 Kensington High Street London England W8 6SN",8.0
JENNINGS ADVISORY SERVICES LIMITED,13967686,ltd,10-03-2022,"[64301,66300,70221, 70229]",4 Glasshouse Studios Fryern Court Road Fordingbridge England SP6 1QX,8.0
CARLISLE ASSETS LIMITED,11564830,ltd,12-09-2018,"[66300, 70221]",637 High Road Ilford England IG3 8RA,8.0
PROFIT INVESTMENT & HOLDING LIMITED,10413173,ltd,06-10-2016,"[66300,68320, 79909]",Suite A Bank House Egham United Kingdom TW20 0DF,8.0
CAPITIS ADVISORS LTD,12712538,ltd,02-07-2020,"[66300,70221, 70229]","Hygeia Building,  Rear Ground Floor Harrow United Kingdom HA1 1BE",8.0
MKB FAMILY HOLDINGS LTD,09216450,ltd,12-09-2014,[66300],Scale Space London United Kingdom W12 7RZ,8.0
CATTLE DOG HOUSE LTD,08272677,ltd,30-10-2012,[66300],Broad Quay House Bristol BS1 4DJ,8.0
VIRIDE INVESTMENTS LTD,09184805,ltd,21-08-2014,[66300],36 Charles Ii Place London SW3 4NG,8.0
ST MARY'S PRIVATE WEALTH LIMITED,08948879,ltd,19-03-2014,[66300],"Wework,  30 Churchill Place London England E14 5RE",8.0
ARQUANT MANAGEMENT LIMITED,13034143,ltd,20-11-2020,"[66300, 82990]",167-169 Great Portland Street London England W1W 5PF,8.0
ALEX HAMMOND-CHAMBERS & COMPANY,SC126819,private-unlimited,21-08-1990,[66300],6 Logie Mill Edinburgh EH7 4HG,8.0
DRC ENTERPRISES LTD,15957739,ltd,16-09-2024,"[66220,66300,70229, 74909]",71-75 Shelton Street London United Kingdom WC2H 9JQ,8.0
TATTON INVESTMENT MANAGEMENT LIMITED,08219008,ltd,18-09-2012,[66300],Paradigm House Wilmslow SK9 3ND,8.0
VIVID PRIVATE WEALTH LTD,09141801,ltd,22-07-2014,[66300],38 Bective Road London England SW15 2QA,8.0
XHIVA LTD,12706491,ltd,30-06-2020,"[64303,64304,64991, 66300]","Suite 15,  Beaufort Court London England E14 9XL",8.0
AGRICULTURAL ASSET MANAGEMENT LIMITED,08953424,ltd,21-03-2014,"[66300, 68320]",The Atrium Norwich England NR3 1AB,8.0
PAUL CASSATA HOLDINGS LIMITED,13831584,ltd,06-01-2022,"[41100,66300, 82990]",2 Frederick Street London United Kingdom WC1X 0ND,8.0
ODD ASSET MANAGEMENT LTD,09317332,ltd,18-11-2014,[66300],5 - 8 The Sanctuary London England SW1P 3JS,8.0
LADDERSTREAM ASSET MANAGEMENT LIMITED,08146624,ltd,17-07-2012,[66300],Denham Lodge Yelverton PL20 7NR,8.0
WORLD VISION STRATEGIES LIMITED,08190861,ltd,24-08-2012,[66300],The Hangar Telford England TF1 6QJ,8.0
RVB INVESTMENTS,02762592,private-unlimited,06-11-1992,[66300],Floor 2 - Robert House Chinnor England OX39 4PU,8.0
NORTH BLOCK CAPITAL LIMITED,11158515,ltd,19-01-2018,"[64999, 66300]",30 Nelson Street Leicester United Kingdom LE1 7BA,8.0
META FINANCE CONSULTANCY LTD,13910333,ltd,11-02-2022,"[64192,66110,66190, 66300]","2nd Floor College House Ruislip,  United Kingdom HA4 7AE",8.0
FOOTBALL CAPITAL MANAGEMENT LTD,16009901,ltd,10-10-2024,"[66300,70221,70229, 93120]",20 Wenlock Road London England N1 7GU,8.0
KINTBURY SERVICES (UK) LTD,09172205,ltd,12-08-2014,[66300],33 Cork Street 33 Cork Street London England W1S 3NQ,8.0
GINGKO INDEPENDENT LTD,08870615,ltd,31-01-2014,[66300],"First Floor,  3 Cumbrian House London United Kingdom E14 9FJ",8.0
DAPHNE PROPERTY INVESTMENT CONSULTANCY LTD,12496204,ltd,04-03-2020,"[66300,68320, 70229]",28 Redgrave Drive Milton Keynes England MK4 4TB,8.0
FLP INVESTMENTS LIMITED,08254017,ltd,15-10-2012,[66300],2 Manor Farm Court Milton Keynes United Kingdom MK12 5NN,8.0
OLD SHUTE ESTATES LIMITED,08287112,ltd,08-11-2012,[66300],21 Angel Hill Tiverton EX16 6PE,8.0
KLAY CAPITAL LIMITED,14399536,ltd,05-10-2022,"[64922,66190, 66300]",1 Kings Avenue London United Kingdom N21 3NA,8.0
NEMEAN INVESTMENT COMPANY LTD,07916234,ltd,19-01-2012,[66300],Beckwith Barn Warren Estate Writtle England CM1 3WT,8.0
888 CAPITAL VENTURES LTD,14073171,ltd,27-04-2022,"[64999,66300,82990, 96090]",80 Larch Crescent Hayes England UB4 9DR,8.0
MARKOWITZ LEGEND INVESTMENT LIMITED,15383923,ltd,03-01-2024,"[64205,64304,66190, 66300]",71-75 Shelton Street London United Kingdom WC2H 9JQ,8.0
VISIONEDGEONE LTD,14147038,ltd,01-06-2022,"[64999,66300, 82990]",15 Half Moon Street London England W1J 7DZ,8.0
HJCS BUSINESS SOLUTIONS LTD,08029727,ltd,13-04-2012,[66300],Beckwith Barn Warren Estate Writtle England CM1 3WT,8.0
HIRE THAT MONEY LTD,08228039,ltd,25-09-2012,[66300],9 High Street Wellington England TA21 8QT,8.0
TCI FUND MANAGEMENT LIMITED,08898250,ltd,17-02-2014,[66300],7 Clifford Street London United Kingdom W1S 2FT,8.0
ROVERT SLLEW LIMITED,08037506,ltd,19-04-2012,[66300],1 The Vaults Lewes England BN7 2FR,8.0
GKA INTERNATIONAL (NORTH AMERICA) LIMITED,07918509,ltd,20-01-2012,[66300],6th Floor Manchester M2 4LQ,8.0
C.M.B. ENERGY LTD,08860221,ltd,24-01-2014,[66300],C/O Kidd Rapinet Llp London E14 9GE,8.0
EPSOM PROPERTIES LIMITED,09254321,ltd,08-10-2014,"[66120, 66300]",Diamond House C/O Lower Richmond Properties Richmond England TW9 4LN,8.0
PANIMA CAPITAL MANAGEMENT LIMITED,09256383,ltd,09-10-2014,[66300],First Floor (North) Five Kings' House London United Kingdom EC4R 1QS,8.0
VERTIS PRIVATE WEALTH MANAGEMENT LIMITED,07934669,ltd,03-02-2012,[66300],Campion House Kidderminster DY10 1JL,8.0
TREMPLIN MANAGEMENT LTD,08519020,ltd,07-05-2013,[66300],Beckwith Barn Warren Estate Writtle England CM1 3WT,7.5
MULTI-STRATEGY CONSULTING LIMITED,09594590,ltd,16-05-2015,[66300],60 Gresham Street London England EC2V 7BB,7.5
TERRA NOVA HOLDING GROUP LTD,13378322,ltd,05-05-2021,"[64191,64205,66300, 69109]",20-22 Wenlock Road London England N1 7GU,7.5
DAVID MORGAN CONSULTING LTD,08567373,ltd,12-06-2013,[66300],30 Boxgrove Avenue Guildford GU1 1XQ,7.5
PAUL DODD ASSET MANAGEMENT LIMITED,08716410,ltd,03-10-2013,[66300],18 Wynmore Avenue Leeds LS16 9DE,7.5
10 INVESTMENTS LIMITED,14810836,ltd,18-04-2023,"[64205,66300, 82990]",809 Salisbury House London United Kingdom EC2M 7AQ,7.5
METAVALLON VENTURES LIMITED,09577290,ltd,06-05-2015,"[62020, 66300]",120 Cockfosters Road Barnet United Kingdom EN4 0DZ,7.5
RAW ADVICE LIMITED,14828852,ltd,26-04-2023,"[66300,70229, 82990]",1417-1419 London Road London England SW16 4AH,7.5
POINT72 UK LIMITED,09644084,ltd,17-06-2015,[66300],8 St James's Square London England SW1Y 4JU,7.5
PRIMARY CAPITAL V (FINANCE) LIMITED,12084053,ltd,03-07-2019,"[64205,64209, 66300]",Augustine House London EC2N 2HA,7.5
LIV BRIDGING FINANCE LIMITED,08423206,ltd,28-02-2013,[66300],19-20 Bourne Court Southend Road Woodford Green England IG8 8HD,7.5
HERITAGE INVESTMENT MANAGEMENT LIMITED,08733330,ltd,15-10-2013,[66300],Beckwith Barn Warren Estate Writtle England CM1 3WT,7.5
SAAYEAH CO LTD,13430133,ltd,01-06-2021,"[64301,64304,64306, 66300]",56 Eldon House 52 Aerodrome Road London NW9 5ZP,7.5
IRONWALL CAPITAL SERVICES LTD,09651218,ltd,22-06-2015,[66300],2 Conduit Street London England W1S 2XB,7.5
JAMES BOURNE WEALTH MANAGEMENT LIMITED,10947383,ltd,05-09-2017,"[65110,65300, 66300]",Fornells Eastbourne BN20 9DB,7.5
DOT INVESTING LTD,09660037,ltd,26-06-2015,[66300],17 Hanover Square London United Kingdom W1S 1BN,7.5
PINECROFT CORPORATE SERVICES LIMITED,09713669,ltd,03-08-2015,[66300],C/O Foresight Group Llp The Shard London United Kingdom SE1 9SG,7.5
HERMES CAPITAL INVESTMENT LTD,12123707,ltd,26-07-2019,"[64301,64306, 66300]",71-75 Shelton Street London WC2H 9JQ,7.5
AVIVA INVESTORS INFRASTRUCTURE INCOME NO.2 LIMITED,09456177,ltd,24-02-2015,[66300],80 Fenchurch Street London United Kingdom EC3M 4AE,7.5
FACET CAPITAL LIMITED,08603020,ltd,09-07-2013,[66300],Suite 1 Staple House Dunstable LU6 1SU,7.5
NEW REVIVAL ASSET MANAGEMENT LTD,13485613,ltd,30-06-2021,"[66300, 70229]",2nd Floor Butler House London England W1T 7AF,7.5
FLOATING CITY LIMITED,13699520,ltd,22-10-2021,"[30110,50100,66300, 79120]",128 City Road London United Kingdom EC1V 2NX,7.5
JAG CAPITAL LTD,11865095,ltd,06-03-2019,"[64303,66300,68100, 68209]",11865095 - COMPANIES HOUSE DEFAULT ADDRESS Cardiff CF14 8LH,7.5
AVIVA INVESTORS INFRASTRUCTURE INCOME NO.4A LIMITED,09796038,ltd,25-09-2015,[66300],80 Fenchurch Street London United Kingdom EC3M 4AE,7.5
DARWUS LTD,12342614,ltd,02-12-2019,"[64304,66300, 74909]",4th Floor 18 St Cross Street London England EC1N 8UN,7.5
BLOC VENTURES MANAGEMENT LIMITED,13557163,ltd,09-08-2021,"[66300, 70221]",51-52 St. John's Square London England EC1V 4JL,7.5
QUBE RESEARCH & TECHNOLOGIES LIMITED,09867306,ltd,11-11-2015,[66300],9 Bressenden Place London United Kingdom SW1E 5BY,7.5
BLUEROOT INVESTMENT LIMITED,13513762,ltd,15-07-2021,"[64999,66300, 70229]",Unit 2 Popin Business Centre Wembley United Kingdom HA9 0HB,7.5
PROPERTYLIFT TRADING LTD,09569060,ltd,30-04-2015,[66300],19-23 Ironmonger Row London England EC1V 3QN,7.5
CHETWOOD INVESTMENT MANAGEMENT LIMITED,11810284,ltd,06-02-2019,"[64999, 66300]",St Denys House St. Austell United Kingdom PL25 4TR,7.5
LONSIN CAPITAL LIMITED,09502842,ltd,23-03-2015,[66300],Flat 4 19 Beaufort Gardens London United Kingdom SW3 1PS,7.5
STATHAM WEALTH MANAGEMENT LIMITED,08408648,ltd,19-02-2013,[66300],5 Homelands Road Sale M33 4BJ,7.5
PARK LIDGETT WEALTH MANAGEMENT LIMITED,12334893,ltd,26-11-2019,"[66300, 70221]",The Stables Park Lidgett Farm Newark England NG23 6LG,7.5
ONTARIO TEACHERS' PENSION PLAN (EUROPE) LIMITED,09828459,ltd,16-10-2015,[66300],10 Portman Square London United Kingdom W1H 6AZ,7.5
PEARL LEGAL INVESTMENT GROUP LTD,14643260,ltd,06-02-2023,"[64999,66220, 66300]",128 City Road London United Kingdom EC1V 2NX,7.5
L CATTERTON MANAGEMENT LIMITED,09923013,ltd,18-12-2015,[66300],Belgrave House London United Kingdom SW1W 9TQ,7.5
NAISBITT KING ASSET MANAGEMENT LIMITED,09922315,ltd,18-12-2015,[66300],"Nicholas House,  3 Laurence Pountney Hill London England EC4R 0EU",7.5
PANCHAL CAPITAL PARTNERS LTD,16179809,ltd,13-01-2025,"[64209,64991,64999, 66300]",85 Great Portland Street London England W1W 7LT,7.5
HUNTFIELD CAPITAL LTD.,11116019,ltd,18-12-2017,"[66300, 68100]",99-101 Farringdon Road London United Kingdom EC1R 3BN,7.5
GRESHAM HOUSE INITIAL PARTNER LIMITED,09461250,ltd,26-02-2015,[66300],5 New Street Square London England EC4A 3TW,7.5
DDG LEAGUE LIMITED,14638442,ltd,03-02-2023,"[66300,68320,70229, 93199]",22 Padstow Street Manchester England M40 7AD,7.5
AYLIM CAPITAL LTD,09725945,ltd,10-08-2015,[66300],Berkeley Square House Berkeley Sqaure London England W1G 6BD,7.5
SCULPTOR EUROPE LOAN MANAGEMENT LIMITED,09417428,ltd,02-02-2015,[66300],25 Baker Street London United Kingdom W1U 8EQ,7.5
PROPEDGE SOLUTIONS LTD,16684662,ltd,01-09-2025,"[66110,66120,66300, 70221]",128 City Road London United Kingdom EC1V 2NX,7.5
JAALNE-QUAERERE LTD,08604882,ltd,10-07-2013,[66300],10 The Copse Gloucester GL4 3FR,7.5
CLARMOND WEALTH LIMITED,08704352,ltd,24-09-2013,[66300],Suite 8 Phoenix House Basildon United Kingdom SS14 3EZ,7.5
GOLDEN WINGS FINANCE HOLDING LTD,16702753,ltd,08-09-2025,"[64205,64999,66300, 70221]",20 Wenlock Road London England N1 7GU,7.5
INGENIOUS REAL ESTATE LIMITED,13447122,ltd,09-06-2021,"[66300, 82990]",Myo Piccadilly London United Kingdom W1F 7BL,7.5
HUKE WEALTH MANAGEMENT LTD,09557577,ltd,23-04-2015,[66300],64 High Street Wanstead London England E11 2RJ,7.5
KRUGER STRAUSS GROUP GLOBAL LTD,14799628,ltd,13-04-2023,"[64205,64999,66120, 66300]",21 Navigation Business Village Preston United Kingdom PR2 2YP,7.5
GOLD JLB LTD,14742512,ltd,20-03-2023,"[46720,64301,66190, 66300]",14742512 - COMPANIES HOUSE DEFAULT ADDRESS Cardiff CF14 8LH,7.5
MODERN PRODUCTIVITY LTD,09932056,ltd,30-12-2015,[66300],71-75 Shelton Street London United Kingdom WC2H 9JQ,7.5
SKY BLUE (DEVON) LIMITED,12014645,ltd,23-05-2019,"[66300, 70229]",30 Fore Street Totnes United Kingdom TQ9 5RP,7.5
CUMBRIA CVS TRADING LIMITED,08703970,ltd,24-09-2013,[66300],Suite 3 Warwick House Carlisle United Kingdom CA1 2UT,7.5
THE PARTY CALLS LTD,15090443,ltd,22-08-2023,"[64209,64304,64999, 66300]",Office 1 Hatherton Court Walsall England WS4 2LA,7.5
GCC GESTION DE COBROS LTD,13481474,ltd,28-06-2021,"[66300, 70221]",20 Wenlock Road London England N1 7GU,7.5
ACE CREDIT EXCHANGE LIMITED,09782717,ltd,17-09-2015,[66300],38 Lombard Streeet Lombard Street London England EC3V 9BS,7.5
AS INTERNATIONAL GROUP LTD,16362690,ltd,03-04-2025,"[64209,64999,66300, 70229]",128 City Road London United Kingdom EC1V 2NX,7.5
JAB VENTURES AND HOLDINGS LTD,16365884,ltd,04-04-2025,"[64303,64999,66120, 66300]",128 City Road London United Kingdom EC1V 2NX,7.5
JK GORDONS LTD,16370613,ltd,07-04-2025,"[64999,66110,66290, 66300]",128 City Road London United Kingdom EC1V 2NX,7.5
PLANHAPPY INVESTMENT MANAGEMENT LTD,09511883,ltd,26-03-2015,"[66290, 66300]",The Planning Rooms Wellington Court Stockton-On-Tees England TS18 3TA,7.5
AMBANK ASSET MANAGEMENT LTD,16394677,ltd,17-04-2025,"[64205,64999,66300, 70100]",4th Floor Silverstream House London United Kingdom W1T 6EB,7.5
SARKIS LIMITED,08544538,ltd,24-05-2013,[66300],Chute Forest Farm House Andover SP11 9DQ,7.5
PAYSAT MONEY LTD,16416875,ltd,29-04-2025,"[64191,64991,66190, 66300]",71-75 Shelton Street London United Kingdom WC2H 9JQ,7.5
LYDIA INVESTMENT HOLDING LTD,16230985,ltd,05-02-2025,"[64203,64205,66190, 66300]",First Floor Office London United Kingdom W8 4LZ,7.5
TRAILS FINANCIAL LTD,14859313,ltd,10-05-2023,"[64999,65110,66290, 66300]",The Barn Green Farm Hitchin United Kingdom SG4 8JD,7.5
CONTEGO CAPITAL LIMITED,08456101,ltd,21-03-2013,[66300],Crumpsbank House Churchill DY10 3LT,7.5
PRICE FINANCIAL SOLUTIONS LIMITED,08563287,ltd,10-06-2013,[66300],Genesis House 212 Ingram Road Walsall WS3 3AD,7.5
RESPONSIBLE WEALTH LTD,08520020,ltd,08-05-2013,[66300],Responsible Wealth Elmfield House Witney England OX28 1PB,7.5
MAKSIMES LTD,16431989,ltd,06-05-2025,"[65300,66220,66300, 70229]",27 Old Gloucester Street London United Kingdom WC1N 3AX,7.5
QUASAR WAVE CAPITAL LTD,16431060,ltd,06-05-2025,"[46900,64205,66300, 70229]",167 - 169 Great Portland Street London England W1W 5PF,7.5
HILALAH LTD,16734699,ltd,22-09-2025,"[47910,66300,70229, 73200]",265a New North Road London England N1 7AA,7.5
FOCUS CAPITAL MANAGEMENT AND INVESTMENT LIMITED,11765451,ltd,14-01-2019,"[66300,68310, 98000]",Design District Coworking C3 London England SE10 0AX,7.5
GAMANSO ASSET MANAGEMENT LTD,16597782,ltd,22-07-2025,"[64209,66300,70100, 82990]",71-75 Shelton Street London United Kingdom WC2H 9JQ,7.5
TRVX GROUP HOLDING LTD,16842212,ltd,10-11-2025,"[64209,64999,66300, 70229]",100 Bishopsgate London England EC2N 4AG,7.5
THIRD WAVE CAPITAL LIMITED,12369094,ltd,18-12-2019,"[66110,66300, 85590]",Apartment 845 Baltimore Wharf London England E14 9FG,7.5
CARTHAGE EUROPE LTD,16845204,ltd,10-11-2025,"[46120,64205,64999, 66300]",27 Old Gloucester Street London United Kingdom WC1N 3AX,7.5
FIN HUB CAPITAL (UK) LIMITED,16853721,ltd,13-11-2025,"[64999,66300,70221, 70229]",14 Harrow Place London England E1 7DB,7.5
ROAD GREEN LIMITED,16486027,ltd,30-05-2025,"[64209,64303,66300, 70221]",1 Blossom Yard London United Kingdom E1 6RS,7.5
JM GLOBALMARKETS HOLDINGS LTD,16496418,ltd,04-06-2025,"[64209,64999,66300, 70229]",71-75 Shelton Street London United Kingdom WC2H 9JQ,7.5
SWISS SECURITIES INVESTMENT 12 NORDIC LTD,16818062,ltd,29-10-2025,"[64205,64992,64999, 66300]",Third Floor London England W1B 3HH,7.5
ANGLO EUROPEAN PROPERTY LTD,11820362,ltd,11-02-2019,"[66300,68100,68209, 87300]",1 Beachamp Court Barnet England EN5 5TZ,7.5
TAFCO LIMITED,08714242,ltd,02-10-2013,[66300],11 Hope Street Sandbach England CW11 1BA,7.5
EQUITIX NO. 4 LIMITED,09604414,ltd,22-05-2015,[66300],"3rd Floor,  South Building,  London England EC1A 4HD",7.5
BYFIELD CAPITAL LIMITED,09720365,ltd,06-08-2015,[66300],Third Floor London England W1B 3HH,7.5
LONDON MANAGEMENT GROUP LIMITED,09609607,ltd,27-05-2015,[66300],105 Piccadilly London England W1J 7NJ,7.5
DROMEUS CAPITAL MANAGEMENT (UK) LTD,09459348,ltd,26-02-2015,[66300],42 Berkeley Square London England W1J 5AW,7.5
EDENTREE ASSET MANAGEMENT LIMITED,11923964,ltd,03-04-2019,"[64999, 66300]","Benefact House,  2000 Pioneer Avenue Gloucester United Kingdom GL3 4AW",7.5
BREEZE NETWORK & CONSULT LTD,13355102,ltd,23-04-2021,"[66300,71122,85600, 94200]",32 Apartment 2 Brewery Lane Wharf House London United Kingdom TW1 1AX,7.5
ROOTS ASSET MANAGEMENT LTD,12207474,ltd,15-09-2019,"[46160,46420,66300, 68100]","Unit E,  Preston England PR1 1PB",7.5
ANDY DOWNEY CONSULTING LTD,08567216,ltd,12-06-2013,[66300],70 High Drive New Malden KT3 3UB,7.5
DARLEY ROAD LIMITED,11897314,ltd,21-03-2019,"[66300, 70221]",Courtenay House Exeter England EX2 5AZ,7.5
NEURAL CAPITAL LIMITED,08436120,ltd,08-03-2013,[66300],Austen House Guildford United Kingdom GU1 4AR,7.5
BLUE-H CAPITAL PARTNERS LTD,13367645,ltd,29-04-2021,"[64202,64204,64205, 66300]",17a Walton Street London United Kingdom SW3 2HX,7.5
PALM TREE WORLDWIDE ADVISORY LIMITED,09689213,ltd,16-07-2015,[66300],2nd Floor 6 Grosvenor Street London W1K 4PZ,7.5
BLACKOAK LIFE LIMITED,08623437,ltd,24-07-2013,[66300],One City Place Chester England CH1 3BQ,7.5
COLYER MANAGEMENT SERVICES LTD,08644826,ltd,09-08-2013,[66300],The Old Sawmill Pickering YO18 7PJ,7.5
AVIVA INVESTORS INFRASTRUCTURE INCOME NO.4B LIMITED,09796031,ltd,25-09-2015,[66300],80 Fenchurch Street London United Kingdom EC3M 4AE,7.5
NWP DIGITAL LTD,10820747,ltd,15-06-2017,"[41100,66300, 68320]",2 Castle Business Village Hampton United Kingdom TW12 2BX,7.5
ANCALA MEMBER LIMITED,09522745,ltd,01-04-2015,[66300],20 Gracechurch Street London England EC3V 0AF,7.5
ANCALA FP LIMITED,09510134,ltd,25-03-2015,[66300],20 Gracechurch Street London England EC3V 0AF,7.5
JOHN LESTER & SON LIMITED,10848044,ltd,04-07-2017,"[64205, 66300]",Calder & Co London United Kingdom WC2H 7HF,7.5
ART OF FINANCIAL PLANNING LIMITED,08564530,ltd,11-06-2013,[66300],9 Lake End Court Taplow England SL6 0JQ,7.5
PIP MANAGER LIMITED,09425434,ltd,06-02-2015,[66300],C/O Foresight Group Llp The Shard London United Kingdom SE1 9SG,7.5
AURIUM CAPITAL UK LIMITED,09581184,ltd,08-05-2015,[66300],727-729 High Road London England N12 0BP,7.5
SALT LAKE INVESTMENTS LIMITED,09790048,ltd,22-09-2015,[66300],27 Coborn Street London E3 2AB,7.5
GAS EXTRA INC LTD,13430737,ltd,01-06-2021,"[64301,64304,64306, 66300]",2 Floor Berkeley Square House London United Kingdom W1J 6BD,7.5
MOLE VALLEY ASSET MANAGEMENT LTD,08600041,ltd,08-07-2013,[66300],275 High Street Dorking United Kingdom RH4 1RY,7.5
APPLE WEALTH LTD,SC577170,ltd,25-09-2017,"[66220,66290, 66300]",54a Cow Wynd Falkirk United Kingdom FK1 1PU,7.5
ELLIOTT WOOD CONSULTING LTD,08567927,ltd,13-06-2013,[66300],241 The Broadway Wimbledon SW19 1SD,7.5
JORDAN HENNESSY ASSET MANAGEMENT LIMITED,08528552,ltd,14-05-2013,[66300],16 Cromwell Business Park Chipping Norton OX7 5SR,7.5
KAVANE PLC,10784333,plc,23-05-2017,[66300],20 Coxon Street Spondon Derby England DE21 7JG,7.5
NEWARD WEALTH MANAGEMENT LTD,SC575440,ltd,05-09-2017,"[66220,66290, 66300]",21 Neward Crescent Prestwick United Kingdom KA9 2JB,7.5
BEECHBROOK MEZZANINE II GENERAL PARTNER LIMITED,SC447073,ltd,09-04-2013,[66300],50 Lothian Road Edinburgh EH3 9WJ,7.5
BELVEDERE ACCOUNTANCY LIMITED,12092082,ltd,08-07-2019,"[64301,64304, 66300]",4 - 6 Throgmorton Avenue London United Kingdom EC2N 2DL,7.5
GREENWOOD WEALTH MANAGEMENT ASSOCIATES LIMITED,09867259,ltd,11-11-2015,[66300],342 Streatham High Road London England SW16 6HH,7.5
SECURED RISKS GLOBAL LIMITED,12308014,ltd,11-11-2019,"[66120,66300, 80100]",10 Russell Gardens London England W14 8EZ,7.5
SIBA FINTRADE LTD,15138717,ltd,14-09-2023,"[64991,66300, 70221]",71-75 Shelton Street London United Kingdom WC2H 9JQ,7.5
AVIVA INVESTORS PIP SOLAR PV NO.1 LIMITED,09530976,ltd,08-04-2015,[66300],80 Fenchurch Street London United Kingdom EC3M 4AE,7.5
HIGHGATE CAPITAL MANAGEMENT (SERVICES) LIMITED,09415660,ltd,02-02-2015,[66300],1 Kings Avenue London United Kingdom N21 3NA,7.5
AVIVA INVESTORS INFRASTRUCTURE INCOME NO.3 LIMITED,09612980,ltd,28-05-2015,[66300],80 Fenchurch Street London United Kingdom EC3M 4AE,7.5
ETHUS LTD,11028231,ltd,24-10-2017,"[66300, 71200]",Unit 216 Harbour Yard Chelsea Habour London SW10 0XD,7.5
BRAUDE WEALTH MANAGEMENT LIMITED,08737780,ltd,17-10-2013,[66300],Lynwood House Harrow HA1 2AW,7.5
CHAPEL HILL DENHAM UK LIMITED,13239513,ltd,02-03-2021,"[64999,66190, 66300]",Blissland House Ascot England SL5 9PJ,7.5
ATKINS CAPITAL LIMITED,08796525,ltd,29-11-2013,[66300],1-3 High Street Dunmow CM6 1UU,7.5
AUGUSTINE LAWRENCE LTD.,10812962,ltd,12-06-2017,"[62012,66300, 77400]",2 Talbot Close Salisbury United Kingdom SP1 3EN,7.5
SIX HILLS INVESTMENTS LIMITED,11038906,ltd,30-10-2017,"[41100,66110, 66300]",69 Six Hills Road Loughborough United Kingdom LE12 8JF,7.5
QUADRATURE CAPITAL LIMITED,09516131,ltd,28-03-2015,[66300],122 Leadenhall Street London England EC3V 4AB,7.5
PRECESSION LTD,08446758,ltd,15-03-2013,[66300],Beckwith Barn Warren Estate Writtle England CM1 3WT,7.5
DEMETER CAPITAL LIMITED,09426475,ltd,06-02-2015,[66300],Second Floor Berkeley Square House London England W1J 6BD,7.5
PHILP HOUSE FUTURES LIMITED,08570273,ltd,14-06-2013,[66300],13 Warwick Grove Surbiton England KT5 8SR,7.5
MAVEN CAPITAL GCM LIMITED,SC446214,ltd,27-03-2013,[66300],Kintyre House 205 West George Street Glasgow G2 2LW,7.5
AGORA SECURITIES LIMITED,09668314,ltd,02-07-2015,[66300],85 Chelsea Manor Street London England SW3 5QP,7.5
CALIBRATE MANAGEMENT LIMITED,09380047,ltd,08-01-2015,[66300],4th Floor Stratton House London United Kingdom W1J 8LA,7.5
COINAREA IO LTD,16387792,ltd,15-04-2025,"[62020,64209,66190, 66300]",1 Canada Square London England E14 5AB,7.5
REJESTRACJA FIRMY LTD,16390728,ltd,16-04-2025,"[66300,69203,70221, 70229]",27 Old Gloucester Street London United Kingdom WC1N 3AX,7.5
ATHENA BUSINESS LTD,14964362,ltd,27-06-2023,"[66300,70221, 73110]",71-75 Shelton Street London United Kingdom WC2H 9JQ,7.5
MISOR CAPITAL LIMITED,09527034,ltd,07-04-2015,[66300],112 Princess Gardens London United Kingdom W3 0LJ,7.5
SEMPERA LIMITED,09816989,ltd,09-10-2015,[66300],84 Brook Street London United Kingdom W1K 5EH,7.5
ZER ONE CO LTD,16262024,ltd,19-02-2025,"[62090,64999,66300, 73110]",71-75 Shelton Street London United Kingdom WC2H 9JQ,7.5
NEW WORLDWIDE INVESTMENTS LTD,09617400,ltd,01-06-2015,[66300],"85 Great Portland Street,  First Floor,  London 85 Great Portland Street London England W1W 7LT",7.5
TC KANGBRIDGE LTD,12237228,ltd,01-10-2019,"[66300,69201,69203, 85600]","320 Countess Way,  Brookland Milton Keynes United Kingdom MK10 7HZ",7.5
APEX INVEST GLOBAL LTD,16350228,ltd,28-03-2025,"[62012,63120,64999, 66300]",167 - 169 Great Portland Street London England W1W 5PF,7.5
SCYDEX LTD,14613595,ltd,24-01-2023,"[62020,66190, 66300]",320 City Road London England EC1V 2NZ,7.5
UNICORN GLOBAL PARTNERS LIMITED,10803599,ltd,05-06-2017,"[66300,68100, 68209]",247 Hanworth Road Hampton United Kingdom TW12 3EF,7.5
KINSTON CAPITAL LTD,13224051,ltd,24-02-2021,"[64205,64303,64306, 66300]",Docklands Business Centre London England E14 8PX,7.5
JGT CAPITAL LTD.,08496914,ltd,19-04-2013,[66300],36 Denham House 17 Park Lodge Avenue West Drayton England UB7 9FS,7.5
ELLITEFX LIMITED,16536089,ltd,23-06-2025,"[64910,64999,66220, 66300]",Suite10 Capital House London United Kingdom E8 1LL,7.5
CHARME CAPITAL PARTNERS LIMITED,09487131,ltd,12-03-2015,[66300],4th Floor 15 King Street London England SW1Y 6QU,7.5
MASTER ECN LIMITED,11066358,ltd,15-11-2017,"[62012,66110, 66300]",11066358 - COMPANIES HOUSE DEFAULT ADDRESS Cardiff CF14 8LH,7.5
VIEW ME ENTERTAINMENT LTD,16300793,ltd,07-03-2025,"[59112,64991,64999, 66300]",20 Wenlock Road London England N1 7GU,7.5
SABARANIS LTD,11824585,ltd,13-02-2019,"[66300, 70229]",12 Limedale Avenue Derby England DE21 2UE,7.5
SPEED FINANCE CONSULTING LTD.,16495655,ltd,04-06-2025,"[46190,66300,70221, 70229]",71-75 Shelton Street London United Kingdom WC2H 9JQ,7.5
FINFLY MARKETS LIMITED,16501889,ltd,06-06-2025,"[64910,64999,66190, 66300]",71-75 Shelton Street London United Kingdom WC2H 9JQ,7.5
GULF C.B LTD,14734197,ltd,16-03-2023,"[64191,64999, 66300]",5 Brayford Square London E1 0SG,7.5
SHADWICK HOLDING PLC,16790311,plc,16-10-2025,"[64205,66300,84210, 84220]",71-75 Shelton Street London United Kingdom WC2H 9JQ,7.5
BLACKCREST GLOBAL LTD,16786450,ltd,15-10-2025,"[62012,64991,66300, 70229]",128 City Road London United Kingdom EC1V 2NX,7.5
BOONTRICKS LIMITED,16799394,ltd,21-10-2025,"[64301,64999,66120, 66300]",21 Ellis Street London United Kingdom SW1X 9AL,7.5
DUNHILL MANAGEMENT HOLDING LTD,15149888,ltd,20-09-2023,"[66300,68320,70229, 98000]","The Charter Building,  Charter Place,  Uxbridge Charter Place Uxbridge England UB8 1JG",7.5
FINCHINGFIELD LTD,16900857,ltd,09-12-2025,"[64209,64999,66300, 82990]",169 Shakespeare Road London England SE24 0PY,7.5
EVERGRIIN LTD,NI736124,ltd,11-12-2025,"[64205,66300,70221, 82990]",Nw Business Complex - Companyplanet Services Londonderry Northern Ireland BT48 8SE,7.5
BLAKROCK UTAJIRI LTD,16724859,ltd,17-09-2025,"[64301,64910,66190, 66300]",128 City Road London United Kingdom EC1V 2NX,7.5
SCALABLE CAPITAL LIMITED,09386303,ltd,13-01-2015,[66300],20 Red Lion Street London England WC1R 4PS,7.5
GUIDE SERVICES LTD,13437088,ltd,03-06-2021,"[64999,66300, 69201]",2 Dingle Road Ashford England TW15 1HF,7.5
GLOBAL SMART PROFESSIONAL SERVICE LTD,16751023,ltd,29-09-2025,"[63120,66220,66300, 70229]",27 Kingsgate Avenue London England N3 3DH,7.5
SPX INTERNATIONAL ASSET MANAGEMENT LTD.,09799467,ltd,29-09-2015,[66300],7th Floor York House London United Kingdom WC2B 6UJ,7.5
BING CAPITAL PARTNERS LTD,13589686,ltd,27-08-2021,"[66300, 70221]",Office 306 16 Upper Woburn Place London England WC1H 0AF,7.5
FISCAL FINSERVE LIMITED,14928892,ltd,12-06-2023,"[66300,68310,70221, 82990]","Flat 5 Lowndes Court,  17 Manor Road Harrow England HA1 2NZ",7.5
THE REGENERATION GROUP LIMITED,09615832,ltd,01-06-2015,[66300],118 Piccadilly London W1J 7NW,7.5
NEALE FAMILY INVESTMENTS LIMITED,09525754,ltd,02-04-2015,[66300],7a Howick Place London England SW1P 1DZ,7.5
QMT MARKETS LTD,10766567,ltd,11-05-2017,"[63990, 66300]",27 Old Gloucester Street London United Kingdom WC1N 3AX,7.5
SAILWEALTH MANAGEMENT LIMITED,16354519,ltd,31-03-2025,"[64303,64999,66110, 66300]",KKVMS LLP London SE1 8EG,7.5
MAYAR CAPITAL LTD.,09487127,ltd,12-03-2015,[66300],"3rd Floor,  Unit 185 Exmouth House,  3-11 Pine Street London England EC1R 0JH",7.5
RXI WEALTH LIMITED,09837214,ltd,22-10-2015,[66300],75 Grosvenor Street London England W1K 3JS,7.5
WELREX LTD,10996323,ltd,04-10-2017,"[63990, 66300]",10 Culford Gardens London England SW3 2ST,7.5
AZINI 3 (FP) LIMITED,SC463749,ltd,14-11-2013,[66300],50 Lothian Road Edinburgh EH3 9WJ,7.5
HELIX RESEARCH LTD,13510590,ltd,14-07-2021,"[66190,66300, 73200]",82a James Carter Road Mildenhall England IP28 7DE,7.5
MOCTAR GUARANTY LTD,SC770339,ltd,23-05-2023,"[62090,64205,66190, 66300]","Office 122 3 Fitzroy Place,  1/1,  Sauchiehall Street Glasgow Central United Kingdom G3 7RH",7.5
FOUR OAKS WEALTH MANAGEMENT LTD,08652074,ltd,15-08-2013,[66300],"Quadrant Court,   44-45 Calthorpe Road Birmingham England B15 1TH",7.5
CONTINUUM (MARKETING) LTD,08670332,ltd,30-08-2013,[66300],Prydis Accounts Ltd Liskeard England PL14 6AF,7.5
INFINITI CAPITAL PARTNERS LTD,08588046,ltd,27-06-2013,[66300],143 Eastfield Road Peterborough PE1 4AU,7.5
GHCM UK LIMITED,09536526,ltd,10-04-2015,[66300],C/O Buzzacott Llp London United Kingdom EC2V 6DL,7.5
DEAL HOLDINGS LTD,10751215,ltd,03-05-2017,"[64301, 66300]",71-75 Shelton Street London England WC2H 9JQ,7.5
HEARTHSTONE INVESTMENT MANAGEMENT LIMITED,09651253,ltd,22-06-2015,[66300],"Suite 2.06,  Bridge House 181 Queen Victoria Street London United Kingdom EC4V 4EG",7.5
DEBIT TRADING LTD,13430125,ltd,01-06-2021,"[64301,64304,64306, 66300]",2 Floor Berkeley Square House London United Kingdom W1J 6BD,7.5
AVODOT HERITAGE LIMITED,13499128,ltd,07-07-2021,"[41100,66300,68320, 71122]",Kemp House London England EC1V 2NX,7.5
COPPER STREET HOLDINGS LIMITED,09409140,ltd,27-01-2015,[66300],"Ground Floor,  East Wing,  7 London England W1J 5HG",7.5
PG RHODIUM CAPITAL LTD.,13686773,ltd,18-10-2021,"[64204,64205,64209, 66300]",27 Old Gloucester Street London United Kingdom WC1N 3AX,7.5
ULTRAMARINE CAPITAL MANAGEMENT LIMITED,08618767,ltd,22-07-2013,[66300],18 Sycamore House 5 Langdon Park Teddington England TW11 9PE,7.5
PIONEER BUSINESS DEVELOPMENT SOLUTIONS LTD,08755685,ltd,31-10-2013,[66300],Hollinwood Business Centre Oldham OL8 3QL,7.5
BLOO MOON LIMITED,08818682,ltd,18-12-2013,[66300],57 New Walk Leicester LE1 7EA,7.5
DAO ALPHA OMEGA PRODUCTIONS LTD,13729210,ltd,08-11-2021,"[59111,62011,66300, 74203]",128 City Road London United Kingdom EC1V 2NX,7.5
FARO CAPITAL LIMITED,09610476,ltd,27-05-2015,[66300],39 Sloane Street London England SW1X 9LP,7.5
WM AHSN SME GENERAL PARTNER LIMITED,09863813,ltd,09-11-2015,"[64303, 66300]",Forward House Henley-In-Arden United Kingdom B95 5AA,7.5
GRESHAM HOUSE TIMBERLAND GENERAL PARTNER LIMITED,09461251,ltd,26-02-2015,[66300],5 New Street Square London England EC4A 3TW,7.5
ELCIE LIMITED,09731214,ltd,13-08-2015,[66300],18 Buxmead 61 - 67 The Bishops Avenue London England N2 0BG,7.5
NEW SCIENCE VENTURES MANAGEMENT LTD,10941609,ltd,01-09-2017,"[64303, 66300]",Michelin House London England SW3 6RD,7.5
BRITISH PEARL GROUP LIMITED,09701436,ltd,24-07-2015,[66300],14th Floor 33 Cavendish Square London United Kingdom W1G 0PW,7.5
A&S FINANCIAL SERVICES LTD,08417054,ltd,25-02-2013,[66300],80 Hartley Down Surrey CR8 4EB,7.5
COACH HOUSE INVESTMENT MANAGERS LIMITED,08390462,ltd,06-02-2013,[66300],White House Church Lane Winchester SO21 2NJ,7.5
ALBION INTERNATIONAL LTD,13697527,ltd,22-10-2021,"[47190,66300,68310, 69201]",128 City Road London United Kingdom EC1V 2NX,7.5
L CATTERTON ASIA HOLDINGS LIMITED,09917621,ltd,15-12-2015,[66300],Belgrave House London United Kingdom SW1W 9TQ,7.5
AVIVA INVESTORS PIP SOLAR PV (GENERAL PARTNER) LIMITED,09401121,ltd,22-01-2015,[66300],80 Fenchurch Street London United Kingdom EC3M 4AE,7.5
4FORTY3THREE LTD,08766999,ltd,07-11-2013,[66300],Alberic Cottage Low Road Grantham England NG32 1DD,7.5
SHARPS INVESTMENT MANAGEMENT LIMITED,08389127,ltd,05-02-2013,[66300],Bentley Court Worcester WR6 6TX,7.5
1STCALLLEGAL LTD,14675591,ltd,20-02-2023,"[66190,66300,68320, 69109]",49a Fitzherbert Road Portsmouth United Kingdom PO6 1RU,7.5
BBRC HOMES LIMITED,14640420,ltd,06-02-2023,"[64205,64303,66190, 66300]",Desklodge House Bristol England BS1 6NL,7.5
CENTRACAP CASTLE STREET LIMITED,11946614,ltd,15-04-2019,"[64303,64306, 66300]",Healys Llp Atrium Court London WC1R 4QR,7.5
GULAB DIAMONDS LIMITED,09581899,ltd,08-05-2015,"[46480, 66300]",71 Halfway Avenue Luton LU4 8RA,7.5
LOCAL PENSIONS PARTNERSHIP INVESTMENTS LTD,09835244,ltd,21-10-2015,[66300],First Floor London United Kingdom EC2M 2PF,7.5
BRULIAN INVESTMENT FINANCE LTD,13122947,ltd,08-01-2021,"[43999,64191,64205, 66300]",224a Tower Bridge Road London England SE1 2UP,7.5
RAINWORTH CONSULTANCY LIMITED,08401975,ltd,14-02-2013,[66300],Jubilee House Lytham St Annes FY8 5FT,7.5
KILLEW MANAGEMENT LTD,NI617025,ltd,26-02-2013,[66300],26 Killew Road Derry BT47 4SQ,7.5
BEECHBROOK UK SME CREDIT II HOLDINGS PLC,11763030,plc,11-01-2019,[66300],C/O Alter Domus (Uk) Limited 10th Floor London United Kingdom EC3A 8BF,7.5
UNIQUE CONSTRUCTION SOLUTIONS LTD,09847751,ltd,29-10-2015,"[66300, 77400]","Suite A,  Old Mill Farm Stansted Road Bishop's Stortford England CM22 6LL",7.5
EGMONT ADVISORY LIMITED,SC444209,ltd,05-03-2013,[66300],29 Commercial Street Dundee Scotland DD1 3DG,7.5
GARY ELLIOTT CONSULTING LTD,08555244,ltd,04-06-2013,[66300],Four Seasons Leatherhead England KT22 8LF,7.5
HENSTOCK CAPITAL LIMITED,09805963,ltd,02-10-2015,[66300],124 City Road London England EC1V 2NX,7.5
DRASHTA CAPITAL UK LIMITED,10228643,ltd,13-06-2016,[66300],124 City Road London England EC1V 2NX,7.0
AXIUM EUROPE PARTNER LTD,14193917,ltd,24-06-2022,"[66190, 66300]",Savoystrand London England WC2R 0AA,7.0
COOK FUNDRAISING CONSULTANCY LTD,09068864,ltd,03-06-2014,[66300],Tuite Tang Wong Woodford Green England IG8 0HL,7.0
BLN LOAN SYNDICATES LIMITED,07341131,private-limited-guarant-nsc,10-08-2010,[66300],Unit 2/3 Charter Point Way Ashby-De-La-Zouch England LE65 1NF,7.0
APW WHELTON LTD,09156981,ltd,01-08-2014,[66300],Bramhall House Ack Lane East Stockport England SK7 2BY,7.0
QBS INVESTMENTS LTD,08968269,ltd,31-03-2014,[66300],"Suite A,  1st Floor Luton United Kingdom LU1 3UB",7.0
LCT ASSOCIATES LTD,09235898,ltd,25-09-2014,[66300],37 Lyncroft Avenue Pinner England HA5 1JU,7.0
BRITISH BUSINESS FINANCE LTD,09091928,ltd,18-06-2014,[66300],Steel City House Sheffield S1 2GQ,7.0
OXX LTD,10493699,ltd,23-11-2016,[66300],Brock House London England W1W 6BP,7.0
RED KEY CAPITAL LIMITED,10414310,ltd,06-10-2016,"[66110, 66300]",The Treetops Brentwood England CM13 2AG,7.0
GGG PRIVATE INVESTMENTS LIMITED,10502525,ltd,29-11-2016,[66300],Connect House 133-137 Alexandra Road London United Kingdom SW19 7JY,7.0
EM3 SME FINANCE LIMITED,08846737,ltd,15-01-2014,[66300],First Floor Linea House Fleet England GU51 2UZ,7.0
ACM INVESTMENTS UK LTD,10400228,ltd,28-09-2016,[66300],27 Old Gloucester Street London United Kingdom WC1N 3AX,7.0
CIVITAS INVESTMENT MANAGEMENT LIMITED,10278444,ltd,14-07-2016,[66300],25 Maddox Street London England W1S 2QN,7.0
EEA RIBBONS LTD,12421764,ltd,23-01-2020,"[62020,62090,66110, 66300]",44 Wimborne Drive Coventry United Kingdom CV2 2HZ,7.0
GREENRAM CAPITAL LIMITED,14190264,ltd,23-06-2022,"[66300, 70221]",Suite 1-3 24 Southwark Street London United Kingdom SE1 1TY,7.0
YEELD INVESTMENTS LTD,15775018,ltd,12-06-2024,"[64999,66190, 66300]",Level 18 Bank Street London England E14 5NR,7.0
ZENITH WEALTH CONSULTING LIMITED,15856918,ltd,24-07-2024,"[66220,66290,66300, 70221]",7 Fairway Gardens Ilford England IG1 2QG,7.0
IV-CAPITAL LTD,14501504,ltd,23-11-2022,"[64304,64929,66290, 66300]",128 City Road London United Kingdom EC1V 2NX,7.0
GUARANTCO MANAGEMENT COMPANY LIMITED,10041968,ltd,03-03-2016,[66300],6 Bevis Marks London United Kingdom EC3A 7BA,7.0
MONASHEE UK LIMITED,10126989,ltd,15-04-2016,[66300],"C/O Kroll Advisory Ltd.,  The Shard,  Level 14 London England SE1 9SG",7.0
MPH WEALTH MANAGEMENT LIMITED,08913133,ltd,26-02-2014,[66300],Unit 1-5 West Lea Avenue Harrogate England HG2 0AT,7.0
PRUDENTIAL UK REAL ESTATE GENERAL PARTNER LIMITED,10436487,ltd,19-10-2016,[66300],10 Fenchurch Avenue London EC3M 5AG,7.0
BB BIOFORTH AGROTECH LTD,14130043,ltd,25-05-2022,"[64304,64306,66300, 68100]",128 City Road London United Kingdom EC1V 2NX,7.0
CLARA ANNABELLE NASH LIMITED,SC587056,ltd,29-01-2018,"[66110,66300, 68100]",32 Friars Way Linlithgow Scotland EH49 6AY,7.0
TAB LONDON LIMITED,11225821,ltd,26-02-2018,"[64921, 66300]",101 New Cavendish Street London United Kingdom W1W 6XH,7.0
STACEY FARMS LIMITED,09361517,ltd,18-12-2014,[66300],Beckwith Barn Warren Estate Chelmsford United Kingdom CM1 3WT,7.0
BLUEGLEN INVESTMENT PARTNERS LIMITED,10494530,ltd,24-11-2016,[66300],9 Stratford Place London England W1C 1AZ,7.0
VERACAPITAL LTD,15953439,ltd,12-09-2024,"[64302,64999, 66300]",128 City Road London United Kingdom EC1V 2NX,7.0
BLACK SWAN CURRENCY LTD,12468045,ltd,17-02-2020,"[66110,66300,68310, 68320]",4 Garricks House Wadbrook Street Kingston Upon Thames United Kingdom KT1 1HS,7.0
AUSTRALIANSUPER (UK) LTD,09949713,ltd,13-01-2016,[66300],Level 3 2 Pancras Square London England N1C 4AG,7.0
EXCHANGE CURRENCY LIMITED,14365720,ltd,20-09-2022,"[64992,66120,66220, 66300]",63 Mount Avenue London England W5 1PN,7.0
AVIVA INVESTORS INFRASTRUCTURE INCOME NO.5 LIMITED,10156388,ltd,29-04-2016,[66300],80 Fenchurch Street London United Kingdom EC3M 4AE,7.0
SEPHIRA INVESTMENT ADVISORS (UK) LIMITED,10521470,ltd,12-12-2016,[66300],"2nd Floor Connaught House,  1-3 Mount Street London United Kingdom W1K 3NB",7.0
TECHSIVA LTD,14256840,ltd,26-07-2022,"[58290,62090,64301, 66300]",71-75 Shelton Street London United Kingdom WC2H 9JQ,7.0
DFX TRADING LTD,14035612,ltd,08-04-2022,"[66120,66300, 70229]",39 Oriel Road Portsmouth England PO2 9EG,7.0
PARKGATE 632 LIMITED,NI673726,ltd,27-10-2020,"[66300, 70221]",56 Connor Road Ballyclare Northern Ireland BT39 0EA,7.0
ADF PRICING SOLUTIONS LIMITED,09267849,ltd,16-10-2014,[66300],8 Goldfinch Close Orpington BR6 6NF,7.0
HERITAGE WEALTH ADVISORY LIMITED,09114851,ltd,03-07-2014,[66300],Business Box Leicester LE3 1HR,7.0
BLACKOAK EQUITY LTD,14320050,ltd,26-08-2022,"[64304,64306,66300, 68100]",128 City Road London United Kingdom EC1V 2NX,7.0
CLASHEA HOLDINGS LTD,14300227,ltd,16-08-2022,"[64304,64306,66300, 68100]",128 City Road London United Kingdom EC1V 2NX,7.0
MAST INVESTMENT MANAGEMENT LTD,09323711,ltd,24-11-2014,[66300],Beckwith Barn Warren Estate Chelmsford United Kingdom CM1 3WT,7.0
NOVENA OVERSEAS TRADE LTD,13988669,ltd,19-03-2022,"[64209,64303,66300, 72190]",85a Creffield Road London England W3 9PU,7.0
CORE BUSINESS SERVICES LTD,14530804,ltd,08-12-2022,"[66300, 70221]",128 City Road London United Kingdom EC1V 2NX,7.0
HEARTHSTONE INVESTMENTS (SCOTLAND) LIMITED,SC488587,ltd,09-10-2014,[66300],Fourth Floor Edinburgh United Kingdom EH2 3AH,7.0
PORTLAND HILL ASSET MANAGEMENT LIMITED,10261457,ltd,04-07-2016,[66300],21 Knightsbridge London United Kingdom SW1X 7LY,7.0
SMITHSON CAPITAL MANAGEMENT LTD,10395814,ltd,27-09-2016,[66300],128 City Road London United Kingdom EC1V 2NX,7.0
EMERGING TECH INNOVATIONS LTD,14150426,ltd,06-06-2022,"[64209,64303,64304, 66300]",39 Gilhams Avenue London England SM7 1QW,7.0
FAIRVIEW FINANCIAL HOLDINGS LIMITED,10367302,ltd,09-09-2016,[66300],126 Llanover Road London England SE18 3SU,7.0
"GENERATION PE, LTD.",12719811,ltd,,"[64205,64303,66190, 66300]",128 City Road London United Kingdom EC1V 2NX,7.0
EREBUS ADVISORS LIMITED,14177877,ltd,16-06-2022,"[64303,66300, 70229]",22 Belton Road West Loughborough England LE11 5TR,7.0
PHOENIX CRETRO LIMITED,13046266,ltd,26-11-2020,"[65202,66220,66300, 85590]",Mead Court 10 The Mead Business Centre Chesham United Kingdom HP5 3EE,7.0
DYANTHUS ROCK LTD,13866851,ltd,24-01-2022,"[62012,62020,66210, 66300]",41 Devonshire Street London England W1G 7AJ,7.0
FSG LTD,09289478,ltd,31-10-2014,[66300],32 Clarence Street Southend-On-Sea England SS1 1BD,7.0
ETF LIQUIDITY LIMITED,09165123,ltd,06-08-2014,[66300],134 Sandridge Road St. Albans England AL1 4AP,7.0
RENAISSANCE WEALTH MANAGEMENT (UK) LIMITED,10524129,ltd,14-12-2016,[66300],Niddry Lodge London England W8 7JB,7.0
HEXIGON HORIZON LIMITED,14069220,ltd,26-04-2022,"[64999,66300, 70229]","Unit 12,  York Eco Business Centre York England YO30 4TN",7.0
ALITER CAPITAL GENERAL PARTNER LIMITED,10424193,ltd,12-10-2016,[66300],14 Brook's Mews London England W1K 4DG,7.0
IBIZTECH ASSET MANAGEMENT LTD,12470323,ltd,18-02-2020,"[66300, 70229]",284-285 Oswald House Gt Yarmouth United Kingdom NR31 0JB,7.0
OSMOSIS INVESTMENT MANAGEMENT UK LIMITED,09960550,ltd,20-01-2016,[66300],36-38 Botolph Lane London England EC3R 8DE,7.0
QUOINSTONE INVESTMENT MANAGEMENT LIMITED,11188380,ltd,05-02-2018,"[66300, 68100]",Telephone House London United Kingdom EC2A 4NW,7.0
EOK LTD,08926301,ltd,06-03-2014,[66300],Beckwith Barn Warren Estate Writtle England CM1 3WT,7.0
"FIRST EAGLE INVESTMENT MANAGEMENT, LTD",10464101,ltd,,"[64304,64999,66190, 66300]",27 Old Gloucester Street London WC1N 3AX,7.0
WORLDX35 LTD,09119814,ltd,07-07-2014,[66300],Riverside House 3 Place Farm St. Albans England AL4 8SB,7.0
EASY PAY TECH SOLUTIONS LTD,16054890,ltd,01-11-2024,"[64999,66190, 66300]",128 City Road London United Kingdom EC1V 2NX,7.0
GREEN PARK RESEARCH LIMITED,09938703,ltd,06-01-2016,[66300],Stratton House London W1J 8LA,7.0
ZIPPEN LIMITED,11450243,ltd,05-07-2018,"[65300,66220, 66300]",Censeo House St. Albans England AL1 3LF,7.0
SHEEPY MAGNA INVESTMENTS LTD,09015892,ltd,29-04-2014,[66300],30 Nelson Street Leicester United Kingdom LE1 7BA,7.0
PRIVATE INVESTORS CLUB LTD,SC671270,ltd,18-08-2020,"[64303,64304,64921, 66300]","The Stables, Unit 2 Glasgow Scotland G5 9JP",7.0
INNOVAETHER LTD,17068218,ltd,03-03-2026,"[66300,70229,72110, 74909]",71-75 Shelton Street London United Kingdom WC2H 9JQ,7.0
INSIGHT VENTURE MANAGEMENT UK LIMITED,10386901,ltd,21-09-2016,[66300],"91 Wimpole Street,  Suite 4.12 London United Kingdom W1G 0EF",7.0
KING & MEYER HOLDINGS LIMITED,16053522,ltd,31-10-2024,"[66300,68320, 70229]",85 Great Portland Street London England W1W 7LT,7.0
STEINBERG CAPITAL LTD,15889982,ltd,10-08-2024,"[64999,66300, 82990]","3rd Floor,  86-90 Paul Street London England EC2A 4NE",7.0
RONALD 100% GLOBAL MANAGEMENT HANNAH LIMITED,SC653771,ltd,06-02-2020,"[64304,66300,68100, 80300]",SC653771 - COMPANIES HOUSE DEFAULT ADDRESS Edinburgh EH7 9HR,7.0
INVESTENGINE (UK) LIMITED,10438231,ltd,20-10-2016,[66300],3rd Floor Harling House London United Kingdom SE1 0BS,7.0
DEO WILLIAMS CONSULTING LIMITED,11192411,ltd,07-02-2018,"[64191,64991, 66300]",Trafalgar House Huddersfield England HD2 1YY,7.0
RPG GLOBAL INVESTMENTS LTD.,14436078,ltd,21-10-2022,"[64205,64301,64304, 66300]",27 Scott Gardens London England TW5 9JU,7.0
LIVEFXM CAPITAL LIMITED,16952965,ltd,09-01-2026,"[64205,64999,66120, 66300]",Suite10 Capital House London United Kingdom E8 1LL,7.0
KNIGHTS MANAGEMENT CONSULTING LTD,08955612,ltd,24-03-2014,[66300],Knoll House Camberley GU15 3SY,7.0
AKT INCLUSIVE FINANCE LTD,17189981,ltd,29-04-2026,"[64205,66300,70221, 70229]",128 City Road London United Kingdom EC1V 2NX,7.0
WATANI INVESTMENT GROUP LTD,15690100,ltd,29-04-2024,"[64999,66300,68209, 68320]",5 Edgeworth Close Slough England SL3 7FS,7.0
CARDPLOT TECHNOLOGIES LIMITED,17194866,ltd,01-05-2026,"[64205,64999,66110, 66300]",71-75 Shelton Street London United Kingdom WC2H 9JQ,7.0
AU DEFI LTD,16053887,ltd,31-10-2024,"[64999,66110, 66300]",Office 376 Unit 5 London England W1C 2BU,7.0
RIO CAPITAL ADVISERS LTD,09204824,ltd,05-09-2014,[66300],9 Hills Road Cambridge England CB2 1GE,7.0
KODEON LTD,10098026,ltd,01-04-2016,[66300],"167 To 169 Great Portland Street,  5th Floor London England W1W 5PF",7.0
BS SERVICE COMPANY LTD,15501161,ltd,18-02-2024,"[49410,62012,66300, 82990]",149 Nether Priors Basildon United Kingdom SS14 1LT,7.0
AB INVESTMENT SOLUTIONS LIMITED,09138865,ltd,21-07-2014,[66300],1 Queen's Square Ascot Business Park Ascot England SL5 9FE,7.0
LEEBURN FINANCIAL PLANNING (NI) LIMITED,NI628209,ltd,05-12-2014,[66300],4 Orchard Mews Royal Hillsborough Northern Ireland BT26 6GR,7.0
TATBELS LIMITED,09938736,ltd,06-01-2016,[66300],44d Queen's Gate London England SW7 5HR,7.0
INITIAM CAPITAL LIMITED,13904805,ltd,09-02-2022,"[64999, 66300]",7 Bell Yard London WC2A 2JR,7.0
FINANCIAL MODELLING LTD,14014759,ltd,31-03-2022,"[66190, 66300]",1 Shirehall Lane London United Kingdom NW4 2PE,7.0
MARMEL LIMITED,08938608,ltd,13-03-2014,[66300],Beckwith Barn Warren Estate Writtle England CM1 3WT,7.0
SLAWSTON INVESTMENTS LTD,09007896,ltd,23-04-2014,[66300],Haramead Business Centre Leicester England LE1 2LH,7.0
CYROCK CAPITAL LTD,10181912,ltd,16-05-2016,[66300],71-75 Shelton Street London United Kingdom WC2H 9JQ,7.0
COLNE INVESTMENT MANAGEMENT LTD,08977318,ltd,03-04-2014,[66300],Beckwith Barn Warren Estate Chelmsford United Kingdom CM1 3WT,7.0
MACTAGGART & MICKEL INVESTMENTS LIMITED,10037922,ltd,02-03-2016,[66300],London (W1w 5pf) Office 167-169 Great Portland Street London England W1W 5PF,7.0
SHOREFOX PARTNERS LIMITED,16132647,ltd,12-12-2024,"[64304,66300, 70221]",73 Cornhill London United Kingdom EC3V 3QQ,7.0
BOSSA INVESTMENTS LTD,13002534,ltd,06-11-2020,"[64209,64304,66300, 68100]",1 Wern Road Ammanford Wales SA18 1LN,7.0
VASEY & HARRIS ASSET MANAGEMENT LIMITED,10214397,ltd,03-06-2016,[66300],Level 7 One Canada Square London England E14 5AA,7.0
TIE-STONE INVESTMENTS LIMITED,10476013,ltd,14-11-2016,"[66300, 68209]",1 Copperhouse Court Milton Keynes England MK7 8NL,7.0
NOVUM INVESTMENT MANAGEMENT LIMITED,14537642,ltd,13-12-2022,"[64999, 66300]","Wsm,  Connect House 133-137 Alexandra Road London United Kingdom SW19 7JY",7.0
KIG INVESTMENTS UK LIMITED,10220096,ltd,08-06-2016,[66300],6th Floor 9 Appold Street London United Kingdom EC2A 2AP,7.0
SUTTON OAKS WEALTH MANAGEMENT LTD,09238725,ltd,29-09-2014,[66300],Mere Green House Sutton Coldfield England B75 5BT,7.0
FINANCE TRINITY LIMITED,09206275,ltd,05-09-2014,[66300],Apollo House Whitehills Business Park England FY4 5FS,7.0
FRIGG RESEARCH LTD,17332919,ltd,10-07-2026,"[64205,64209,66300, 70229]",66 Paul Street London England EC2A 4NA,7.0
CHARTERS INVESTMENTS LTD,09129185,ltd,14-07-2014,[66300],9 Kerry Street Leeds England LS18 4AW,7.0
JURISGENIX CONSULTANCY SERVICES LIMITED,17097614,ltd,17-03-2026,"[64209,66300,69109, 70229]",128 City Road London United Kingdom EC1V 2NX,7.0
STEAKSODA LIMITED,14222430,ltd,08-07-2022,"[66300, 70229]",C/O Merit Accountants London England WC1H 0AF,7.0
PLANNING TRADE & FINANCE LIMITED,17342922,ltd,16-07-2026,"[64302,66120,66190, 66300]",71-75 Shelton Street London United Kingdom WC2H 9JQ,7.0
UHUSIANO CAPITAL LIMITED,10198144,ltd,25-05-2016,[66300],207 Regent Street London W1B 3HH,7.0
DIF INFRA 4 UK PARTNER LIMITED,09270199,ltd,20-10-2014,[66300],2.05 Clockwise Old Town Hall Bromley England BR1 3FE,7.0
ELEMENTAL CAPITAL LTD,09035491,ltd,12-05-2014,[66300],14 Beech Hill Westgate Otley LS21 3AX,7.0
MIDLANDS INVESTMENT AGENCY LIMITED,09221850,ltd,17-09-2014,[66300],16 High Street Wolverhampton WV6 8QT,7.0
AGRIP LIMITED,09949980,ltd,13-01-2016,"[52290, 66300]",3a Heath Road Maidstone England ME17 4DF,7.0
ADVANTAGE EARLY GROWTH LIMITED,04847732,private-limited-guarant-nsc,28-07-2003,[66300],Redroofs Tenbury Wells England WR15 8EN,7.0
BLUEBELL FUNDING UK LTD,12667685,ltd,12-06-2020,"[64191,64205,64910, 66300]",Lyndale House Addlestone England KT15 1TN,7.0
EPIPHRON CAPITAL (UK) LIMITED,10366895,ltd,08-09-2016,[66300],C/O Kroll Advisory Ltd London United Kingdom SE1 9SG,7.0
BRITISH BUSINESS INVESTMENTS LTD,09091930,ltd,18-06-2014,[66300],Steel City House Sheffield S1 2GQ,7.0
AUHHA LTD,15736601,ltd,23-05-2024,"[66300,68310,68320, 70229]","Profile West Suite 2, First Floor Brentford United Kingdom TW8 9ES",7.0
MR&K CO. LTD,12705849,ltd,30-06-2020,"[46160,46190,66110, 66300]",N90 28 Mill Street Ottery St. Mary England EX11 1AD,7.0
RATIO VENTURES LIMITED,10491416,ltd,22-11-2016,[66300],The Clock House London England SW3 2PX,7.0
WEALTHIFY LIMITED,09034828,ltd,12-05-2014,[66300],Tec Marina Penarth Wales CF64 1SA,7.0
AMIA CAPITAL ADVISORS LTD,10472278,ltd,10-11-2016,[66300],Cleveland House London SW1Y 6RJ,7.0
C TO C SME FINANCE LIMITED,08846700,ltd,15-01-2014,[66300],First Floor Linea House Fleet England GU51 2UZ,7.0
AB VISION FINANCIAL LTD,SC481466,ltd,04-07-2014,[66300],15 Miller Road Ayr Scotland KA7 2AX,7.0
ARION INVESTMENT MANAGEMENT LIMITED,09954672,ltd,15-01-2016,[66300],253 Gray's Inn Road London United Kingdom WC1X 8QT,7.0
RGF PROJECT VEHICLE C.I.C.,07970019,private-limited-guarant-nsc,29-02-2012,[66300],Adam House London England WC2N 6AA,7.0
RUTLAND REGISTRATIONS LIMITED,10156911,ltd,29-04-2016,[66300],Thomas House London England SW1V 1PX,7.0
PEGZETA LTD,15908105,ltd,20-08-2024,"[47910,64209,66190, 66300]","Office 6908 321-323 High Road,  Essex United Kingdom RM6 6AX",7.0
ALANDA CAPITAL MANAGEMENT LIMITED,10294934,ltd,25-07-2016,[66300],166 Piccadilly London England W1J 9EF,7.0
ALPHAGREP UK LIMITED,10322734,ltd,10-08-2016,"[63990, 66300]",Ibex House Weybridge United Kingdom KT13 8AH,7.0
AMG ASSET MANAGEMENT LTD,14503438,ltd,24-11-2022,"[47910,66300,68100, 68320]",27 Old Gloucester Street London United Kingdom WC1N 3AX,7.0
JMCD INVESTMENTS LIMITED,08850932,ltd,17-01-2014,[66300],High Trees Barn Cinder Lane Wetherby England LS23 6HH,7.0
GAM SYSTEMATIC HOLDING LIMITED,10236491,ltd,16-06-2016,[66300],8 Finsbury Circus London England EC2M 7GB,7.0
ELEPHANT ASSET MANAGEMENT LIMITED,10280508,ltd,15-07-2016,[66300],10 Maidstone Buildings Mews London United Kingdom SE1 1GF,7.0
LEGACY WEALTH MANAGEMENT LIMITED,NI628117,ltd,01-12-2014,[66300],15 -17 Chichester Street Belfast Northern Ireland BT1 4JB,7.0
APPLEGREEN TRADING & INVESTMENTS UK LTD,13098966,ltd,24-12-2020,"[66300, 82990]",10 Larch Gardens Bilston England WV14 0TU,7.0
SERERO MANAGEMENT & RESEARCH LIMITED,10395284,ltd,27-09-2016,[66300],21 Knightsbridge London England SW1X 7LY,7.0
JOANNA TOON WEALTH MANAGEMENT LIMITED,09125417,ltd,10-07-2014,[66300],Foxhall Business Centre Nottingham England NG7 6LH,7.0
SALTHOUSE STERLING LIMITED,08899381,ltd,18-02-2014,[66300],Moor House Whippletree Road Cambridge England CB22 4PD,7.0
FINNEXO INVESTMENTS LTD,14297973,ltd,16-08-2022,"[64304,64306,66300, 68100]",128 City Road London United Kingdom EC1V 2NX,7.0
PHILAX INTERNATIONAL (UK) LIMITED,11489104,ltd,30-07-2018,"[66300, 74909]",504 Taylor House London United Kingdom E14 8GS,7.0
MAINBRIDGE CAPITAL VENTURES LTD,14197464,ltd,27-06-2022,"[59111,59113,64306, 66300]",86-90 Paul Street London England EC2A 4NE,7.0
A.I. ASSETS LIMITED,10356985,ltd,02-09-2016,[66300],45 Gresham Street London United Kingdom EC2V 7BG,7.0
BAMGPU LIMITED,10203537,ltd,27-05-2016,[66300],Brompton Asset Management London England SW1X 7QA,7.0
TECHSTART NI CAPITAL LIMITED,SC479980,ltd,12-06-2014,[66300],C/O Cms Cameron Mckenna Naborro Olswang Llp Saltire Court Edinburgh Scotland EH1 2EN,7.0
NORRIN RADD LIMITED,10202361,ltd,26-05-2016,"[62020, 66300]",The Shippen Higher Sutton Town Launceston England PL15 8NJ,7.0
SJW WEALTH MANAGEMENT LTD,08991739,ltd,10-04-2014,[66300],11 Lower Way Milton Keynes England MK17 9AG,7.0
MARKET ACCESS ASSET MANAGEMENT LIMITED,09955866,ltd,18-01-2016,[66300],2nd Floor 75 King William Street London England EC4N 7BE,7.0
MARCANDA INVESTMENTS LIMITED,09082252,ltd,11-06-2014,[66300],Beckwith Barn Warren Estate Chelmsford United Kingdom CM1 3WT,7.0
FINANCE FOR ENTERPRISE LIMITED,01925556,private-limited-guarant-nsc,24-06-1985,[66300],Oak House Doncaster England DN4 5HZ,7.0
CHOICE WEALTH MANAGEMENT LIMITED,08991662,ltd,10-04-2014,[66300],Haresfoot Arkely EN5 3JZ,7.0
KITTIWAKE INVESTMENTS LTD,09301904,ltd,10-11-2014,[66300],Roppeleghs Haslemere GU27 2EN,7.0
REBALION LIMITED,14297291,ltd,15-08-2022,"[62020,62090,66220, 66300]",71-75 Shelton Street London United Kingdom WC2H 9JQ,7.0
HH CAMBRIDGE PROPERTY LTD,14520975,ltd,02-12-2022,"[64306,66300,68100, 68209]",2 Frederick Street London United Kingdom WC1X 0ND,7.0
BRICKLANE INVESTMENT SERVICES LTD,10021399,ltd,23-02-2016,[66300],19-23 Ironmonger Row London England EC1V 3QN,7.0
ADVISANT CAPITAL ADVISORS LIMITED,15868962,ltd,31-07-2024,"[66300,70221, 70229]",66 Trafalgar House Juniper Drive London England SW18 1GY,7.0
ASSET RECOVERY & INSOLVENCY LTD,08959246,ltd,26-03-2014,[66300],The Clocktower Warsash United Kingdom SO31 9GQ,7.0
SANNAS GROUP LIMITED,12425173,ltd,27-01-2020,"[46120,64205, 66300]",Suit 315 394 Muswell Hill Broadway London England N10 1DJ,7.0
ELMS WEALTH MANAGEMENT LIMITED,09289697,ltd,31-10-2014,[66300],"Unit 1,  St Stephens Court Bournemouth United Kingdom BH2 6LA",7.0
MOGOR CONSULTING LIMITED,15776872,ltd,13-06-2024,"[41100,66300,68320, 70229]",2 Herbert Street Nuneaton England CV10 7DX,7.0
PHDP GLOBAL LIMITED,11215791,ltd,20-02-2018,"[43999,66300, 71111]",14 Moors Way Woodbridge England IP12 4HQ,7.0
MAYFAIR EQUITY PARTNERS PENCO LIMITED,09988055,ltd,04-02-2016,[66300],8 Hanover Street London United Kingdom W1S 1YQ,7.0
RAS CAPITAL CR LTD,10177074,ltd,12-05-2016,[66300],11 St Christopher's Place London England W1U 1NG,7.0
WILD + WILD WEALTH MANAGEMENT LIMITED,09294600,ltd,04-11-2014,[66300],The Granary Chichester PO20 7FD,7.0
ERIK MANAGEMENT LTD,08909824,ltd,25-02-2014,[66300],Beckwith Barn Warren Estate Chelmsford United Kingdom CM1 3WT,7.0
BLACKFORT GROUP LTD,15589984,ltd,24-03-2024,"[66300,70229, 82990]",1 Cornhill London England EC3V 3ND,7.0
NORTH WEST BUSINESS FINANCE LIMITED,07028838,private-limited-guarant-nsc,24-09-2009,[66300],The Maltings Warrington WA4 6PU,7.0
MVAM LIMITED,09246335,ltd,02-10-2014,[66300],275 High Street Dorking United Kingdom RH4 1RY,7.0
BILLIONAIRE BROTHERS & CO LIMITED,12485487,ltd,26-02-2020,"[66120,66300, 68100]",7 Bell Yard London England WC2A 2JR,7.0
SPINNAKER IM NO. 2 LTD,09365297,ltd,23-12-2014,[66300],Beckwith Barn Warren Estate Chelmsford United Kingdom CM1 3WT,7.0
KARAN ASSETS MANAGEMENT LTD,13888604,ltd,02-02-2022,"[64304,64910,66110, 66300]",11 Niagara Court Off Rentfoprd Road London United Kingdom SE16 7BA,7.0
SB INVESTMENT ADVISERS (UK) LIMITED,10498335,ltd,25-11-2016,[66300],69 Grosvenor Street London W1K 3JP,7.0
PRYTANIA ASSET MANAGEMENT SERVICES LIMITED,10506778,ltd,01-12-2016,[66300],C/O Prytania Investment Advisors Llp Phoenix House London United Kingdom EC4N 7BP,7.0
ADJUNCT VALUE PARTNERS LIMITED,16059868,ltd,04-11-2024,"[66300,70229, 85422]",39 Princess Road London England NW1 8JS,7.0
Z.P. INVESTMENTS LIMITED,10075987,ltd,21-03-2016,[66300],15 Swinton Street London England WC1X 9NL,7.0
VALOR FINANCIAL (UK) LTD.,10172257,ltd,10-05-2016,[66300],"3rd Floor 45 Albemarle Street,  Mayfair London England W1S 4JL",7.0
EWKIN INVESTMENTS LTD,08933193,ltd,11-03-2014,[66300],Unit 7 Stanley Court Witney England OX29 0TB,7.0
QUEENSGATE INVESTMENTS MANAGEMENT LIMITED,10048677,ltd,08-03-2016,[66300],8 Hill Street London United Kingdom W1J 5NG,7.0
DDB VENTURE CAPITAL LTD,16156948,ltd,31-12-2024,"[64304,64999, 66300]",The Plaza London England SW10 0SZ,7.0
FIRST FLEET CAPITAL ADVISORS LTD,10409064,ltd,04-10-2016,[66300],5th Floor Queensland House London England WC2R 0LT,7.0
STR84WRD INVEST LTD,14525721,ltd,06-12-2022,"[64301,64303,64304, 66300]",128 City Road London United Kingdom EC1V 2NX,7.0
RUTHERFORD HUGHES LIMITED,10431722,ltd,17-10-2016,"[66290, 66300]",Collingwood Buildings Newcastle Upon Tyne United Kingdom NE1 1JF,7.0
PMC ANALYTICS UK LIMITED,10121024,ltd,13-04-2016,[66300],77 Endell Street London England WC2H 9DZ,7.0
ARTLESS WEALTH LTD,12402895,ltd,14-01-2020,"[64999, 66300]",The Old Forge Colchester United Kingdom CO1 2TP,7.0
APEXICA PARTNERS LTD,15721694,ltd,15-05-2024,"[64303,66300,70221, 70229]",2 Middleton Road Oldham England OL2 5PA,7.0
PFH MARKETS LIMITED,12427084,ltd,27-01-2020,"[64205,64301,66110, 66300]",2nd Floor College House Ruislip United Kingdom HA4 7AE,7.0
MKJA INVESTMENTS LTD,14044883,ltd,13-04-2022,"[66300,70221, 74909]",Archer House Britland Estate Eastbourne England BN22 8PW,7.0
SILVERMAN FIELD LIMITED,08954452,ltd,24-03-2014,[66300],15 West Street Brighton England BN1 2RL,7.0
TRIVIUM WEALTH LTD,15723004,ltd,15-05-2024,"[64922,64999,65300, 66300]",18 Denleigh Close Bargoed United Kingdom CF81 8NP,7.0
DEPOSITLOCK LTD,13882521,ltd,31-01-2022,"[66190,66300, 70221]",2 Martha Close Salford England M5 3QN,7.0
CFA NETWORK LTD,14074062,ltd,27-04-2022,"[66300,70221, 70229]",46 Nova Road Croydon England CR0 2TL,7.0
"CAPIMAX FINTECH,BLOCKCHAIN LIMITED",16538119,ltd,,"[62090,64205,64999, 66300]",128 City Road London United Kingdom EC1V 2NX,7.0
VK WEALTH MANAGEMENT LTD,09123737,ltd,09-07-2014,[66300],Apex Building Doncaster England DN4 5JP,7.0
NHO CAPITAL LIMITED,15693141,ltd,30-04-2024,"[64999,66300, 70229]",35 Ballards Lane London United Kingdom N3 1XW,7.0
FORTIS EUROPE LTD,14296815,ltd,15-08-2022,"[64304,64306,66300, 68100]",128 City Road London United Kingdom EC1V 2NX,7.0
CATHEDRAL WEALTH MANAGEMENT LIMITED,09305526,ltd,11-11-2014,[66300],59 East Street Chichester PO19 1HL,7.0
UK IMAGINARY SPACE LABS LIMITED,16132502,ltd,12-12-2024,"[62020,63990,66190, 66300]",L220 Beaconside Business Village Stafford United Kingdom ST18 0BF,7.0
ROMFORD STARTUP HUB LTD,14440143,ltd,25-10-2022,"[66300,69202, 82990]",2-4 Eastern Road Romford England RM1 3PJ,7.0
ZOE REYNOLDS FINANCIAL SERVICES LIMITED,09154917,ltd,31-07-2014,[66300],Spear House Burntwood England WS7 3GL,7.0
KIG BRIGHTON LIMITED,10188157,ltd,19-05-2016,[66300],6th Floor 9 Appold Street London United Kingdom EC2A 2AP,7.0
KAEVELON LIMITED,15661030,ltd,19-04-2024,"[41100,64999,66300, 70229]",7 Hollywood Way Erith England DA8 2QD,7.0
PROPITEER PLANNING & DEVELOPMENT LIMITED,11203135,ltd,13-02-2018,"[66300, 68100]",84 South Croxted Road London United Kingdom SE21 8BD,7.0
DRICOPAX CAPITAL LIMITED,10323192,ltd,10-08-2016,[66300],7 Bell Yard London England WC2A 2JR,7.0
ATLAS ASSETS GLOBAL LTD,14564466,ltd,31-12-2022,"[66300, 70221]",Office 13637 182-184 High Street North East Ham London England E6 2JA,7.0
OCEANO APEX LTD,16950254,ltd,08-01-2026,"[62020,62090,64999, 66300]",20 Wenlock Road London England N1 7GU,7.0
QUANTUMLEAP UK OPCO LTD,17103210,ltd,19-03-2026,"[62012,62020,66300, 70229]","Office 275 Qle,  Unit 5,  399-405 Oxford Street London United Kingdom W1C 2BU",7.0
ELEFORCE LTD,17124067,ltd,30-03-2026,"[64205,66300,70221, 74909]",20 Wenlock Road London England N1 7GU,7.0
KOI ADVISORY LTD,17105881,ltd,20-03-2026,"[66300,69201,70221, 70229]",71-75 Shelton Street London United Kingdom WC2H 9JQ,7.0
CIRCLE TRI-ANGLE TECHNOLOGY LIMITED,15616930,ltd,04-04-2024,"[62012,64205,66190, 66300]",85 Kinsey Road Smethwick England B66 4SL,7.0
SOCOFIT CAPITAL LIMITED,17225428,ltd,18-05-2026,"[64205,66120,66190, 66300]",20 Wenlock Road London England N1 7GU,7.0
ER CAPITAL GROUP LTD,17276127,ltd,17-06-2026,"[64205,64302,66190, 66300]",71-75 Shelton Street London United Kingdom WC2H 9JQ,7.0
ECOMMERCE CONSULTING PARTNERS LIMITED,11157380,ltd,18-01-2018,"[65202,66220, 66300]",18 Surrey Road Harrow England HA1 4NH,7.0
FUNDING HOUSE INVESTMENTS LTD,09082331,ltd,11-06-2014,[66300],"Springfield House Weybridge,  United Kingdom KT13 9LZ",7.0
GERMINAL INTERNATIONAL LTD,SC749999,ltd,10-11-2022,"[64999,66120, 66300]",142 Izatt Avenue Dunfermline Scotland KY11 3BB,7.0
ROBERTSHAW MOXHAM CAPITAL LTD,15837612,ltd,15-07-2024,"[66300,70229, 82990]","First Floor,  5 London United Kingdom EC4M 7RD",7.0
ROBERTSHAW MOXHAM HOLDINGS LIMITED,15824822,ltd,08-07-2024,"[66300,70229, 82990]","First Floor,  5 London United Kingdom EC4M 7RD",7.0
PLATINUM ASSET MANAGEMENT LIMITED,17345106,ltd,17-07-2026,"[64991,64999,66300, 70221]",27 Hill Street London United Kingdom W1J 5LP,7.0
NO LABEL VENTURES ADVISER LIMITED,14177213,ltd,16-06-2022,"[66300, 70221]","Studio 5.01 332 Ladbroke Grove,  London London England W10 5AD",7.0
CUSTODIA GROUP LTD,17356142,ltd,22-07-2026,"[64205,64301,66300, 70221]",128 City Road London United Kingdom EC1V 2NX,7.0
THE NORTH EAST REGIONAL INVESTMENT FUND PARTNER LIMITED,05852259,private-limited-guarant-nsc,20-06-2006,[66300],"5th Floor,  West One Newcastle Upon Tyne England NE1 3PA",7.0
THISTLE GILT LTD,16941559,ltd,05-01-2026,"[46342,62090,64999, 66300]",58 Bagleys Lane London England SW6 2BH,7.0
MATREX E-COMERECE LTD,15592817,ltd,25-03-2024,"[62012,64999,66300, 70221]",15592817 - COMPANIES HOUSE DEFAULT ADDRESS Cardiff CF14 8LH,7.0
ASAYED LTD,17325115,ltd,07-07-2026,"[66300,70229,72200, 78300]",196 Edgware Road London England W2 2DS,7.0
FIRST DIGITAL PAY LIMITED,15768042,ltd,07-06-2024,"[64303,64921,64999, 66300]",15768042 - COMPANIES HOUSE DEFAULT ADDRESS Cardiff CF14 8LH,7.0
NOSARA CAPITAL MANAGEMENT LIMITED,11523728,ltd,17-08-2018,"[64303, 66300]",80 Lansdowne Road London England W11 2LS,7.0
ORO VENTURES LAB LIMITED,14106743,ltd,13-05-2022,"[64303,64304,64991, 66300]","Suite G04 1 Quality Court,  Chancery Lane London England WC2A 1HR",7.0
CARSPHAIRN RENEWABLE ENERGY FUND LIMITED,SC359237,private-limited-guarant-nsc,07-05-2009,[66300],Knockgray Farm Castle Douglas Scotland DG7 3TF,7.0
CAZADORES INVESTMENTS LTD,10181648,ltd,16-05-2016,[66300],Harben House Harben Parade London United Kingdom NW3 6LH,7.0
CRIPTIUM LTD.,11342273,ltd,02-05-2018,"[62012,62020, 66300]",19 Westfield Welwyn Garden City England AL7 1QZ,7.0
BBC PENSION INVESTMENT LIMITED,10113986,ltd,08-04-2016,[66300],Broadcasting House London United Kingdom W1A 1AA,7.0
CASTLEROCK WEALTH MANAGEMENT LIMITED,08931306,ltd,10-03-2014,[66300],26 High Street Rochester England ME1 1PT,7.0
GAM SYSTEMATIC SERVICES LIMITED,10236511,ltd,16-06-2016,[66300],8 Finsbury Circus London England EC2M 7GB,7.0
REVOLVER OCELOT LIMITED,10172756,ltd,10-05-2016,"[66300, 68209]","C/O Pm+M Llp,  New Century House Greenbank Technology Park Blackburn United Kingdom BB1 5QB",7.0
BAYHAM STREET FINANCIAL LIMITED,09328990,ltd,26-11-2014,[66300],21 Attlee Court Howard Road Stanmore England HA7 1FB,7.0
SHREWD FINANCE LTD,09155202,ltd,31-07-2014,[66300],9 Monarch Way Ely England CB7 4JP,7.0
DKB WEALTH MANAGEMENT LIMITED,10026182,ltd,25-02-2016,[66300],124 City Road London England EC1V 2NX,7.0
BRINDLEY CAPITAL LTD,11486567,ltd,27-07-2018,"[64301,66300, 73200]",17 Constabulary Close West Drayton England UB7 7GE,7.0
CLEAR FUTURE WEALTH MANAGEMENT LIMITED,09074009,ltd,06-06-2014,[66300],59 Wostenholm Road Sheffield England S7 1LE,7.0
REALVALUE CAPITAL LTD,09264151,ltd,15-10-2014,[66300],34 Croydon Road Caterham England CR3 6QB,7.0
HALF SKY CAPITAL (UK) LTD,10110398,ltd,07-04-2016,[66300],25 Ep 25 Eccleston Place London England SW1W 9NF,7.0
SAJ CONSULTING SERVICES LTD,11562927,ltd,11-09-2018,"[66300, 74909]",60 Thistlewaite Road London United Kingdom E5 0QQ,7.0
IMPERIAL MANAGEMENT CORPORATION LTD,15935537,ltd,04-09-2024,"[64999,66190, 66300]",16 Great Queen Street London United Kingdom WC2B 5AH,7.0
COLLINS COMMUNICATIONS LTD,12988610,ltd,02-11-2020,"[64205,64301, 66300]",71-75 Shelton Street London England WC2H 9JQ,7.0
5PLUS INT. TRADING LTD,10307417,ltd,02-08-2016,"[66110, 66300]",25 Grosvenor Road Wrexham Wales LL11 1BT,7.0
COMMONWEALTH GAMES (SCOTLAND) ENDOWMENT FUND,SC301214,private-limited-guarant-nsc-limited-exemption,24-04-2006,[66300],"Doges,  Templeton On The Green Glasgow G40 1DA",7.0
TRITON VENTURES LTD,14288862,ltd,10-08-2022,"[64304,64306,66300, 68100]",128 City Road London United Kingdom EC1V 2NX,7.0
WAYPOINT HEALTH PROPERTY LIMITED,11534616,ltd,23-08-2018,"[66300, 68320]",17-19 Maddox Street London England W1S 2QH,7.0
GOODINSON WEALTH MANAGEMENT LIMITED,08893088,ltd,13-02-2014,[66300],Cjs Accountants Ltd The Yard Preston United Kingdom PR5 6HA,7.0
VENTOUX INVESTMENT MANAGEMENT LTD,10376710,ltd,15-09-2016,[66300],10 South Worple Way London United Kingdom SW14 8ST,7.0
ASHBOURNE CAPITAL SOLUTIONS LIMITED,10064514,ltd,15-03-2016,[66300],C/O Goldwyns London Llp London United Kingdom EC3V 3DG,7.0
STEPHENSON WEALTH LIMITED,09133780,ltd,16-07-2014,[66300],21 Heath Grove Harrogate England HG2 0PX,7.0
AVERROES CAPITAL LIMITED,11728639,ltd,14-12-2018,"[64303, 66300]",77 Charlotte Street London United Kingdom W1T 4PW,7.0
CORNERSTONE PRODUCTS LIMITED,12573239,ltd,27-04-2020,"[47990,62020,64991, 66300]",77 Ardwell Avenue Ilford United Kingdom IG6 1AP,7.0
SPEECA LIMITED,10513763,ltd,07-12-2016,[66300],28 Eccleston Square London England SW1V 1NZ,7.0
IMPACTABLE INVESTMENT GROUP LTD,14563910,ltd,30-12-2022,"[66300, 70229]",124 City Road London England EC1V 2NX,7.0
GIBBS DENLEY INVESTMENT MANAGEMENT LIMITED,09333120,ltd,28-11-2014,[66300],1a Tower Square Leeds England LS1 4DL,7.0
TEMBO CAPITAL MANAGEMENT LIMITED,10038341,ltd,02-03-2016,[66300],First Floor 7-9 Swallow Street London England W1B 4DE,7.0
FINANUM LIMITED,10430883,ltd,17-10-2016,"[63990, 66300]",10 Cheltenham Court 30 Marsh Lane Stanmore United Kingdom HA7 4HE,7.0
ONE PERCENT HOLDINGS COMPANY LIMITED,12714993,ltd,02-07-2020,"[64301,65300,66290, 66300]",12 Raleigh Close Nottingham England NG11 8RP,7.0
EXTREEMFX LTD,12721709,ltd,06-07-2020,"[66110,66300,85590, 96090]",1e Tudor Gardens Harrow United Kingdom HA3 5PB,7.0
INFINITY WEALTH MANAGEMENT LTD,09236532,ltd,26-09-2014,[66300],32a Newbold Road Chesterfield S41 7PH,7.0
YUNMO COMPANY LIMITED,16082318,ltd,15-11-2024,"[64301,66110,66300, 70221]","7 Copperfield Road,  Coventry West Midlands,  England United Kingdom CV2 4AQ",7.0
VIGIL CRUISEVOY LIMITED,14322939,ltd,30-08-2022,"[66300,78300,79110, 85600]",128 City Road London United Kingdom EC1V 2NX,7.0
SCHOOL OF LIFE LTD,13893639,ltd,04-02-2022,"[47910,47990,66300, 96090]",128 City Road London United Kingdom EC1V 2NX,7.0
GRATICULE ASSET MANAGEMENT ASIA (UK) LIMITED,09007565,ltd,23-04-2014,[66300],2 New Bailey Salford United Kingdom M3 5GS,7.0
NEA SELINI LTD,16125525,ltd,09-12-2024,"[64303,64999,66110, 66300]","2nd Floor College House Ruislip,  United Kingdom HA4 7AE",7.0
ASPIRATION FINANCIAL MANAGEMENT LIMITED,10452920,ltd,31-10-2016,"[65110, 66300]",90 Whitegate Drive Blackpool United Kingdom FY3 9DA,7.0
CAMBRIA CAPITAL LTD,10418182,ltd,10-10-2016,"[64205, 66300]",85 Beverley Crescent Bedford United Kingdom MK40 4BZ,7.0
PRYTANIA ASSET MANAGEMENT LIMITED,10500586,ltd,28-11-2016,[66300],C/O Prytania Investment Advisors Llp London England EC4N 7BP,7.0
SOLOMON PETER INVESTMENTS LIMITED,11233656,ltd,05-03-2018,"[66120, 66300]",85 Great Portland Street London England W1W 7LT,7.0
TITAN HOLDINGS GROUP OF COMPANIES LTD,12424137,ltd,24-01-2020,"[64209,64303, 66300]",128 City Road London EC1V 2NX,7.0
LATITUDE INVESTMENT GROUP LTD,10193549,ltd,23-05-2016,[66300],6 Arlington Street London England SW1A 1RE,7.0
YAVIN INVESTMENTS LTD,08961177,ltd,26-03-2014,[66300],Field House Utterby United Kingdom LN11 0TH,7.0
JSL INVESTMENTS LIMITED,09099396,ltd,24-06-2014,[66300],The Old Mill Mill Yard Cobham KT11 3NE,7.0
GREED MANAGERS LIMITED,13940838,ltd,25-02-2022,"[62020,64991,66300, 71200]",27 Old Gloucester Street London United Kingdom WC1N 3AX,7.0
BLUE CLOUD GLOBAL U.K. LIMITED,14819323,ltd,21-04-2023,"[64303,66300, 70221]",20 Havelock Road Hastings England TN34 1BP,6.5
CTS FINANCE LIMITED,10744713,ltd,27-04-2017,[66300],Solar House London United Kingdom N14 6NZ,6.5
MATIN GROUP LTD,10885069,ltd,26-07-2017,[66300],128 City Road London United Kingdom EC1V 2NX,6.5
EZEBIZGROUP LTD,10999818,ltd,06-10-2017,"[49320, 66300]",3 Wylie Close Oxford United Kingdom OX3 7NH,6.5
APEX INDEPENDENT FINANCIAL PLANNING LTD,09747110,ltd,25-08-2015,[66300],Elm Lodge 14 Elbow Lane Liverpool England L37 4AF,6.5
EFG HERMES UK LIMITED,10563064,ltd,13-01-2017,[66300],18 Upper Brook Street London England W1K 7PU,6.5
HENLEY FM LIMITED,10800818,ltd,02-06-2017,[66300],50 Grosvenor Hill London England W1K 3QT,6.5
AEGON INVESTMENTS LIMITED,10654248,ltd,06-03-2017,[66300],Level 26 The Leadenhall Building London United Kingdom EC3V 4AB,6.5
REDDINGTON WEALTH MANAGEMENT LIMITED,SC511663,ltd,27-07-2015,[66300],1 Rutland Square Edinburgh Scotland EH1 2AS,6.5
BLU FAMILY OFFICE LIMITED,09580739,ltd,08-05-2015,[66300],15 Little Green Richmond England TW9 1QH,6.5
TRADACE LTD,10753358,ltd,04-05-2017,"[46900, 66300]",32 Prince Road South Norwood England SE25 6NW,6.5
JBW CAPITAL LIMITED,09635994,ltd,12-06-2015,[66300],107 East Street Hereford United Kingdom HR1 2LW,6.5
AYLIM CAPITAL INVESTMENTS LTD,10840035,ltd,28-06-2017,[66300],Berkeley Square House London England W1G 6BD,6.5
NEW MOUNTAIN CAPITAL (U.K.) LTD.,10783891,ltd,23-05-2017,[66300],"4th Floor,  16 Hanover Street Hanover Street London England W1S 1YD",6.5
DARCEY CAPITAL LIMITED,09784944,ltd,18-09-2015,[66300],The Field House Wooburn Green England SL8 5JJ,6.5
BERNEL LTD,09635805,ltd,12-06-2015,[66300],63 Millbrook Road Carlisle CA3 0EU,6.5
QUANTIC EAGLE LTD,14897160,ltd,26-05-2023,"[66190, 66300]",71-75 Shelton Street London United Kingdom WC2H 9JQ,6.5
PILOTIS HOLDING LTD,14631572,ltd,01-02-2023,"[64204,64304,66300, 68320]",410 Point West Building Cromwell Road London England SW7 4XN,6.5
DREADNOUGHT LIMITED,10914094,ltd,14-08-2017,[66300],60 Seren Park Gardens London United Kingdom SE3 7RP,6.5
CONSET CAPITAL LTD,10797299,ltd,01-06-2017,[66300],Birchin Court London England EC3V 9DJ,6.5
TANGENCY CAPITAL SERVICES LTD,11011809,ltd,13-10-2017,[66300],125 Old Broad Street London England EC2N 1AR,6.5
SEEFO CAP (I) LTD,15273399,ltd,09-11-2023,"[64205,64303,66300, 68100]",128 City Road London United Kingdom EC1V 2NX,6.5
ESMOND CAPITAL LTD,10842902,ltd,29-06-2017,[66300],5 Stratford Place London England W1C 1AX,6.5
MTE ASSET MANAGEMENT LTD,12250469,ltd,08-10-2019,"[64304, 66300]",20-22 Wenlock Road London England N1 7GU,6.5
HOTSPUR CAPITAL PARTNERS LIMITED,10858818,ltd,10-07-2017,"[64303, 66300]",C/O Armstrong Watson 1st Floor Newcastle Upon Tyne United Kingdom NE1 4BX,6.5
MAWSAN QUEST LTD,09892408,ltd,27-11-2015,[66300],41 Randall Road Eastleigh England SO53 5AJ,6.5
INSIDE FOOTBALL SERVICE LTD,15305468,ltd,23-11-2023,"[66300,70221, 93199]",1b Rollesby Road Chessington England KT9 2BY,6.5
BIOSCIENCE MANAGERS UK LIMITED,10921802,ltd,18-08-2017,[66300],4th Floor 100 Fenchurch Street London United Kingdom EC3M 5JD,6.5
UNIVERSAL FINANCE AND INVESTMENT COMPANY LTD,13702431,ltd,25-10-2021,"[64301,64303, 66300]",3 Marshall Path London United Kingdom SE28 8DX,6.5
HELIX EQUITIES LIMITED,10685406,ltd,22-03-2017,[66300],22 Chancery Lane London England WC2A 1LS,6.5
CIFC ASSET MANAGEMENT EUROPE LTD,10930433,ltd,23-08-2017,[66300],"27 Knightsbridge,  6th Floor London England SW1X 7LY",6.5
SAB INCORPORATED (1955) ASSETS LTD.,14620337,ltd,27-01-2023,"[66300,68100,68209, 98000]",31 Belson Road London England SE18 5PU,6.5
ZEN RULE INVESTMENT MANAGEMENT (UK) LTD,09540245,ltd,14-04-2015,[66300],Apple Trees Kingswood KT20 6NE,6.5
BIRCHWOOD CAPITAL LIMITED,09879535,ltd,19-11-2015,[66300],3 Warners Mill Braintree England CM7 3GB,6.5
R6 HOLDINGS UNLIMITED,10969606,private-unlimited,19-09-2017,"[66300, 68100]",6 Ritherdon Road London United Kingdom SW17 8QD,6.5
AVIVA INVESTORS INFRASTRUCTURE INCOME NO.2B LIMITED,10891015,ltd,31-07-2017,[66300],80 Fenchurch Street London United Kingdom EC3M 4AE,6.5
SNOWCO INVESTMENTS LTD,09656243,ltd,25-06-2015,[66300],Suite 1 & 2 Marshall Business Centre Hereford United Kingdom HR4 9NS,6.5
AG INVESTMENT GROUP LTD,15022052,ltd,24-07-2023,"[64301,64991,66120, 66300]",71-75 Shelton Street London United Kingdom WC2H 9JQ,6.5
L1 UK PROPERTY PTY LTD,10785714,ltd,23-05-2017,[66300],10 Orange Street London United Kingdom WC2H 7DQ,6.5
COUNTRY AND CITY FINANCIALS UK LTD,15010610,ltd,18-07-2023,"[64205,64301,64303, 66300]",128 City Road London United Kingdom EC1V 2NX,6.5
ATLAS PROPERTY GROUP (SCOTLAND) LTD,SC715400,ltd,18-11-2021,"[41100,64306,66300, 68100]",12 Mcgarvie Drive Redding Scotland FK2 9FR,6.5
LGGP MANAGEMENT LIMITED,10962628,ltd,14-09-2017,[66300],One London England EC2R 5AA,6.5
NICHE ASSET MANAGEMENT LTD,10805355,ltd,06-06-2017,[66300],2nd Floor 17 Lennox Gardens London England SW1X 0DB,6.5
POLEN CAPITAL UK PARTNER LIMITED,12361375,ltd,12-12-2019,"[64304, 66300]",First Floor Offices London United Kingdom EC2N 2HE,6.5
VANGUARD CENTRE OF EXCELLENCE CIC,14940848,private-limited-guarant-nsc,16-06-2023,"[62090,66300,82990, 85590]",Flat 10 Evesham House London England NW8 0QX,6.5
OXX I (ENGLAND) LIMITED,10955433,ltd,11-09-2017,[66300],Brock House London England W1W 6BP,6.5
UNILEVER VENTURES (SLP) GENERAL PARTNER LIMITED,SC511957,ltd,30-07-2015,[66300],C/O Brodies Llp Capital Square Edinburgh EH3 8BP,6.5
PINNACLE INVESTMENT MANAGEMENT (UK) LIMITED,11026111,ltd,23-10-2017,[66300],C/O Norose Company Secretarial Services Ltd London United Kingdom SE1 2AQ,6.5
LEDGER CAPITAL LIMITED,09377220,ltd,07-01-2015,[66300],24 Tekels Avenue Camberley GU15 2LB,6.5
MACTAGGART FAMILY & PARTNERS LIMITED,10581509,ltd,24-01-2017,[66300],2 Babmaes Street London United Kingdom SW1Y 6HD,6.5
ALPHANE CAPITAL LIMITED,11078907,ltd,23-11-2017,[66300],8th Floor 71 Queen Victoria Street London England EC4V 4AY,6.5
HARKUS LTD,10546140,ltd,04-01-2017,"[64302, 66300]",208 Wellington Street Gravesend Kent United Kingdom DA12 1JG,6.5
EXCALIBUR INVESTMENTS LTD,SC498043,ltd,17-02-2015,[66300],15 Sinclair Terrace Wick Scotland KW1 5AB,6.5
BROKEN HILL INVESTMENT LIMITED,15279761,ltd,13-11-2023,"[64303,66300, 70229]",Unit 2 Popin Business Centre Wembley United Kingdom HA9 0HB,6.5
WHITEROCK FINANCE LIMITED,NI630529,ltd,07-04-2015,[66300],"8th Floor,  11-13 Gloucester Street Belfast Northern Ireland BT1 4LS",6.5
AZNAH LIMITED,12316750,ltd,15-11-2019,"[66300, 68209]",10 Sharon Road London England W4 4PD,6.5
APIARY MANAGING MEMBER LTD,11044566,ltd,02-11-2017,[66300],6 Warwick Street London United Kingdom W1B 5LX,6.5
DELTA CAPITAL MANAGEMENT LIMITED,13767933,ltd,26-11-2021,"[64301,64303, 66300]",One Canada Square London England E14 5DY,6.5
MAGNECORDE LTD,12381834,ltd,31-12-2019,"[64304,66300, 68100]",C/O Chesterton House Accounting Services Llp Loughborough United Kingdom LE11 1UW,6.5
WEALTH TRADING LIMITED,10968854,ltd,18-09-2017,"[66300, 85590]",157 Beacon Park Road Plymouth United Kingdom PL2 2QR,6.5
NEW SPARTA ENERGY LIMITED,09476767,ltd,09-03-2015,[66300],Willowdene Worcester England WR5 3EU,6.5
ROSERNE CAPITAL LIMITED,09854422,ltd,03-11-2015,[66300],3 Warners Mill Braintree England CM7 3GB,6.5
TIEBE LIMITED,10609397,ltd,08-02-2017,[66300],50 Scarsdale Villas London England W8 6PP,6.5
SION GROUP LTD,14657887,ltd,13-02-2023,"[62020,66300,71122, 96090]",20-22 Wenlock Road London England N1 7GU,6.5
HORSFALL FINANCIAL SERVICES LIMITED,09600850,ltd,20-05-2015,[66300],5 & 6 Manor Court Scarborough England YO11 3TU,6.5
SHARE CREDIT INVESTMENT LIMITED,09579739,ltd,07-05-2015,[66300],72 Turnpike Link Croydon England CR0 5NY,6.5
BLUE OCEAN INVESTMENT PARTNERS LIMITED,11107541,ltd,12-12-2017,[66300],Flat 1002 9 Steedman Street London United Kingdom SE17 3BA,6.5
TONY FENTON & SONS WEALTH MANAGEMENT LIMITED,09746771,ltd,25-08-2015,[66300],Lancaster House Ackhurst Business Park Chorley England PR7 1NY,6.5
KERENDE GOLD CORP LIMITED,10706278,ltd,03-04-2017,"[64209, 66300]",Control Tower Winkleigh England EX19 8DW,6.5
LION STORE LTD.,15308758,ltd,27-11-2023,"[46190,46420,46499, 66300]",2 Frederick Street London United Kingdom WC1X 0ND,6.5
RIVERSIDE CAPITAL FUND MANAGERS LIMITED,09410254,ltd,28-01-2015,[66300],Seebeck House 1 Seebeck Place Milton Keynes United Kingdom MK5 8FR,6.5
LIMITLESS INVEST LTD,13292455,ltd,25-03-2021,"[64301,64991,66300, 68100]",Ground Floor Office 2 Carnegie Court The Broadway Slough England SL2 3PQ,6.5
SECRETARY & CORPORATE SUPPORT LTD,16448461,ltd,13-05-2025,"[66300,70229,82110, 82990]",Suite 3h - The Old Courthouse Dukinfield United Kingdom SK16 4DT,6.5
TALOMON CAPITAL LIMITED,10572980,ltd,19-01-2017,[66300],5 Bolton Street London United Kingdom W1J 8BA,6.5
TENFIFTY CAPITAL GROUP LIMITED,16660508,ltd,19-08-2025,"[64999,66300, 82990]",10 Queen Street Place London United Kingdom EC4R 1AG,6.5
RESCAO LIMITED,16697706,ltd,05-09-2025,"[64209,66300,70229, 74909]",50 Princes Street Ipswich England IP1 1RJ,6.5
POINTFIELD ADVISORY T/A POINTFIELD ACCOUNTANTS LIMITED,16641510,ltd,11-08-2025,"[66300,69201,69203, 70221]","Flat 31 Flat 31,  Salgado Apartments,  Eastman Village,  East Harrow United Kingdom HA1 4BQ",6.5
THE RD GROUP HOLDING LTD,16678098,ltd,28-08-2025,"[64205,64301,66300, 70221]",117-119 Station Road Edgware England HA8 7JG,6.5
WILLIAMS DIGITAL ASSETS LTD,16716574,ltd,15-09-2025,"[62090,64999,66300, 82990]",61 Victoria Park Colwyn Bay Wales LL29 7AJ,6.5
297MM LIMITED,14832945,ltd,27-04-2023,"[64304,66300,68100, 68209]",1 Triton Square London England NW1 3DX,6.5
ALDETR LTD,15063306,ltd,10-08-2023,"[58290,62012,64991, 66300]","Unit 501 Leroy House,  434-436 Essex Road London United Kingdom N1 3FY",6.5
TENTEN INVESTMENTS LTD,10591126,ltd,30-01-2017,[66300],"One London Wall,  4th Floor 1 London Wall London England EC2Y 5EA",6.5
GAD MANAGEMENT LTD,09886896,ltd,24-11-2015,[66300],70 High Drive New Malden England KT3 3UB,6.5
FUTURE 30 GLOBAL LTD,13396874,ltd,14-05-2021,"[64999, 66300]",52 Debden Road Saffron Walden England CB11 4AB,6.5
A KNIGHTS MANAGEMENT CONSULTING LIMITED,09589655,ltd,13-05-2015,[66300],Knoll House Camberley United Kingdom GU15 3SY,6.5
MEI FLOWER INTERNATIONAL HOLDINGS LTD,13695230,ltd,21-10-2021,"[46450,46480,66300, 68100]",37 Croydon Road Beckenham United Kingdom BR3 4AB,6.5
FAIRMONT INVESTMENT MANAGEMENT LIMITED,10605099,ltd,07-02-2017,[66300],33 Cavendish Square London United Kingdom W1G 0PW,6.5
UNITED DEVELOPMENT COOPERATIVES (UNI-COOP) GROUP HOLDING LTD,16677213,ltd,28-08-2025,"[66110,66120,66190, 66300]",16677213 - COMPANIES HOUSE DEFAULT ADDRESS Cardiff CF14 8LH,6.5
BRANTHAM COURT INVESTMENTS LIMITED,16514199,ltd,12-06-2025,"[64205,64999,66110, 66300]",82a 82 James Carter Road Mildenhall England IP28 7DE,6.5
WINWESTOR CONSULTANTS LIMITED,16304178,ltd,10-03-2025,"[62020,64301,66300, 70229]",19 Cotton Hill Bromley England BR1 5RT,6.5
RADIANTE UK LIMITED,15313634,ltd,28-11-2023,"[66300, 70221]",C/O Tmf Group 13th Floor London United Kingdom EC2R 7HJ,6.5
RAIDER ASSET MANAGEMENT LTD,15246342,ltd,30-10-2023,"[64303,64304,64991, 66300]",71-75 Shelton Street London United Kingdom WC2H 9JQ,6.5
ASPENROCK LTD,10722957,ltd,12-04-2017,"[66300, 68209]",The Grain Store 2 Signet Hill Barns Burford United Kingdom OX18 4JE,6.5
MLFC LTD,14761801,ltd,27-03-2023,"[64991,66300,68100, 68209]",43 Overstone Road London United Kingdom W6 0AD,6.5
CRYPTINIX TRADING GLOBAL LTD,16344865,ltd,26-03-2025,"[64301,66120,66300, 70229]",Flat 62 Block B Oxford England OX1 1AE,6.5
RHEA CAPITAL LIMITED,10800628,ltd,02-06-2017,[66300],58 Cobden Road London England E11 3PE,6.5
ADMINISTRATIVE SERVICES INTERNATIONAL LIMITED,09393496,ltd,16-01-2015,[66300],18 School Road Sale England M33 7XP,6.5
EUROPA GENERATION LIMITED,10771479,ltd,15-05-2017,[66300],5th Floor 42 Berners Street London England W1T 3ND,6.5
VIDEO TRIPPER LTD,14810620,ltd,18-04-2023,"[47910,63990,66300, 73110]",40 Farnborough Avenue London United Kingdom E17 6HX,6.5
ISI INVESTMENTS LTD,09897864,ltd,02-12-2015,[66300],37 Ulleswater Street Bolton United Kingdom BL1 8LR,6.5
BLUE WHALE INVESTMENT MANAGEMENT LIMITED,10931669,ltd,24-08-2017,[66300],21-22 Grosvenor Street London England W1K 4QJ,6.5
STEAD INVESTMENTS LIMITED,11088640,ltd,29-11-2017,[66300],99 Napier Court Ranelagh Gardens London United Kingdom SW6 3XA,6.5
W8 WEALTH LIMITED,10678664,ltd,20-03-2017,[66300],C/O Rayner Essex Llp Tavistock House South London United Kingdom WC1H 9LG,6.5
AZS FINANCE LTD,13202447,ltd,15-02-2021,"[66300,68100,68209, 69201]",2 Sketty Road Enfield United Kingdom EN1 3SE,6.5
GENEVA WEALTH LIMITED,09572386,ltd,01-05-2015,[66300],Rivers Lodge Harpenden England AL5 2JD,6.5
QUANTUM REAL ESTATE PARTNERS LTD,16761915,ltd,03-10-2025,"[66300,68320, 70229]",Suite 212 Butlers Wharf Building London England SE1 2YE,6.5
SALT PROJECTS CORNWALL LTD,11883408,ltd,14-03-2019,"[66300,82301, 90030]","Unit 3 Building B Green Court,  Truro Business Park Truro England TR4 9LF",6.5
AUSTERE LTD,16795148,ltd,20-10-2025,"[64991,64999, 66300]",71-75 Shelton Street London United Kingdom WC2H 9JQ,6.5
MATIFBOAT LTD,16773535,ltd,09-10-2025,"[64999,66210, 66300]",71-75 Shelton Street London United Kingdom WC2H 9JQ,6.5
CHEFS ON MOVE LTD,12029968,ltd,03-06-2019,"[56210,66300, 68100]","Anuyu Hair And Beauty Ltd,  126 A Hounslow England TW3 1UG",6.5
WHITEOAK PARTNERSHIP LIMITED,16506169,ltd,09-06-2025,"[64209,64304,66300, 82990]",2 Statham Court Macclesfield England SK11 6XN,6.5
CAVAN ASSET MANAGEMENT (UK) LIMITED,16517941,ltd,13-06-2025,"[64209,64999, 66300]",71-75 Shelton Street London United Kingdom WC2H 9JQ,6.5
IVERSON AND CO. LIMITED,16638873,ltd,08-08-2025,"[64991,66190, 66300]",128 City Road London United Kingdom EC1V 2NX,6.5
FIVE PILLARS CONSULT LIMITED,16604458,ltd,24-07-2025,"[66300,69201,70221, 78300]",35 Scotney Drive Greenhithe England DA9 9ZS,6.5
DIRECT ACCOUNTING SOLUTIONS LIMITED,09743498,ltd,21-08-2015,[66300],09743498 - COMPANIES HOUSE DEFAULT ADDRESS Cardiff CF14 8LH,6.5
ALETHEUM PARTNERS (UK) LTD,16817990,ltd,29-10-2025,"[64303,66190, 66300]",Aletheum Partners Liberty House London United Kingdom W1B 5TR,6.5
DL BAY INVESTMENTS,SC450999,private-unlimited,28-05-2013,[66300],6 St. Colme Street Edinburgh EH3 6AD,6.5
CLARA-PENSIONS LIMITED,10925368,ltd,21-08-2017,[66300],Myo St Paul's London United Kingdom EC4M 9AF,6.5
REGAL CAPITAL MANAGEMENT LTD,15117684,ltd,06-09-2023,"[66300,70221, 70229]",101 Gordon Crescent Croydon England CR0 6NU,6.5
GCC ASSETS HOLDING COMPANY LTD,16889709,ltd,03-12-2025,"[64205,66190, 66300]",71-75 Shelton Street London United Kingdom WC2H 9JQ,6.5
ACMR CAPITAL MANAGEMENT LIMITED,10873902,ltd,19-07-2017,[66300],9 Argyll Street London England W1F 7TG,6.5
RESOLUTIO MUNDI LIMITED,16819786,ltd,30-10-2025,"[62020,66300,68310, 70229]",Unit 82a James Carter Road Bury St. Edmunds England IP28 7DE,6.5
TRD HOLDING INVESTMENT LTD,16828793,ltd,03-11-2025,"[64209,64999, 66300]",71-75 Shelton Street London United Kingdom WC2H 9JQ,6.5
SD HARMONY INVEST LIMITED,16339170,ltd,24-03-2025,"[64209,64303,66300, 70229]","7 Copperfield Road,  Coventry West Midlands,  England United Kingdom CV2 4AQ",6.5
DN PRIVATE EQUITY CANARY WHARF LIMITED,13817321,ltd,24-12-2021,"[66300,68100, 68209]",8a Electric Avenue London England SW9 8JX,6.5
TRISPAN SERVICES (UK) LTD,09592138,ltd,14-05-2015,[66300],4th Floor Phoenix House Reading United Kingdom RG1 1NB,6.5
BOWMORE INVESTMENTS LIMITED,09924895,ltd,21-12-2015,[66300],Bowmore Lytham St Annes United Kingdom FY8 4LQ,6.5
KCC INITIAL LP 1 LIMITED,09917805,ltd,15-12-2015,[66300],Sessions House Maidstone United Kingdom ME14 1XQ,6.5
EQUITIX NO. 5 LIMITED,10972596,ltd,20-09-2017,[66300],"3rd Floor,  South Building,  London England EC1A 4HD",6.5
BAMBOO PANDA LTD,09578749,ltd,07-05-2015,[66300],Suite 4 St Georges Lodge Bath England BA2 3NE,6.5
STATION 12 ASSET MANAGEMENT LIMITED,10596368,ltd,02-02-2017,[66300],295 Chiswick High Road 295 Chiswick High Road London England W4 1HH,6.5
SOLUS CAPITAL PARTNERS LTD,11011171,ltd,12-10-2017,[66300],128 City Road London United Kingdom EC1V 2NX,6.5
CIOSF GENERAL PARTNER LIMITED,09501209,ltd,20-03-2015,[66300],First Floor Linea House Fleet England GU51 2UZ,6.5
SANCUS RETIREMENT PLANNING LIMITED,10976800,ltd,22-09-2017,[66300],71 Queen Victoria Street London England EC4V 4AY,6.5
MOOGSY LTD,12325343,ltd,20-11-2019,"[66300, 68209]",9 Berners Place London United Kingdom W1T 3AD,6.5
PEREGRINE & BLACK INVESTMENT MANAGEMENT LIMITED,09796196,ltd,26-09-2015,[66300],C/O Ashley Richmond Accountant Ltd Joel Street Northwood Hills England HA6 1NW,6.5
INNOVA CAPITAL LIMITED,09697757,ltd,22-07-2015,[66300],"3rd Floor,  St George's House Cheltenham United Kingdom GL50 3LG",6.5
VENICE WILLOW LIMITED,09885672,ltd,24-11-2015,[66300],Beckwith Barn Warren Estate Writtle England CM1 3WT,6.5
EDWARDS WALK LIMITED,09915603,ltd,14-12-2015,[66300],Beckwith Barn Warren Estate Chelmsford United Kingdom CM1 3WT,6.5
SANATELO LTD,12102966,ltd,15-07-2019,"[49320,62090, 66300]",71 Monkwood Close Romford England RM1 2NQ,6.5
ROSEVINE CAPITAL EQUITY LIMITED,10984481,ltd,27-09-2017,[66300],71-75 Shelton Street London United Kingdom WC2H 9JQ,6.5
RISK END LTD,14899261,ltd,29-05-2023,"[66120,66300,85421, 85590]",86-90 Paul Street London England EC2A 4NE,6.5
CANTER HOLLAND MORTGAGES LIMITED,10872990,ltd,19-07-2017,"[64922, 66300]",16 Commerce Road Peterborough England PE2 6LR,6.5
ARDU LTD,NI634378,ltd,22-10-2015,[66300],46 Hill Street Belfast United Kingdom BT1 2LB,6.5
FROST INVESTMENT TECHNOLOGY LIMITED,09786965,ltd,21-09-2015,[66300],5 Lime Trees Avenue Llangattock Wales NP8 1LB,6.5
INVESTHOM LIMITED,09751380,ltd,27-08-2015,[66300],"Number Ten,  Elm Court Stratford-Upon-Avon United Kingdom CV37 6PA",6.5
SOCIETATE COMERCIALA BANCAR LTD,12143434,ltd,07-08-2019,"[64205,66110, 66300]",55 Listerhills Science Park Bradford England BD7 1HR,6.5
ANIS & AINA LIMITED,12316813,ltd,15-11-2019,"[66300, 68209]",29 Beaufort Road London England W5 3EB,6.5
FOMCAP IV (ENGLAND) LIMITED,10951636,ltd,07-09-2017,[66300],4 Matthew Parker Street London United Kingdom SW1H 9NP,6.5
COTSWOLD WEALTH SOLUTIONS LTD,09382341,ltd,09-01-2015,[66300],Eight Bells House Tetbury England GL8 8JG,6.5
WELLERS IMPACT KENYA ONE LIMITED,11103298,ltd,08-12-2017,[66300],65 Leadenhall Street London United Kingdom EC3A 2AD,6.5
JACHOPE OPTIONS LIMITED,10886385,ltd,27-07-2017,[66300],5 Estella House London United Kingdom W11 4DE,6.5
AMARSAT LTD,12381833,ltd,31-12-2019,"[64304,66300, 68100]",C/O Chesterton House Accounting Services Llp Loughborough United Kingdom LE11 1UW,6.5
GEMINION ASSET MANAGEMENT LIMITED,11098999,ltd,06-12-2017,[66300],Wessex House London United Kingdom SW1X 8ND,6.5
MINERVA MONEY MANAGEMENT LIMITED,09892504,ltd,27-11-2015,[66300],17a Shirwell Crescent Furzton Milton Keynes England MK4 1GA,6.5
SGW MANAGEMENT LTD,09449849,ltd,20-02-2015,[66300],10 Hall Walk Cottingham England HU16 4RL,6.5
PORTLAND HILL CAPITAL LIMITED,13138828,ltd,18-01-2021,"[64303,64991, 66300]",127 Commercial Road London England E1 1PX,6.5
KALEIDOSCOPE INVESTMENTS LIMITED,09440914,ltd,16-02-2015,[66300],55 Old Church Lane Stanmore United Kingdom HA7 2RG,6.5
VOR CAPITAL SERVICES LIMITED,10975057,ltd,21-09-2017,[66300],4th Floor 45-46 Berners Street London United Kingdom W1T 3NE,6.5
GRANULAR CAPITAL LTD,11088063,ltd,29-11-2017,[66300],4-5 Manchester Square London England W1U 3PD,6.5
DOYOS HOLDINGS LTD,15120846,ltd,06-09-2023,"[64991,66110,66120, 66300]",71-75 Shelton Street London United Kingdom WC2H 9JQ,6.5
JUNO PRIVATE WEALTH LTD,10974938,ltd,21-09-2017,[66300],The Sati Room London England W1G 0JR,6.5
IQCP III A1 LIMITED,11081869,ltd,24-11-2017,[66300],45 Whitfield Street London England W1T 4HD,6.5
RESI HOMES LIMITED,11796225,ltd,30-01-2019,"[66300, 68100]",5 New Street Square London England EC4A 3TW,6.5
SMART-BETA INVESTMENTS LIMITED,SC522207,ltd,10-12-2015,[66300],The Coach House Blanefield Scotland G63 9AU,6.5
BOLDHAVEN MANAGEMENT SERVICES LIMITED,11019916,ltd,18-10-2017,[66300],100 Wigmore Street 100 Wigmore Street London England W1U 3RN,6.5
BLUE WHALE ASSET MANAGEMENT LIMITED,10931720,ltd,24-08-2017,[66300],21-22 Grosvenor Street London England W1K 4QJ,6.5
ROSELLE CAPITAL LIMITED,11073614,ltd,21-11-2017,[66300],8 Holystone Court London E14 8GU,6.5
NORTON MANAGEMENT SERVICES LIMITED,09559581,ltd,24-04-2015,[66300],Smeckley Wood Close Chesterfield United Kingdom S41 9PZ,6.5
X. METAS. CAPITAL LTD,13750818,ltd,18-11-2021,"[46450,46480,64303, 66300]",Suite 302 4 Station Square Cambridge CB1 2GE,6.5
PROJIP CAPITAL VENTURES LIMITED,14762302,ltd,27-03-2023,"[66110,66190, 66300]",2 Lesney Park Road Erith United Kingdom DA8 3DN,6.5
ACE GLOBAL CORP LTD,15372638,ltd,28-12-2023,"[46170,46190,47810, 66300]",20 Wenlock Road London England N1 7GU,6.5
MCTURK LIMITED,16270653,ltd,24-02-2025,"[66300,70221,70229, 74100]","Scottish Provident House,  1st Floor Harrow United Kingdom HA1 1BQ",6.5
UNITED BUSINESS OF PANGEA LTD,16303289,ltd,10-03-2025,"[64301,66110,66300, 70221]","7 Copperfield Road,  Coventry West Midlands,  England United Kingdom CV2 4AQ",6.5
OASIS VENTURE CAPITAL LTD,13769846,ltd,29-11-2021,"[64205,64303,64991, 66300]",7 Copperfield Road Coventry CV2 4AQ,6.5
EARNBITE LIMITED,SC843659,ltd,02-04-2025,"[64301,66110,66300, 70221]","Office 1000 3 Fitzroy Place,  1/1 Sauchiehall Street Glasgow Central United Kingdom G3 7RH",6.5
TWO MAGNOLIAS SLP LIMITED,SC701337,ltd,11-06-2021,"[66300, 70221]",Exchange Tower Edinburgh United Kingdom EH3 8EH,6.5
RAFAAH CAPITAL LTD,16214333,ltd,28-01-2025,"[58290,66300, 70221]",124-128 City Road London England EC1V 2NX,6.5
COMMONWEALTH FOUNDATION,13663887,private-limited-guarant-nsc-limited-exemption,06-10-2021,"[64999,66300,82990, 84110]",13663887 - COMPANIES HOUSE DEFAULT ADDRESS Cardiff CF14 8LH,6.5
SWISS CONSULTANCY SERVICE LTD,SC850230,ltd,28-05-2025,"[64999,66300,68320, 70229]",17 Rotchell Road Dumfries United Kingdom DG2 7SE,6.5
ROC INTERNATIONAL LIMITED,10659444,ltd,08-03-2017,"[66300, 68100]",Izabella House 24-26 Regent Place Birmingham England B1 3NJ,6.5
AETNA INVESTMENTS MANAGEMENT LIMITED,16502228,ltd,06-06-2025,"[66300,78300, 82990]",167-169 Great Portland Street London United Kingdom W1W 5PF,6.5
INVESTEC INTERNATIONAL PRIVATE OFFICE LIMITED,10769279,ltd,13-05-2017,[66300],30 Gresham Street London England EC2V 7QP,6.5
ZCQT LTD,16337189,ltd,24-03-2025,"[64991,66300,70221, 70229]",C/O Elliot Woolfe & Rose Limited Stanmore United Kingdom HA7 1JS,6.5
DAN UK SERVICES LTD,16775039,ltd,09-10-2025,"[66300,70221,70229, 78200]",68 Addington Road Croydon England CR0 3LU,6.5
STRATEGEN ADVISORY LTD,13523126,ltd,21-07-2021,"[66300, 70229]",17 Harrison Avenue Longfield DA3 7BA,6.5
GRACECHURCH FAMILY OFFICE LTD,15167218,ltd,26-09-2023,"[66300, 70229]",20-22 Wenlock Road N1 7gu Wenlock Road London England N1 7GU,6.5
LONDON TREASURY LIMITED,11035820,ltd,27-10-2017,[66300],First Floor 330 Holborn Gate London England WC1V 7QH,6.5
TRUSTED REAL WORLD ASSETS LTD,SC868130,ltd,29-10-2025,"[66300,69109,70229, 71200]",214 Union Street Aberdeen Scotland AB10 1TL,6.5
RF CORVAL EUROPE LIMITED,10762871,ltd,10-05-2017,[66300],84 84 Eccleston Square London United Kingdom SW1V 1PX,6.5
FORREST ONE LIMITED,10899208,ltd,04-08-2017,[66300],6th Floor 9 Appold Street London United Kingdom EC2A 2AP,6.5
SANDBAR ASSET MANAGEMENT CAPITAL LTD,10573436,ltd,19-01-2017,[66300],Citibase London England SW1E 5HX,6.5
DYE M&A HOLDING LTD,NI732019,ltd,04-08-2025,"[64303,66300,70229, 74100]",21 Mountain Road 21 Mountain Road Newry United Kingdom BT35 8NJ,6.5
BELGRAVIA GLOBAL CAPITAL LTD,16713303,ltd,12-09-2025,"[64999,66300, 68100]",128 City Road London United Kingdom EC1V 2NX,6.5
EMPIRE BUSINESS SERVICES LIMITED,15113067,ltd,04-09-2023,"[47421,47910,55900, 66300]",C/O London Accountancy Hub Limited Ajp Business Centre London United Kingdom NW2 7HD,6.5
GENESIS QUANT CAPITAL LTD,16749769,ltd,29-09-2025,"[64991,66120,66300, 70229]",3 Dingle Dell Crowthorne United Kingdom RG45 6TH,6.5
TREUHAND AG LIMITED,16661849,ltd,20-08-2025,"[64205,66300, 70229]",16 Stratton Street London England W1J 8LH,6.5
KORSAR&CO LIMITED,16666744,ltd,22-08-2025,"[66300,70221, 70229]",14 Walton Road London England E13 9BP,6.5
GVL COMMODITY TRADING LTD,SC859011,ltd,14-08-2025,"[66120,66190,66300, 70221]",75 Heron View Motherwell Scotland ML1 2FL,6.5
SIGMA LAYER LTD,16657621,ltd,18-08-2025,"[66190,66220, 66300]",128 City Road London United Kingdom EC1V 2NX,6.5
MACKEREL LTD,16603338,ltd,24-07-2025,"[64999,66300, 70229]",71-75 Shelton Street London United Kingdom WC2H 9JQ,6.5
OPERA GROUP (UK) LIMITED,16690806,ltd,03-09-2025,"[64999,66190, 66300]",727-729 High Road London England N12 0BP,6.5
UR TRANZIT LTD,14588306,ltd,12-01-2023,"[27110,64301,66300, 78300]",4 Montpelier Street London England SW7 1EE,6.5
GLOBAL1TRILLION%+G O LIMITED,SC713504,ltd,28-10-2021,"[64304,64306,66300, 80300]",SC713504 - COMPANIES HOUSE DEFAULT ADDRESS Edinburgh EH7 9HR,6.5
GLOBAL1TRILLION%+H O LIMITED,SC713584,ltd,29-10-2021,"[64203,66300,70100, 80300]",SC713584 - COMPANIES HOUSE DEFAULT ADDRESS Edinburgh EH7 9HR,6.5
M7 ASSET MANAGEMENT LIMITED,15253887,ltd,01-11-2023,"[64910,64999, 66300]",15253887 - COMPANIES HOUSE DEFAULT ADDRESS Cardiff CF14 8LH,6.5
TEARLACH LIMITED,09695750,ltd,21-07-2015,[66300],C/O Gateleys Plc Birmingham England B3 2HJ,6.5
TESEO CONSULTING LTD,16304318,ltd,10-03-2025,"[64999,66300,70221, 70229]","2nd Floor,  159a Chase Side Enfield England EN2 0PW",6.5
DEBORAH BOWSER MANAGEMENT LIMITED,09589650,ltd,13-05-2015,[66300],10 Saxonia Boulevard Milton Keynes England MK10 7FQ,6.5
ZIPZAPDASH LTD,15051212,ltd,05-08-2023,"[66300, 82990]",23 Guidlford Grove London United Kingdom SE10 8JY,6.5
LYNKPAY LTD,13288967,ltd,24-03-2021,"[62012,62020,63120, 66300]",We Work Manchester M2 3DE,6.5
NMX GLOBAL LTD,16348473,ltd,27-03-2025,"[66300,68320,70221, 70229]",16348473 - COMPANIES HOUSE DEFAULT ADDRESS Cardiff CF14 8LH,6.5
QUALITAS REALTY CAPITAL LTD.,11063149,ltd,14-11-2017,[66300],1 Red Place London United Kingdom W1K 6PL,6.5
SUNRISE PACT INTERNATIONAL EDUCATION AND INNOVATION ALLIANCE LTD,16443254,ltd,12-05-2025,"[64205,66190,66210, 66300]",16443254 - COMPANIES HOUSE DEFAULT ADDRESS Cardiff CF14 8LH,6.5
FRONTIER WAVE GLOBAL LEARNING AND INVESTMENT ALLIANCE LTD,16443350,ltd,12-05-2025,"[64205,66190,66210, 66300]",16443350 - COMPANIES HOUSE DEFAULT ADDRESS Cardiff CF14 8LH,6.5
STENEO LTD,14858981,ltd,10-05-2023,"[62020,63110,64205, 66300]",71-75 Shelton Street London United Kingdom WC2H 9JQ,6.5
HAIDARIA INVESTMENT GROUP UK LIMITED,09607802,ltd,26-05-2015,[66300],2443 Coventry Road Birmingham B26 3PP,6.5
EQPB I (ENGLAND) LIMITED,10738140,ltd,24-04-2017,[66300],42 Berkeley Square London England W1J 5AW,6.5
EAST ALPHA LTD,10782681,ltd,22-05-2017,[66300],"Tea Auction House,  Hay’S Galleria London England SE1 2HD",6.5
ATMOSPHERE CAPITAL LIMITED,10588812,ltd,29-01-2017,[66300],252a Liverpool Road Liverpool Road London England N1 1LG,6.5
SMECKLEYWOOD MANAGEMENT LIMITED,09558093,ltd,23-04-2015,[66300],Beckwith Barn Warren Estate Chelmsford United Kingdom CM1 3WT,6.5
BP WEALTH MANAGEMENT LIMITED,09381701,ltd,09-01-2015,[66300],Martletts Corner Church Street Horsham England RH12 3EX,6.5
FORADA LIMITED,10833901,ltd,23-06-2017,[66300],C/O Buzzacott Llp London United Kingdom EC2V 6DL,6.5
BGF INVESTMENT MANAGEMENT LIMITED,10608481,ltd,08-02-2017,[66300],13-15 York Buildings London United Kingdom WC2N 6JU,6.5
GREGOR DAVIDSON WEALTH MANAGEMENT LTD,SC516310,ltd,23-09-2015,[66300],15 Melville Terrace Stirling Scotland FK8 2NE,6.5
CHRYSALIS DEMENTIA CARE LTD,10918110,ltd,16-08-2017,[66300],Pyramid House London England N12 9RT,6.5
HEADLEY CAPITAL LTD,11031174,ltd,25-10-2017,[66300],20-22 Wenlock Road London England N1 7GU,6.5
MARK LEACH ASSET MANAGEMENT LIMITED,09923645,ltd,21-12-2015,[66300],Black Country House Oldbury United Kingdom B69 2DG,6.5
ADRIAN SMITH WEALTH MANAGEMENT LIMITED,09423185,ltd,04-02-2015,[66300],15 Olympic Court Boardmans Way Blackpool United Kingdom FY4 5GU,6.5
BRIGHT FUTURE FINANCIAL PLANNING LIMITED,09636105,ltd,12-06-2015,[66300],Highfield House Moor Lane Ilkley England LS29 6AS,6.5
MOUNTROSS INVESTMENT MANAGEMENT LTD.,09805776,ltd,02-10-2015,[66300],46 Rosslyn Park Weybridge England KT13 9QZ,6.5
AZZ INVESTINGS LIMITED,13607183,ltd,07-09-2021,"[45112,66300,68100, 68201]",16 Jefferson Street Stoke-On-Trent England ST6 5BG,6.5
GLOBAL PARAMETRICS (GENERAL PARTNER) LIMITED,11086879,ltd,28-11-2017,[66300],1 Lime Street London England EC3M 7HA,6.5
GLOBAL PARAMETRICS LIMITED,10896407,ltd,02-08-2017,[66300],1 Lime Street London England EC3M 7HA,6.5
PELLUCID ASSOCIATES LTD,15097682,ltd,25-08-2023,"[64205,64991,66120, 66300]",128 City Road London United Kingdom EC1V 2NX,6.5
PELLUCID CAPITAL LTD,15092169,ltd,23-08-2023,"[64205,64991,66120, 66300]",128 City Road London United Kingdom EC1V 2NX,6.5
CASHFLOW BRIDGE LIMITED,09527463,ltd,07-04-2015,[66300],The Manor Lodge Avenue Road Buckingham United Kingdom MK18 1QA,6.5
S&W ASSET MANAGEMENT LTD,13713570,ltd,31-10-2021,"[64306,66300,68320, 98000]",8 Jenny Nook Morecambe England LA3 2FQ,6.5
AVIVA INVESTORS INFRASTRUCTURE INCOME NO.6 LIMITED,10819386,ltd,14-06-2017,[66300],80 Fenchurch Street London United Kingdom EC3M 4AE,6.5
LANCASTER COMMODITIES LIMITED,09708031,ltd,29-07-2015,[66300],17 Houblon Road Richmond United Kingdom TW10 6DB,6.5
Y T SUTERWALLA LTD,12326048,ltd,21-11-2019,"[66300, 68209]",9 Berners Place London United Kingdom W1T 3AD,6.5
GLEN NEWELL WEALTH MANAGEMENT LIMITED,09879007,ltd,19-11-2015,[66300],Bear Cottage East Ruston England NR12 9JT,6.5
NORTH WALL CAPITAL SERVICES LTD,10711291,ltd,05-04-2017,[66300],51-53 Great Marlborough Street London England W1F 7JT,6.5
MAYFAIR EQUITY PARTNERS I GENERAL PARTNER LIMITED,SC498626,ltd,23-02-2015,[66300],50 Lothian Road Edinburgh Scotland EH3 9WJ,6.5
BFXCAPITAL LTD,10924686,ltd,21-08-2017,"[66300, 86900]",Belvedere Ewenny Road Bridgend Wales CF35 5AW,6.5
AJM WEALTH MANAGEMENT LIMITED,09506940,ltd,24-03-2015,[66300],C/O Elliot Woolfe & Rose Limited Stanmore United Kingdom HA7 1JS,6.5
APOLLO CREDIT MANAGEMENT INTERNATIONAL LIMITED,11066420,ltd,15-11-2017,[66300],1 Soho Place London England W1D 3BG,6.5
APIARY SECOND MEMBER LTD,11044719,ltd,02-11-2017,[66300],6 Warwick Street London United Kingdom W1B 5LX,6.5
WEB3 CAPITAL LTD,13796022,ltd,13-12-2021,"[64205,64304, 66300]",34 Edgeworth Crescent London England NW4 4HG,6.5
SÖDERBERG & PARTNERS ASSET MANAGEMENT LTD,14628955,ltd,31-01-2023,"[64999, 66300]",70 White Lion Street London England N1 9PP,6.5
KPS GLOBAL ASSET MANAGEMENT UK LIMITED,10738819,ltd,25-04-2017,[66300],6th Floor One London Wall London England EC2Y 5EB,6.5
SEALAND LIFE LTD,14819206,ltd,21-04-2023,"[66300,70229, 82990]","Unity House,  Suite 888 Westwood Park Wigan England WN3 4HE",6.5
S-GROUP INVESTMENT LTD,13719543,ltd,02-11-2021,"[64301,64303,64304, 66300]",201b.3 Cardinal Point Rickmansworth England WD3 1RE,6.5
WEALTHLAB8 INVESTMENTS,13772954,private-unlimited,30-11-2021,"[66300, 70229]",565 High Road Leytonstone London E11 4PB,6.5
FALCO CAPITAL PARTNERS LIMITED,09851696,ltd,02-11-2015,[66300],Millhouse Rochford United Kingdom SS4 1DB,6.5
EMPSALL LIMITED,11062150,ltd,14-11-2017,[66300],130 Shaftesbury Avenue London W1D 5EU,6.5
FIDENTI FINANCIAL PLANNING LTD,09468717,ltd,03-03-2015,[66300],25 Castle Street Cirencester England GL7 1QD,6.5
LUCKY STARLING INVESTMENTS LTD,13756615,ltd,22-11-2021,"[64991,66120,66300, 68100]",Brightfield Business Hub Bakewell Road Peterborough England PE2 6XU,6.5
FORTUNE GLOBAL INVESTMENT LTD,14570460,ltd,04-01-2023,"[64205,64301,66120, 66300]",71-75 Shelton Street London United Kingdom WC2H 9JQ,6.5
JAMES HOUGHTON LIMITED,09421053,ltd,04-02-2015,[66300],32 Colvers Harlow United Kingdom CM17 0PX,6.5
ATLANTIC VENTURE CAPITAL + LTD,15053548,ltd,07-08-2023,"[64205,64301,66110, 66300]",7 Bell Yard London England WC2A 2JR,6.5
UNLTD IMPACT SUPPORT COMPANY LTD,10951754,ltd,07-09-2017,[66300],123 Whitecross Street London United Kingdom EC1Y 8JJ,6.5
LSA EQUITIES LTD,10694792,ltd,28-03-2017,[66300],"6th Floor,  Charlotte Building London England W1T 1QL",6.5
TRADING PLAN LIMITED,15336237,ltd,08-12-2023,"[64991,66120,66210, 66300]",85 Great Portland Street London W1W 7LT,6.5
ANDERSON WEALTH ADVICE LIMITED,09465036,ltd,02-03-2015,[66300],16 The Avenue Cheltenham England GL53 9BL,6.5
BLUE LABEL WEALTH MANAGEMENT LIMITED,09377084,ltd,07-01-2015,[66300],Towngate House Poole United Kingdom BH15 2PW,6.5
MAYS CAPITAL LTD,11874600,ltd,11-03-2019,"[66300, 68100]",147 Stamford Hill London United Kingdom N16 5LG,6.5
EMERGING MARKETS INVESTMENT MANAGEMENT LIMITED,10788629,ltd,25-05-2017,[66300],80 Coleman Street London England EC2R 5BJ,6.5
APNE LIMITED,09483083,ltd,11-03-2015,[66300],1c Henley Business Park Guildford England GU3 2DX,6.5
BHA TRUSTEES LTD,11972687,ltd,01-05-2019,"[66120,66300, 68209]",168 Church Road Hove United Kingdom BN3 2DL,6.5
RICHARD WILDE WEALTH SOLUTIONS LIMITED,09572551,ltd,05-05-2015,[66300],6 Penmere Drive Stoke On Trent United Kingdom ST9 0NG,6.5
WISE UNIVERSAL GROUP LTD,14615225,ltd,25-01-2023,"[64205,64301,66110, 66300]",128 City Road London England EC1V 2NX,6.5
NIELS SKOV INVESTMENT LTD,16222676,ltd,01-02-2025,"[64301,64304,66300, 70221]",201 Brox Road Chertsey England KT16 0RD,6.5
LIONSON INVESTMENTS LIMITED,10745487,ltd,28-04-2017,[66300],27 Mulberry Walk London United Kingdom SW3 6DZ,6.5
ARJUN INFRASTRUCTURE PARTNERS LIMITED,09431213,ltd,10-02-2015,[66300],"Loddon Reach,  Reading Road Reading England RG2 9HU",6.5
SCA ALLIANCE LIMITED,14716599,ltd,08-03-2023,"[64205,64303,66120, 66300]",277 Gray's Inn Road London United Kingdom WC1X 8QF,6.5
ALS III MEMBER CO LIMITED,11397908,ltd,05-06-2018,[66300],27 Fitzroy Square London England W1T 6ES,6.0
ARISTATA CAPITAL LIMITED,11645469,ltd,26-10-2018,[66300],C/O Hillier Hopkins Llp Ground Floor London United Kingdom SW1Y 5JG,6.0
KYMA CAPITAL LIMITED,11237279,ltd,06-03-2018,[66300],1 Duchess Street London England W1W 6AN,6.0
VISION FILED LTD,15762782,ltd,05-06-2024,"[58110,66110,66120, 66300]",128 City Road London United Kingdom EC1V 2NX,6.0
FNDSIQ LTD.,12569767,ltd,23-04-2020,"[62090, 66300]",124 124 City Road London England EC1V 2NX,6.0
DUCHEMIN WILLIAMS LIMITED,10328946,ltd,15-08-2016,[66300],Stable Cottage Henley-On-Thames England RG9 3HY,6.0
OMESIA LIMITED,10229605,ltd,13-06-2016,[66300],Beckwith Barn Warren Estate Writtle England CM1 3WT,6.0
GKA INTERNATIONAL (STORAGE) MANAGEMENT LIMITED,10195896,ltd,24-05-2016,[66300],55 King Street Manchester United Kingdom M2 4LQ,6.0
HALO GLOBAL ASSET MANAGEMENT LTD,10193739,ltd,23-05-2016,[66300],Wades House Winchester England SO21 3RJ,6.0
AVIAN ASSETS,09073444,private-unlimited,05-06-2014,[66300],The Spinney Rainhill L35 6NG,6.0
ELITE UK COMMERCIAL LIMITED,11457097,ltd,10-07-2018,[66300],16 Berkeley Street London United Kingdom W1J 8DZ,6.0
TIME TO DEPLOY LTD,10440638,ltd,21-10-2016,[66300],Camburgh House Canterbury United Kingdom CT1 3DN,6.0
PURPLE RAIN INVESTMENT MANAGEMENT LTD,10192536,ltd,20-05-2016,[66300],Beckwith Barn Warren Estate Chelmsford United Kingdom CM1 3WT,6.0
LANCE MASON FS LTD,10086628,ltd,29-03-2016,[66300],Gm House Blackburn England BB1 2EH,6.0
ZLN CONSULTING LTD,15851804,ltd,22-07-2024,"[66300,85590,85600, 96090]",128 City Road London United Kingdom EC1V 2NX,6.0
ECW INVESTMENT SERVICES LIMITED,10314359,ltd,05-08-2016,[66300],Sea Strand Ventnor England PO38 1RN,6.0
SPARTA CAPITAL MANAGEMENT LTD,11178462,ltd,30-01-2018,[66300],1 Knightsbridge Green London England SW1X 7QA,6.0
ALPH CAPITAL LIMITED,10293635,ltd,25-07-2016,[66300],1 Princeton Mews Kingston Upon Thames England KT2 6PT,6.0
MOSCAR CAPITAL LTD,11695794,ltd,26-11-2018,[66300],Foresters Hall 25 - 27 Westow Street London United Kingdom SE19 3RY,6.0
CLEAR WATERS INVESTMENTS LIMITED,11556794,ltd,06-09-2018,"[64301, 66300]",Peplow Hall Market Drayton United Kingdom TF9 3JP,6.0
TOROCE INVESTMENTS LTD,10291317,ltd,22-07-2016,[66300],Albany House Esher KT10 9FQ,6.0
OPTUM VENTURE GLOBAL MANAGEMENT UK LIMITED,11559301,ltd,07-09-2018,[66300],25 Bruton Street London England W1J 6QH,6.0
7PERCENT VENTURES LTD,11698144,ltd,27-11-2018,[66300],59 St. Martin's Lane London England WC2N 4JS,6.0
IL RIDOTTO 1638 LTD.,15947778,ltd,10-09-2024,"[55100,64303,64306, 66300]",20 Wenlock Road London England N1 7GU,6.0
UK INERTIA BUSINESS & CONSULTING LIMITED,14168471,ltd,13-06-2022,"[59111,59131,66120, 66300]",Summit House Woodland Park Cleckheaton United Kingdom BD19 6BW,6.0
THE ISLAMIC BURIAL PLAN LTD,11663518,ltd,06-11-2018,"[66300, 96030]",343 Stafford Road Wolverhampton England WV10 6DY,6.0
LIGHTMAN INVESTMENT MANAGEMENT LIMITED,11647387,ltd,29-10-2018,[66300],C/O Buzzacott Llp London United Kingdom EC2V 6DL,6.0
HAWKEYE INVEST LTD,12769236,ltd,27-07-2020,"[64205,64303, 66300]",2nd Floor College House Ruislip United Kingdom HA4 7AE,6.0
EJD TRADING AND RISK SOLUTIONS LIMITED,11437316,ltd,28-06-2018,[66300],2 Desenfans Road London England SE21 7DN,6.0
THEMIS CAPITAL MANAGEMENT LIMITED,10411937,ltd,05-10-2016,[66300],"C/O Ake,  Hoddesdon Enterprise Centre Hoddesdon England EN11 0FJ",6.0
BLUEBOX ASSET MANAGEMENT UK LIMITED,11452623,ltd,06-07-2018,[66300],5-10 Bolton Street London England W1J 8BA,6.0
MAGNOLIA VENTURES LIMITED,11500070,ltd,03-08-2018,[66300],2 Leman Street London United Kingdom E1W 9US,6.0
JCC & CO HOLDINGS LIMITED,11698398,ltd,27-11-2018,"[64209, 66300]",Westcroft House Bradford United Kingdom BD7 4EX,6.0
MONTAUK (UK) INVESTMENT HOLDINGS LIMITED,SC531053,ltd,30-03-2016,[66300],C/O Brodies Llp Capital Square Edinburgh United Kingdom EH3 8BP,6.0
SEYE OLOKODE LTD,11566196,ltd,12-09-2018,[66300],46 Dalwood Street Dalwood Street London England SE5 7DU,6.0
NORTHSTAR FINANCIAL CONTENT LTD,12405690,ltd,15-01-2020,"[62020,66300, 71200]",11 Dover Terrace Sandycombe Road Richmond England TW9 2EF,6.0
NVESTMENTS LIMITED,11439345,ltd,28-06-2018,[66300],4 Essex Villas London England W8 7BN,6.0
TRESIDOR INVESTMENT MANAGEMENT (UK) LTD,11535890,ltd,24-08-2018,[66300],72 Welbeck Street London England W1G 0AY,6.0
FD DYNAMIC PORTFOLIOS LIMITED,11721242,ltd,11-12-2018,[66300],20 St. Dunstan's Hill London England EC3R 8HL,6.0
CLARENCE BRIDGE CAPITAL LIMITED,11178970,ltd,31-01-2018,[66300],"International House,  36-38 Cornhill London England EC3V 3NG",6.0
BSF HOLDINGS LTD,11675920,ltd,13-11-2018,"[64991, 66300]",161 Elm Grove Southsea United Kingdom PO5 1LU,6.0
HCY LTD,16020578,ltd,16-10-2024,"[17120,17230,46900, 66300]",71-75 Shelton Street London United Kingdom WC2H 9JQ,6.0
UNLTD VENTURE GROWTH SUPPORT LTD,11568325,ltd,13-09-2018,[66300],123 Whitecross Street London EC1Y 8JJ,6.0
E.SKINNER HOLDINGS LTD.,10109622,ltd,07-04-2016,[66300],19-20 Bourne Court Southend Road Woodford Green United Kingdom IG8 8HD,6.0
GAMETECH VENTURES LTD,11690143,ltd,21-11-2018,[66300],24 Lionel Mansions London United Kingdom W14 0JH,6.0
HBBA CERTIFIED MANAGEMENT ACCOUNTANTS LTD,11275283,ltd,26-03-2018,"[64205, 66300]",4200 Waterside Solihull Parkway Solihull Parkway Birmingham England B37 7YN,6.0
FOREX AI LTD,16111698,ltd,02-12-2024,"[66120,66300,85421, 85590]",86-90 Paul Street London England EC2A 4NE,6.0
POWERHOUSE FS LIMITED,16105238,ltd,27-11-2024,"[64999,66190, 66300]",1&2 Mercia Business Village Torwood Close Coventry England CV4 8HX,6.0
LCH PARTNERS (UK) LIMITED,11679643,ltd,15-11-2018,[66300],6th Floor 25 Farringdon Street London EC4A 4AB,6.0
ENHANCE FINANCIAL PLANNING LIMITED,10256599,ltd,29-06-2016,[66300],"Unit 12,  Trent Business Park Lichfield England WS13 6RN",6.0
AVENUE PENSIONS LIMITED,09994124,ltd,09-02-2016,[66300],138 The Avenue Sunbury-On-Thames England TW16 5EA,6.0
NEXT GENERATION INVESTMENT MANAGEMENT LIMITED,14031145,ltd,06-04-2022,"[64205,64303,64991, 66300]",Camburgh House Canterbury United Kingdom CT1 3DN,6.0
APSARA HOLDING GROUP LTD,13900591,ltd,08-02-2022,"[64202,64205,64303, 66300]",13900591 - COMPANIES HOUSE DEFAULT ADDRESS Cardiff CF14 8LH,6.0
DMB MANAGEMENT LTD,14197688,ltd,27-06-2022,"[41100,46120,66120, 66300]",85 Park Road Prestwich England M25 0DX,6.0
THE FARLEYER NOMAD LTD,SC734555,ltd,06-06-2022,"[64303,66300,68100, 68320]",East Cottage Aberfeldy Scotland PH15 2JG,6.0
LAIGNES HOLDING LTD,11247156,ltd,10-03-2018,[66300],22 Hyde Way London United Kingdom N9 9RT,6.0
AUGMENTUM FINTECH MANAGEMENT LIMITED,11194408,ltd,08-02-2018,[66300],5th Floor 4 Chiswell Street London England EC1Y 4UP,6.0
IQCP III C2 LIMITED,11206211,ltd,14-02-2018,[66300],45 Whitfield Street London England W1T 4HD,6.0
SOPHIA SEF MANAGEMENT LIMITED,11282077,ltd,28-03-2018,[66300],100 Liverpool Street London England EC2M 2AT,6.0
BLUESTONE WEALTH LTD,09975033,ltd,28-01-2016,[66300],Unit 4 Woodbury Business Park Exeter England EX5 1AY,6.0
INQUEZTOR LIMITED,10494780,ltd,24-11-2016,[66300],Perrott Wood Graffham GU28 0NZ,6.0
SFC1 LTD,13078014,ltd,11-12-2020,"[64205,64303, 66300]",8 C/O Sandfield Capital Limited Liverpool England L3 1DL,6.0
BESKAPITAL LTD,17076449,ltd,07-03-2026,"[64999,66190, 66300]",11 Cunard Apartments 1 Picture House Mews London England E17 3GW,6.0
POLYARB CAPITAL LTD,17143435,ltd,08-04-2026,"[64999,66300, 70229]",128 City Road London United Kingdom EC1V 2NX,6.0
REST SUPER (UK) LIMITED,10365975,ltd,08-09-2016,[66300],Squire Patton Boggs (Uk) Llp (Ref: Csu) Birmingham England B3 2DX,6.0
KAUR CAPITAL GROUP LTD,17217432,ltd,13-05-2026,"[64205,64303,64999, 66300]",9 Foxdown Close Kidlington England OX5 2YE,6.0
BURCAP LIMITED,17235360,ltd,21-05-2026,"[64301,64999, 66300]",66 Paul Street London England EC2A 4NA,6.0
TC TRUSTEES (CAMBRIDGE) LIMITED,10518470,ltd,09-12-2016,[66300],Tc Thompson Taraz Rand 1st Floor Cambridge England CB5 8AF,6.0
CORINTH PRIVATE EQUITY LTD,15639493,ltd,12-04-2024,"[66300, 70221]",71-75 Shelton Street London England WC2H 9JQ,6.0
M&A CAPITAL GROUP LTD,16954953,ltd,11-01-2026,"[64306,66300, 70229]",10-16 Tiller Road London England E14 8PX,6.0
NASSOURI PARTNERS LTD,17041177,ltd,18-02-2026,"[64999,66190,66300, 70221]",117 Station Road Edgware England HA8 7JG,6.0
PEXBRIDGE INVESTMENTS LIMITED,13081205,ltd,14-12-2020,"[64301,64303, 66300]",Fernhills Business Centre Foerster Chambers Bury United Kingdom BL9 5BJ,6.0
ALLIANCE GLOBAL BANCO LTD,14385302,ltd,29-09-2022,"[64191,64910,64921, 66300]","The Bristol Office 2nd Floor,  5 High Street Bristol England BS9 3BY",6.0
SPACE EDGE LIMITED,16048820,ltd,29-10-2024,"[64205,64991,66120, 66300]",71-75 Shelton Street London United Kingdom WC2H 9JQ,6.0
L-GAM UK ADVISORS LIMITED,11423301,ltd,19-06-2018,[66300],22 Grosvenor Gardens London England SW1W 0DH,6.0
SOUTHERN BUILDING INVESTMENTS LTD,10261788,ltd,05-07-2016,[66300],45 Cowley Close Southampton England SO16 9WD,6.0
NEXUS GLOBAL SPORTS LTD,11256767,ltd,15-03-2018,"[47990, 66300]","Floor 2 ,  The Warehouse Hereford England HR4 9DP",6.0
GLOBAL INFINITE SOURCE LTD,15514133,ltd,22-02-2024,"[66300,70221, 82990]",Company Service A111 2 Alexandra Gate Cardiff United Kingdom CF24 2SA,6.0
JOHN FALCON LIMITED,16061534,ltd,05-11-2024,"[64301,64304,65300, 66300]",128 City Road London United Kingdom EC1V 2NX,6.0
HIMALAYAN SPACE CENTER LTD,16099464,ltd,25-11-2024,"[64205,64301,64910, 66300]",42-44 Bishopsgate London England EC2N 4AH,6.0
BLS MANAGEMENT SERVICES LIMITED,SC615552,ltd,06-12-2018,[66300],London Road Centre Kilmarnock United Kingdom KA3 7BU,6.0
FAIRTREE CAPITAL UK LTD,11181734,ltd,01-02-2018,[66300],"C/O Kroll Advisory Ltd.,  The Shard,  Level 14 London England SE1 9SG",6.0
QUADRIFOGLIO FOUR LTD,16135075,ltd,13-12-2024,"[58290,62012,62090, 66300]",14 Cotton's Gardens London United Kingdom E2 8DN,6.0
PRESTIGE WORLDWIDE SERVICES & MANAGEMENT LTD,13007332,ltd,10-11-2020,"[43290,45112, 66300]","The Cottage,  Hampden Bottom Farm Great Missenden England HP16 9PT",6.0
AMEDIA WEALTH LTD,11407821,ltd,11-06-2018,[66300],235-237 Vauxhall Bridge Road London England SW1V 1EJ,6.0
WHITMAN ASSET MANAGEMENT LIMITED,11283688,ltd,29-03-2018,[66300],1 Manchester Square London United Kingdom W1U 3AB,6.0
CGM UK ADVISORS LTD.,11699202,ltd,27-11-2018,[66300],29 Bolton Street London United Kingdom W1J 8BP,6.0
IW CAPITAL GENERAL PARTNER NO. 1 LIMITED,11241858,ltd,08-03-2018,[66300],42 Bruton Place London United Kingdom W1J 6PA,6.0
OLD PARK MANAGEMENT TRUST LIMITED,08885330,private-limited-guarant-nsc,11-02-2014,[66300],2nd Floor 10-12 Bourlet Close London United Kingdom W1W 7BR,6.0
BALAVAGH INVESTMENTS,09306227,private-unlimited,11-11-2014,[66300],20 Somerdale Road Birmingham B31 2EG,6.0
GLOCKNER CAPITAL MANAGEMENT (UK) LTD,11139772,ltd,09-01-2018,[66300],21 Knightsbridge London England SW1X 7LY,6.0
CLARHOS MANAGEMENT COMPANY LIMITED,10122973,ltd,14-04-2016,[66300],Beckwith Barn Warren Estate Writtle England CM1 3WT,6.0
ACCUMULUS WEALTH MANAGEMENT LIMITED,10043154,ltd,04-03-2016,[66300],The Old Rectory Weybridge England KT13 8DE,6.0
EJS FINANCIAL SERVICES LIMITED,10118281,ltd,11-04-2016,[66300],"Suite 6,  Enterprise House Bicester England OX26 4LD",6.0
ARCHAX CAPITAL LTD,11477975,ltd,23-07-2018,[66300],71-75 Shelton Street London England WC2H 9JQ,6.0
BARBROOK MANAGEMENT COMPANY LTD,08103821,private-limited-guarant-nsc,13-06-2012,[66300],17 Kent Road Swindon England SN1 3NJ,6.0
HELIX CAPITAL SERVICES LIMITED,11405616,ltd,08-06-2018,[66300],51 The Grove London England W5 5DX,6.0
SVL FINANCIAL INC LTD,15766674,ltd,07-06-2024,"[42220,66110,66300, 99000]",Unit Fs.113a 154-160 Fleet Street London England EC4A 2DQ,6.0
"JIESONGLIN INVESTMENT HOLDING GROUP CO., LTD",16607578,ltd,,"[46190,66190,66300, 73110]",Suite 13265 61 Bridge Street Kington United Kingdom HR5 3DJ,6.0
ATLAS INCORPORATION LTD,16944964,ltd,06-01-2026,"[64999,66110,66120, 66300]","D H D & Co,  651a Mauldeth Road West Manchester United Kingdom M21 7SA",6.0
MIKLIN ENTERPRISES LTD,16097476,ltd,24-11-2024,"[47429,47910,66300, 95210]","4th Floor,  Silverstream House London England W1T 6EB",6.0
COGENIO GROUP LIMITED,11663787,ltd,06-11-2018,[66300],Fifth Floor London England W1W 5PF,6.0
ANTAH CAPITAL LTD,17342661,ltd,16-07-2026,"[66190,66300, 70221]",124 City Road London United Kingdom EC1V 2NX,6.0
PRIXMO LTD,17351863,ltd,21-07-2026,"[64999,66110, 66300]",128 City Road London United Kingdom EC1V 2NX,6.0
BGG ASSET MANAGEMENT LTD,17390978,ltd,10-08-2026,"[64991,64999,66300, 70221]",82a James Carter Road Bury St. Edmunds England IP28 7DE,6.0
BILLION WISE INVESTMENT SOLUTIONS LIMITED,15425586,ltd,18-01-2024,"[62030,66300, 70221]",15425586 - COMPANIES HOUSE DEFAULT ADDRESS Cardiff CF14 8LH,6.0
GELMANN VENTURES LTD,11153218,ltd,16-01-2018,[66300],167-169 167 - 169 Great Portland Street London England W1W 5PF,6.0
PDGREEN LIMITED,10021231,ltd,23-02-2016,[66300],28 Spennithorne Road Spennithorne Road Manchester United Kingdom M41 5BU,6.0
CYGNUM CAPITAL ASSET MANAGEMENT LIMITED,11543285,ltd,30-08-2018,[66300],130-132 Buckingham Palace Road London SW1W 9SA,6.0
RL WEALTH MANAGEMENT LIMITED,10518916,ltd,09-12-2016,[66300],1 Regent Drive Billericay England CM12 0GD,6.0
PANAMA INVESTMENTS LIMITED,15785258,ltd,18-06-2024,"[56103,56290,66300, 96090]",203 Kilburn High Road London United Kingdom NW6 7HY,6.0
LATITUDE TRUSTEES LIMITED,11371917,ltd,21-05-2018,[66300],Clearwater House London United Kingdom W1U 5LH,6.0
THCP GROUP LIMITED,11394100,ltd,01-06-2018,[66300],25a Soho Square London England W1D 3QR,6.0
INFO TRADING LTD,12585757,ltd,05-05-2020,"[64301,64304, 66300]",5 Roper Crescent Sunbury-On-Thames England TW16 5BA,6.0
ROBECK INVESTMENTS,09152404,private-unlimited,29-07-2014,[66300],"Hamsard House 10 The Moorlands,  High Street Wetherby England LS23 6ED",6.0
ILLUMINATE FINANCIAL MANAGEMENT LTD,12839665,ltd,26-08-2020,"[64303, 66300]",404 The Frames Phipp Street London United Kingdom EC2A 4PS,6.0
LINEARSEND TECHNOLOGIES LTD,15914504,ltd,23-08-2024,"[62090,63110,63990, 66300]",71-75 Shelton Street London United Kingdom WC2H 9JQ,6.0
ACME VALUE MANAGEMENT LIMITED,10260248,ltd,04-07-2016,[66300],5 Elstree Gate Borehamwood United Kingdom WD6 1JD,6.0
RST FROME INVESTMENTS LIMITED,11364417,ltd,16-05-2018,[66300],29 York Street London England W1H 1EZ,6.0
CHILLINGTON VALE LIMITED,11297631,ltd,07-04-2018,[66300],29 York Street London England W1H 1EZ,6.0
PANAMA INVESTMENTS HOLDINGS LIMITED,15823669,ltd,08-07-2024,"[56103,56290,66300, 96090]",203 Kilburn High Road London United Kingdom NW6 7HY,6.0
TRISKELION INVESTMENTS LIMITED,11159979,ltd,19-01-2018,[66300],4th Floor Tuition House 27/37 St George's Road London England SW19 4EU,6.0
BYWAYS INVESTMENTS LIMITED,10355543,ltd,01-09-2016,[66300],Lady Mead Petersfield United Kingdom GU31 5LZ,6.0
UNIQUITY GROUP LIMITED,10260161,ltd,04-07-2016,[66300],Ship Canal House 98 Manchester United Kingdom M2 4WU,6.0
GRUNDINVESTMENT AG LTD,15824768,ltd,08-07-2024,"[64301,64303,66300, 68100]",20 Wenlock Road London England N1 7GU,6.0
GZAMCO INVESTMENTS LTD,14221842,ltd,07-07-2022,"[41100,64201,66300, 68100]",1 Seymour Close Manchester United Kingdom M16 9DN,6.0
HARDSCRABBLE (UK) INVESTMENT HOLDINGS LIMITED,SC531054,ltd,30-03-2016,[66300],C/O Brodies Llp Capital Square Edinburgh United Kingdom EH3 8BP,6.0
BLACKROCK UWEKEZA LTD,14127964,ltd,24-05-2022,"[64205,64991, 66300]",128 City Road London United Kingdom EC1V 2NX,6.0
CAM LAND (DURSLEY) LIMITED,10111687,ltd,08-04-2016,[66300],Woodgate House Barnet England EN4 9HN,6.0
HJP WEALTH MANAGEMENT LIMITED,10490173,ltd,22-11-2016,[66300],176 South Street Dorking England RH4 2ES,6.0
EDUCATE AFRICA LTD,15748421,ltd,29-05-2024,"[66300,82990, 85600]",Unit 82a James Carter Road Bury St. Edmunds England IP28 7DE,6.0
ELITE REIT HOLDINGS LIMITED,11561164,ltd,10-09-2018,[66300],16 Berkeley Street London United Kingdom W1J 8DZ,6.0
SOUND CAPITAL LTD,11553091,ltd,05-09-2018,[66300],"Flat 4,  11 Hyde Park Gardens London United Kingdom W2 2LU",6.0
AFEUK LTD,09940027,ltd,07-01-2016,[66300],66 Front Street Bishop Auckland England DL13 2XF,6.0
BARBAX INVESTMENTS LIMITED,10332835,ltd,17-08-2016,[66300],Wellesley House Waterlooville England PO7 7AN,6.0
JPAK CAPITAL LIMITED,11669053,ltd,09-11-2018,[66300],14 Alexander Place London England SW7 2SF,6.0
FINANCIAL RECOVERY TECHNOLOGIES UK LIMITED,11284563,ltd,29-03-2018,[66300],"Suite 4,  7th Floor 50 Broadway London United Kingdom SW1H 0DB",6.0
SNAB LIMITED,16006744,ltd,09-10-2024,"[64205,64209,64991, 66300]",27 Old Gloucester Street London United Kingdom WC1N 3AX,6.0
WINTERSTONE PROPERTIES LIMITED,12785572,ltd,02-08-2020,"[66300, 68209]",257 Marvels Lane London England SE12 9PT,6.0
QUANTUMLINE HOLDINGS LTD,15963647,ltd,18-09-2024,"[61200,64202,64204, 66300]",71-75 Shelton Street London United Kingdom WC2H 9JQ,6.0
TARGET FUND MANAGERS LIMITED,SC548164,ltd,19-10-2016,[66300],"1st Floor,  Glendevon House Stirling Scotland FK9 4TZ",6.0
PUMA PROPERTY FINANCE LIMITED,11685426,ltd,19-11-2018,[66300],Cassini House London England SW1A 1LD,6.0
GRS CAPITAL PARTNERS LIMITED,10452796,ltd,31-10-2016,[66300],Suite 2a1 Northside House Barnet United Kingdom EN4 9EB,6.0
LGPS CENTRAL LIMITED,10425159,ltd,13-10-2016,[66300],1st Floor I9 Wolverhampton United Kingdom WV1 1LD,6.0
EUROPA FINANCIAL SERVICES LIMITED,10398134,ltd,28-09-2016,[66300],18 Wellington Road South Hounslow England TW4 5JJ,6.0
CFM HOLDINGS LIMITED,10148092,ltd,26-04-2016,[66300],8 Spicer Street St. Albans England AL3 4PQ,6.0
FORD WERNER CAPITAL LIMITED,10272468,ltd,11-07-2016,[66300],170 High Street Winchester England SO23 9BQ,6.0
EQUITIX FOUNDER PARTNER LIMITED,11181375,ltd,01-02-2018,[66300],"3rd Floor,  South Building,  London England EC1A 4HD",6.0
ARANCI ADVISORS LTD.,11580482,ltd,20-09-2018,[66300],Fourth Floor London United Kingdom W1J 8BP,6.0
AVIANZ ASSET MANAGEMENT LIMITED,11552120,ltd,04-09-2018,"[66300, 68100]",12a Risedale Road Hemel Hempstead England HP3 9NN,6.0
RRJ GLOBAL LTD,14008420,ltd,29-03-2022,"[66300, 70229]",26 Ongar Road Brentwood England CM15 9GL,6.0
INTEGRATED FINANCIAL AIMS LIMITED,10055409,ltd,10-03-2016,[66300],13 The Close Norwich England NR1 4DS,6.0
PAUL DOHERTY WEALTH AND PROPERTY MANAGEMENT LTD,14008151,ltd,29-03-2022,"[64999, 66300]",35 Ovingham Close Tyne & Wear United Kingdom NE38 8NP,6.0
AVITAH CAPITAL SERVICES LIMITED,11670681,ltd,09-11-2018,[66300],5 Swallow Place London United Kingdom W1B 2AF,6.0
DELTA V TRADING LIMITED,11272042,ltd,23-03-2018,[66300],"Flat 9,  7 Embankment Gardens London United Kingdom SW3 4LJ",6.0
AXEPOINT CAPITAL LIMITED,11434496,ltd,26-06-2018,[66300],9 Phillimore Place London United Kingdom W8 7BY,6.0
EFINSERV LTD,11682664,ltd,16-11-2018,[66300],78 Warwick Gardens London United Kingdom W14 8PR,6.0
SOUTHOVER LTD,16073528,ltd,11-11-2024,"[66300,70221, 70229]",19 Inmans Lane Petersfield England GU32 2AN,6.0
TRACK AND TRUST LTD,11182649,ltd,01-02-2018,[66300],"22 Grand Walk,  Solebay Street,  London 22 Grand Walk London United Kingdom E1 4PJ",6.0
IQCP III A2 LIMITED,11206251,ltd,14-02-2018,[66300],45 Whitfield Street London England W1T 4HD,6.0
KENWAY GLOBAL MANAGEMENT LIMITED,11322387,ltd,23-04-2018,[66300],C/O Buzzacott Llp London United Kingdom EC2V 6DL,6.0
CHAPEL SECURITY CONSULTS AND ESTATES UK LIMITED,14464877,ltd,07-11-2022,"[66300,68310,80100, 84240]",82a James Carter Road Mildenhall IP28 7DE,6.0
EMERALD CAPITAL MANAGEMENT LTD,11345768,ltd,04-05-2018,[66300],36 Grantbridge Street Grantbridge Street London United Kingdom N1 8JN,6.0
MONTEBAY CAPITAL LTD,11551503,ltd,04-09-2018,[66300],12 Gate Hill Court London England W11 3QT,6.0
YNYS MON INVESTMENTS LIMITED,12820943,ltd,18-08-2020,"[66300, 68100]",28 Alwyne Road London United Kingdom N1 2HN,6.0
LAX CAPITAL LIMITED,11656526,ltd,02-11-2018,[66300],Level 30 The Leadenhall Building City Of London England EC3V 4AB,6.0
NEWUTIC ENERGY SAVER LIMITED,15556940,ltd,12-03-2024,"[46510,46630,46740, 66300]","Dept 5423,  196 High Road London United Kingdom N22 8HH",6.0
AVRE UNION LTD,14055346,ltd,20-04-2022,"[63120,66300, 96090]",4 Ringwood Gardens London England E14 9WY,6.0
QUANTSTREAM LIMITED,15866701,ltd,30-07-2024,"[64304,66120,66300, 77400]",Green Park House London England W1J 8LQ,6.0
MONOPOLY GROUP LIMITED,11331441,ltd,26-04-2018,[66300],85 Great Portland Street London England W1W 7LT,6.0
CAYNAS LIMITED,09970617,ltd,26-01-2016,[66300],Apollo House Hallam Way Blackpool England FY4 5FS,6.0
RP CAPITAL (UK) LTD,12548274,ltd,06-04-2020,"[66120,66210, 66300]","2nd Floor,  25 St. Nicholas Place Leicester England LE1 4LD",6.0
NATWEST TRUSTEE AND DEPOSITARY SERVICES LIMITED,11194605,ltd,08-02-2018,[66300],250 Bishopsgate London United Kingdom EC2M 4AA,6.0
EOS PRIVATE EQUITY PARTNERS LTD,11709829,ltd,04-12-2018,[66300],84 Brook Street London United Kingdom W1K 5EH,6.0
XBT GLOBAL NETWORK LIMITED,17000701,ltd,30-01-2026,"[64304,66300, 70221]",124-128 City Road London England EC1V 2NX,6.0
ARES SYSTEMATIC CREDIT LIMITED,11269446,ltd,22-03-2018,[66300],10 New Burlington Street London England W1S 3BE,6.0
GIEFFE LIMITED,15618358,ltd,05-04-2024,"[64204,64304,66300, 68320]",5th Floor 22 Eastcheap London England EC3M 1EU,6.0
LO UK HOLDINGS LIMITED,14504737,ltd,24-11-2022,"[64209,66300, 68209]",Flat 1 Rose Street London England WC2E 9EA,6.0
NASSOURI CAPITAL LTD,17036984,ltd,17-02-2026,"[64999,66190,66300, 70221]",117-119 Station Road Edgware England HA8 7JG,6.0
ANTELJ MANAGEMENT LTD,10079261,ltd,22-03-2016,[66300],19 White Lodge Close Isleworth England TW7 6TH,6.0
GET CITED LTD,14364211,ltd,20-09-2022,"[47910,62012,62020, 66300]",68 Carter Knowle Road Sheffield England S7 2DX,6.0
LODDON LIMITED,16044936,ltd,28-10-2024,"[66300,70221, 70229]",44 Wilson Avenue Henley-On-Thames England RG9 1ET,6.0
TABULA INVESTMENT MANAGEMENT LIMITED,11286661,ltd,03-04-2018,[66300],201 Bishopsgate London England EC2M 3AE,6.0
PIE FUNDS UK LIMITED,11520877,ltd,16-08-2018,[66300],C/O Paul Beare Ltd London United Kingdom W4 5LX,6.0
AUTOSSENTIAL LTD,15876382,ltd,05-08-2024,"[45200,45400,63110, 66300]",128 City Road London United Kingdom EC1V 2NX,6.0
AHG SEAFOOD LTD,16102094,ltd,26-11-2024,"[46510,46900,47910, 66300]",First Floor Office London United Kingdom W8 4LZ,6.0
GREENOAK MANAGEMENT TRUST LIMITED,10220282,ltd,08-06-2016,[66300],"Charnwood Accountants The Point,  Granite Way Loughborough England LE12 7TZ",6.0
HB TITAN LIMITED,11377149,ltd,23-05-2018,[66300],Synergy House 4th Floor London England WC1B 5AA,6.0
DAFFODIL BLOOMS INVESTMENTS UNLIMITED,09268048,private-unlimited,16-10-2014,[66300],"C/O Kpmg Llp,  Manchester United Kingdom M2 3AE",6.0
DG WEALTH LTD,17242698,ltd,26-05-2026,"[64205,66300, 70221]",483 Green Lanes London England N13 4BS,6.0
GDM WORKFORCE LTD,14236386,ltd,15-07-2022,"[66300,68320, 98000]",159b Mare Street London England E8 3RH,6.0
SR A AND A LIMITED,10481276,ltd,16-11-2016,[66300],1st Floor Office 5-7 Cambridge England CB5 8AF,6.0
RAVERA CAPITAL LTD,17298204,ltd,24-06-2026,"[64991,64999, 66300]",First Floor Office London United Kingdom W8 4LZ,6.0
COGENIO GROUP HOLDINGS LIMITED,11662826,ltd,06-11-2018,[66300],Fifth Floor London England W1W 5PF,6.0
VERITION ADVISORS (UK) LTD,11745301,ltd,31-12-2018,[66300],Lucent London United Kingdom W1F 7BL,6.0
MONOGRAM CAPITAL MANAGEMENT LTD,11187498,ltd,05-02-2018,[66300],"Second Floor,  Noland House London United Kingdom W1F 8QB",6.0
DOMINIC MARCUS FINANCIAL CONSULTING LTD,10377960,ltd,15-09-2016,[66300],2a The Quadrant Epsom England KT17 4RH,6.0
AETNA INVESTMENTS LIMITED,15708480,ltd,08-05-2024,"[64205,64304,66110, 66300]",167-169 Great Portland Street London United Kingdom W1W 5PF,6.0
AVIVA INVESTORS INFRASTRUCTURE INCOME NO.6B LIMITED,11253798,ltd,14-03-2018,[66300],80 Fenchurch Street London United Kingdom EC3M 4AE,6.0
EQUITY HEDGE LIMITED,13993004,ltd,21-03-2022,"[64304,64922,64929, 66300]",4 Witney Way Boldon Colliery United Kingdom NE35 9PE,6.0
THCP ADVISORY LIMITED,11397497,ltd,05-06-2018,[66300],25a Soho Square London England W1D 3QR,6.0
GQS CAPITAL LTD,11581320,ltd,21-09-2018,[66300],71-75 Shelton Street London United Kingdom WC2H 9JQ,6.0
SPARTAN SUISSE LTD,14127717,ltd,24-05-2022,"[64301,64304, 66300]",128 City Road London United Kingdom EC1V 2NX,6.0
BEECHBROOK PRIVATE DEBT III GENERAL PARTNER LIMITED,SC535568,ltd,17-05-2016,[66300],50 Lothian Road Edinburgh Scotland EH3 9WJ,6.0
KINKSILK LTD,14312045,ltd,23-08-2022,"[47190,62020,66300, 85600]",Flat 9 Beckenham Park Heights Lewisham SE6 3AL,6.0
MARCHO PARTNERS SERVICES (UK) LIMITED,11635910,ltd,22-10-2018,[66300],10 Queen Street Place London United Kingdom EC4R 1AG,6.0
CROWDMINT LTD,10395079,ltd,26-09-2016,[66300],27 New Dover Road Canterbury United Kingdom CT1 3DN,6.0
ROCKET BRIDGING LIMITED,11251456,ltd,13-03-2018,"[64922, 66300]",Park House Rochdale England OL16 1PJ,6.0
JOVAN INVESTMENTS LIMITED,10231725,ltd,14-06-2016,[66300],Fortune House Crabtree Office Village Egham United Kingdom TW20 8RY,6.0
LUNDY INVESTORS LIMITED,10295668,ltd,26-07-2016,[66300],"First Floor,  The Old Barn Kings Lane Maidenhead England SL6 9AY",6.0
MVPQ CAPITAL LIMITED,11254305,ltd,14-03-2018,[66300],128 City Road London United Kingdom EC1V 2NX,6.0
LVNSH LTD,14389270,ltd,30-09-2022,"[66300, 82990]",40 Stanley Avenue Beckenham United Kingdom BR3 6PX,6.0
JAROART LTD,15845178,ltd,17-07-2024,"[66300,68100,74100, 90030]",34 The Market Square London England N9 0TZ,6.0
ALL SEAS CAPITAL PARTNERS LTD,11701908,ltd,28-11-2018,[66300],C/O Kroll Advisory Ltd London United Kingdom SE1 9SG,6.0
WELLTH IMPACT INVESTMENTS LIMITED,13825664,ltd,04-01-2022,"[64999, 66300]",15 Home Farm Luton United Kingdom LU1 3TD,6.0
HAWKSHEAD INVESTMENT LIMITED,11715042,ltd,06-12-2018,[66300],20-22 Wenlock Road London N1 7GU,6.0
CAPINVEST (SECURITIES) LTD,11308699,ltd,13-04-2018,"[64929, 66300]",Chatsworth House Newquay England TR7 2AG,6.0
INTER REAL HOLDING LTD,15825074,ltd,08-07-2024,"[64301,64303,66300, 68100]",20 Wenlock Road London England N1 7GU,6.0
SERASA FINANCE LIMITED,10469162,ltd,08-11-2016,[66300],The Sir John Peace Building Experian Way Nottingham United Kingdom NG80 1ZZ,6.0
OMNI BRIDGEWAY (UK) LIMITED,11592223,ltd,27-09-2018,[66300],"Link House,   Level 2 London United Kingdom EC1M 6EJ",6.0
BULLIVANT WEALTH MANAGEMENT LTD,12417273,ltd,21-01-2020,"[65110,65300, 66300]",92 Friern Gardens Wickford England SS12 0HD,6.0
DBCN LIMITED,10234788,ltd,16-06-2016,[66300],"C/O Sobell Rhodes Llp The Kinetic Centre Elstree,  Borehamwood England WD6 4PJ",6.0
ATYPICAL PARTNER LTD,11391838,ltd,31-05-2018,[66300],25a Soho Square London England W1D 3QR,6.0
LINKMOUNT GLOBAL NETWORK LTD,15892342,ltd,12-08-2024,"[64303,66300,84210, 96090]",124 City Road London United Kingdom EC1V 2NX,6.0
ALPHA R2 LIMITED,10338379,ltd,19-08-2016,[66300],"4 Tawe Business Village,  Phoenix Way Swansea Wales SA7 9LA",6.0
GLOBAL ALPHA INVESTMENT LTD,14260916,ltd,28-07-2022,"[64929,64991, 66300]",Wedderburn House London England NW3 5QR,6.0
OLD TOWN CHRISTIAN TRUST,08142700,private-limited-guarant-nsc-limited-exemption,13-07-2012,[66300],2 Great Grove Gloucester GL4 4QT,6.0
AVIVA INVESTORS INFRASTRUCTURE INCOME NO.8 LIMITED,11372449,ltd,21-05-2018,[66300],80 Fenchurch Street London United Kingdom EC3M 4AE,6.0
AL CAPITAL PARTNERS LIMITED,10454977,ltd,01-11-2016,[66300],9 Orchard Road South Ockendon United Kingdom RM15 6HB,6.0
ROBERT LEWIS CAPITAL LIMITED,10515298,ltd,07-12-2016,[66300],4 Capricorn Centre Basildon United Kingdom SS14 3JJ,6.0
BVRH LTD,11545575,ltd,31-08-2018,[66300],71-75 Shelton Street London United Kingdom WC2H 9JQ,6.0
HEDONISM CAPITAL LIMITED,11574430,ltd,18-09-2018,[66300],Connaught House London England W1K 3NB,6.0
SIGNAL CAPITAL PARTNERS LIMITED,11464081,ltd,13-07-2018,[66300],4th Floor 25 Golden Square London United Kingdom W1F 9LU,6.0
CAROLON CAPITAL UK LIMITED,11732685,ltd,18-12-2018,[66300],"2nd Floor,  Heathmans House London England SW6 4TJ",6.0
CURLEW OPPORTUNITIES LIMITED,10444182,ltd,25-10-2016,[66300],Wey Court West Farnham United Kingdom GU9 7PT,6.0
CAROLINA INVEST PRIVATE LTD,11254767,ltd,14-03-2018,[66300],18 Brunswick Gardens London England W8 4AJ,6.0
GARCKE GLOBAL LTD,15988884,ltd,01-10-2024,"[64205,64303,64991, 66300]",71-75 Shelton Street London United Kingdom WC2H 9JQ,6.0
WAFRA EUROPE LIMITED,11654897,ltd,01-11-2018,[66300],C/O Kroll Advisory Ltd London United Kingdom SE1 9SG,6.0
EIGHTEEN48 PARTNERS LIMITED,11593850,ltd,28-09-2018,[66300],Montpelier House London United Kingdom SW3 1JJ,6.0
ECI MANAGEMENT LIMITED,11308989,ltd,13-04-2018,[66300],80 Strand London England WC2R 0DT,6.0
ECI MANAGEMENT 2 LIMITED,11319087,ltd,19-04-2018,[66300],80 Strand London England WC2R 0DT,6.0
ALLIANZ GLOBAL INVESTORS UK LIMITED,11516839,ltd,14-08-2018,[66300],199 Bishopsgate London United Kingdom EC2M 3TY,6.0
ADAM W CONSULTANCY LIMITED,15950401,ltd,11-09-2024,"[66300,70210, 70229]",67 Broadstone Road Bolton England BL2 4AT,6.0
WOODFORD INVESTMENT MANAGEMENT LIMITED,10118169,ltd,11-04-2016,[66300],C/O Wilson Partners Limited Tor Maidenhead England SL6 8BN,6.0
KARIM FINANCIAL LTD,14471721,ltd,09-11-2022,"[66110,66120,66220, 66300]",59 Alexandra Road Plymouth England PL2 1PH,6.0
MC PRECIOUS METALS INVESTMENT LIMITED,11683203,ltd,19-11-2018,[66300],Mid City Place London United Kingdom WC1V 6BA,6.0
AGRI FRONTIER CAPITAL LTD,16093497,ltd,21-11-2024,"[64999,66300, 70229]",The Alliston Centre Cirencester United Kingdom GL7 6JR,6.0
N1BNK EXCHANGE LTD,11220266,ltd,22-02-2018,"[66300, 68100]",B&K House Wysall Lane Nottingham England NG12 5AR,6.0
CKRC LIMITED,11510529,ltd,10-08-2018,[66300],27 Old Gloucester Street London England WC1N 3AX,6.0
BRI BLUEROCK INVESTMENT LTD,16040600,ltd,25-10-2024,"[66300, 70229]",27 Old Gloucester Street London United Kingdom WC1N 3AX,6.0
FIERA INFRASTRUCTURE UK LTD,11218255,ltd,21-02-2018,[66300],Queensbury House 3rd Floor London England W1S 3AE,6.0
EXAKEY LTD,14511021,ltd,28-11-2022,"[62020,66300,71122, 74909]",240 Shirley Road Birmingham England B27 7NP,6.0
MARKETSFORCE LIMITED,11173485,ltd,29-01-2018,"[64205, 66300]",45 Hillsden Road Whitley Bay United Kingdom NE25 9XF,6.0
STELLAR ECOMMERCE LTD,11276324,ltd,26-03-2018,"[47990, 66300]",6 Venus Close Nottingham United Kingdom NG6 0FS,6.0
LECAP ASSET MANAGEMENT LIMITED,11669613,ltd,09-11-2018,[66300],Michelin House London England SW3 6RD,6.0
ETS INVESTMENT LIMITED,11582867,ltd,21-09-2018,"[62020, 66300]",Swift House Chelmsford United Kingdom CM1 1GU,6.0
SOBO HOLDINGS LIMITED,09954280,ltd,15-01-2016,[66300],264 Banbury Road Oxford Oxfordshire England OX2 7DY,6.0
GREEN WATER HOLDINGS LIMITED,16150383,ltd,23-12-2024,"[66300,70100, 70221]",51 Mansel Road Birmingham England B10 9NR,6.0
NEW CENTURY F M LIMITED,10069352,ltd,17-03-2016,[66300],21 Raglan Gardens Watford England WD19 4LJ,6.0
AMULET PRIVATE OFFICE LIMITED,10091224,ltd,30-03-2016,[66300],22 Long Street Grantham United Kingdom NG31 8LN,6.0
CONSCIOUS CAPITAL ASSET MANAGEMENT LTD,13933275,ltd,22-02-2022,"[66300,68100, 68320]",Flat 35 Free Trade Wharf London England E1W 3ES,6.0
BRITE MOTORING LIMITED,11275974,ltd,26-03-2018,"[66220, 66300]",96 Warwick Avenue Harrow England HA2 8RD,6.0
MAISONPARC LTD,10123355,ltd,14-04-2016,[66300],Greenstedes Brockenhurst England SO42 7SU,6.0
MARUMIA LTD,09974142,ltd,28-01-2016,[66300],Jps Casterton Road Business Park Stamford United Kingdom PE9 4DE,6.0
PALMIER LTD,10120961,ltd,13-04-2016,[66300],Greenstedes Brockenhurst England SO42 7SU,6.0
GRANGETTE LTD,10121535,ltd,13-04-2016,[66300],Greenstedes Brockenhurst England SO42 7SU,6.0
P.R LONDON AND MEDIA LTD,13848562,ltd,14-01-2022,"[58130,59111,63910, 66300]",37 Lynwood Avenue Langley SL3 7BJ,6.0
QUINTEX WEALTH MANAGEMENT LIMITED,11369239,ltd,17-05-2018,[66300],32 Threadneedle Street London England EC2R 8AY,6.0
ALCHEMI CAPITAL MANAGEMENT LIMITED,11326570,ltd,24-04-2018,[66300],27 Old Gloucester Street London England WC1N 3AX,6.0
INTERNATIONAL EDUCATION MANAGEMENT LTD 1 LIMITED,16157479,ltd,31-12-2024,"[66300,85421,85422, 85590]",128 City Road London United Kingdom EC1V 2NX,6.0
3I IP ACQUISITIONS LIMITED,12668132,ltd,13-06-2020,"[64205, 66300]",1 Knightsbridge London United Kingdom SW1X 7LX,6.0
ZED2 LIMITED,NI636462,ltd,17-02-2016,[66300],366 Upper Newtownards Road Belfast United Kingdom BT4 3EX,6.0
TJRK LIMITED,10774442,ltd,17-05-2017,[66300],Honeycroft Walton-On-Thames England KT12 1EJ,5.5
FIN GREEN LTD,13620301,ltd,14-09-2021,"[64303, 66300]","85 Great Portland Street,  First Floor London United Kingdom W1W 7LT",5.5
CAND CAPITAL LIMITED,10699502,ltd,30-03-2017,[66300],27a Barker Road Sutton Coldfield United Kingdom B74 2NY,5.5
FIM PARTNERS UK LTD,12108672,ltd,17-07-2019,[66300],"Suite 1,  7th Floor 50 Broadway London United Kingdom SW1H 0BL",5.5
HASTOO INVESTMENTS LTD,13377745,ltd,05-05-2021,"[64304,66110, 66300]",Unit 9 Twelve O'Clock Court Sheffield England S4 7WW,5.5
GROWTOWN PROPERTY SERVICES LTD,SC632718,ltd,07-06-2019,"[66300, 98000]",5b Firth Road Livingston Scotland EH54 5DJ,5.5
JOBS UK WEST CENTRAL LONDON LTD,14886431,ltd,22-05-2023,"[64305,64306,66300, 78200]",270 Slade Road Birmingham England B23 7LX,5.5
BADBY LIMITED,11069309,ltd,17-11-2017,[66300],Woodgate House Cockfosters England EN4 9HN,5.5
BEL SOGNO ESTATE LTD,13400163,ltd,16-05-2021,"[66300, 68100]",71-75 Shelton Street London United Kingdom WC2H 9JQ,5.5
IONIC CAPITAL LIMITED,12234927,ltd,30-09-2019,[66300],47 Ulster Gardens London England N13 5DP,5.5
HAGGER LTD,12275534,ltd,22-10-2019,[66300],71-75 Shelton Street London United Kingdom WC2H 9JQ,5.5
BRISTOW & SUTOR MANAGEMENT SERVICES LIMITED,10709213,ltd,04-04-2017,[66300],Bartleet Road Redditch England B98 0FL,5.5
GREGORY INC (INVESTMENTS) LTD,13427536,ltd,28-05-2021,"[64991, 66300]",71-75 Shelton Street London England WC2H 9JQ,5.5
METIS ASSET MANAGEMENT LTD,11002278,ltd,09-10-2017,[66300],Brooklands Barn Haywards Heath England RH16 4RR,5.5
FUNDMUSIC LIMITED,13568184,ltd,16-08-2021,"[47630, 66300]",The Tapestry Building London England W1D 4SH,5.5
RIDGEWAY INVESTMENT MANAGEMENT LIMITED,10817077,ltd,13-06-2017,[66300],Dudmore Lodge Ogbourne Road Marlborough England SN8 2LD,5.5
DEVON SOCIAL FINANCE LIMITED,10811977,ltd,09-06-2017,[66300],The Factory Tiverton England EX16 5LL,5.5
KURO CAPITAL LTD,12025461,ltd,31-05-2019,[66300],"38 Nye Bevan Estate,  Overbury Street London United Kingdom E5 0AG",5.5
QUERNS INVESTMENTS LIMITED,10851926,ltd,05-07-2017,[66300],8 Weston Road Watlington United Kingdom OX49 5TU,5.5
SFP UK IBERIAN HOTEL OPERATIONS LTD,14960650,ltd,26-06-2023,"[64209,66300, 68320]",1 Cork Street Mews London England W1S 3BL,5.5
JIFIC LIMITED,10624174,ltd,16-02-2017,[66300],Artisans' House Northampton United Kingdom NN4 7BF,5.5
PARALLEL WEALTH MANAGEMENT LIMITED,10691842,ltd,27-03-2017,[66300],1-3 The Outlook Fox’S Marina Ipswich England IP2 8NJ,5.5
ALGO CORP LTD,11097399,ltd,05-12-2017,[66300],Innovation House Sandwich England CT13 9FF,5.5
PAUL DONOGHUE LTD,12257765,ltd,11-10-2019,"[66300, 69201]","Flat 5,  The Black Swan,  Gloucester England GL1 2EA",5.5
BERMONDSEY YARDS GENERAL PARTNER LIMITED,12268291,ltd,17-10-2019,[66300],80 Fenchurch Street London United Kingdom EC3M 4AE,5.5
BAILLIE WIND FARM COMMUNITY BENEFIT FUND,SC455608,private-limited-guarant-nsc-limited-exemption,30-07-2013,[66300],Naver Business Centre Naver House Thurso KW14 7QA,5.5
BRETT & WATSON INVESTMENTS LTD,12296123,ltd,04-11-2019,"[62020, 66300]",Gilfach Rhayader Wales LD6 5LF,5.5
LITTLEWICK WEALTH MANAGEMENT LIMITED,10730990,ltd,19-04-2017,[66300],Unit A19 Fairoaks Airport Chobham England GU24 8HU,5.5
IMPACT X STUDIOS LIMITED,11992054,ltd,13-05-2019,[66300],Unit 1d Olivers Wharf London England E1W 2PJ,5.5
EPF NEWCO 2 LIMITED,11092794,ltd,01-12-2017,[66300],C/O Aztec Financial Services (Uk) Limited Forum 4 Solent Business Park Fareham United Kingdom PO15 7AD,5.5
FOMCAP IV (SCOTLAND) LIMITED,SC575444,ltd,05-09-2017,[66300],50 Lothian Road Edinburgh Scotland EH3 9WJ,5.5
BOUNDARY CREEK UK HOLDINGS LTD,11750394,ltd,04-01-2019,[66300],"2 Babmaes Street,  5th Floor London United Kingdom SW1Y 6HD",5.5
BLETHRYN LIMITED,11042110,ltd,01-11-2017,[66300],Preston Fields House Stratford-Upon-Avon United Kingdom CV37 8LA,5.5
HYDASPEX LTD,12264230,ltd,16-10-2019,[66300],128 City Road London United Kingdom EC1V 2NX,5.5
SISPAL DESIGN LIMITED,13658061,ltd,04-10-2021,"[62020,66300, 74100]","Anjums Accountants Unit 9,  Gemini Business Park Leeds England LS7 3JB",5.5
SIS VENTURES LIMITED,SC576272,ltd,13-09-2017,[66300],3rd Floor 27 George Street Edinburgh Scotland EH2 2PA,5.5
SIGMUND ASSET SOLUTIONS LIMITED,12373486,ltd,20-12-2019,[66300],25 Bedford Square London England WC1B 3HH,5.5
NE GROWTH (ERDF) GENERAL PARTNER LIMITED,10660721,ltd,09-03-2017,[66300],"4 Enterprise House,  Kingsway Gateshead England NE11 0SR",5.5
NO. 7 THREADNEEDLE LANE LTD,10890167,ltd,31-07-2017,[66300],9 Bisenden Road Croydon United Kingdom CR0 6UN,5.5
DOLDING LIMITED,10813092,ltd,12-06-2017,[66300],8 Ash Walk South Ockendon United Kingdom RM15 6TY,5.5
ST GEORGE CAPITAL MANAGEMENT LIMITED,12069405,ltd,25-06-2019,[66300],7 Stratford Place London England W1C 1AY,5.5
ELWOOD FM LIMITED,12043434,ltd,11-06-2019,"[64305, 66300]",Salisbury House Cambridge United Kingdom CB1 2LA,5.5
NAVORA LIMITED,11981852,ltd,07-05-2019,[66300],21 5 Sloane Court East London England SW3 4TQ,5.5
FIELDMASTER CAPITAL LTD,13129928,ltd,13-01-2021,"[66300,68100, 68209]",Lower Eastrip Farm Chippenham United Kingdom SN14 8AX,5.5
BINJAI INVESTMENTS LIMITED,10800430,ltd,02-06-2017,[66300],2nd Floor Medway Bridge House Maidstone England ME14 1JP,5.5
ONE FOUR NINE PORTFOLIO MANAGEMENT LIMITED,11871594,ltd,09-03-2019,[66300],16 Berkeley Street London England W1J 8DZ,5.5
WINNINGTON FINANCIAL PLANNING LTD,11076621,ltd,22-11-2017,[66300],27 Beryl Avenue Tottington Bury England BL8 3NF,5.5
GUNSBROOK LIMITED,13762041,ltd,24-11-2021,"[64991,66300, 68100]",Vine Barn Northchapel England GU28 9HU,5.5
EUKLID LTD,10599858,ltd,03-02-2017,[66300],"C/O Windsor House Station Court,  Station Road Cambridge England CB22 5NE",5.5
OOJIT LTD,10829573,ltd,21-06-2017,[66300],58 Whitehouse Rise Belper England DE56 2TW,5.5
HILLARYS INVESTMENTS LIMITED,11039049,ltd,31-10-2017,[66300],32 Croft Road Nottingham England NG12 4BW,5.5
I M INVESTING LTD,10604676,ltd,07-02-2017,[66300],122 West Avenue Birmingham United Kingdom B20 2LY,5.5
WINCREST CAPITAL SERVICES (UK) LTD,11103963,ltd,08-12-2017,[66300],4th Floor Phoenix House Reading United Kingdom RG1 1NB,5.5
HELIKON INVESTMENTS LIMITED,12237605,ltd,01-10-2019,[66300],C/O Buzzacott Llp London United Kingdom EC2V 6DL,5.5
A&M CAPITAL ADVISORS EUROPE HOLDINGS LIMITED,11865507,ltd,07-03-2019,[66300],6 Grosvenor Street London United Kingdom W1K 4PZ,5.5
GOLDING CAPITAL PARTNERS (UK) LIMITED,11786886,ltd,24-01-2019,[66300],17 Hanover Square London United Kingdom W1S 1BN,5.5
BLUE SKY WEALTH LTD,10994751,ltd,04-10-2017,[66300],1 Irbyside Cottages Wirral United Kingdom CH48 1NS,5.5
WATERLAND PRIVATE EQUITY LTD,10574749,ltd,20-01-2017,[66300],Ladyfield House Wilmslow SK9 1BU,5.5
AGILE SUSTAINABLE INFRASTRUCTURE LIMITED,NI703049,ltd,12-10-2023,"[66300, 70221]",23a School Lane Magherafelt Northern Ireland BT45 8PE,5.5
DERWENT CAPITAL INVESTMENT LIMITED,13754129,ltd,19-11-2021,"[66300,68100, 68209]",Hearth House Wirksworth Road Belper England DE56 2LS,5.5
L CATTERTON UK SERVICES LIMITED,12303991,ltd,07-11-2019,[66300],Belgrave House London United Kingdom SW1W 9TQ,5.5
AI FUNDS LIMITED,11908280,ltd,27-03-2019,[66300],37 Dorset Road London United Kingdom SW19 3EZ,5.5
VALOR CAPITAL & PROPERTIES UK LTD,16233991,ltd,06-02-2025,"[66300,68100,68209, 98000]",124 City Road London England EC1V 2NX,5.5
J&J SUTERWALLA LIMITED,12316826,ltd,15-11-2019,"[66300, 68209]",137 Watling Street Radlett England WD7 7NQ,5.5
VENTUREFUND LIMITED,13165746,ltd,28-01-2021,"[64303, 66300]",71-75 Shelton Street London United Kingdom WC2H 9JQ,5.5
AMIN VENTURES LIMITED,14762283,ltd,27-03-2023,"[66300,68209, 96090]",C/O Dynamic Accountants London United Kingdom E1 1RD,5.5
XYZ HOLDINGS GROUP LTD,16158922,ltd,02-01-2025,"[62012,66190, 66300]",Manchester Technology Centre Manchester England M1 7ED,5.5
IQCP GF1 LIMITED,11968785,ltd,29-04-2019,[66300],45 Whitfield Street London England W1T 4HD,5.5
EUROPEAN VENTURE CAPITAL CO-INVESTMENTS LTD,11988297,ltd,10-05-2019,[66300],Level 5 Berkeley Square House London United Kingdom W1J 6BY,5.5
TENEO ASSET SOLUTIONS LIMITED,16680149,ltd,29-08-2025,"[66300, 70221]",11 Pilgrim Street London United Kingdom EC4V 6RN,5.5
WALTHER INVESTMENTS LIMITED,10936325,ltd,29-08-2017,[66300],Part 4th & 5th Floor One Centenary Way Birmingham United Kingdom B3 3AY,5.5
THE ANA MARIA FOUNDATION,13630819,private-limited-guarant-nsc-limited-exemption,20-09-2021,"[58190,66300,91011, 94110]",71-75 Shelton Street London United Kingdom WC2H 9JQ,5.5
MASTER STROKE GROUP LTD,16706201,ltd,09-09-2025,"[64205,66110,66120, 66300]",71-75 Shelton Street London United Kingdom WC2H 9JQ,5.5
GIVMARKETS LIMITED,16710127,ltd,11-09-2025,"[66300, 70229]","4th Floor,  95 Chancery Lane London United Kingdom WC2A 1DT",5.5
SOLAR INDUSTRY DEV LTD,16711957,ltd,11-09-2025,"[42990,64306,66300, 68100]",128 City Road London United Kingdom EC1V 2NX,5.5
KNEALE & MCCONVILLE LIMITED,13728931,ltd,08-11-2021,"[62020,66300, 68100]",Unit A310 Liverpool Business Centre 25 Goodlass Road Liverpool United Kingdom L24 9HJ,5.5
HIPPOCRATES LTD,14603576,ltd,19-01-2023,"[66300, 70221]",Mansfield Accounting Ltd Unit 11 Rochford United Kingdom SS4 1ND,5.5
SCRIMGEOUR FAMILY INVESTMENTS LTD,10697652,ltd,29-03-2017,[66300],No.11 Riverside Riverside Park Farnham England GU9 7UG,5.5
SQN ASSET MANAGEMENT LIMITED,10646013,ltd,01-03-2017,[66300],238 Station Road Addlestone England KT15 2PS,5.5
ZENNOR CAPITAL HOLDINGS LTD,12309798,ltd,12-11-2019,[66300],The Gaumont Level 2a London England SW3 5XP,5.5
FIVE TRADING AND FINANCING LTD,14787689,ltd,10-04-2023,"[64301,64991, 66300]",21 Ellis Street London United Kingdom SW1X 9AL,5.5
HOPESTOCK LTD,10810164,ltd,08-06-2017,[66300],Unit 11 Mansfield Accounting Ltd Rochford United Kingdom SS4 1ND,5.5
GOPAYLIX FINANCE LTD,16594987,ltd,21-07-2025,"[64301,66300, 70221]",82a James Carter Road Mildenhall United Kingdom IP28 7DE,5.5
RAYYAN GLOBAL INVESTMENTS LIMITED,16474691,ltd,27-05-2025,"[64303,64304,66300, 84130]",189 Gary Court Flat 18 London Road Croydon England CR0 2DR,5.5
RESONANCE NI POWER LIMITED,12156840,ltd,14-08-2019,[66300],7th Floor York House London United Kingdom WC2B 6UJ,5.5
DEVON EQUITY MANAGEMENT LIMITED,11939535,ltd,11-04-2019,[66300],2 Savoy Court London England WC2R 0EZ,5.5
CROWN & BENTLEY COMMERCIAL FINANCE LIMITED,12056446,ltd,18-06-2019,[66300],3 Royal Court London England EC3V 3LR,5.5
NAMAA VENTURES LTD,14601624,ltd,18-01-2023,"[66300, 70229]",555-557 Cranbrook Road Ilford Essex United Kingdom IG2 6HE,5.5
CARBON ASSET SOLUTIONS LTD,13176983,ltd,03-02-2021,"[64205, 66300]",71-75 Shelton Street London England WC2H 9JQ,5.5
GUPPY WEALTH MANAGEMENT LTD.,11066235,ltd,15-11-2017,[66300],Foxmead Haywards Heath United Kingdom RH16 4BW,5.5
NETZERO HOLDINGS LTD,13118750,ltd,07-01-2021,"[64209, 66300]",20-22 Wenlock Road London England N1 7GU,5.5
CINNAMON GP4 LIMITED,SC581651,ltd,15-11-2017,[66300],"Tlt Llp,  9th Floor Glasgow Scotland G2 6SE",5.5
VESTCO1878,10623877,private-unlimited,16-02-2017,[66300],124 City Road London England EC1V 2NX,5.5
IXC I (ENGLAND) LTD,11911928,ltd,28-03-2019,[66300],#1d Olivers Wharf London England E1W 2PJ,5.5
WEDBOLIS FINANCIAL SERVICES LIMITED,16412183,ltd,28-04-2025,"[66300,68310, 70221]",12 Worcester Parade Gloucester England GL1 3AR,5.5
RWR CAPITAL MARKETS PRIVATE LIMITED,10608612,ltd,08-02-2017,[66300],Flat 2 215 Lower Mortlake Road Richmond England TW9 2LN,5.5
FOUR OAKS 4 PROPERTY INVESTMENTS LIMITED,10597821,ltd,02-02-2017,[66300],Beckwith Barn Warren Estate Writtle England CM1 3WT,5.5
ST IVES BID LTD,08409718,private-limited-guarant-nsc,19-02-2013,[66300],The Old School St. Ives TR26 1QU,5.5
QUATREFOIL INVESTMENTS LIMITED,10652920,ltd,06-03-2017,[66300],Advantage House Stowe Court Lichfield United Kingdom WS13 6AQ,5.5
B42 INVESTMENTS,10756211,private-unlimited,05-05-2017,[66300],Third Floor 20 Old Bailey London EC4M 7AN,5.5
EVOLEN CAPITAL LTD,16742687,ltd,25-09-2025,"[66190, 66300]","4th Floor,  Rex House London United Kingdom SW1Y 4PE",5.5
SUSTAINABLE DATA CENTERS LTD,12046082,ltd,12-06-2019,[66300],One London England W1H 7AL,5.5
SARTHIFXM CAPITAL LIMITED,16752864,ltd,30-09-2025,"[64192,64910,66110, 66300]",Suite10 Capital House London United Kingdom E8 1LL,5.5
UCBI GROUP TECHNOLOGIES LTD,16774681,ltd,09-10-2025,"[62020,64191,64301, 66300]",20 Wenlock Road London England N1 7GU,5.5
S.M.U CAPITAL LIMITED,13430252,ltd,01-06-2021,"[66120, 66300]",195-197 Wood Street London England E17 3NU,5.5
BITE FAST EXCHANGE LTD,16795707,ltd,20-10-2025,"[64209,64301,64303, 66300]",128 City Road London United Kingdom EC1V 2NX,5.5
THE COGS INVESTMENT GROUP LIMITED,15070453,ltd,14-08-2023,"[66300,68209,87100, 90020]",Flat 6 Kings Meadow Batley England WF17 9QU,5.5
RAMSENA COIN LTD,16812180,ltd,27-10-2025,"[66300,68100,85600, 88100]",128 City Road London United Kingdom EC1V 2NX,5.5
MITOFF.AI LTD,16535787,ltd,23-06-2025,"[66300, 70221]",Office 13187 182-184 High Street North London United Kingdom E6 2JA,5.5
GLOBEWAVE TRADING LTD,16459974,ltd,19-05-2025,"[64999, 66300]",71-75 Shelton Street London United Kingdom WC2H 9JQ,5.5
PEOPLE PLANET PROFIT LIMITED,12057332,ltd,18-06-2019,[66300],Office 601 The Chandlery Business Centre London United Kingdom SE1 7QY,5.5
ENIGMA INVESTMENTS LIMITED,10674994,ltd,16-03-2017,[66300],Chapmansford Farm House Whitchurch United Kingdom RG28 7RR,5.5
ANTIMATTER AI LABS LTD,16550406,ltd,30-06-2025,"[64304,66300,68100, 68209]",128 City Road London United Kingdom EC1V 2NX,5.5
RIGEL MARKETS LTD,16581200,ltd,14-07-2025,"[64991,66110,66120, 66300]",71-75 Shelton Street London United Kingdom WC2H 9JQ,5.5
TRUFFLE PIG INVESTMENTS LTD,13330320,ltd,13-04-2021,"[64205,64303, 66300]","The Venture Centre,  Cambridge Innovation Park Denny End Road Cambridge England CB25 9PB",5.5
AINNOV TECH LTD,16616816,ltd,30-07-2025,"[66300, 70221]",5 Auckland Gardens London United Kingdom SE19 2UG,5.5
VAYUMIND TECHNOLOGIES LTD,16619415,ltd,31-07-2025,"[66120,66300,73110, 74909]",First Floor Office London United Kingdom W8 4LZ,5.5
MINGANAX LIMITED,16847788,ltd,11-11-2025,"[66300,72190,86900, 94910]",105b Fairlop Road London England E11 1BE,5.5
QWAY ORG LIMITED,16849367,ltd,12-11-2025,"[66300, 70221]",4 Corfton Rd London United Kingdom W5 2HS,5.5
LIVLA GROUP LTD,16893999,ltd,05-12-2025,"[64205,64306,66120, 66300]",71-75 Shelton Street London United Kingdom WC2H 9JQ,5.5
VENUSXVS LIMITED,16898452,ltd,08-12-2025,"[66300, 70221]",275 New North Road London England N1 7AA,5.5
PROFITO CAPITAL LTD,16919128,ltd,18-12-2025,"[66300, 70221]",Office 1904cw 182-184 High Street North London United Kingdom E6 2JA,5.5
R L FINANCIAL GROUP LIMITED,16495558,ltd,04-06-2025,"[42220,64201,64301, 66300]",Flat 3 Scotia Building London England E1W 3WA,5.5
RIPPON CAPITAL LIMITED,16716831,ltd,15-09-2025,"[66300, 70229]",20-22 Great Titchfield Street London England W1W 8BE,5.5
HASTINGS REAL ESTATE GROUP LTD,16824059,ltd,31-10-2025,"[64306,66300,68310, 68320]",71-75 Shelton Street London United Kingdom WC2H 9JQ,5.5
SUYU GROUP LTD,16833877,ltd,05-11-2025,"[46460,64301,66300, 68100]",71-75 Shelton Street London United Kingdom WC2H 9JQ,5.5
REFRESH INVEST LTD,13735417,ltd,10-11-2021,"[41201,66300, 68100]",9 Caldon Close Hinckley England LE10 0PQ,5.5
PINEWOOD ASSET MANAGEMENT LTD,15106472,ltd,31-08-2023,"[66290,66300,68100, 68310]",151 Stanmore Hill Stanmore United Kingdom HA7 3EF,5.5
FYRTORR HOLDINGS LTD,11766940,ltd,15-01-2019,[66300],15 Canfield Place London United Kingdom NW6 3BT,5.5
THEODORA FINANCIAL LIMITED,10758971,ltd,08-05-2017,[66300],12 Milton Road W7 1lf United Kingdom W7 1LF,5.5
WESTOVER LIMITED,10974117,ltd,21-09-2017,[66300],1 Worsley Court High Street Manchester England M28 3NJ,5.5
AKTIVEDGE SOLUTIONS LIMITED,10574652,ltd,20-01-2017,[66300],1 Parkshot Richmond England TW9 2RD,5.5
SEVEN EARTHS CAPITAL LTD,13786427,ltd,07-12-2021,"[64301, 66300]",71-75 Shelton Street London United Kingdom WC2H 9JQ,5.5
WEALTH ORACLE ASSET MANAGEMENT LIMITED,12111757,ltd,19-07-2019,[66300],31 Thornford Road London England SE13 6SG,5.5
GRIMSTON MANAGEMENT LIMITED,11029848,ltd,24-10-2017,[66300],22 Shipton Road York England YO30 5RF,5.5
JOHN STREET CAPITAL LIMITED,12142117,ltd,06-08-2019,[66300],29-30 Ely Place London United Kingdom EC1N 6TD,5.5
AVIVA INVESTORS INFRASTRUCTURE INCOME NO.7 LIMITED,12271062,ltd,18-10-2019,[66300],80 Fenchurch Street London United Kingdom EC3M 4AE,5.5
PEMBERTON OPERATIONAL SERVICES UK LIMITED,11852522,ltd,28-02-2019,[66300],5 Howick Place London England SW1P 1WG,5.5
TIGGI GEORGE INTERIORS LIMITED,10765533,ltd,11-05-2017,[66300],Pond House Castle Grove Road Woking England GU24 8EE,5.5
ATTESTOR LIMITED,12080120,ltd,02-07-2019,[66300],7 Seymour Street London United Kingdom W1H 7JW,5.5
JULIET ROSE INVESTMENT DISTRIBUTION LTD,10986450,ltd,28-09-2017,[66300],6 Penenden Heath Road Maidstone England ME14 2DA,5.5
OXX I (SCOTLAND) LIMITED,SC576184,ltd,13-09-2017,[66300],50 Lothian Road Edinburgh Scotland EH3 9WJ,5.5
BARON & GRANT INVESTMENT MANAGEMENT LIMITED,12161169,ltd,16-08-2019,[66300],66 Lincoln's Inn Fields London England WC2A 3LH,5.5
RST SOUTH WEST INVESTMENTS LIMITED,11961076,ltd,24-04-2019,[66300],29 York Street London England W1H 1EZ,5.5
ETHICAL POWER ASSET MANAGEMENT LIMITED,10785990,ltd,23-05-2017,[66300],Unit 9 Dunchideock Barton Exeter United Kingdom EX2 9UA,5.5
HILLTOP CREDIT PARTNERS LIMITED,11755964,ltd,08-01-2019,[66300],46a Berwick Street London England W1F 8SG,5.5
UTOPIA WEALTH LTD,10775197,ltd,17-05-2017,[66300],7 Park Hill Drive Birmingham England B20 1DJ,5.5
ESDL INVESTMENTS LIMITED,10798351,ltd,01-06-2017,[66300],251 Inner Promenade Lytham St Annes England FY8 1AZ,5.5
UK GAMES TALENT AND FINANCE C.I.C.,09589632,private-limited-guarant-nsc,13-05-2015,[66300],124 City Road London England EC1V 2NX,5.5
SYCAMORE MANAGED FUNDING LTD,14838691,ltd,02-05-2023,"[66300, 70229]",Meridian House Cranbrook United Kingdom TN17 3HL,5.5
BROOKLANDS ADVISORY LIMITED,12193668,ltd,06-09-2019,[66300],Suite 1.02 4 Cavendish Square London England W1G 0PG,5.5
LEIFBRIDGE CAPITAL MANAGEMENT LIMITED,12193850,ltd,06-09-2019,[66300],36-38 Cornhill London England EC3V 3NG,5.5
FAST PACE TRANSFER LIMITED,12060465,ltd,19-06-2019,[66300],3-4 Devonshire Street London England W1W 5DT,5.5
RPM HOLDINGS LIMITED,12201139,ltd,11-09-2019,[66300],73 Cornhill London United Kingdom EC3V 3QQ,5.5
ESR EUROPE PROPERTY MANAGEMENT LIMITED,12076114,ltd,01-07-2019,[66300],Ferguson House London England NW1 5JD,5.5
RUBICON PARTNERS ADVISORY LIMITED,11987058,ltd,09-05-2019,[66300],8-12 York Gate London United Kingdom NW1 4QG,5.5
PRELUDE CAPITAL (UK) LTD,11826841,ltd,14-02-2019,[66300],58 Grosvenor Street London England W1K 3JB,5.5
INFINITY INVESTMENT PARTNERS LIMITED,12282875,ltd,25-10-2019,[66300],21 Knightsbridge London England SW1X 7LY,5.5
GLENVIEW HOLDINGS LIMITED,NI659347,ltd,26-02-2019,"[64209, 66300]",150 Torr Road Cushendun Ballymena United Kingdom BT44 0PU,5.5
FAJAR ASSET MANAGEMENT LTD,10543845,ltd,03-01-2017,[66300],Suite 26 95 Miles Road Mitcham England CR4 3FH,5.5
AKB CAPITAL INVESTMENTS LIMITED,10692819,ltd,27-03-2017,[66300],Belgrave House Weybridge England KT13 8RN,5.5
GUNSBROOK WOOD LIMITED,13760999,ltd,23-11-2021,"[64991,66300, 68100]",Vine Barn Vine Barn Northchapel England GU28 9HU,5.5
FIRST SWISS DEPOSITORY AG LTD,11995880,ltd,14-05-2019,[66300],20-22 Wenlock Road London England N1 7GU,5.5
CINNAMON GP3 LIMITED,SC581650,ltd,15-11-2017,[66300],"Tlt Llp,  9th Floor Glasgow Scotland G2 6SE",5.5
DONEGAN ASSOCIATES LTD,11934474,ltd,09-04-2019,[66300],71-75 Shelton Street London England WC2H 9JQ,5.5
FOSSE BARN LIMITED,11109509,ltd,13-12-2017,[66300],Fosse Barn Malmesbury United Kingdom SN16 0QZ,5.5
FOUR OAKS 5 PROPERTY INVESTMENTS LIMITED,10689687,ltd,24-03-2017,[66300],Beckwith Barn Warren Estate Writtle England CM1 3WT,5.5
KALEX CAPITAL LTD,11887012,ltd,18-03-2019,"[43210, 66300]",19-21 Hatchett Street Birmingham United Kingdom B19 3NX,5.5
RWR INVESTMENT MANAGEMENT PRIVATE LIMITED,10607787,ltd,08-02-2017,[66300],Flat 2 215 Lower Mortlake Road Richmond England TW9 2LN,5.5
ONE PENTACLE LIMITED,11855993,ltd,01-03-2019,"[64205, 66300]",C/O Womble Bond Dickinson (Uk) Llp The Spark Newcastle Upon Tyne United Kingdom NE4 5DE,5.5
TREUN CAPITAL GENERAL PARTNER LIMITED,11748571,ltd,03-01-2019,[66300],"2nd Floor,  Heathmans House London United Kingdom SW6 4TJ",5.5
BCCIM UKRI GENERAL PARTNER LIMITED,10592056,ltd,31-01-2017,[66300],Grafton House Towcester United Kingdom NN12 7LS,5.5
MCLEOD WEALTH MANAGEMENT LIMITED,11096058,ltd,05-12-2017,[66300],104 Winkworth Road Banstead England SM7 2QR,5.5
BARWOOD CAPITAL (CPF2017) LIMITED,10693828,ltd,28-03-2017,[66300],Grafton House Towcester United Kingdom NN12 7LS,5.5
LVL ASSETS LTD,SC787989,ltd,02-11-2023,"[64999, 66300]",26 Bothiebrigs Drive Aberdeen Scotland AB12 4LA,5.5
AIKYA INVESTMENT MANAGEMENT LIMITED,12329682,ltd,22-11-2019,[66300],C/O Norose Company Secretarial Services Ltd London United Kingdom SE1 2AQ,5.5
INPERSCA LIMITED,SC562564,ltd,05-04-2017,[66300],43 Melville Street Edinburgh Scotland EH3 7JF,5.5
HOLLAND PARK FINANCIAL LTD,13191721,ltd,10-02-2021,"[66300, 68100]",Pyramid House London England N12 9RT,5.5
ANCHOR WEALTH CONSULTING LTD,SC786236,ltd,17-10-2023,"[66300, 70221]",4-10 Thistle Street Aberdeen United Kingdom AB10 1XZ,5.5
WORTHDEV LTD,13196750,ltd,11-02-2021,"[66300, 73110]",Flat 1 William Court London England SW16 3AN,5.5
SEACLIFF CAPITAL LTD,11827191,ltd,14-02-2019,[66300],20-22 Wenlock Road London England N1 7GU,5.5
CINGULAIT LTD,12171307,ltd,23-08-2019,[66300],York House London United Kingdom N1 9UZ,5.5
FIREMB LTD,14568099,ltd,03-01-2023,"[46190,47789,47910, 66300]",79 Cricklade Road Swindon England SN2 1AB,5.5
EUKARYOTE,09485330,private-unlimited,12-03-2015,[66300],4 Riverview Walnut Tree Close Guildford England GU1 4UX,5.5
ANTERMONY,09485106,private-unlimited,12-03-2015,[66300],4 Riverview Walnut Tree Close Guildford England GU1 4UX,5.5
GOMO CAPITAL MANAGEMENT LTD,16395341,ltd,17-04-2025,"[64205,64303,66300, 70100]","4th Floor,  Silverstream House London England W1T 6EB",5.5
CITY METALLIC LTD,16390718,ltd,16-04-2025,"[66300, 82990]",27 Cardinal Avenue London England SM4 4TA,5.5
UK SYNERGY PARTNERS LTD,16420847,ltd,30-04-2025,"[41100,66300,72190, 82301]",Unit 39 St Olavs Court Business Centre London England SE16 2XB,5.5
TMS INVESTMENTS HOLDING LTD,16215277,ltd,29-01-2025,"[64205,64301,66300, 68100]",71-75 Shelton Street London United Kingdom WC2H 9JQ,5.5
ALRAD STORAGE & COURIER LTD,16174784,ltd,10-01-2025,"[49410,52103,64304, 66300]",27 Old Gloucester Street London United Kingdom WC1N 3AX,5.5
GOLD PERMISSION LTD,11812538,ltd,07-02-2019,[66300],71-75 Shelton Street London England WC2H 9JQ,5.5
PROVIDENTIA CAPITAL SERVICES LIMITED,11835773,ltd,19-02-2019,[66300],"First Floor,  Berkeley Square House C/O Providentia Capital Llp London England W1J 6BD",5.5
MIFIC LIMITED,10615074,ltd,13-02-2017,[66300],Artisans' House Northampton United Kingdom NN4 7BF,5.5
SNB UGANDA READING SPACE LIMITED,16289457,ltd,04-03-2025,"[58110,66300,73110, 85600]",2 Leman St London United Kingdom E1 8FA,5.5
MUZIRIS CAPITAL LIMITED,10637921,ltd,24-02-2017,[66300],2 Oak Court Oxfordshire United Kingdom OX29 6SW,5.5
SOCIAL TECH VENTURES LIMITED,11815876,ltd,08-02-2019,[66300],167-169 Great Portland Street London England W1W 5PF,5.5
HARTLEY WEALTH MANAGEMENT LIMITED,10810931,ltd,09-06-2017,[66300],"First Floor,  Medway House East Grinstead England RH19 3BJ",5.5
NUTSHELL ASSET MANAGEMENT LIMITED,12341611,ltd,29-11-2019,[66300],"First Floor Strand Suite,  Ivybridge House London England WC2N 6LE",5.5
RGP MARKETING LTD,16492473,ltd,03-06-2025,"[59112,66300,78300, 84130]",38 Chancery Lane London United Kingdom WC2A 1EN,5.5
AMA EXECUTIVE HOLDINGS LTD,16935950,ltd,30-12-2025,"[64301,66300, 70221]",24 Godfrey Place Cheltenham England GL54 2QN,5.5
PAYES GLOBAL LIMITED,16918686,ltd,18-12-2025,"[58290,66110,66210, 66300]",71-75 Shelton Street London United Kingdom WC2H 9JQ,5.5
TWIN OAKS CAPITAL LIMITED,12167852,ltd,21-08-2019,"[66120, 66300]",4 New Buildings Cullompton England EX15 2HH,5.5
PRETIUM UK PARTNERS LIMITED,12378419,ltd,27-12-2019,[66300],107 Cheapside 107 Cheapside London England EC2V 6DN,5.5
BASKERVILLE SECURITIES LTD,10620923,ltd,15-02-2017,[66300],8 Camberwell Way Sunderland United Kingdom SR3 3XN,5.5
VOLACTIVE CAPITAL LTD,16786371,ltd,15-10-2025,"[66300, 70221]",193 Manchester Road London England E14 3DR,5.5
PLEZ LIMITED,10822269,ltd,16-06-2017,[66300],Union House Coventry England CV1 2NT,5.5
QUBER CAPITAL LIMITED,16708347,ltd,10-09-2025,"[66120,66300,73110, 74909]",First Floor Office London United Kingdom W8 4LZ,5.5
DLP CAPITAL PARTNERS UK LTD,16830292,ltd,04-11-2025,"[64209,66300,68100, 68310]",124 City Road London United Kingdom EC1V 2NX,5.5
ADVANCED FINANCIAL TECH LTD,16803098,ltd,22-10-2025,"[62012,66300,69201, 69202]",71-75 Shelton Street London United Kingdom WC2H 9JQ,5.5
STOCKEMONEY LTD,16797395,ltd,20-10-2025,"[64991,66110,66120, 66300]",71-75 Shelton Street London United Kingdom WC2H 9JQ,5.5
BARRAS CAPITAL MANAGEMENT PLC,13449884,plc,10-06-2021,[66300],Saxon House Chelmsford England CM1 1HT,5.5
MEZAN CAPITAL LTD,16825574,ltd,02-11-2025,"[64999, 66300]",124-128 City Road London England EC1V 2NX,5.5
SUN VITACORE LIFE & BENEFIT LTD,16821321,ltd,30-10-2025,"[65110,66220,66290, 66300]",One Canada Square London United Kingdom E14 5AB,5.5
SALIM SUTERWALLA HOLDINGS LTD,12326115,ltd,21-11-2019,[66300],29 Welbeck Street London United Kingdom W1G 8DA,5.5
XYL CAPITAL LIMITED,16724234,ltd,17-09-2025,"[64205,64209,64304, 66300]",128 City Road London United Kingdom EC1V 2NX,5.5
CAPITAL PRIVATE OFFICE LTD,16730077,ltd,19-09-2025,"[64999, 66300]",Apartment 1101 City Lights Point 64 New Kent Road London England SE1 6GD,5.5
COVAULT TECHNOLOGIES LTD,16716301,ltd,15-09-2025,"[62012,66300,69201, 94110]",128 City Road London United Kingdom EC1V 2NX,5.5
GETFINANCIALGUARDIAN LIMITED,16723600,ltd,17-09-2025,"[64301,64304,66220, 66300]",71-75 Shelton Street London United Kingdom WC2H 9JQ,5.5
ATLANTIAN CROWN BK LIMITED,16713866,ltd,12-09-2025,"[64304,64306,66300, 84120]",14/2e Docklands Business Centre 10-16 Tiller Road London United Kingdom E14 8PX,5.5
BLACK EAGLE DEVELOPMENT AND PROJECT MANAGMENT CORPORATION LTD,16739778,ltd,24-09-2025,"[02100,42220,66300, 96090]",71-75 Shelton Street London United Kingdom WC2H 9JQ,5.5
DIGINIAGLOBAL LIMITED,16664919,ltd,21-08-2025,"[58290,62020,64922, 66300]",14 Harrow Place London England E1 7DB,5.5
LOTUS HOLDING INVESTMENT AND CAPITAL VENTURE LIMITED,16622768,ltd,01-08-2025,"[64205,64301,66110, 66300]",First Floor Office London United Kingdom W8 4LZ,5.5
BEYHEALTH CAPITAL LIMITED,16684553,ltd,01-09-2025,"[66300, 70229]",86-90 Paul Street London England EC2A 4NE,5.5
SPRINGFIELD SECURITIES LIMITED,10576814,ltd,23-01-2017,[66300],"Second Floor,  Kirkland House Harrow United Kingdom HA1 2AX",5.5
CRICCOIN LTD,16685344,ltd,01-09-2025,"[64205,66300,88100, 94200]",128 City Road London United Kingdom EC1V 2NX,5.5
THE RICHARD GOLDBERG FOUNDATION,08572903,private-limited-guarant-nsc-limited-exemption,17-06-2013,[66300],2 Shadwell Park Court Leeds LS17 8TS,5.5
CRYPTOGRAM.VIP LTD,16678558,ltd,28-08-2025,"[66190, 66300]",128 City Road London United Kingdom EC1V 2NX,5.5
ALBEMA CAPITAL LIMITED,16683683,ltd,01-09-2025,"[47300,64301,64306, 66300]",87 Ability Plaza Arbutus Street London England E8 4DT,5.5
STERLING BLOCK LTD,16860107,ltd,17-11-2025,"[64205,66300,94120, 94200]",143 Westway London United Kingdom W12 0SD,5.5
INKABURU LIMITED,16861556,ltd,17-11-2025,"[66300, 70221]",5 Brayford Square London United Kingdom E1 0SG,5.5
NOBELINVES LTD,16911465,ltd,15-12-2025,"[66190,66300, 70221]",103 Alexander Road Birmingham England B27 6ES,5.5
QUAERO CAPITAL 2019 LIMITED,12326086,ltd,21-11-2019,[66300],5 Swallow Place London England W1B 2AF,5.5
GLANIMOORE LIMITED,13257833,ltd,10-03-2021,"[66300,68100, 68209]",Damson Cottage Beck Lane Malton England YO17 9SG,5.5
J SYNDICATE HOLDINGS LIMITED,16757390,ltd,01-10-2025,"[66300,70229, 78300]",98 Salisbury Road Cardiff Wales CF24 4AE,5.5
AVOCA PARK HOLDINGS LIMITED,11930487,ltd,08-04-2019,[66300],1 London Road Ipswich United Kingdom IP1 2HA,5.5
107 MANAGEMENT LTD,14625939,ltd,30-01-2023,"[66300, 70221]",76 Bruford Road Wolverhampton England WV3 0BA,5.5
PRELUDE ADVISERS UK LIMITED,16498819,ltd,05-06-2025,"[66300, 70229]","Suite G04 1 Quality Court,  Chancery Lane London England WC2A 1HR",5.5
GOLDEN CHASE SAP LTD,16516229,ltd,13-06-2025,"[66110,66190, 66300]",16516229 - COMPANIES HOUSE DEFAULT ADDRESS Cardiff CF14 8LH,5.5
CAVENDISH & CROWN MANAGEMENT LTD,16602131,ltd,23-07-2025,"[66300,70221, 70229]",7 King Edward Drive Grays United Kingdom RM16 2GG,5.5
JUNAYD MUNIR ENTERPRISES LTD,10931904,ltd,24-08-2017,[66300],22c Alfred Street Birmingham United Kingdom B12 8JL,5.5
TT INTERNATIONAL ASSET MANAGEMENT LTD,12093921,ltd,09-07-2019,[66300],62 Threadneedle Street London United Kingdom EC2R 8HP,5.5
SKYBRIDGE INVESTMENTS LIMITED,10964756,ltd,15-09-2017,[66300],98 Godstone Road Kenley England CR8 5AB,5.5
LEVI CAPITAL INVESTMENTS LIMITED,10760384,ltd,09-05-2017,[66300],C/O Hillside Leigh-On-Sea United Kingdom SS9 2HA,5.5
EQPB I (SCOTLAND) LIMITED,SC564210,ltd,25-04-2017,[66300],50 Lothian Road Edinburgh EH3 9WJ,5.5
LUCEIRO CAPITAL MANAGEMENT LTD,12160096,ltd,16-08-2019,[66300],29 Commercial Wharf London United Kingdom E14 7HU,5.5
LAZULI CAPITAL LTD,12360411,ltd,12-12-2019,[66300],64 Banfield Road London United Kingdom SE15 3TX,5.5
CUBIS BRUTON INVESTMENTS LIMITED,11772223,ltd,17-01-2019,[66300],29 York Street London England W1H 1EZ,5.5
CRM INVESTMENTS LIMITED,SC579060,ltd,16-10-2017,[66300],Unit 5 Mayfield Industrial Estate Dalkeith Scotland EH22 4AD,5.5
BUIPE LTD,12082764,ltd,03-07-2019,[66300],1st Floor 135 Notting Hill Gate London England W11 3LB,5.5
AVIVA INVESTORS INFRASTRUCTURE INCOME B LIMITED,12271111,ltd,18-10-2019,[66300],80 Fenchurch Street London United Kingdom EC3M 4AE,5.5
RFS INGLEBY LTD,12325224,ltd,20-11-2019,"[66300, 68209]",6a Davenham Avenue Northwood United Kingdom HA6 3HN,5.5
HERCULE GROUP LTD,12354739,ltd,09-12-2019,[66300],Rapid Formations Limited 71-75 Shelton Street London England WC2H 9JQ,5.5
MADMAX INVESTMENTS LIMITED,12104645,ltd,15-07-2019,[66300],10 Haverstock Street London United Kingdom N1 8DL,5.5
DESIGN-INVEST LTD,12345480,ltd,03-12-2019,"[46900, 66300]",62 Gorseway Hatfield England AL10 9GS,5.5
DFI CAPITAL ADVISORS LIMITED,12124544,ltd,26-07-2019,[66300],25 Berkeley Square 4th Floor London United Kingdom W1J 6HN,5.5
ANDY DEMI TRADING LTD,13593464,ltd,31-08-2021,"[66300, 68100]",6 Ridgeview Road London United Kingdom N20 0HJ,5.5
CONNECT VENTURES THREE (ENGLAND) LIMITED,11768584,ltd,15-01-2019,[66300],4th Floor 89 Great Eastern Street London England EC2A 3HX,5.5
BLUEPEBBLE ASSET MANAGEMENT LIMITED,11041985,ltd,01-11-2017,[66300],Tolethorpe Grange Stamford United Kingdom PE9 4BH,5.5
MIDVALE CAPITAL MANAGEMENT LTD,10841542,ltd,29-06-2017,[66300],Rear Of Friern Barnet England N11 3HT,5.5
BARON CAPITAL MANAGEMENT UK LIMITED,12160343,ltd,16-08-2019,[66300],"Suite 1,  7th Floor 50 Broadway London United Kingdom SW1H 0BL",5.5
HSU JV II GENERAL PARTNER LIMITED,12180755,ltd,30-08-2019,[66300],Becket House London United Kingdom SE1 7EU,5.5
AIM CUBE LIMITED,12293441,ltd,01-11-2019,[66300],138 Mill Lane Mill Lane London England NW6 1TG,5.5
NE GROWTH (ERDF) CARRIED INTEREST PARTNER LIMITED,10660804,ltd,09-03-2017,[66300],"4 Enterprise House,  Kingsway Gateshead England NE11 0SR",5.5
NE SMALL LOAN (ERDF) GENERAL PARTNER LIMITED,10661218,ltd,09-03-2017,[66300],"4 Enterprise House,  Kingsway Gateshead England NE11 0SR",5.5
BIOMASS UK NO.4 LIMITED,12271489,ltd,21-10-2019,[66300],80 Fenchurch Street London United Kingdom EC3M 4AE,5.5
FORTUNA ANIMUS LTD,15054718,ltd,07-08-2023,"[64209,64301,64304, 66300]",17 Fortuna House Beckenham United Kingdom BR3 3QW,5.5
IQCP GF2 LIMITED,11968787,ltd,29-04-2019,[66300],45 Whitfield Street London England W1T 4HD,5.5
PIVOTAL EXPEDITIONS LTD,13227597,ltd,25-02-2021,"[64303, 66300]",71-75 Shelton Street London England WC2H 9JQ,5.5
INVESTCORP-TAGES LIMITED,12314899,ltd,14-11-2019,[66300],39 St. James's Street London SW1A 1JD,5.5
ANDEAN SOCIAL INFRASTRUCTURE (NO. 1) LIMITED,12078889,ltd,01-07-2019,[66300],280 Bishopsgate London United Kingdom EC2M 4AG,5.5
LUMEN ASSET MANAGEMENT LIMITED,11880792,ltd,13-03-2019,[66300],7th Floor (North) London United Kingdom EC2R 8DU,5.5
SCITUS CAPITAL HOLDINGS ADVISORS LTD,11917275,ltd,01-04-2019,[66300],1 Kings Avenue London United Kingdom N21 3NA,5.5
ARCTIS MANAGEMENT UK LIMITED,12254718,ltd,10-10-2019,[66300],24a The Boltons London England SW10 9SU,5.5
TRANSITION CAPITAL PARTNERS LIMITED,12237472,ltd,01-10-2019,[66300],Ground Floor London United Kingdom SW1Y 5JG,5.5
NOVASTAR VENTURES LIMITED,12230248,ltd,27-09-2019,[66300],21-27 Lambs Conduit Street London United Kingdom WC1N 3GS,5.5
SOLTI CAPITAL LIMITED,10898798,ltd,03-08-2017,[66300],Devonshire Business Centre Aviary Court Basingstoke England RG24 8PE,5.5
SC VENTURES G.P. LIMITED,11880017,ltd,13-03-2019,[66300],1 Basinghall Avenue London United Kingdom EC2V 5DD,5.5
CIVITAS HOUSING ADVISORS LIMITED,12091261,ltd,08-07-2019,[66300],25 Maddox Street London England W1S 2QN,5.5
SHIVSAP LTD,10822432,ltd,16-06-2017,[66300],40 Mayes Close Warlingham United Kingdom CR6 9LB,5.5
MARK COSGRAVE WEALTH MANAGEMENT LIMITED,12152224,ltd,12-08-2019,"[65300, 66300]","Levicks Chartered Accountants,  12 Canterbury United Kingdom CT1 3HD",5.5
BROCKWELL ADVISORS LTD,12340635,ltd,29-11-2019,[66300],152-160 City Road London England EC1V 2NX,5.5
HOST CAPITAL LIMITED,10768038,ltd,12-05-2017,[66300],12 Old Bond Street Mayfair United Kingdom W1S 4PW,5.5
J WEALTH LIMITED,10692979,ltd,27-03-2017,[66300],"Apartment 312,  126 Pope Street Apartment 312 Birmingham England B1 3DU",5.5
EB (NORTHERN IRELAND) LIMITED,NI621109,private-limited-guarant-nsc,24-10-2013,[66300],"C/O Tughans Llp,  The Ewart Belfast Northern Ireland BT2 7EP",5.5
CATALPA INVESTMENTS LIMITED,12180492,ltd,29-08-2019,"[66300, 68209]",Blunham House Park Lane Bedford United Kingdom MK44 3NJ,5.5
VC 003 LTD,14686734,ltd,24-02-2023,"[45111,45112,62090, 66300]",1 Trout Hollow Princes Risborough England HP27 9UA,5.5
CALDERWOOD FAMILY INVESTMENT COMPANY LTD,10605168,ltd,07-02-2017,[66300],92 Kelham Hall Drive Oxford United Kingdom OX33 1YB,5.5
ACRITY INVESTMENTS LIMITED,15062785,ltd,10-08-2023,"[64303,64991,66300, 68209]",1 Billing Road Northampton United Kingdom NN1 5AL,5.5
HIGHLANDS HOUSE INVESTMENTS LIMITED,11025912,ltd,23-10-2017,[66300],Staverton Court Cheltenham United Kingdom GL51 0UX,5.5
FEHMIDA AI LTD,14632946,ltd,01-02-2023,"[63110,64304, 66300]",71-75 Shelton Street London United Kingdom WC2H 9JQ,5.5
INFINITY FUND MANAGEMENT LIMITED,10746361,ltd,28-04-2017,[66300],"2.4,  2nd Floor Ice Building 3 Exchange Quay Manchester United Kingdom M5 3ED",5.5
WILLIAMS BOURKE LIMITED,12334793,ltd,26-11-2019,[66300],16 Great Queen Street London United Kingdom WC2B 5AH,5.5
REENEDGE SOLUTIONS LIMITED,16183147,ltd,14-01-2025,"[66190, 66300]",85 Great Portland Street London United Kingdom W1W 7LT,5.5
BUSINESS LOANS SCOTLAND,SC500710,private-limited-guarant-nsc-limited-exemption,17-03-2015,[66300],London Road Centre Kilmarnock Scotland KA3 7BU,5.5
PARADIGM PARTNERS TRUSTEE NO.1 LIMITED,10618226,ltd,14-02-2017,[66300],Paradigm House Lower Meadow Road Wilmslow England SK9 3ND,5.5
LOMAND SERVICES LTD,10706877,ltd,04-04-2017,[66300],Beckwith Barn Warren Estate Chelmsford United Kingdom CM1 3WT,5.5
JOBS UK CHORLEY LTD,15334304,ltd,07-12-2023,"[64921,64929,66300, 78200]",270 Slade Road Birmingham England B23 7LX,5.5
GREAT HOMES UK PROPERTY LTD,14672096,ltd,17-02-2023,"[66300,68100,68209, 68310]",Parsons Farm Warren Corner Petersfield England GU32 1BJ,5.5
ATLAS INFRASTRUCTURE PARTNERS (UK) LTD,10605792,ltd,07-02-2017,[66300],4th Floor Phoenix House Reading United Kingdom RG1 1NB,5.5
RAHMA INVESTMENTS LIMITED,12480667,ltd,25-02-2020,[66300],20 Unimix House Abbey Road London England NW10 7TR,5.0
KRYGER CAPITAL LIMITED,12592006,ltd,07-05-2020,[66300],35 Dover Street London England W1S 4NQ,5.0
PARKER CAPITAL PRIVATE EQUITY LIMITED,11594604,ltd,28-09-2018,[66300],Prospect Park Leeds United Kingdom LS14 1NH,5.0
BRIDGES OUTCOMES LIMITED,12638672,ltd,02-06-2020,[66300],38 Seymour Street London United Kingdom W1H 7BP,5.0
HPBF HOLDINGS LTD,12628838,ltd,28-05-2020,"[66120, 66300]",Basset Down House Swindon England SN4 9QP,5.0
MILOTARP AGENCIES UK LIMITED,12589637,ltd,06-05-2020,[66300],50a The Ridgeway London England NW11 8QN,5.0
O S ASSET MANAGEMENT LTD,11513259,ltd,13-08-2018,[66300],New Mill Cottage Barry United Kingdom CF62 3AG,5.0
STUYVESANT ADVISORY LTD,11292168,ltd,05-04-2018,[66300],99 Pennsylvania Road Devon England EX4 6DT,5.0
GRANTABRIDGE RESEARCH LIMITED,14479785,ltd,11-11-2022,"[62012, 66300]",10 Queen Street Place London United Kingdom EC4R 1AG,5.0
NEWINGTON (SITTINGBOURNE) LTD,11453709,ltd,09-07-2018,[66300],Woodgate House Cockfosters England EN4 9HN,5.0
AURAYA.WALLET LTD,12654768,ltd,09-06-2020,"[66120, 66300]",Office 4 Wishing Well Barn Lincoln England LN1 2PW,5.0
ROUNDSHIELD ADVISORS (UK) LIMITED,12478453,ltd,24-02-2020,[66300],2 Foubert's Place London United Kingdom W1F 7PA,5.0
ALTIUM INVESTMENT MANAGEMENT LIMITED,11687055,ltd,20-11-2018,[66300],Scotland Farmhouse Clay Bank Banbury United Kingdom OX15 5PA,5.0
JDC FINANCIAL PLANNING LIMITED,12424254,ltd,24-01-2020,"[66300, 96090]",Suite E Quayside House Chatham England ME4 4QZ,5.0
DEVELINVEST LIMITED,12807683,ltd,12-08-2020,[66300],27 Old Gloucester Street London England WC1N 3AX,5.0
PRBS MANAGEMENT COMPANY LIMITED,11390851,ltd,31-05-2018,[66300],"The Coach House ,  5 Fountain Court Main Street Stamford England PE9 3BJ",5.0
BLACK STARS INVESTMENTS LIMITED,12901646,ltd,24-09-2020,[66300],124 City Road London England EC1V 2NX,5.0
AVAD INVESTMENTS LIMITED,11325278,ltd,24-04-2018,[66300],1 Wern Road Ammanford Wales SA18 1LN,5.0
CLOCKHOUSE 2018,11451211,private-unlimited,05-07-2018,[66300],Apartment 3 2a Norroy Road London SW15 1PF,5.0
M PANAHEI MANAGEMENT CO LTD,11459226,ltd,11-07-2018,[66300],41 Heath Park Avenue Cardiff United Kingdom CF14 3RF,5.0
RMW ASSET MANAGEMENT LTD,11462502,ltd,13-07-2018,[66300],50 Bedford Road Bedford United Kingdom MK45 4PP,5.0
JD ASSETS AND INVESTMENTS LTD,11637618,ltd,23-10-2018,[66300],Ty Royden Carmarthen United Kingdom SA31 3HG,5.0
N&S WOODSIDE LIMITED,12730126,ltd,08-07-2020,[66300],55 Loudoun Rd London United Kingdom NW8 0DL,5.0
SCOTTISH EDGE C.I.C.,SC493104,private-limited-guarant-nsc,10-12-2014,[66300],The Ca'D'Oro Glasgow G1 3PE,5.0
ROACH-PRICE ASSET MANAGEMENT LTD,11688991,ltd,21-11-2018,[66300],22a Caroline Street Bridgend United Kingdom CF31 1DQ,5.0
DF STRATEGIC INVESTMENTS LIMITED,15913477,ltd,23-08-2024,"[64301,66110, 66300]",101 New Cavendish Street London United Kingdom W1W 6XH,5.0
LACUNA VENTURES LTD,11176093,ltd,29-01-2018,[66300],Broughton Grounds House Newport Pagnell England MK16 0HZ,5.0
TWENTY EIGHT LTD,15923928,ltd,29-08-2024,"[62012,62090,66300, 94110]",15 Wadsworth Court Cleckheaton United Kingdom BD19 3UN,5.0
RANCHAN WEALTH LTD,13938994,ltd,24-02-2022,"[66220,66290, 66300]",3 Thamesfield House Hemel Hempstead England HP2 7SJ,5.0
PEACHTREE CAPITAL LIMITED,14271458,ltd,02-08-2022,"[66220,66290, 66300]",Nws House / 1e Purley United Kingdom CR8 2AF,5.0
JAMJAR A LTD,12860236,ltd,07-09-2020,[66300],The Jam Pot Phoenix Brewery London United Kingdom W10 6SZ,5.0
ROCCA VENTURES LIMITED,14520062,ltd,02-12-2022,"[64303, 66300]",71-75 Shelton Street London United Kingdom WC2H 9JQ,5.0
TICO CAPITAL MANAGEMENT LIMITED,12921709,ltd,02-10-2020,[66300],Apartment 302 Acre House 72 Long Acre London England WC2E 9JS,5.0
RTP GLOBAL UK LTD,12847203,ltd,31-08-2020,[66300],25 Golden Square London United Kingdom W1F 9LU,5.0
UCI FP LIMITED,NI653879,ltd,20-06-2018,[66300],6th Floor Glengall Exchange Belfast Northern Ireland BT12 5AB,5.0
E B PROPERTIES (UK) LIMITED,11713930,ltd,05-12-2018,[66300],Office 25 Greenbox Weston Hall Road Bromsgrove United Kingdom B60 4AL,5.0
SCIENTIFIC CAPITAL LIMITED,12974429,ltd,26-10-2020,[66300],45 Gresham Street London United Kingdom EC2V 7BG,5.0
ALPHASTAR SCOTLAND LTD,SC817365,ltd,24-07-2024,"[66300,68100,68209, 85600]",27a Ashley Street Glasgow Scotland G3 6DR,5.0
NRN PROFESSIONALS LTD,11624059,ltd,15-10-2018,[66300],412 Houldsworth Houldsworth Street Stockport United Kingdom SK5 6DA,5.0
ELITE FLAGON LIMITED,12734072,ltd,10-07-2020,[66300],16 Berkeley Street London United Kingdom W1J 8DZ,5.0
"RHEA TRADING CO., LTD.",15082896,ltd,,"[64205,64209,64991, 66300]",71-75 Shelton Street London United Kingdom WC2H 9JQ,5.0
WATERSHED MOMENT LIMITED,12824830,ltd,19-08-2020,"[66300, 85600]",18 Wimmerfield Crescent Swansea Wales SA2 7BU,5.0
CARLATTON CAPITAL LIMITED,11619736,ltd,12-10-2018,[66300],"Ts4,  Pinewood Business Park Coleshill Road Birmingham England B37 7HG",5.0
FOREVER FAMILY LTD,12686269,ltd,20-06-2020,"[66300, 84110]",Suite 206 Boston House Boston Manor Road Brentford England TW8 9JJ,5.0
ELEV8ING LTD,14426019,ltd,18-10-2022,"[58120, 66300]",128 City Road London United Kingdom EC1V 2NX,5.0
UK AFRICAN CONNECTION LTD,13833461,private-limited-guarant-nsc,07-01-2022,"[66300,85600,88990, 94990]",Unit 2 Town Quay Wharf Abbey Road London England IG11 7BZ,5.0
BONDOROZ CAPITAL LTD,11595792,ltd,29-09-2018,[66300],11595792 - COMPANIES HOUSE DEFAULT ADDRESS Cardiff CF14 8LH,5.0
MASLOW BROKERAGE LIMITED,12434070,ltd,30-01-2020,[66300],15 Golden Square London England W1F 9JG,5.0
R M ASSET MANAGEMENT LTD,11500827,ltd,06-08-2018,[66300],Old Mill Cowbridge United Kingdom CF71 7UB,5.0
CAPITAL DYNAMICS MMDIV UK LTD,11255824,ltd,14-03-2018,[66300],One Snowhill Birmingham United Kingdom B4 6GB,5.0
OWO CAPITAL LTD,12989579,ltd,02-11-2020,[66300],20-22 Wenlock Road London England N1 7GU,5.0
EST PARTNERS LIMITED,12941119,ltd,09-10-2020,[66300],73 Cornhill London United Kingdom EC3V 3QQ,5.0
LAURO ASSET MANAGEMENT UK LIMITED,12830844,ltd,21-08-2020,[66300],M B Associates Hamilton House London United Kingdom EC4Y 0HA,5.0
ELYON CONSULTANCY LTD,11253144,ltd,13-03-2018,[66300],242 Stafford Road Wallington United Kingdom SM6 8PF,5.0
DEMBPIC LIMITED,11209252,ltd,16-02-2018,[66300],Calyx House Taunton United Kingdom TA1 3DU,5.0
M12 GLOBAL LIMITED,11459056,ltd,11-07-2018,[66300],C/O Milsted Langdon Llp Freshford House Bristol BS1 6NL,5.0
SUMMIT APV INVESTMENT LIMITED,12949817,ltd,14-10-2020,[66300],Vintners' Place London England EC4V 3BJ,5.0
3FR GROUP LTD,13833144,ltd,06-01-2022,"[66300, 68100]",86-90 Paul Street London United Kingdom EC2A 4NE,5.0
JC ASSET MANAGEMENT LTD,11637641,ltd,23-10-2018,[66300],78 South Rise Cardiff United Kingdom CF14 0RG,5.0
BRITISH PATIENT CAPITAL LIMITED,11271076,ltd,22-03-2018,[66300],Steel City House Sheffield S1 2GQ,5.0
MONKS FARM DEVELOPMENTS LTD,11249016,ltd,11-03-2018,[66300],Monks Farm Priory Road Colchester England C05 0QE,5.0
GENERX LIMITED,11682241,ltd,16-11-2018,[66300],155 Wellingborough Road Rushden England NN10 9TB,5.0
S-8 GROUP INVEST LTD,16001806,ltd,07-10-2024,"[64301,64303,64304, 66300]",201b.3 Cardinal Point Park Road Rickmansworth England WD3 1RE,5.0
SWALLOWCLIFFE FINANCE LIMITED,13058427,ltd,02-12-2020,[66300],5 Wigmore Street London England W1U 1PB,5.0
S-1 GROUP INVEST LTD,15987007,ltd,30-09-2024,"[64301,64303,64304, 66300]",201b.3 Cardinal Point Park Road Rickmansworth England WD3 1RE,5.0
S-2 GROUP INVEST LTD,15987478,ltd,30-09-2024,"[64301,64303,64304, 66300]",201b.3 Cardinal Point Park Road Rickmansworth England WD3 1RE,5.0
VRG LIMITED,11283443,ltd,29-03-2018,[66300],Oakfield House Nether Alderley England SK10 4TB,5.0
H&O SYNERGY LTD,16055603,ltd,01-11-2024,"[47910,66110, 66300]",20 Wenlock Road London England N1 7GU,5.0
FORWARD QUANTITATIVE ASSET MANAGEMENT LTD,15455599,ltd,31-01-2024,"[62020,64205,64301, 66300]",69 Aberdeen Avenue Cambridge England CB2 8DL,5.0
WILLOW EQUITY MANAGEMENT LIMITED,11707254,ltd,03-12-2018,[66300],5 Barons Drive Cranleigh England GU6 8BG,5.0
OLD DOCK INVESTMENTS LIMITED,11246047,ltd,09-03-2018,[66300],Calyx House Taunton United Kingdom TA1 3DU,5.0
SUSTAIN SPACE LTD,13913625,ltd,14-02-2022,"[66300,73200, 74901]",18 Park Road Bristol England BS7 0RH,5.0
AYRES INVESTMENT MANAGEMENT (UK) LIMITED,12419444,ltd,22-01-2020,[66300],Warnford Court London England EC2N 2AT,5.0
STEVENS INVESTMENT HOLDINGS LTD,15713463,ltd,10-05-2024,"[64929,64991, 66300]",71-75 Shelton Street London United Kingdom WC2H 9JQ,5.0
ADJEM LTD,SC590766,ltd,08-03-2018,[66300],60 Constitution Street Leith Edinburgh Scotland EH6 6RR,5.0
MINO CAPITAL MANAGEMENT LTD,13891054,ltd,03-02-2022,"[66300, 74990]",71-75 Shelton Street London United Kingdom WC2H 9JQ,5.0
VEGA INVESTMENT TECHNOLOGIES LIMITED,14404352,ltd,07-10-2022,"[62012, 66300]",2 Eastbourne Terrace London England W2 6LG,5.0
ATLAS VENTURES INVESTMENT ADVISERS LIMITED,17062442,ltd,02-03-2026,"[66300, 70229]",9 Benhill Road London England SE5 7FT,5.0
BELLEROPHON CAPITAL CONSULTANCY LIMITED,11155677,ltd,17-01-2018,[66300],128 High Street Maidenhead England SL6 1PT,5.0
ROCKWOOD HOUSE INVESTMENTS LTD,17097693,ltd,17-03-2026,"[64304,66300,68100, 68209]",71-75 Shelton Street London United Kingdom WC2H 9JQ,5.0
LOW CARBON FOUNDATION,09307930,private-limited-guarant-nsc-limited-exemption,12-11-2014,[66300],Oxygen House Grenadier Road Exeter United Kingdom EX1 3LH,5.0
ANDEEN HOLDINGS LTD,13872659,ltd,26-01-2022,"[64303, 66300]",71-75 Shelton Street London United Kingdom WC2H 9JQ,5.0
KRISKU INVESTMENTS LTD,11472548,ltd,19-07-2018,[66300],Lynwood House Harrow United Kingdom HA1 2AW,5.0
MK TOMIC LIMITED,17010782,ltd,03-02-2026,"[66300,68100, 70221]",61 Bridge Street Kington United Kingdom HR5 3DJ,5.0
MINTUS TRADING LIMITED,12643726,ltd,03-06-2020,[66300],"167-169,  Great Portland Street,  5th Floor,  London,  Great Portland Street London England W1W 5PF",5.0
NUBIA GROUP LIMITED,13849619,ltd,14-01-2022,"[64304, 66300]",71-75 Shelton Street London England WC2H 9JQ,5.0
KASSPEEDLOAN LTD,16945085,ltd,06-01-2026,"[64205,64999, 66300]",40a Sedlescomberoadnorth St Leonards On Sea Hastings United Kingdom TN37 7DG,5.0
AMPLIFYCHANGE,12482833,private-limited-guarant-nsc-limited-exemption,25-02-2020,"[66300, 70221]",Runway East Kings Court Bath England BA1 1ER,5.0
SJM INVESTMENTS LIMITED,11722406,ltd,11-12-2018,[66300],6 Rockfield Business Park Cheltenham England GL53 0AN,5.0
ONE WORLD AI LIMITED,17173227,ltd,22-04-2026,"[62012,63110,63120, 66300]",71-75 Shelton Street London United Kingdom WC2H 9JQ,5.0
HIGHER PARK LIMITED,11287513,ltd,03-04-2018,[66300],Building 1000 Cambridge Research Park Waterbeach England CB25 9PD,5.0
AS INVEST CAPITAL LTD,17151330,ltd,11-04-2026,"[64203,64306,66300, 68100]",128 City Road London United Kingdom EC1V 2NX,5.0
NHERITAGE LIMITED,17199519,ltd,05-05-2026,"[41201,64205,66110, 66300]",66 Paul Street London England EC2A 4NA,5.0
JASPY LIMITED,SC591811,ltd,19-03-2018,[66300],"C/O Wright,  Johnston & Mackenzie Llp,   12 Edinburgh Scotland EH2 4DB",5.0
MIDDLETON PRIVATE CAPITAL LTD.,11148660,ltd,15-01-2018,[66300],Cavendish House Worksop United Kingdom S80 3LL,5.0
HALVORSEN INVEST LTD,17282815,ltd,18-06-2026,"[41100,66300, 70221]",Oakley Place Farm Oakley Green Road Windsor England SL4 4PZ,5.0
LILIT EXCHANGE LTD,15414760,ltd,16-01-2024,"[64999, 66300]",Flat 1 Unite 2 Cutbush Court Danehill Reading England RG6 4UW,5.0
IQCP IV A2 LIMITED,12973903,ltd,26-10-2020,[66300],45 Whitfield Street London England W1T 4HD,5.0
PDH FINANCIAL SERVICES LTD,16134769,ltd,13-12-2024,"[66300, 70221]",11 King Edward Avenue Broadstairs England CT10 1PH,5.0
GAINSBOROUGH UPHILLS MUGA GROUP LIMITED,10288510,private-limited-guarant-nsc,20-07-2016,"[43999, 66300]",1 Willoughton Place Gainsborough England DN21 1EB,5.0
FARO GLOBAL INVESTMENTS LTD,13988873,ltd,19-03-2022,"[66300, 68100]",62b Warren Road London England E10 5QA,5.0
ELMET INVESTMENTS,10126652,private-unlimited,15-04-2016,[66300],12 Market Street Hebden Bridge England HX7 6AD,5.0
HJF INVESTMENTS LIMITED,11722436,ltd,11-12-2018,[66300],Units 4&5 Rockfield Business Park Cheltenham United Kingdom GL53 0AN,5.0
WANSFELL HOLDINGS LIMITED,11316662,ltd,18-04-2018,[66300],Staverton Court Cheltenham United Kingdom GL51 0UX,5.0
AGL SOLUTIONS LIMITED,11236665,ltd,06-03-2018,[66300],48 Whitehouse Crescent Chelmsford CM2 7LW,5.0
CASEY AND COWE LTD,12972038,ltd,23-10-2020,"[47910, 66300]",136 Ladies Grove St. Albans England AL3 5UB,5.0
NAVERA INVESTMENT MANAGEMENT LIMITED,12516583,ltd,13-03-2020,[66300],Riverside House London United Kingdom SE1 9HA,5.0
GENERAL PARTNER UMI SCOTLAND LIMITED,SC606306,ltd,24-08-2018,[66300],Capital Square C/O Brodies Llp Edinburgh Scotland EH3 8BP,5.0
AJW ASSET MANAGEMENT LTD,11457152,ltd,10-07-2018,[66300],16 Stigand Close Wallingford England OX10 9SN,5.0
ERDA CONSULTANCY LTD,16138757,ltd,16-12-2024,"[64203,64306,66300, 68100]",6 Gordon Road Surbiton England KT5 9AR,5.0
LEADING CAPITAL LIMITED,14082796,ltd,03-05-2022,"[66300,68100, 68209]",72 Lairgate Beverley United Kingdom HU17 8EU,5.0
OXYLUS CAPITAL LTD,12474451,ltd,20-02-2020,[66300],54 Blenheim Crescent London England W11 1NY,5.0
GREYBOURNE CAPITAL MANAGEMENT LTD,16945894,ltd,06-01-2026,"[62012,63120,66300, 85590]",128 City Road London United Kingdom EC1V 2NX,5.0
CORDOVEN LIMITED,14488864,ltd,16-11-2022,"[66120, 66300]","82 Holland Park,  Flat 1 Holland Park London England W11 3RZ",5.0
KINETIC CAPITAL LIMITED,12627836,ltd,27-05-2020,[66300],52 Bedford Row London England WC1R 4LR,5.0
ZAGALETA INVESTMENT LTD,15445712,ltd,26-01-2024,"[64303,66300,68100, 68320]","59 Suite 6259,  Trent Road,  Slough,  England,  United Kingdom SL3 3NF",5.0
ZABETH LIMITED,11398673,ltd,05-06-2018,[66300],15 Newland Lincoln England LN1 1XG,5.0
S MARSH ASSET MANAGEMENT LTD,11459196,ltd,11-07-2018,[66300],36 Victoria Gardens Neath United Kingdom SA11 3BH,5.0
JEDS INVESTMENT MANAGEMENT LIMITED,12570901,ltd,24-04-2020,[66300],1 Hazlewell Road London United Kingdom SW15 6LU,5.0
PENGALIA LTD,11546064,ltd,31-08-2018,[66300],6 Waun Ganol Penarth United Kingdom CF64 3RH,5.0
HWC MANAGEMENT LTD,11500851,ltd,06-08-2018,[66300],Castle Lodge Cardiff United Kingdom CF5 6EW,5.0
SWIMR LIMITED,12878452,ltd,14-09-2020,[66300],C/O Tax Partners London England WC1X 8AQ,5.0
AJM ASSET MANAGEMENT LTD,11459194,ltd,11-07-2018,[66300],Crown Cottage The Square Caerphilly United Kingdom CF83 8DY,5.0
J I ASSET MANAGEMENT LTD,11457186,ltd,10-07-2018,[66300],68 Commercial Road Port Talbot United Kingdom SA13 1LR,5.0
ESR UK ASSET MANAGEMENT LIMITED,11624166,ltd,15-10-2018,[66300],4th Floor Phoenix House Reading United Kingdom RG1 1NB,5.0
ALPHIDENCE CAPITAL LIMITED,12590895,ltd,07-05-2020,[66300],14 Gray's Inn Road London United Kingdom WC1X 8HN,5.0
HARRIS FAMILY INVESTMENTS LIMITED,11391595,ltd,31-05-2018,[66300],Lordship House Lordship Stud Newmarket United Kingdom CB8 0TP,5.0
AIM ASSET MANAGEMENT LTD,11536603,ltd,25-08-2018,[66300],Six Acres Stroud United Kingdom GL6 6TX,5.0
BUTTERMERE CAPITAL LIMITED,11343138,ltd,03-05-2018,[66300],Parkers Cornelius House Hove England BN3 2DJ,5.0
JHT ASSET MANAGEMENT LTD,11474660,ltd,20-07-2018,[66300],Persondy Farm Persondy Lane Cardiff United Kingdom CF5 6DW,5.0
COALBROOK HOLDINGS LIMITED,11476465,ltd,22-07-2018,[66300],93 The Lloyd Market Drayton United Kingdom TF9 2PS,5.0
THRACIAN CAPITAL LIMITED,15851303,ltd,22-07-2024,"[64205,64301, 66300]",128 City Road London United Kingdom EC1V 2NX,5.0
BULL&GRACE LTD,15606733,ltd,31-03-2024,"[66300, 70229]",Ashmore House Evesham Road Evesham England WR11 4TL,5.0
GEMENI INVESTMENTS LIMITED,11601941,ltd,03-10-2018,[66300],1 St. Pauls Square Liverpool United Kingdom L3 9SJ,5.0
ONTARIO TEACHERS’ PENSION PLAN (EUROPE) RE LIMITED,12486055,ltd,26-02-2020,[66300],10 Portman Square London England W1H 6AZ,5.0
FINIGAN FUNDRAISING LTD,11456428,ltd,10-07-2018,[66300],112 Gordon Road Margate England CT9 4EA,5.0
LONG ISLAND CAPITAL LIMITED,12792259,ltd,04-08-2020,[66300],101 New Cavendish Street London United Kingdom W1W 6XH,5.0
ENEGEESOLUTIONS LIMITED,15885083,ltd,08-08-2024,"[09100,62012,62030, 66300]",136 Hamble Lane South Ockendon England RM15 5HP,5.0
ZOEISLA CAPITAL LIMITED,11684482,ltd,19-11-2018,[66300],C/O Reynolds Windmill House Gravesend United Kingdom DA12 1BL,5.0
FUNDSURE LIMITED,12804657,ltd,11-08-2020,[66300],"3rd Floor, 45 Albemarle Street London England W1S 4JL",5.0
AC/DC INVESTMENTS LTD,13027607,ltd,18-11-2020,[66300],17 Old Park Lane London England W1K 1QT,5.0
VOYAGER CAPITAL PARTNERS LIMITED,11518798,ltd,15-08-2018,[66300],Saxon House Chelmsford England CM1 1HT,5.0
XEQOS LIMITED,11190192,ltd,06-02-2018,[66300],Office 3 Prama House Oxford United Kingdom OX2 7HT,5.0
UMI INVESTMENT LIMITED,11534427,ltd,23-08-2018,[66300],Navigators Point Durham England DH1 1TW,5.0
TOUAREG GROUP LIMITED,15825483,ltd,08-07-2024,"[64209,66300, 96090]",27 Old Gloucester Street London United Kingdom WC1N 3AX,5.0
GO LONG! LTD,14037455,ltd,10-04-2022,"[64304,66300, 74909]",28 Weare Road Tunbridge Wells England TN4 9DG,5.0
MY CONTINUUM WEALTH LIMITED,11654355,ltd,01-11-2018,[66300],Falcon House Plymouth England PL7 5JY,5.0
BCI CAPITAL LIMITED,13012204,ltd,11-11-2020,[66300],"Scale Space,  1st Floor London United Kingdom W12 7RZ",5.0
PREMIER INVESTOR CLUB LIMITED,11531612,ltd,22-08-2018,[66300],Goodwins 6 Parkside Court Lichfield United Kingdom WS13 7FE,5.0
WARDEN BAY SHEPPEY LTD,11723847,ltd,12-12-2018,[66300],Woodgate House Cockfosters England EN4 9HN,5.0
DELFT INVESTMENTS LIMITED,12952526,ltd,15-10-2020,[66300],6-7 Hamilton Close London NW8 8QY,5.0
HEVER LOFT CONVERSIONS LTD,12410394,ltd,17-01-2020,"[41202, 66300]",12410394: COMPANIES HOUSE DEFAULT ADDRESS Cardiff CF14 8LH,5.0
EURAZEO UK LIMITED,13052186,ltd,30-11-2020,[66300],2nd Floor 10 Stratton Street London England W1J 8LG,5.0
DCMS HOLDINGS LIMITED,11269714,ltd,22-03-2018,[66300],Brook House Kingswinford England DY6 9HS,5.0
ROCKETSTAR INVESTMENTS LTD,12712376,ltd,02-07-2020,[66300],Deepa Kutty London United Kingdom SW15 3JQ,5.0
AZUL HORIZONTS LTD,12913584,ltd,29-09-2020,[66300],"Flat 1203, 16,  Wilson Tower Christian Street London United Kingdom E1 1AW",5.0
GIRAFFE INDICES TWO LIMITED,11687104,ltd,20-11-2018,[66300],Scotland Farmhouse Clay Bank Banbury United Kingdom OX15 5PA,5.0
DUODETRIGINTA LIMITED,15923891,ltd,29-08-2024,"[66300,73110,74990, 99999]",15 Wadsworth Court Cleckheaton United Kingdom BD19 3UN,5.0
HELFORD DEPOSITARY SERVICES LTD,12843185,ltd,28-08-2020,[66300],128 City Road London England EC1V 2NX,5.0
M&F VENTURES LTD,11432766,ltd,25-06-2018,[66300],Normill Court Flat 15 Normill Court Southal United Kingdom UB2 4GT,5.0
FORMA ADVISORY SERVICES UK LIMITED,13086820,ltd,17-12-2020,[66300],91 Wimpole Street London England W1G 0EF,5.0
BOLT ANGELS LTD,12864863,ltd,08-09-2020,[66300],27 Old Gloucester Street London United Kingdom WC1N 3AX,5.0
OCEAN 14 CAPITAL LTD,13054348,ltd,01-12-2020,[66300],20-22 Wenlock Road London England N1 7GU,5.0
ADELIO PARTNERS LIMITED,12493436,ltd,02-03-2020,[66300],33 Cavendish Square London England W1G 0PW,5.0
SIXTY THREE CAPITAL LTD,12498435,ltd,04-03-2020,[66300],29 Farm Street London United Kingdom W1J 5RL,5.0
BARWOOD CAPITAL (RIPDM1) LIMITED,11565664,ltd,12-09-2018,[66300],Grafton House Towcester United Kingdom NN12 7LS,5.0
AVOCADO CAPITAL LIMITED,14271307,ltd,02-08-2022,"[66220,66290, 66300]",Nws House / 1e Purley United Kingdom CR8 2AF,5.0
GOLDSTAR GROUP WEALTH LIMITED,14271216,ltd,02-08-2022,"[66220,66290, 66300]",Nws House / 1e Purley United Kingdom CR8 2AF,5.0
ARDEA INVESTMENT MANAGEMENT (UK) LIMITED,13043903,ltd,25-11-2020,[66300],Level 1 1 Gresham Street London England EC2V 7BX,5.0
S-6 GROUP INVEST LTD,16001466,ltd,07-10-2024,"[64301,64303,64304, 66300]",201b.3 Cardinal Point Park Road Rickmansworth England WD3 1RE,5.0
HAVEN COVE CAPITAL MANAGEMENT LIMITED,12902478,ltd,24-09-2020,[66300],23 Berkeley Square London England W1J 6HE,5.0
S-4 GROUP INVEST LTD,16000044,ltd,06-10-2024,"[64301,64303,64304, 66300]",201b.3 Cardinal Point Park Road Rickmansworth England WD3 1RE,5.0
MOHAMMED LTD,13843253,ltd,12-01-2022,"[64303, 66300]",27 Old Gloucester Street London United Kingdom WC1N 3AX,5.0
M K ASSET MANAGEMENT LTD,11462786,ltd,13-07-2018,[66300],11 Barton Bridge Close Usk United Kingdom NP15 2JW,5.0
STRONGHOLD CAPITAL LIMITED,13007157,ltd,10-11-2020,[66300],"Met Building,  22 Percy St,  6th Floor London England W1T 2BU",5.0
PROPERTY INVESTMENT & LOAN CO LTD,12435699,ltd,31-01-2020,[66300],843 Finchley Road London England NW11 8NA,5.0
EDM CAPITAL GROUP LIMITED,12398588,ltd,13-01-2020,[66300],5 The Water Gardens London United Kingdom W2 2DA,5.0
DAVID WILLIAMSON'S FAMILY INVESTMENT COMPANY,SC551197,private-unlimited,25-11-2016,[66300],216 West George Street Glasgow G2 2PQ,5.0
GREYFRIARS CAPITAL PARTNERS LIMITED,SC595834,ltd,01-05-2018,[66300],56 George Street Edinburgh Scotland EH2 2LR,5.0
RJ CAPITAL PARTNERS LIMITED,11129339,ltd,02-01-2018,[66300],"C/O Infonetica Ltd,  Lower Ground Floor The Civic Centre Esher England KT10 9SD",5.0
LISMIRE PARTNERS LIMITED,12557705,ltd,15-04-2020,[66300],10 Boscastle Road London England NW5 1EG,5.0
CREATING ALPHA LIMITED,16088207,ltd,19-11-2024,"[64301,64306, 66300]",128 City Road London United Kingdom EC1V 2NX,5.0
IAMHODLING LTD,11315417,ltd,17-04-2018,[66300],20 Cliff Road Leigh-On-Sea United Kingdom SS9 1HJ,5.0
HAMILTONN TRUST,16080486,private-limited-guarant-nsc-limited-exemption,14-11-2024,"[64209,64304,64999, 66300]",117a-119 Station Road Edgware England HA8 7JG,5.0
ZEPHYR INFINITES LTD,13841357,ltd,11-01-2022,"[64991, 66300]",5 Pullman Court London United Kingdom SW10 9QZ,5.0
SUDACO LIMITED,11210629,ltd,16-02-2018,[66300],37 Shiphay Lane Torquay United Kingdom TQ2 7DU,5.0
SOCIAL IMPACT INSIGHTS LTD,15522630,ltd,26-02-2024,"[66300, 70229]",17 Albert Drive Gateshead United Kingdom NE9 6EH,5.0
CAPE BERKSHIRE LTD,11346295,ltd,04-05-2018,[66300],Ascot Wealth Management Scotch Corner Sunningdale United Kingdom SL5 0ER,5.0
REIGNETH LIMITED,15515652,ltd,23-02-2024,"[64205,64301,66110, 66300]",43 Fairfax Avenue Basildon England SS13 1AY,5.0
COLLINGTREE EWAN,11294384,private-unlimited,05-04-2018,[66300],25 Henderson Road London SW18 3RR,5.0
TAURUS ADMINISTRATION LIMITED,11245061,ltd,09-03-2018,[66300],11245061 - COMPANIES HOUSE DEFAULT ADDRESS Cardiff CF14 8LH,5.0
ARAB INTELLIGENCE & CREATIVITY AWARD LTD,15440475,ltd,24-01-2024,"[64301,66300,88990, 90030]",4323 New Dover Rd - Kent Folkestone United Kingdom CT18 7JJ,5.0
APIS PARTNERS GROUP (UK) LIMITED,13077035,ltd,11-12-2020,[66300],Seventh Floor London United Kingdom SW7 1DR,5.0
BOND ADVISORY & CONSULTANCY LIMITED,11309598,ltd,13-04-2018,[66300],10 Harfst Way Swanley England BR8 7WE,5.0
QUANTUM LIGHT MANAGEMENT LTD,13878761,ltd,28-01-2022,"[62012, 66300]","5th Floor,  North Side 7/10 Chandos Street London United Kingdom W1G 9DQ",5.0
INAGE INVESTMENTS LIMITED,12413460,ltd,20-01-2020,[66300],"8th Floor,  South Block London United Kingdom W1U 8EW",5.0
GENAVEST CAPITAL LIMITED,12783153,ltd,31-07-2020,[66300],2nd Floor Malta House London United Kingdom W1J 0DP,5.0
VALTRADEX LIMITED,17049204,ltd,23-02-2026,"[64205,64301,66220, 66300]",Suite10 Capital House London United Kingdom E8 1LL,5.0
LANGENSTEIN BOURGEOIS LTD,15559463,ltd,13-03-2024,"[66300, 70229]","Welkin House Welkin House Steventon,  Abingdon England OX13 6AB",5.0
VIG HOLDINGS LTD,17067965,ltd,03-03-2026,"[55100,64209,66300, 79909]",128 City Road London United Kingdom EC1V 2NX,5.0
BASIE I (RS502R1) LIMITED,12670002,ltd,13-06-2020,[66300],"Unit 3,  Office A,  1st Floor London England EC3R 8EE",5.0
TROY TECHNOLOGIES LIMITED,15542868,ltd,06-03-2024,"[62012,64205, 66300]",50 Long Acre London England WC2E 9JR,5.0
GEMINI 25 INVESTMENTS LTD,16953973,ltd,09-01-2026,"[64301,64304,64306, 66300]",4th Floor Office London England W1B 4HB,5.0
GLOBAL PERFERMANCE DEVELOPEMENT LTD,16960106,ltd,13-01-2026,"[64205,64301,64305, 66300]",71-75 Shelton Street London United Kingdom WC2H 9JQ,5.0
ALICORN GLOBAL VENTURES LIMITED,12918242,ltd,01-10-2020,[66300],C/O Arowana International Uk Limited London United Kingdom EC2M 1NH,5.0
CLIMATE ASSET MANAGEMENT LIMITED,12840064,ltd,26-08-2020,[66300],43 Whitfield Street London United Kingdom W1T 4HD,5.0
SULLINARS LTD,14330860,ltd,01-09-2022,"[66300, 73110]",167-169 Great Portland Street Great Portland Street London England W1W 5PF,5.0
PC FOR RECONSTRUCTION AND DEVELOPMENT LTD,15537434,private-limited-guarant-nsc,03-03-2024,"[41100,42990,66300, 70229]",Suite 3.17 Universal Square Greater Manchester United Kingdom M12 6JH,5.0
STUDENT HOMES MANAGEMENT LIMITED,12504741,ltd,09-03-2020,[66300],Spitalfields London England E1 7LS,5.0
FXCELITE LIMITED,17083353,ltd,10-03-2026,"[64205,64301,66220, 66300]",Suite10 Capital House London United Kingdom E8 1LL,5.0
ELMWOOD WEALTH LIMITED,11179547,ltd,31-01-2018,[66300],"Suite H,  Hollies House Potters Bar England EN6 5BL",5.0
YEARS AS THE SONG LTD,14054361,ltd,19-04-2022,"[64304,66110, 66300]",14054361 - COMPANIES HOUSE DEFAULT ADDRESS Cardiff CF14 8LH,5.0
AB QUANTITATIVE INVESTMENTS LIMITED,12799086,ltd,07-08-2020,[66300],167-169 5th & 6th Floors London England W1W 5PF,5.0
SUBLATA LTD,17156978,ltd,14-04-2026,"[64999,66190, 66300]",Tanglewood Hatmill Lane Tonbridge England TN12 7AE,5.0
RISE CAPITAL ASSET MANAGEMENT LTD,17133728,ltd,02-04-2026,"[64999, 66300]",20 Wenlock Road London England N1 7GU,5.0
COOLABAH CAPITAL (UK) LTD,12714422,ltd,02-07-2020,[66300],1st Floor 10 Foster Lane London United Kingdom EC2V 6HR,5.0
DECALIA UK LIMITED,17161401,ltd,16-04-2026,"[64303,64304,66110, 66300]",27 Old Gloucester Street London United Kingdom WC1N 3AX,5.0
LAMONA & KIOMA GLOBAL LIMITED,17293419,ltd,22-06-2026,"[62020,66300, 70229]",501 Yatesbury Avenue Birmingham England B35 6PU,5.0
VFX MARKETS LIMITED,17374464,ltd,31-07-2026,"[64304,66120,66220, 66300]",Suite10 Capital House London United Kingdom E8 1LL,5.0
FX TECHNOLOGIES LTD,15468619,ltd,05-02-2024,"[64205,64991,66300, 82200]",15468619 - COMPANIES HOUSE DEFAULT ADDRESS Cardiff CF14 8LH,5.0
NEWBERRY WEALTH MANAGEMENT LIMITED,11584497,ltd,24-09-2018,[66300],418 Kedleston Road Derby England DE22 2TF,5.0
TSHIBCORP LTD,17303065,ltd,26-06-2026,"[41202,46420,66300, 90030]",128 City Road London United Kingdom EC1V 2NX,5.0
NEXFOLIO CAPITAL LIMITED,17325254,ltd,07-07-2026,"[64301,64303,66110, 66300]",128 City Road London United Kingdom EC1V 2NX,5.0
TRUSTFX MARKETS LIMITED,17320025,ltd,04-07-2026,"[64205,64304,66120, 66300]",Suite10 Capital House London United Kingdom E8 1LL,5.0
SWAPTRON LTD,17260034,ltd,03-06-2026,"[66300, 70221]",20 Farringdon Street London England EC4A 4AB,5.0
THROGMORTON ASSET MANAGEMENT LTD,17255120,ltd,02-06-2026,"[66190, 66300]",Wellesley House London England SE18 6SS,5.0
CANDYFLOSS INVESTMENTS LTD,16114125,ltd,02-12-2024,"[66300,68100, 68209]",167 To 169 Great Portland Street London England W1W 5PF,5.0
TPI FUND MANAGERS LIMITED,11393678,ltd,01-06-2018,[66300],Tesco House Shire Park Welwyn Garden City United Kingdom AL7 1GA,5.0
NAUTILUS ADVENTURES LTD,12677075,ltd,17-06-2020,[66300],"Flat 11,  Melville Court London United Kingdom SE8 5DR",5.0
GML GLOBAL LIMITED,15761248,ltd,04-06-2024,"[06100, 09100,51210, 66300]",6 Batley Close Mitcham England CR4 4AY,5.0
CLOWES WEALTH MANAGEMENT LIMITED,11366990,ltd,17-05-2018,[66300],1265 Century Way Thorpe Park England LS15 8ZB,5.0
O D ASSET MANAGEMENT LTD,11532647,ltd,23-08-2018,[66300],Wrinstone House Dinas Powys United Kingdom CF64 4HE,5.0
WHITEBEARD INVESTMENTS LTD,15783930,ltd,17-06-2024,"[64303,64304, 66300]",71-75 Shelton Street London United Kingdom WC2H 9JQ,5.0
D CLARKE MANAGEMENT LTD,11462762,ltd,13-07-2018,[66300],29 Ffordd Draenen Ddu Swansea SA3 5RP,5.0
AF NORTHANTS LTD,11603083,ltd,03-10-2018,[66300],"Ashby Fields Dental Centre,  5 Daventry United Kingdom NN11 0XY",5.0
AVOCET WEALTH PARTNERSHIP LTD,13074485,ltd,10-12-2020,"[66290, 66300]",55 The Parade Exmouth England EX8 1RD,5.0
HIGHGATE CAPITAL INVESTMENTS LIMITED,12575182,ltd,28-04-2020,[66300],1 Kings Avenue London United Kingdom N21 3NA,5.0
PLUTONIUM INVESTORS LTD,11208561,ltd,15-02-2018,[66300],The Orchard Coltman Avenue Aylesbury United Kingdom HP18 9DP,5.0
VARDO VENTURES LTD,11176096,ltd,29-01-2018,[66300],Broughton Grounds House Newport Pagnell England MK16 0HZ,5.0
D R ASSET MANAGEMENT LTD,11554588,ltd,05-09-2018,[66300],Bryn Celyn Castle Hill Cowbridge United Kingdom CF71 7JB,5.0
GOLDSTAR GROUP HEALTHCARE LIMITED,14269570,ltd,02-08-2022,"[66220,66290, 66300]",Nws House / 1e Purley United Kingdom CR8 2AF,5.0
STEVEN TOWNSEND WEALTH MANAGEMENT LIMITED,11445469,ltd,03-07-2018,[66300],Victoria House Reading United Kingdom RG1 1TG,5.0
6K CAPITAL LTD,15882048,ltd,06-08-2024,"[66110,66120, 66300]",128 City Road London United Kingdom EC1V 2NX,5.0
BUILT VENTURE CAPITAL LIMITED,11591402,ltd,27-09-2018,[66300],Port Salus Business Centre 3rd Floor Liverpool England L1 0AJ,5.0
GELLAW 301 LIMITED,11504470,ltd,07-08-2018,[66300],4 Firs Close Oswestry England SY11 3LT,5.0
DAIWA INTERNATIONAL CAPITAL PARTNERS LIMITED,12941001,ltd,09-10-2020,[66300],5 King William Street London United Kingdom EC4N 7DA,5.0
TYLER INVESTMENT MANAGEMENT LIMITED,12830764,ltd,21-08-2020,[66300],24 King William Street London England EC4R 9AT,5.0
BARNES FINANCIAL LIMITED,11282582,ltd,29-03-2018,[66300],2b Devonshire Road Westhill House Bexleyheath England DA6 8DS,5.0
KUNVARJ CAPITAL LTD,13017118,ltd,13-11-2020,"[64304, 66300]",8 Mulgrave Road Harrow England HA1 3UF,5.0
BARWOOD CAPITAL (RIPDM2) LIMITED,11565681,ltd,12-09-2018,[66300],Grafton House Towcester United Kingdom NN12 7LS,5.0
A D ASSET MANAGEMENT LTD,11532681,ltd,23-08-2018,[66300],Wrinstone House Dinas Powys United Kingdom CF64 4HE,5.0
A W J ASSET MANAGEMENT LTD,11481861,ltd,25-07-2018,[66300],6 Fairleigh Road Pontcanna Wales CF11 9JT,5.0
JEREMY KING RESTAURANTS LIMITED,12451681,ltd,10-02-2020,[66300],"2nd Floor Connaught House,  1-3 Mount Street London United Kingdom W1K 3NB",5.0
MANCHESTER GLOBAL MANAGEMENT (UK) LIMITED,12552463,ltd,09-04-2020,[66300],9 Pembridge Road London England W11 3JY,5.0
EHARO LTD,12503234,ltd,06-03-2020,[66300],22a St. James's Square London England SW1Y 4JH,5.0
MEDIUS UNUS LIMITED,11318955,ltd,19-04-2018,[66300],31 Baltic Avenue Westside Development Brentford United Kingdom TW8 0LL,5.0
KKV INVESTMENT MANAGEMENT LTD,12475228,ltd,20-02-2020,[66300],103 Nations House London England W1U 1QS,5.0
JB INFRASTRUCTURE CONSULTING LIMITED,12407612,ltd,16-01-2020,[66300],Zlr Studios West Heath Yard London United Kingdom NW6 1TB,5.0
S-3 GROUP INVEST LTD,15987878,ltd,30-09-2024,"[64301,64303,64304, 66300]",201b.3 Cardinal Point Park Road Rickmansworth England WD3 1RE,5.0
BVL CAPITAL 2021 LIMITED,13098777,ltd,24-12-2020,[66300],4 Duke Street Mansions London United Kingdom W1K 6JX,5.0
AFRAA ASSET MANAGEMENT LTD,13033207,ltd,20-11-2020,[66300],8b Accommodation Road London United Kingdom NW11 8ED,5.0
CEH MANAGEMENT LTD,11500762,ltd,06-08-2018,[66300],Kericks Caerphilly United Kingdom CF83 2NR,5.0
AXM ALTERNATIVE INVESTMENTS LTD,12707413,ltd,30-06-2020,[66300],11 Albemarle Street London United Kingdom W1S 4HH,5.0
AHC INVESTMENTS UNLIMITED,11531912,private-unlimited,22-08-2018,"[64991, 66300]",76 High Street Milton Keynes MK11 1AH,5.0
S-9 GROUP INVEST LTD,16001872,ltd,07-10-2024,"[64301,64303,64304, 66300]",201b.3 Cardinal Point Park Road Rickmansworth England WD3 1RE,5.0
S-7 GROUP INVEST LTD,16001671,ltd,07-10-2024,"[64301,64303,64304, 66300]",201b.3 Cardinal Point Park Road Rickmansworth England WD3 1RE,5.0
OPHIR GROUP LTD,11263295,ltd,19-03-2018,[66300],11263295: COMPANIES HOUSE DEFAULT ADDRESS Cardiff CF14 8LH,5.0
CAPITAL GROUP UK MANAGEMENT COMPANY LIMITED,12952311,ltd,14-10-2020,[66300],1 Paddington Square London England W2 1GL,5.0
IQCP IV A1 LIMITED,12972174,ltd,23-10-2020,[66300],45 Whitfield Street London England W1T 4HD,5.0
FORM VENTURES LIMITED,11529774,ltd,21-08-2018,[66300],1 St. James Court Norwich United Kingdom NR3 1RU,5.0
RBK LOGISTIC LTD,12507233,ltd,10-03-2020,"[64205, 66300]",12507233: COMPANIES HOUSE DEFAULT ADDRESS Cardiff CF14 8LH,5.0
COWBRIDGE,10525715,private-unlimited,14-12-2016,[66300],Midway House Herrick Way Cheltenham England GL51 6TQ,5.0
FOREXST LIMITED,SC592538,ltd,26-03-2018,[66300],19a St. Bernards Crescent Edinburgh Scotland EH4 1NR,5.0
S-5 GROUP INVEST LTD,16001355,ltd,07-10-2024,"[64301,64303,64304, 66300]",201b.3 Cardinal Point Park Road Rickmansworth England WD3 1RE,5.0
CANNING HOLDINGS LTD,14067574,ltd,25-04-2022,"[64203,64301, 66300]","Suites C, D, E, F  14th Floor The Plaza Liverpool United Kingdom L3 9QJ",5.0
MILE END CAPITAL LIMITED,12927541,ltd,04-10-2020,[66300],45 Circus Road London England NW8 9JH,5.0
HONEY BADGER SCIENCE IT LTD,15468382,ltd,05-02-2024,"[66300,71122,72110, 74909]",Flat 6 122 Waddon New Road Croydon England CR0 4JF,5.0
INTENT TO SUCCESS LTD,13591197,ltd,29-08-2021,"[66300, 68100]",9 Corbets Tey Road Upminster England RM14 2AP,4.5
MAKPAY LTD,12108819,ltd,17-07-2019,[66300],61 Bridge Street Kington England HR5 3DJ,4.5
NEWSOME WEALTH MANAGEMENT LTD,11991197,ltd,13-05-2019,[66300],4 Running Well Runwell England SS11 7GD,4.5
GENIO CAPITAL LIMITED,12351291,ltd,05-12-2019,[66300],13 Hursley Road Eastleigh United Kingdom SO53 2FW,4.5
RYAN JOSEPH INVESTMENT LTD,13548403,ltd,04-08-2021,[66300],264 Malden Road London United Kingdom KT3 6AR,4.5
GLENAMBER LIMITED,13644212,ltd,27-09-2021,[66300],"4th Floor,  58-59 Great Marlborough Street London England W1F 7JY",4.5
VERBENA WEALTH MANAGEMENT LIMITED,11829028,ltd,15-02-2019,[66300],4 Tannery House Tannery Lane Woking England GU23 7EF,4.5
SOLIVERA CAPITAL LIMITED,14869220,ltd,15-05-2023,"[64205, 66300]",Flat 2 19 Henrietta Street London England WC2E 8QH,4.5
RED CASE INVESTMENTS LTD,12051489,ltd,14-06-2019,[66300],Calyx House Taunton United Kingdom TA1 3DU,4.5
EXPONENT MANAGEMENT SERVICES LIMITED,13177538,ltd,03-02-2021,[66300],30 Broadwick Street London England W1F 8JB,4.5
EGCB HOLDINGS LIMITED,11963790,ltd,25-04-2019,[66300],Brook House Kingswinford England DY6 9HS,4.5
RESTITUTION CAPITAL LIMITED,13438402,ltd,04-06-2021,[66300],3rd Floor 207 Regent Street London United Kingdom W1B 3HH,4.5
ACCELERATOR ADVISORY LIMITED,12144298,ltd,07-08-2019,[66300],C/O Mills & Reeve Llp Botanic House Cambridge United Kingdom CB2 1PH,4.5
CORTHIAN ENTERPRISES LIMITED,12040517,ltd,10-06-2019,[66300],238 Station Road Addlestone United Kingdom KT15 2PS,4.5
LIGHTSTONE INCOME MANAGEMENT LTD,12070389,ltd,26-06-2019,[66300],3rd Floor 1 Ashley Road Altrincham United Kingdom WA14 2DT,4.5
F4G INVESTMENTS LTD,13473521,ltd,23-06-2021,[66300],38 Wigmore Street London England W1U 2RU,4.5
F4G CAPITAL LTD,13468391,ltd,21-06-2021,[66300],38 Wigmore Street London England W1U 2RU,4.5
MD ONE VENTURES LIMITED,13736446,ltd,10-11-2021,[66300],1 Connaught Place London England W2 2ET,4.5
HERTFORDSHIRE LOAN MANAGEMENT LIMITED,12337693,ltd,28-11-2019,[66300],First Floor Linea House Fleet England GU51 2UZ,4.5
SYDLING BROOK INVESTMENT COMPANY LIMITED,12055194,ltd,17-06-2019,[66300],Wrackleford House Dorchester United Kingdom DT2 9SN,4.5
HANOX INVESTMENT LTD.,11845511,ltd,25-02-2019,[66300],13 Skimpot Road Luton United Kingdom LU4 0JB,4.5
BVL CAPITAL F3 LIMITED,13674233,ltd,12-10-2021,[66300],4 Duke Street Mansions London United Kingdom W1K 6JX,4.5
K.B.B. MANAGEMENT LIMITED,12121195,ltd,24-07-2019,[66300],9 East Lynne Gardens Newport Wales NP18 1NT,4.5
AC FINANCIAL SERVICES LTD,12044521,ltd,11-06-2019,[66300],265 Sheppey Road Dagenham United Kingdom RM9 4JU,4.5
THARMAN FIC 2017,10909429,private-unlimited,10-08-2017,[66300],Little Fieldhead Beaconsfield HP9 2LW,4.5
CONNECT VENTURES FOUR (ENGLAND) LIMITED,13768077,ltd,26-11-2021,[66300],4th Floor 89 Great Eastern Street London England EC2A 3HX,4.5
CMT XXII U.K. LIMITED,13376167,ltd,05-05-2021,[66300],6th Floor 9 Appold Street London EC2A 2AP,4.5
NJORD PARTNERS (SCOTLAND) LIMITED,SC622450,ltd,25-02-2019,[66300],"Suite 2,  Ground Floor Orchard Brae House Edinburgh United Kingdom EH4 2HS",4.5
JPQ INVESTMENT LTD,13347639,ltd,20-04-2021,[66300],167-169 Great Portland Street London (W1w 5pf) Office. 5th Floor London England W1W 5PF,4.5
NORTHDOWN (GENERAL PARTNER) LIMITED,13809856,ltd,20-12-2021,[66300],45 Albemarle Street London England W1S 4JL,4.5
DB INVESTMENT PARTNERS LIMITED,13679854,ltd,14-10-2021,[66300],21 Moorfields London United Kingdom EC2Y 9DB,4.5
ROSEMOOR CAPITAL LTD,15022918,ltd,24-07-2023,"[64205, 66300]",22a St. James's Square London England SW1Y 4JH,4.5
YARROW WAY LTD,14955285,ltd,23-06-2023,"[64205,64304, 66300]",61 Cranbrook Road Ilford United Kingdom IG1 4PG,4.5
CAPITAL DYNAMICS SSCP LIMITED,12128145,ltd,29-07-2019,[66300],One Snowhill Birmingham United Kingdom B4 6GB,4.5
AVIVA INVESTORS INFRASTRUCTURE INCOME NO.6B1 LIMITED,13760599,ltd,23-11-2021,[66300],80 Fenchurch Street London United Kingdom EC3M 4AE,4.5
RST BALTIC WHARF INVESTMENTS LIMITED,13564557,ltd,13-08-2021,[66300],29 York Street London England W1H 1EZ,4.5
RST FAL ESTUARY INVESTMENT LIMITED,13515464,ltd,16-07-2021,[66300],29 York Street London England W1H 1EZ,4.5
EPIDAREX MANAGEMENT LTD,SC640075,ltd,28-08-2019,[66300],137a George Street Edinburgh United Kingdom EH2 4JY,4.5
ASCEXIT LIMITED,12194326,ltd,06-09-2019,[66300],Frenkel House Salford United Kingdom M50 2ZY,4.5
READ SHALL GROW (RSG) LTD,15113212,ltd,04-09-2023,"[66110, 66300]",124 City Road London United Kingdom EC1V 2NX,4.5
SURE VALLEY GENERAL PARTNER LIMITED,13691270,ltd,20-10-2021,[66300],International House London England EC3V 3NG,4.5
KERRERA PARTNERS LTD,11917075,ltd,30-03-2019,[66300],Marine House Haywards Heath England RH16 3LH,4.5
FIDERA VECTA LIMITED,13347193,ltd,20-04-2021,[66300],25-28 Old Burlington Street London England W1S 3AN,4.5
SILVERSTRIPE INVESTMENT MANAGEMENT LIMITED,13685719,ltd,18-10-2021,[66300],6th Floor 3 Valentine Place London United Kingdom SE1 8QH,4.5
TRANSITION GLOBAL MANAGEMENT LIMITED,13659299,ltd,04-10-2021,[66300],4th Floor 5 Carnaby Street London United Kingdom W1F 9PB,4.5
BRITANNIC INVESTMENT MANAGEMENT LIMITED,11770864,ltd,16-01-2019,[66300],Tattersall House Harrogate England HG1 5LT,4.5
VANNA LIMITED,13181182,ltd,04-02-2021,[66300],71-75 Shelton Street London United Kingdom WC2H 9JQ,4.5
MURFITT WEALTH MANAGEMENT LIMITED,13765258,ltd,25-11-2021,[66300],"Suite 206,  Britannia House,  11 Glenthorne Road London England W6 0LH",4.5
NEXFIN CAPITAL LTD,16220310,ltd,31-01-2025,"[62020,66300, 68320]",128 City Road London United Kingdom EC1V 2NX,4.5
BSJ BUSINESS LIMITED,11874048,ltd,11-03-2019,[66300],53 Corporation Street Wednesbury United Kingdom WS10 9AJ,4.5
22 VENTURES LIMITED,13311339,ltd,03-04-2021,"[62020, 66300]","4 Newmans Row,  Lincoln Business Centre Lincoln Road High Wycombe England HP12 3RE",4.5
IO TRADES LTD,16642476,ltd,11-08-2025,"[62012,66120, 66300]",167-169 Great Portland Street London England W1W 5PF,4.5
AIHOURLY IO LTD,16680056,ltd,28-08-2025,"[64205,64301, 66300]",The Chapterhouse London England EC4M 8AD,4.5
AURIX CAPITAL LTD,16696636,ltd,05-09-2025,"[66300, 70221]",1a Cotefield Avenue Bolton England BL3 2EB,4.5
MATTERHORN SWISS LIMITED,16726395,ltd,18-09-2025,"[64205,64304, 66300]",128 City Road London United Kingdom EC1V 2NX,4.5
MONEYPIE LTD,14731835,ltd,15-03-2023,"[64306, 66300]",167-169 Great Portland Street London England W1W 5PF,4.5
STONEX CAPITAL PARTNERS LTD,13415104,ltd,24-05-2021,[66300],3rd Floor London United Kingdom EC4V 6EB,4.5
WMC CAPITAL LTD,13382165,ltd,07-05-2021,[66300],3rd Floor London United Kingdom EC4V 6EB,4.5
BLACKFIN CAPITAL PARTNERS UK LTD,13633802,ltd,21-09-2021,[66300],5 Savile Row London United Kingdom W1S 3PB,4.5
MANFIELD WEALTH MANAGEMENT LIMITED,12217582,ltd,20-09-2019,[66300],North East Business & Innovation Centre (Bic) Wearfield Sunderland England SR5 2TA,4.5
POKEMYFACE LIMITED,16757408,ltd,02-10-2025,"[66300, 70229]",98 Salisbury Road Cardiff Wales CF24 4AE,4.5
MPEA GROUP LTD,16273590,ltd,25-02-2025,"[64201,64204,64205, 66300]",16273590 - COMPANIES HOUSE DEFAULT ADDRESS Cardiff CF14 8LH,4.5
SHORT FLOW CAPITAL LTD,16403243,ltd,23-04-2025,"[64209,64303,64304, 66300]",16403243 - COMPANIES HOUSE DEFAULT ADDRESS Cardiff CF14 8LH,4.5
ENTREPRENEURS FIRST INVESTMENT (II) GPCO LIMITED,13379555,ltd,06-05-2021,[66300],International House London England N1 7SR,4.5
FARRINGDON ASSET MANAGEMENT LIMITED,13794298,ltd,10-12-2021,[66300],99-100 Turnmill Street London England EC1M 5QP,4.5
RHITHM LTD,13111596,ltd,04-01-2021,[66300],154 Commercial Street London United Kingdom E1 6NU,4.5
EVDOPES LTD,16333128,ltd,21-03-2025,"[64205,64301, 66300]",71-75 Shelton Street London United Kingdom WC2H 9JQ,4.5
AKJ FX LTD,16363153,ltd,03-04-2025,"[66110,66120, 66300]",128 City Road London United Kingdom EC1V 2NX,4.5
LIQUID STAKING PROTOCOL LTD,16380325,ltd,10-04-2025,"[64301,64304, 66300]",40 Bank Street London United Kingdom E14 5NR,4.5
ESI VENTURE CAPITAL LTD,13245824,ltd,04-03-2021,"[64303, 66300]",Marine House Haywards Heath United Kingdom RH16 3LH,4.5
MINERVA FUND MANAGEMENT SOLUTIONS LIMITED,12310712,ltd,12-11-2019,[66300],27-29 Townfield Street Chelmsford England CM1 1QL,4.5
IQCP IV C2 LIMITED,13250129,ltd,08-03-2021,[66300],45 Whitfield Street London England W1T 4HD,4.5
PLEIADES CAPITAL LIMITED,12371619,ltd,19-12-2019,[66300],The Shed Cambridge United Kingdom CB5 8HY,4.5
VENTURE ALLIANCE PARTNERS LTD,15373760,ltd,28-12-2023,"[64303,64304, 66300]",61 Bridge Street Kington United Kingdom HR5 3DJ,4.5
J.A.SARGEANT LTD,15257551,ltd,03-11-2023,"[64991,66120, 66300]","Annexe,  29 Oak Lodge Tye Chelmsford United Kingdom CM1 6GY",4.5
SALT & LIGHT FINANCIAL SERVICES LIMITED,11756474,ltd,08-01-2019,[66300],4b Pach Way Newark England NG24 3UP,4.5
ELE F REVOLUTION LTD,16199506,ltd,21-01-2025,"[64191,66290, 66300]",26 Bostall Lane London England SE2 0NH,4.5
SMARAGDUS LTD,SC695701,ltd,14-04-2021,"[64205, 66300]",Balgarvie Farm Perth United Kingdom PH2 6NS,4.5
DOMA CAPITAL LIMITED,13679908,ltd,14-10-2021,[66300],63 Westwick Gardens London England W14 0BS,4.5
RUDIUS MANAGEMENT (UK) LIMITED,13303027,ltd,30-03-2021,[66300],"4th Floor,  58-59 Great Marlborough Street London England W1F 7JY",4.5
ORANGE CAT ENERGY TECHNOLOGY INVESTMENT LIMITED,16735781,ltd,23-09-2025,"[64303,66120, 66300]",199 Bishopsgate London United Kingdom EC2M 3TY,4.5
KRYPTON HOLDINGS LTD,16776717,ltd,10-10-2025,"[64209,66300,68100, 68209]",1 Dairy Cottage Beaminster England DT8 3NP,4.5
CONYERS FAMILY PIC LTD,12250889,ltd,09-10-2019,[66300],22 Highacre Dorking England RH4 3BF,4.5
SCRP CORPORATE PARTNER LTD,13715178,ltd,01-11-2021,[66300],5th Floor 167-169 Great Portland Street London England W1W 5PF,4.5
BRITANNIA SAXON HOLDING LIMITED,16791452,ltd,17-10-2025,"[66300,68100, 68320]",19 Charles Street London England W1J 5DT,4.5
INTERA AI HOLDINGS UK LIMITED,16462908,ltd,20-05-2025,"[64305,66110, 66300]",27 Old Gloucester Street London United Kingdom WC1N 3AX,4.5
PROSPE CAPITAL LTD,16456629,ltd,19-05-2025,"[64301,64306, 66300]",84 Ridgmount Gardens London England WC1E 7AY,4.5
ENDLESS FOURTH PARTNER LIMITED,12357593,ltd,10-12-2019,[66300],Ground Floor Leeds England LS1 2HL,4.5
MARROWGATE HOLDINGS LTD,16578590,ltd,13-07-2025,"[64209,64303, 66300]",71-75 Shelton Street London United Kingdom WC2H 9JQ,4.5
METAMOR GLOBAL INVESTORS LTD,13727558,ltd,07-11-2021,[66300],Michelin House London England SW3 6RD,4.5
SUPERNOVA FINANCE HOLDINGS LTD,16596346,ltd,21-07-2025,"[64301,64304, 66300]","3rd Floor,  86-90 Paul Street London England EC2A 4NE",4.5
CRE MANAGEMENT (HOLDINGS) LIMITED,13119982,ltd,07-01-2021,[66300],First Floor London United Kingdom W1U 2BP,4.5
GARDENIA FINANCIAL LIMITED,13112954,ltd,05-01-2021,[66300],8-10 Grosvenor Gardens London England SW1W 0DH,4.5
CLOVER LANCE LTD,16638683,ltd,08-08-2025,"[64205,64303, 66300]",71-75 Shelton Street London United Kingdom WC2H 9JQ,4.5
ULBRRY LTD,13756705,ltd,22-11-2021,"[66300, 94110]",Ulbrry Oxford United Kingdom OX4 2BB,4.5
ELIPSIS HOLDINGS LTD,16895582,ltd,08-12-2025,"[64205,66120, 66300]",71-75 Shelton Street London United Kingdom WC2H 9JQ,4.5
AURELIS CAPITAL LTD,16893957,ltd,05-12-2025,"[64205,66120, 66300]",71-75 Shelton Street London United Kingdom WC2H 9JQ,4.5
AMT BROTHERS LIMITED,15097288,ltd,25-08-2023,"[46900,47110, 66300]",31 Booth Road Bacup England OL13 0QP,4.5
ROSHA INVESTMENT (UK) LTD,16892923,ltd,05-12-2025,"[64209,66300, 70100]",128 City Road London United Kingdom EC1V 2NX,4.5
INTERNATIONAL GESTION (HOLDINGS) LIMITED,16477554,ltd,27-05-2025,"[64301,66300, 99000]",C/O Hcr Law Llp 4th Floor London United Kingdom EC3V 3NH,4.5
INNOVATIVE PAYMENT SOLUTIONS LTD,16483398,ltd,29-05-2025,"[43999,62090,63110, 66300]",31 Glossop Street Derby United Kingdom DE24 8DU,4.5
4LIFE WEALTH MANAGEMENT LIMITED,12341438,ltd,29-11-2019,[66300],Lumaneri House Blythe Gate Solihull United Kingdom B90 8AH,4.5
QUANTARA CAPITAL LTD,16827821,ltd,03-11-2025,"[64301,64303, 66300]",71-75 Shelton Street London United Kingdom WC2H 9JQ,4.5
RIGHTSLEND LTD,16925078,ltd,22-12-2025,"[64301,66290, 66300]",Flat 18 Imperial House London England E14 8BQ,4.5
LEAFY TUNNEL LTD,13312326,ltd,03-04-2021,[66300],6 Stannary Street London England SE11 4AA,4.5
WELBIT LIMITED,NI736476,ltd,22-12-2025,"[66190, 66300]",Arthur House Belfast Northern Ireland BT1 4GB,4.5
ZENITRON GENERAL TRADING LTD,16448043,ltd,13-05-2025,"[47910,62020,63110, 66300]",16448043 - COMPANIES HOUSE DEFAULT ADDRESS Cardiff CF14 8LH,4.5
NOVA LEGACY LTD,16511000,ltd,11-06-2025,"[66300,85590,86900, 88990]",16511000 - COMPANIES HOUSE DEFAULT ADDRESS Cardiff CF14 8LH,4.5
BASTION ASSET MANAGEMENT LTD,13598339,ltd,02-09-2021,[66300],3 Lombard Street London England EC3V 9AG,4.5
LA MATTINA TRADING LTD,15238400,ltd,26-10-2023,"[66300, 96090]",61a Hackford Road London England SW9 0RE,4.5
RST OCH TRURO INVESTMENTS LIMITED,13521165,ltd,20-07-2021,[66300],29 York Street London England W1H 1EZ,4.5
ANTIPODES PARTNERS MANAGEMENT (UK) LIMITED,13379203,ltd,06-05-2021,[66300],C/O Norose Company Secretarial Services Ltd London United Kingdom SE1 2AQ,4.5
BLACK DIAMOND ASSET MANAGEMENT LIMITED,SC636676,ltd,22-07-2019,[66300],Flat1/2 21 Redshank Avenue Renfrewshire Scotland PA4 8SG,4.5
XENA CAPITAL LIMITED,13493261,ltd,05-07-2021,[66300],71-75 Shelton Street London England WC2H 9JQ,4.5
SPRING CAPITAL GROUP HOLDINGS LIMITED,13450502,ltd,10-06-2021,[66300],Basildon House London England EC2R 6AF,4.5
PARK HOUSE FAMILY INVESTMENTS,10752651,private-unlimited,03-05-2017,[66300],21 High Street Stamford England PE9 3LN,4.5
BENDITO HOLDINGS LIMITED,11963774,ltd,25-04-2019,[66300],Brook House Kingswinford England DY6 9HS,4.5
PITCHGRADE LIMITED,13505391,ltd,12-07-2021,"[41100, 66300]",Pemberley Orchard Lane Oxford United Kingdom OX1 5JH,4.5
REMORA CAPITAL BTR LIMITED,12239168,ltd,02-10-2019,[66300],Parkside House Harrogate England HG1 5LF,4.5
BTR REIT LTD,12238889,ltd,02-10-2019,[66300],Parkside House Harrogate England HG1 5LF,4.5
T. CRANDON MANAGEMENT LIMITED,12121701,ltd,25-07-2019,[66300],Newland Fawr Farm Newland Fawr Farm Bridgend United Kingdom CF35 5DN,4.5
ALLTMORE ASSET MANAGEMENT LIMITED,SC621650,ltd,19-02-2019,[66300],Kincardine Lodge Boat Of Garten United Kingdom PH24 3BY,4.5
JEL ASSETS LTD,12366888,ltd,17-12-2019,[66300],5a Loten Road Benfleet England SS7 5DD,4.5
NICKEL DIGITAL ASSET MANAGEMENT LIMITED,12306648,ltd,08-11-2019,[66300],Radius House C/O Hillier Hopkins Llp Watford England WD17 1HP,4.5
10DYNAMICS LIMITED,13148313,ltd,20-01-2021,[66300],C/O Buzzacott Llp London United Kingdom EC2V 6DL,4.5
MASLOW CAPITAL UK LIMITED,13807373,ltd,17-12-2021,[66300],15 Golden Square London England W1F 9JG,4.5
ROCKEFELLER ASSET MANAGEMENT INTERNATIONAL LTD,13567109,ltd,16-08-2021,[66300],27 Old Gloucester Street London United Kingdom WC1N 3AX,4.5
RIVERBED WEALTH MANAGEMENT LIMITED,13659919,ltd,04-10-2021,[66300],3rd Floor London England EC2N 2QQ,4.5
GATCOMBE FARM (WRINGTON) INVESTMENTS LIMITED,13802428,ltd,15-12-2021,[66300],29 York Street London England W1H 1EZ,4.5
THENEWORDER LTD,13233708,ltd,27-02-2021,[66300],128 City Road London United Kingdom EC1V 2NX,4.5
FORDWICH (WELL LANE) LTD,12230098,ltd,26-09-2019,[66300],Woodgate House Cockfosters England EN4 9HN,4.5
ARTEM INVESTMENT & ADVISORY LTD,13593166,ltd,31-08-2021,[66300],17 Marlborough Road London England W5 5NY,4.5
ACORN GREEN INVESTMENTS LIMITED,13400254,ltd,16-05-2021,[66300],29 York Street London England W1H 1EZ,4.5
SORIS CAPITAL PARTNERS LIMITED,12013105,ltd,23-05-2019,[66300],The Victor Building Earls Colne Business Park Colchester CO6 2NS,4.5
ALTERNATIVE MASON INVESTMENTS LIMITED,13241941,ltd,03-03-2021,"[66300, 68100]",Freemans Place Tenbury Wells United Kingdom WR15 8TH,4.5
NDUCHIS LIMITED,13222483,ltd,24-02-2021,[66300],17 Garland Road London England SE18 2RU,4.5
ACCENT CAPITAL MANAGEMENT LIMITED,13294910,ltd,26-03-2021,[66300],10 Queen Street Place London United Kingdom EC4R 1AG,4.5
CC LITIGATION LIMITED,13761003,ltd,23-11-2021,[66300],Regent House London United Kingdom SE19 3HF,4.5
OAK HILL ADVISORS (U.K. SERVICES (NO.2)) LIMITED,13809800,ltd,20-12-2021,[66300],45 Pall Mall London United Kingdom SW1Y 5JG,4.5
ENGENERA PROJECT 4 LIMITED,12345017,ltd,02-12-2019,[66300],4 Beech Ridge Harpenden United Kingdom AL5 3NJ,4.5
GLENTHORNE CAPITAL LTD,13560937,ltd,11-08-2021,[66300],Southgate Office Village London United Kingdom N14 6HF,4.5
NORTH INVEST LTD,09708493,private-limited-guarant-nsc,29-07-2015,[66300],11-15 Hunslet Road Leeds United Kingdom LS10 1JQ,4.5
SABA CAPITAL MANAGEMENT (UK) LIMITED,13765484,ltd,25-11-2021,[66300],Connect House 133-137 Alexandra Road London United Kingdom SW19 7JY,4.5
SURE VALLEY VENTURES LIMITED,13681024,ltd,14-10-2021,[66300],International House London England EC3V 3NG,4.5
HSBC ASSET MANAGEMENT (FUND SERVICES UK) LIMITED,13596573,ltd,01-09-2021,[66300],Hsbc London United Kingdom E14 5HQ,4.5
W600 LIMITED,13206028,ltd,17-02-2021,"[66300, 68320]",Teq House Wigston Hill Atherstone United Kingdom CV9 2HW,4.5
NAMENE WORKING CAPITAL LIMITED,11787143,ltd,25-01-2019,[66300],Building 1000 Cambridge Research Park Cambridge England CB25 9PD,4.5
OSSINGTON INVESTMENT LTD,15141214,ltd,15-09-2023,"[64304, 66300]",5-10 Bolton Street London England W1J 8BA,4.5
DRD EQUITY LIMITED,13150517,ltd,21-01-2021,[66300],71-75 Shelton Street London United Kingdom WC2H 9JQ,4.5
ROCKHOLD INVESTMENTS LIMITED,12045575,ltd,12-06-2019,[66300],Brookdale Centre Knutsford England WA16 0SR,4.5
LJG WEALTH MANAGEMENT LIMITED,12226420,ltd,25-09-2019,[66300],Lynfield Harlow Road Harlow England CM19 5HH,4.5
ADDERSTONE FINANCE LIMITED,11816560,ltd,11-02-2019,[66300],"Nelson House The Fleming,  Burdon Terrace Newcastle Upon Tyne United Kingdom NE2 3AE",4.5
TWENTY NINE CAPITAL PARTNERS (GENERAL PARTNER) LIMITED,13273408,ltd,17-03-2021,[66300],"C/O Tmf Group,  13th Floor London United Kingdom EC2R 7HJ",4.5
A/O VC UK LIMITED,13802439,ltd,15-12-2021,[66300],First Floor London United Kingdom W1U 2RP,4.5
HEDGE ANALYTICS LTD,13139253,ltd,18-01-2021,"[66300, 72200]",The Old Town Hall Market Place Peterborough United Kingdom PE8 4BA,4.5
EICOS INVESTMENT GROUP LIMITED,13392726,ltd,13-05-2021,[66300],C/O Buzzacott Llp London United Kingdom EC2V 6DL,4.5
MAXJ CAPITAL LIMITED,11968108,ltd,29-04-2019,[66300],24 Upper Approach Road Broadstairs England CT10 1QY,4.5
DAWN GLOBAL MANAGEMENT LIMITED,13281771,ltd,21-03-2021,[66300],154 Buckingham Palace Road London England SW1W 9TR,4.5
SIX SIGMA CAPITAL LIMITED,12067806,ltd,25-06-2019,[66300],Unit 16 Mariner Court Wakefield England WF4 3FL,4.5
PINNACALE BROKERS UK LIMITED,12201786,ltd,11-09-2019,[66300],102 Clay Lane Coventry England CV2 4LN,4.5
RKL WEALTH MANAGEMENT LIMITED,11969088,ltd,29-04-2019,[66300],22 Main Street Loughborough England LE12 6RH,4.5
MONSTRADE FINANCIAL LTD,15234169,ltd,25-10-2023,"[66300, 85600]",128 City Road London United Kingdom EC1V 2NX,4.5
CHARIE LIMITED,12321632,ltd,19-11-2019,[66300],Oakmoore Court Kingswood Road Droitwich United Kingdom WR9 0QH,4.5
DAHAB CAPITAL LTD,13773984,ltd,30-11-2021,"[46499, 66300]",14 Vineyard Row Kingston Upon Thames England KT1 4EG,4.5
POOLE WEALTH MANAGEMENT LTD,15222561,ltd,19-10-2023,"[65300,66220, 66300]",130 Watling Street Radlett United Kingdom WD7 7JH,4.5
AMOR ASSET MANAGEMENT LTD,15173377,ltd,28-09-2023,"[64304, 66300]",71-75 Shelton Street London United Kingdom WC2H 9JQ,4.5
INVICTUS MANEO CAPITAL LTD,11920123,ltd,02-04-2019,[66300],Ground Floor Ilford England IG3 8LA,4.5
DG ASSET MANAGEMENT LTD,11809820,ltd,06-02-2019,[66300],10 Athelstan Road Cardiff United Kingdom CF14 2EP,4.5
HAYFIN SOF III AIV MLP LIMITED,13461555,ltd,17-06-2021,[66300],65 Davies Street London United Kingdom W1K 5JL,4.5
WJT INVESTMENTS LTD,13204212,ltd,16-02-2021,"[64209, 66300]","68,  Westmoor House Main Street Ely United Kingdom CB6 2DY",4.5
CORTLAND INVESTMENT MANAGEMENT UK LIMITED,13739778,ltd,12-11-2021,[66300],"Leaf A 9th Floor,  Tower 42 London England EC2N 1HQ",4.5
EPIC MARKETS LTD,13353254,ltd,23-04-2021,[66300],Audrey House London United Kingdom EC1N 6SN,4.5
NURSERY ROAD CAPITAL MANAGEMENT LIMITED,13126020,ltd,11-01-2021,[66300],7 Bell Yard London England WC2A 2JR,4.5
OXBRIDGE ANGELS LTD,11862617,ltd,05-03-2019,[66300],298a Bath Road Hounslow United Kingdom TW4 7DN,4.5
WUSHBY LIMITED,13304734,ltd,31-03-2021,[66300],55 Ruskin Walk London United Kingdom SE24 9NA,4.5
HELIX CAPITAL MANAGEMENT LIMITED,13266948,ltd,15-03-2021,[66300],2 Leman Street London United Kingdom E1W 9US,4.5
NEKTON CAPITAL LIMITED,13211116,ltd,18-02-2021,[66300],2 Portman Street London England W1H 6DU,4.5
SWANEE RIVER INVESTMENTS,10646526,private-unlimited,01-03-2017,[66300],Summertown Pavilion Oxford United Kingdom OX2 7LG,4.5
LITTLEFIELD CAPITAL LTD,13220536,ltd,23-02-2021,[66300],4th Floor 205 Regent Street London England W1B 4HB,4.5
PRIVATE INVESTMENT FUND LIMITED,16421036,ltd,30-04-2025,"[64205,64304, 66300]",11 Bressenden Place London England SW1E 5BY,4.5
EVO CAPITAL MANAGEMENT EUROPE LTD,13356923,ltd,26-04-2021,[66300],14 Curzon Street London England W1J 5HN,4.5
SAB FAMILY LEGACY ENDOWMENT LTD,14567020,private-limited-guarant-nsc,03-01-2023,"[64929,66300,96090, 98000]",31 Belson Road London England SE18 5PU,4.5
ABUDHABIDEAL LTD,16231256,ltd,05-02-2025,"[64204,66120, 66300]",128 City Road London United Kingdom EC1V 2NX,4.5
UK INTERNATIONAL BUSINESS CONSULTANTS LIMITED,16271502,ltd,24-02-2025,"[66300, 70229]",1 Hillcroft Road Liverpool England L25 6ER,4.5
AGN HOLDINGS LTD,12032819,ltd,04-06-2019,[66300],2nd Floor College House Ruislip United Kingdom HA4 7AE,4.5
LIBERTAS INFINITA TRADING LTD,16338663,ltd,24-03-2025,"[46180,64205,64305, 66300]",1a Headcorn Road Bromley England BR1 4SQ,4.5
ENDLESS THIRD PARTNER LIMITED,12357614,ltd,10-12-2019,[66300],Ground Floor Leeds England LS1 2HL,4.5
EPIC MARKETS IM LTD,13362691,ltd,28-04-2021,[66300],Audrey House London United Kingdom EC1N 6SN,4.5
AQUAWOOD LTD,16175876,ltd,10-01-2025,"[26200,62012,62020, 66300]",Suite 302 4 Station Square Cambridge United Kingdom CB1 2GE,4.5
WORLD QUEST GLOBAL LTD,16326573,ltd,19-03-2025,"[64303,64991, 66300]",27 Old Gloucester Street London United Kingdom WC1N 3AX,4.5
CRYSTAL SPRINGS & SPRINGS LTD,15165436,ltd,26-09-2023,"[64191, 66300]",178b Worple Road London SW20 8PR,4.5
VIVID WEALTH LTD,SC757422,ltd,02-02-2023,"[66220,66290, 66300]","Office 1,  Technology House Glasgow Scotland G3 7PR",4.5
HOLBURNE PARTNERS LTD,13804208,ltd,16-12-2021,"[66300, 68209]",50 Holburne Park Bath United Kingdom BA2 6BL,4.5
MAXXIOM CAPITAL LIMITED,16429813,ltd,06-05-2025,"[41100,64304,66300, 68209]",31 West Park Bristol England BS8 2LX,4.5
ANIMAL RESCUE FUNDING LTD,11878062,ltd,12-03-2019,[66300],35 The North East Fruit And Veg Market Gateshead United Kingdom NE11 0QY,4.5
ANTLER MANAGEMENT UK PVT LTD,13198366,ltd,12-02-2021,[66300],140 Goswell Road London England EC1V 7DY,4.5
CAIRNROCK PARTNERS LTD,13341487,ltd,16-04-2021,[66300],20-22 Wenlock Road London England N1 7GU,4.5
WOVENLIGHT CAPITAL LIMITED,13177643,ltd,03-02-2021,[66300],One Leadenhall London England EC3V 1AB,4.5
CENTIVA CAPITAL UK LTD,12306117,ltd,08-11-2019,[66300],"Suite 2,  Ground Floor Bristol United Kingdom BS1 6FL",4.5
LJL ASSETS LTD,16786462,ltd,15-10-2025,"[64304,66300,77400, 98000]",14 Coronation Drive Liverpool England L14 7NU,4.5
BITSTAMP AURYSS LIMITED,16784236,ltd,14-10-2025,"[63110,64301,64992, 66300]",Suite 14027 61 Bridge Street Kington United Kingdom HR5 3DJ,4.5
CRYNEX LIMITED,16787141,ltd,15-10-2025,"[64301,64306, 66300]",212b High Street North London England E6 2JA,4.5
SMARTGAIN LIMITED,16779841,ltd,13-10-2025,"[64991,66110,66210, 66300]",Suite 14520 61 Bridge Street Kington United Kingdom HR5 3DJ,4.5
AMIRI BY CHANCE CRYPTO TRADING LTD,16795853,ltd,20-10-2025,"[66110,66120, 66300]",71-75 Shelton Street London United Kingdom WC2H 9JQ,4.5
NEKOMIK CAPITAL LIMITED,16791698,ltd,17-10-2025,"[62012,64991, 66300]",5 Brayford Square London England E1 0SG,4.5
VEMI CAPITAL LIMITED,13659829,ltd,04-10-2021,[66300],International House London United Kingdom EC3V 3NG,4.5
PINILLA PORTFOLIO MANAGEMENT LIMITED,13139284,ltd,18-01-2021,[66300],2nd Floor Butler House London England W1T 7AF,4.5
SSKY HOLDINGS LTD,16823220,ltd,31-10-2025,"[66300,68209,87900, 96090]",10 Corner Brake Plymouth United Kingdom PL6 7QP,4.5
MDAO NEXUS LTD,16882146,ltd,01-12-2025,"[64209,64304,64991, 66300]",23 Brookside Ilford England IG6 2TD,4.5
RENAISSANCE CAPITAL HOLDINGS (WI) LIMITED,16884426,ltd,01-12-2025,"[64205,64301, 66300]",128 City Road London United Kingdom EC1V 2NX,4.5
GLOBAL DENTAL SCHEME LIMITED,12122097,ltd,25-07-2019,[66300],Unit 18 Jessops Riverside Sheffield England S9 2RX,4.5
SFC3 LTD,14897459,ltd,26-05-2023,"[64205,64303, 66300]",8 C/O Sandfield Capital Limited Liverpool England L3 1DL,4.5
ANVESHAN VENTURES LIMITED,16340306,ltd,25-03-2025,"[66300, 70221]",11 Central Avenue Beverley England HU17 8LH,4.5
TOKINFT LIMITED,16713511,ltd,12-09-2025,"[63110,64301,64992, 66300]",Suite 13949 61 Bridge Street Kington United Kingdom HR5 3DJ,4.5
STERLING ROSE CAPITAL LIMITED,13488191,ltd,01-07-2021,[66300],78-79 Pall Mall London England SW1Y 5ES,4.5
REKOM ROK CAPITAL PARTNERS LIMITED,NI733781,ltd,26-09-2025,"[64991,66110,66120, 66300]",150 Tamlaght Road Omagh Northern Ireland BT78 5LW,4.5
QUIDROBO LTD,15341119,ltd,10-12-2023,"[62012,62020, 66300]",3 Millway Reigate England RH2 0RH,4.5
CAVORA CAPITAL LTD,16665389,ltd,21-08-2025,"[64201,64301,64304, 66300]",82a James Carter Road Mildenhall United Kingdom IP28 7DE,4.5
SUNWAY MBU RE CAPITAL ADVISORS (UK) LIMITED,13654611,ltd,30-09-2021,[66300],C/O Csc Cls (Uk) Limited 5 Churchill Place London United Kingdom E14 5HU,4.5
FXCGO LIMITED,16672163,ltd,26-08-2025,"[64205,64301,64304, 66300]","2nd Floor College House Ruislip,  United Kingdom HA4 7AE",4.5
ROSCOMMON ANALYTICS UK LIMITED,13224309,ltd,24-02-2021,[66300],C/O Csc Cls (Uk) Limited 5 Churchill Place London United Kingdom E14 5HU,4.5
LAND BROTHERS LIMITED,16587283,ltd,16-07-2025,"[41100,66300, 68100]",720c Old Kent Road London United Kingdom SE15 1NG,4.5
OPSEAC CAPITAL LTD,16590756,ltd,18-07-2025,"[64209,64303, 66300]","Unit 3,  Office A,  1st Floor London England EC3R 8EE",4.5
OLIVECESSORY LTD,13705733,ltd,26-10-2021,"[46480, 66300]",182-184 High Street North East Ham England E6 2JA,4.5
JUNFENG LTD,16929424,ltd,23-12-2025,"[64991,66120, 66300]",Dalton House 60 Windsor Road London United Kingdom SW19 2RR,4.5
LEOR CONSULTING LTD,13413451,ltd,21-05-2021,[66300],100 Cambridge Street London England SW1V 4QG,4.5
SURECASE TECHNOLOGIES LIMITED,11929666,ltd,05-04-2019,[66300],5 & 6 Manor Court Scarborough England YO11 3TU,4.5
STV SUPPORT LTD,16413789,ltd,28-04-2025,"[66300,74909,85600, 96090]",8b Kelvin House Crawley England RH10 9WE,4.5
ASTA INVESTMENT ADVISORS LTD,12030569,ltd,03-06-2019,[66300],198 High Street Tonbridge England TN9 1BE,4.5
CAVENDISH PRIVATE INVESTMENT OFFICE LIMITED,12087167,ltd,05-07-2019,[66300],3 Sharrow Lane Sheffield England S11 8AE,4.5
CIPHERBLOCK CAPITAL LTD,16382547,ltd,11-04-2025,"[62090,64991, 66300]",Flat 63 Galleon House Glengarnock Avenue London United Kingdom E14 3DL,4.5
MIDDLE EAST FINANCIAL INVESTMENT LTD,SC770401,ltd,23-05-2023,"[66110,66220, 66300]",30 Blaeloch Drive Glasgow Scotland G45 9QQ,4.5
AJ EQUITY PARTNERS LTD,16311823,ltd,12-03-2025,"[64301,64303,64304, 66300]",16311823 - COMPANIES HOUSE DEFAULT ADDRESS Cardiff CF14 8LH,4.5
MASRAF LONDON LTD,13400974,ltd,16-05-2021,[66300],98 Edith Grove London England SW10 0NH,4.5
FLOW FX LTD,16645935,ltd,12-08-2025,"[64205,64301,66110, 66300]",16645935 - COMPANIES HOUSE DEFAULT ADDRESS Cardiff CF14 8LH,4.5
KNAFF CORP LIMITED,16336219,ltd,24-03-2025,"[66300,68100,68209, 96090]",16336219 - COMPANIES HOUSE DEFAULT ADDRESS Cardiff CF14 8LH,4.5
ENHARDT GROUP HOLDINGS LTD,16543261,ltd,26-06-2025,"[66120,66300,68100, 68320]",26 Thoresby Drive Hereford England HR2 7RF,4.5
REBALANCE EARTH VENTURE LIMITED,15027947,ltd,25-07-2023,"[66300, 74909]",1 Fore Street Avenue London England EC2Y 9DT,4.5
OPEN SEA CAPITAL LIMITED,15066431,ltd,12-08-2023,"[66300,69102, 99999]","Unit A,  82 James Carter Road Bury St. Edmunds England IP28 7DE",4.5
LGPL NO.2 LIMITED,13136370,ltd,15-01-2021,[66300],One Coleman Street London United Kingdom EC2R 5AA,4.5
LAFWEYN LIMITED,12364002,ltd,16-12-2019,[66300],337 High Road Ilford England IG1 1TE,4.5
BOSTON SPA INVESTMENTS LIMITED,11906244,ltd,26-03-2019,[66300],"Unit C2,  Crimple Court Harrogate England HG2 8PB",4.5
BLACKTHORN CAPITAL PARTNERS LTD,13420827,ltd,26-05-2021,[66300],128 City Road London England EC1V 2NX,4.5
QUANTFLUENCE CAPITAL LIMITED,13554560,ltd,09-08-2021,[66300],23 Berkeley Square London England W1J 6HE,4.5
FINSTOCK GAMES LIMITED,13395790,ltd,14-05-2021,[66300],Britannia House London England W6 0LH,4.5
SCOT EDGE LIMITED,SC648412,ltd,29-11-2019,[66300],The Ca'D'Oro Glasgow Scotland G1 3PE,4.5
SIMPSON CAPITAL INVESTMENTS LIMITED,12237373,ltd,01-10-2019,[66300],"Unit 5,  Avenue Business Park Brockley Road Cambridge England CB23 4EY",4.5
BROADSWORD PRIVATE CAPITAL LIMITED,SC639812,ltd,27-08-2019,[66300],16 Polwarth Terrace Edinburgh United Kingdom EH11 1ND,4.5
ACORN GREEN SETTLEMENTS LIMITED,13400432,ltd,16-05-2021,[66300],29 York Street London England W1H 1EZ,4.5
IGUANA INVESTMENTS LTD,11999777,ltd,16-05-2019,[66300],"8,  Hope Street Yard Cambridge England CB1 3NA",4.5
CF GENERAL PARTNER LIMITED,12025521,ltd,31-05-2019,[66300],Desklodge House Bristol England BS1 6NL,4.5
RSL64 INVESTMENTS,10829588,private-unlimited,21-06-2017,[66300],"C/O Wilson Partners Limited,  Tor Maidenhead England SL6 8BN",4.5
ZOUK CHARGING INFRASTRUCTURE INVESTMENT GENERAL PARTNER LIMITED,SC622770,ltd,28-02-2019,[66300],50 Lothian Road Edinburgh Scotland EH3 9WJ,4.5
ASSET INTELLIGENCE PORTFOLIO MANAGEMENT LTD,11955590,ltd,20-04-2019,[66300],340 Melton Road Leicester England LE4 7SL,4.5
SUNNY ASSET MANAGEMENT LIMITED,12157682,ltd,15-08-2019,[66300],"11th Floor,  The Mille Brentford United Kingdom TW8 9DW",4.5
ALLTMORE LIMITED,SC621644,ltd,19-02-2019,[66300],Kincardine Lodge Boat Of Garten United Kingdom PH24 3BY,4.5
FULCRUM CAPITAL (EUROPE) LTD,13686051,ltd,18-10-2021,[66300],20 North Audley Street London England W1K 6LX,4.5
MKC INVESTMENT MANAGEMENT LIMITED,13475203,ltd,24-06-2021,[66300],Walsingham House London United Kingdom EC3N 4AH,4.5
COLLIERS INVESTMENT MANAGEMENT UK HOLDINGS LIMITED,13807197,ltd,17-12-2021,[66300],95 Wigmore Street London England W1U 1FF,4.5
REGENERATE ASSET MANAGEMENT LTD,11835374,ltd,19-02-2019,[66300],2nd Floor Marshalls Mill Leeds England LS11 9YJ,4.5
NASHVIEW LTD,13487843,ltd,01-07-2021,[66300],1st Floor 314 Regents Park Road London United Kingdom N3 2LT,4.5
ENGENERA PROJECT 2 LIMITED,12344660,ltd,02-12-2019,[66300],4 Beech Ridge Harpenden United Kingdom AL5 3NJ,4.5
ENGENERA PROJECT 3 LIMITED,12344875,ltd,02-12-2019,[66300],4 Beech Ridge Harpenden United Kingdom AL5 3NJ,4.5
AXLEY PARTNERS LTD,15206436,ltd,12-10-2023,"[64209,66120, 66300]","Carrioca Business Park,  Sawley Road Manchester England M40 8BB",4.5
SEEK VENTURES (UK) LIMITED,11926336,ltd,04-04-2019,[66300],Shipgate House Chester England CH1 1RT,4.5
PICTON ASSET MANAGEMENT LIMITED,12118555,ltd,24-07-2019,[66300],264 Banbury Road Oxford England OX2 7DY,4.5
OMERS EUROPE LIMITED,13261072,ltd,11-03-2021,[66300],"29th Floor,  The Leadenhall Building London United Kingdom EC3V 4AB",4.5
JAMJAR B LTD,13241809,ltd,03-03-2021,[66300],"The Jam Pot,  Phoenix Brewery London England W10 6SZ",4.5
ALDERSGATE FUNDING LIMITED,12215736,ltd,19-09-2019,[66300],3rd Floor 1 Ashley Road Altrincham United Kingdom WA14 2DT,4.5
PALLISER CAPITAL (UK) LTD,13135419,ltd,14-01-2021,[66300],Palliser House London England W14 9EQ,4.5
INVESTAO OPERATIONS LIMITED,11801639,ltd,01-02-2019,[66300],103/105 Brighton Road Coulsdon United Kingdom CR5 2NG,4.5
ETERNAL RAY LTD,SC756954,ltd,30-01-2023,"[46900,66300, 68209]",225 Calder Road Edinburgh Scotland EH11 4RG,4.5
HUDNALL ADVISORY LTD,11804052,ltd,04-02-2019,[66300],Hudnall Common Farm Hudnall Common Berkhamsted United Kingdom HP4 1QL,4.5
SOUTH WEST INVEST (HOMES) LIMITED,13506867,ltd,12-07-2021,[66300],29 York Street London England W1H 1EZ,4.5
ASKAIG NEWINGTON LIMITED,12326379,ltd,21-11-2019,[66300],6 Wrotham Business Park Barnet England EN5 4SZ,4.5
KELLEY INVESTMENTS LTD,12351693,ltd,06-12-2019,[66300],Chequers Farm Pilning United Kingdom BS35 4JU,4.5
EMERALD 222 LIMITED,13765624,ltd,25-11-2021,[66300],Grand Buildings 1-3 Strand London United Kingdom WC2N 5HR,4.5
PEARLSTONE ALTERNATIVE LIMITED,13791305,ltd,09-12-2021,[66300],17c Curzon Street 7th Floor London England W1J 5HU,4.5
CONNECT VENTURES THREE (SCOTLAND) LIMITED,SC618522,ltd,17-01-2019,[66300],Harper Macleod Llp Citypoint Edinburgh EH12 5HD,4.5
DN CAPITAL MANAGER LIMITED,13821193,ltd,29-12-2021,[66300],2 Queen Anne Gate Buildings London United Kingdom SW1H 9BP,4.5
ORINVEST LIMITED,11856758,ltd,04-03-2019,[66300],Highbank Cotte Close Seaton United Kingdom EX12 3BH,4.5
ACORN GREEN INVESTMENTS NO 2 LIMITED,13804430,ltd,16-12-2021,[66300],29 York Street London England W1H 1EZ,4.5
RST OLIVER BARNSTAPLE INVESTMENTS LIMITED,13668762,ltd,08-10-2021,[66300],29 York Street London England W1H 1EZ,4.5
GENERAL F LIMITED,13561591,ltd,12-08-2021,[66300],2 St. Margarets Avenue London England N15 3DH,4.5
WESTCREEDS WEALTH LTD,13518714,ltd,19-07-2021,[66300],"The Bengal Wing,  9b London United Kingdom EC2M 4YF",4.5
ESR EUROPE PRIVATE MARKETS LIMITED,13447544,ltd,09-06-2021,[66300],Ferguson House London England NW1 5JD,4.5
GJ INVESTMENTS LIMITED,13115240,ltd,06-01-2021,"[66110, 66300]",2 Cotswold Road Birkenhead United Kingdom CH42 8NY,4.5
ILDC WORLDWIDE HOLDINGS UK LIMITED,13266243,ltd,15-03-2021,"[66120, 66300]",24 New Charlton Way Bristol England BS10 7TN,4.5
BLUEVEST CAPITAL PARTNERS LIMITED,11984131,ltd,08-05-2019,[66300],2nd Floor Medway Bridge House Maidstone England ME14 1JP,4.5
HDCF C.I.C.,14576134,private-limited-guarant-nsc,06-01-2023,"[66300, 82990]",128 City Road London United Kingdom EC1V 2NX,4.5
LOUGHRIGG HOLDINGS LIMITED,12302892,ltd,07-11-2019,[66300],Staverton Court Cheltenham United Kingdom GL51 0UX,4.5
THESAURUM DIAMOND TRADING LTD,16176728,ltd,10-01-2025,"[64303,66110, 66300]",20 Wenlock Road London England N1 7GU,4.5
IXC I (SCOTLAND) LTD,SC625912,ltd,28-03-2019,[66300],50 Lothian Road Edinburgh Scotland EH3 9WJ,4.5
AV I (SCOTLAND) LTD,SC631970,ltd,30-05-2019,[66300],5 South Charlotte Street Edinburgh Scotland EH2 4AN,4.5
WESTWICK CAPITAL LIMITED,12150544,ltd,12-08-2019,[66300],Westwick Lock House Westwick York United Kingdom YO51 9NH,4.5
INTERZONE INVESTMENTS LTD,13178885,ltd,04-02-2021,"[66300, 68100]",271 High Street Berkhamsted England HP4 1AA,4.5
WURQI CAPITAL LIMITED,12342688,ltd,02-12-2019,[66300],Elthorne Gate Pinner England HA5 5QA,4.5
MIANSOMO INVESTMENTS LIMITED,13360886,ltd,27-04-2021,"[64301, 66300]",Blake House Stoke-On-Trent England ST3 1PQ,4.5
SEPTA FX GLOBAL LIMITED,13580641,ltd,23-08-2021,"[66120, 66300]",13580641 - COMPANIES HOUSE DEFAULT ADDRESS Cardiff CF14 8LH,4.5
LEADING INVESTMENT GROUP LTD,16250772,ltd,13-02-2025,"[66300,68100, 68310]",20 Wenlock Road London England N1 7GU,4.5
NJ INVESTCO LIMITED,12565422,ltd,21-04-2020,[66300],Harbour House Southampton England SO14 2AQ,4.0
VULPES INVESTMENT MANAGEMENT UK LTD,14132118,ltd,25-05-2022,[66300],71-75 Shelton Street London United Kingdom WC2H 9JQ,4.0
ST LEONARDS QUARTER NO 2 LIMITED,13911301,ltd,11-02-2022,[66300],29 York Street London England W1H 1EZ,4.0
ZL EDGE LTD,14346136,ltd,08-09-2022,[66300],7 Bell Yard London England WC2A 2JR,4.0
BALYASNY INTERNATIONAL (HOLDINGS) LIMITED,14299432,ltd,16-08-2022,[66300],23 King Street 4th Floor London United Kingdom SW1Y 6QY,4.0
CITAX ASSET MANAGEMENT LIMITED,14355270,ltd,14-09-2022,[66300],"Tower 42,  2nd Floor Old Broad Street London England EC2N 1HN",4.0
GLASHEDY PARTNERS LIMITED,NI669365,ltd,11-05-2020,[66300],2 Downshire Road Holywood Northern Ireland BT18 9LU,4.0
ALPHA VERA CONSULTING LTD,12635168,ltd,30-05-2020,[66300],2-3 Sheldon House Shipston-On-Stour United Kingdom CV36 4AF,4.0
ZEUS CAPITAL MANAGEMENT LIMITED,14327438,ltd,31-08-2022,[66300],Second Floor Flat London England SW7 3BB,4.0
SQUAREPOINT SERVICES UK LIMITED,14377445,ltd,26-09-2022,[66300],Citypoint London United Kingdom EC2Y 9AW,4.0
BALOO TRADING LTD,14189804,ltd,22-06-2022,[66300],"3rd Floor,  45 Albemarle Street London England W1S 4JL",4.0
WHITEROCK FINANCE ENTERPRISES LIMITED,NI670066,ltd,08-06-2020,[66300],"8th Floor,  11-13,  Gloucester Street Belfast Northern Ireland BT1 4LS",4.0
CAPITAL LETTER ALBION LTD,15833062,ltd,11-07-2024,"[58142, 66300]",71-75 Shelton Street London United Kingdom WC2H 9JQ,4.0
FIVE PINS LIMITED,14519202,ltd,01-12-2022,[66300],71-75 Shelton Street London United Kingdom WC2H 9JQ,4.0
SURVIVING ORPHANS LIMITED,13036888,private-limited-guarant-nsc,23-11-2020,"[66300,85600, 96040]",59 Kenpas Highway Coventry England CV3 6AW,4.0
NJ INVESTCO 2 LIMITED,12851606,ltd,02-09-2020,[66300],Harbour House Southampton England SO14 2AQ,4.0
MAYFAIR EQUITY PARTNERS III GENERAL PARTNER LIMITED,14338663,ltd,06-09-2022,[66300],8 Hanover Street London United Kingdom W1S 1YQ,4.0
SRFX CAPITAL LTD,12861576,ltd,07-09-2020,[66300],3 Kirkland Avenue Wigton England CA7 9JQ,4.0
FOZ ASSET MANAGEMENT LIMITED,14367140,ltd,21-09-2022,[66300],The Sati Room London United Kingdom W1G 0JR,4.0
NOVA LIGHT CAPITAL LIMITED,13069742,ltd,08-12-2020,[66300],Jefferay House Chiddingly Place Lewes England BN8 6HE,4.0
NUSHORE CAPITAL LTD,14456812,ltd,02-11-2022,"[64303, 66300]",9 Dingley Road Market Harborough United Kingdom LE16 7ET,4.0
RATTAR HOLDINGS LIMITED,SC667301,ltd,13-07-2020,[66300],13 Queen's Road Aberdeen United Kingdom AB15 4YL,4.0
JT FX INVESTMENTS LTD,14476208,ltd,10-11-2022,"[66110, 66300]",2b Halkyn Road Flint United Kingdom CH6 5HT,4.0
FAROS POINT CAPITAL MANAGEMENT LIMITED,13974602,ltd,14-03-2022,[66300],20 North Audley Street London England W1K 6WE,4.0
ROYC LTD,14183287,ltd,20-06-2022,[66300],2 Leman Street London United Kingdom E1W 9US,4.0
COVALE CAPITAL LTD,14542316,ltd,15-12-2022,[66300],27 Old Gloucester Street London England WC1N 3AX,4.0
OXFORD TECH INVESTMENT LTD,15921197,ltd,28-08-2024,"[64303,64304, 66300]",2 Green Street Green Road Dartford England DA1 1QE,4.0
KING STREET INVESTMENT MANAGEMENT LIMITED,12964464,ltd,21-10-2020,[66300],41 South King Street Manchester England M2 6DE,4.0
SOLOMAR ADVISORS LIMITED,14078629,ltd,29-04-2022,[66300],22 Chancery Lane London United Kingdom WC2A 1LS,4.0
PLAYING FIELD (LENDCO) LIMITED,16020908,ltd,16-10-2024,"[66300, 90020]",124 Finchley Road London United Kingdom NW3 5JS,4.0
PANTELLI CAPITAL LIMITED,13095797,ltd,22-12-2020,[66300],62 Strafford Gate Potters Bar England EN6 1PL,4.0
INVESTOR ALLIANCE CAPITAL LIMITED,13867180,ltd,24-01-2022,[66300],124 Finchley Road London England NW3 5JS,4.0
ALICORN LIMITED,14414039,ltd,12-10-2022,[66300],"Block D,  Part First Floor Morelands London United Kingdom EC1V 9HL",4.0
DRAPER CAPITAL LIMITED,12989328,ltd,02-11-2020,[66300],Vine Cottage 4 Pound Lane Reading England RG4 6XE,4.0
PORTLAND CRESCENT MANAGEMENT SERVICES LTD,15990507,ltd,01-10-2024,"[39000, 66300]",71-75 Shelton Street London United Kingdom WC2H 9JQ,4.0
BROADALE INVESTMENTS LIMITED,12519335,ltd,16-03-2020,[66300],29 Temple Lane Copmanthorpe United Kingdom YO23 3TB,4.0
HENSOL CASTLE (CARDIFF) INVESTMENTS LIMITED,14487397,ltd,16-11-2022,[66300],29 York Street London United Kingdom W1H 1EZ,4.0
GRIGG CAPITAL INVESTMENTS & HOLDINGS LIMITED,12573631,ltd,27-04-2020,[66300],Flat 1 Bourne Court West Bracklesham Drive Chichester England PO20 8QR,4.0
GUINNESS GLOBAL INVESTORS LTD,13836141,ltd,09-01-2022,[66300],18 Smith Square London England SW1P 3HZ,4.0
AWARE SUPER UK LIMITED,14452509,ltd,31-10-2022,[66300],Charles House Fifth Floor London United Kingdom SW1Y 4LR,4.0
PIGEON CAPITAL PARTNERS LIMITED,12590643,ltd,07-05-2020,[66300],Salisbury House Cambridge United Kingdom CB1 2LA,4.0
TALOMON INVESTMENTS LTD,14356795,ltd,14-09-2022,[66300],5 Bolton Street London United Kingdom W1J 8BA,4.0
AEON CAPITAL LIMITED,16991834,ltd,27-01-2026,"[64205,66110, 66300]","Level 3,  207 Regent Street London United Kingdom W1B 3HH",4.0
W3 HOLDINGS LTD,17085725,ltd,11-03-2026,"[62020,63990, 66300]",71-75 Shelton Street London United Kingdom WC2H 9JQ,4.0
BRITANNIA SAXON INTERNATIONAL LIMITED,17084242,ltd,11-03-2026,"[66300,68100, 68320]",19 Charles Street London England W1J 5DT,4.0
ONS FX LTD,13933276,ltd,22-02-2022,"[66110, 66300]",14 Le Noke Avenue Romford England RM3 7GN,4.0
MINAUN CAPITAL LIMITED,13896593,ltd,06-02-2022,[66300],59c Fulham Park Gardens London United Kingdom SW4 4LB,4.0
UNEARTH CAPITAL LIMITED,14226802,ltd,11-07-2022,[66300],"3rd Floor,  Great Titchfield House London United Kingdom W1W 8BD",4.0
WALLEYE CAPITAL (UK) LIMITED,14088131,ltd,05-05-2022,[66300],"15-16 Moss House,  Floor 2,  15-16 Brooks Mews London England W1K 4DS",4.0
CADOGAN LONDON LIMITED,14220295,ltd,07-07-2022,[66300],60 Sloane Avenue London United Kingdom SW3 3DD,4.0
ARBRA INVESTMENT MANAGEMENT LTD,15690057,ltd,29-04-2024,"[66300, 99999]",58 Grosvenor Street London England W1K 3JB,4.0
UORPAY LIMITED,17189862,ltd,29-04-2026,"[62020,62090, 66300]",71-75 Shelton Street London United Kingdom WC2H 9JQ,4.0
MASTERS BLUEPRINT PROPERTY SERVICES LTD,17197494,ltd,05-05-2026,"[66300,68100,68310, 68320]",Unit 9 57 River Road Barking England IG11 0DA,4.0
EFEXIA UK LIMITED,13083723,ltd,15-12-2020,[66300],128b The Street Littlehampton BN16 3DA,4.0
ANGLES INVESTMENT GROUP LTD,17119309,ltd,26-03-2026,"[64999, 66300]","2nd Floor College House Ruislip,  United Kingdom HA4 7AE",4.0
JENSON CD LIMITED,12603030,ltd,14-05-2020,[66300],"Ground Floor,  Radley House Leeds England LS28 6LE",4.0
FLYING COLOURS INVESTMENT MANAGEMENT LIMITED,12433663,ltd,30-01-2020,[66300],"2nd Floor,  Greenwood House Bracknell England RG12 2AA",4.0
BLACK CHORDS LIMITED,13987445,ltd,18-03-2022,[66300],Studio 62 Great Western Studios London England W2 5EU,4.0
PORTOBELLO CAPITAL LTD.,15571551,ltd,17-03-2024,"[64304, 66300]",Flat 428 Flagstaff House 10 St. George Wharf London United Kingdom SW8 2LZ,4.0
TRANQUILO,11294506,private-unlimited,05-04-2018,[66300],Drayton House Malthouse Lane Alresford SO24 9RD,4.0
AUDIMO INVESTMENTS LTD,14015068,ltd,31-03-2022,[66300],4th Floor Tuition House London England SW19 4EU,4.0
INTUNE TRADING CONSULTANTS LTD,14016402,ltd,31-03-2022,[66300],"Flat 3,  Duke House London England E9 6GL",4.0
THP CM TWO LIMITED,13874414,ltd,26-01-2022,[66300],"Level 4,  Dashwood House London United Kingdom EC2M 1QS",4.0
BOOST CAPITAL PARTNERS LTD,14257225,ltd,26-07-2022,[66300],"Unit D,  Heathmans House London England SW6 4TJ",4.0
TACCONIS LTD,13948465,ltd,02-03-2022,[66300],Flat 7 28 Leathermarket Street London United Kingdom SE1 3FZ,4.0
ETHEREUM ENTERPRISES LTD,12408117,ltd,16-01-2020,[66300],2nd Floor College House Ruislip United Kingdom HA4 7AE,4.0
UBUNTU ASSET MANAGEMENT LTD,15512111,ltd,21-02-2024,"[66300, 82302]",Office 1.01 411-413 London England W1C 2PE,4.0
ALL IN ONE COMMUNITY SOLUTIONS LTD,15684451,ltd,26-04-2024,"[66300,96090, 98000]",Office 8 Jarodale House Nottingham United Kingdom NG7 6LB,4.0
NIGHTINGALE CAPITAL ADVISORS (UK) LTD,12981815,ltd,28-10-2020,[66300],21 Barnfield Road Harpenden England AL5 5TH,4.0
VOLPI CAPITAL INVESTMENTS CONTI LIMITED,14461218,ltd,04-11-2022,[66300],1 Hoopers Court London England SW3 1AF,4.0
FELICITATEM CAPITAL,11685379,private-unlimited,19-11-2018,[66300],Burleigh House Cassington Road Woodstock England OX20 1RX,4.0
OMN INVESTMENTS LIMITED,15628175,ltd,08-04-2024,"[64304,66300, 68320]",45 Price Road Wednesbury England WS10 0EZ,4.0
LACANN LIMITED,13980740,ltd,16-03-2022,[66300],1 Fore Street Avenue London England EC2Y 9DT,4.0
ALPHA TRADE LTD,14436378,ltd,22-10-2022,[66300],50 Burnaby Gardens London England W4 3DP,4.0
SHIPROCK CAPITAL MANAGEMENT LIMITED,14057969,ltd,20-04-2022,[66300],5 Savile Row London W1S 3PB,4.0
MELAN & COA LIMITED,12943236,ltd,12-10-2020,[66300],Production Atelier The Long Barrow Ashford TN24 0GP,4.0
LUMIN PORTFOLIO MANAGEMENT LIMITED,12682375,ltd,19-06-2020,[66300],"2nd Floor,  4 Beaconsfield Road St. Albans England AL1 3RD",4.0
42 LEGAL CAPITAL LIMITED,14049125,ltd,14-04-2022,[66300],International House London England WC2R 3JF,4.0
ENNILL LTD,12467479,ltd,17-02-2020,[66300],"Ty Caer Wyr,  Charter Court,  Phoenix Way Swansea Wales SA7 9FS",4.0
TTX SERVICES UK LIMITED,14253026,ltd,25-07-2022,[66300],15 Stratton Street London United Kingdom W1J 8LQ,4.0
ARBRA LIMITED,14419998,ltd,14-10-2022,[66300],58 Grosvenor Street London England W1K 3JB,4.0
ELBA PRINCIPAL CAPITAL LIMITED,17327597,ltd,08-07-2026,"[64209,64303, 66300]",128 City Road London United Kingdom EC1V 2NX,4.0
ZD INVESTMENTS LIMITED,13049960,ltd,30-11-2020,[66300],110 Carlton Avenue East Wembley England HA9 8LY,4.0
NEXGEN REALITY LIMITED,17364641,ltd,27-07-2026,"[41100,66300,68100, 68320]","Cunningham House Pike Way, North Weald England United Kingdom CM16 6BL",4.0
WARD PROPERTY & INVESTMENTS LIMITED,13079259,ltd,14-12-2020,[66300],21 Stafford Road Croydon England CR0 4NG,4.0
SET TIME SERVICES LTD,17402409,ltd,15-08-2026,"[56290,66300,78200, 81299]",48 Betterton Road Rainham England RM13 8NB,4.0
HEDGE AND SACHS FINANCING BROKERS LTD,14055960,ltd,20-04-2022,"[64205, 66300]","2nd Floor College House Ruislip,  United Kingdom HA4 7AE",4.0
BALYASNY INTERNATIONAL LTD,14351329,ltd,12-09-2022,[66300],23 King Street 4th Floor London United Kingdom SW1Y 6QY,4.0
AREIM UK LIMITED,14176182,ltd,16-06-2022,[66300],16 Great Queen Street London United Kingdom WC2B 5AH,4.0
PERSPECTIVE INVEST LIMITED,14368915,ltd,21-09-2022,[66300],Tavira 88 Wood Street London England EC2V 7DA,4.0
FELIX ADVISORS LIMITED,14373749,ltd,23-09-2022,[66300],27 Beak Street 4th Floor London United Kingdom W1F 9RU,4.0
LHC INVESTMENT ADVISORY LIMITED,14139491,ltd,30-05-2022,[66300],"Wsm,  Connect House 133-137 Alexandra Road London United Kingdom SW19 7JY",4.0
CORINTHIA GLOBAL MANAGEMENT LIMITED,14213211,ltd,04-07-2022,[66300],"Sixth Floor,  33 Cavendish Square London England W1G 0PW",4.0
FIDELIO CAPITAL LIMITED,14040238,ltd,11-04-2022,[66300],14-16 Bruton Place London United Kingdom W1J 6LX,4.0
SIKHOUSE INVESTMENTS LTD,12604892,ltd,15-05-2020,[66300],57 High Street Rowley Regis England B65 0EH,4.0
A.P.R. MORRIS LIMITED,12626615,ltd,27-05-2020,[66300],91 Gypsy Lane Castleford United Kingdom WF10 3PA,4.0
MUSIC METAVERSE LTD,14123593,ltd,23-05-2022,[66300],Summit House London United Kingdom NW3 6BP,4.0
FIDENTI GROUP LTD,12591643,ltd,07-05-2020,[66300],19 Lambert Close Swindon United Kingdom SN5 8NY,4.0
CFX CAPITAL LTD,14450047,ltd,28-10-2022,"[56290, 66300]",125 Drummond Grove Ashford United Kingdom TN24 0US,4.0
CLEAR CAPITAL CORPORATE BROKING LTD.,12973603,ltd,26-10-2020,[66300],C/O Bda Associates Limited Global House Epsom England KT18 5AD,4.0
TROJAN INVESTMENT GROUP LTD,14453159,ltd,31-10-2022,"[66300, 86230]",155 Kenyon Lane Moston United Kingdom M40 9DJ,4.0
ANANDA IMPACT VENTURES UK LIMITED,14445459,ltd,26-10-2022,[66300],C/O Womble Bond Dickinson (Uk) Llp London United Kingdom SE1 2AU,4.0
WHITEROCK INVEST LIMITED,NI671398,ltd,30-07-2020,[66300],11-13 Gloucester Street Belfast Northern Ireland BT1 4LS,4.0
TIOGA CAPITAL MANAGEMENT UK LIMITED,14253923,ltd,25-07-2022,[66300],Lynton House London WC1H 9BQ,4.0
LINIK FINANCE LIMITED,14470863,ltd,08-11-2022,[66300],130 Wood Street London England EC2V 6DL,4.0
LEGAL & GENERAL CAPITAL IM COMPANY LIMITED,14447167,ltd,27-10-2022,[66300],One London United Kingdom EC2R 5AA,4.0
RESONANCE BW HOLDINGS LIMITED,SC667332,ltd,13-07-2020,[66300],13 Queen's Road Aberdeen United Kingdom AB15 4YL,4.0
DIALLO CAPITAL LTD,12489036,ltd,28-02-2020,[66300],130 A Benton Road Newcastle Upon Tyne United Kingdom NE7 7DX,4.0
COLEBROOKE PARTNERS IM LIMITED,13978621,ltd,15-03-2022,[66300],2 Kensington Place London England N10 3BY,4.0
APG COMMERCIAL INVESTMENTS LIMITED,13875308,ltd,27-01-2022,[66300],29 York Street London England W1H 1EZ,4.0
ACORN PORTFOLIO INVESTMENTS LIMITED,14414394,ltd,12-10-2022,[66300],29 York Street London United Kingdom W1H 1EZ,4.0
SJG INVESTMENT MANAGEMENT LTD,15840486,ltd,16-07-2024,"[64209, 66300]",29 Unex Tower 7 Station Street London United Kingdom E15 1DA,4.0
AXIUM INFRASTRUCTURE UK LTD,14147323,ltd,01-06-2022,[66300],Savoystrand London England WC2R 0AA,4.0
GREENLAND CAPITAL MANAGEMENT UK LIMITED,14333355,ltd,02-09-2022,[66300],C/O Buzzacott Llp London United Kingdom EC2V 6DL,4.0
TJ ELECTRICAL EOT LIMITED,12950450,ltd,14-10-2020,[66300],22 St Georges Street Stamford United Kingdom PE9 2BU,4.0
SERVICESCAPE LTD,14243804,ltd,19-07-2022,[66300],228 Bexley Road London United Kingdom SE9 2PJ,4.0
PPF LOAN SERVICES LIMITED,14083844,ltd,03-05-2022,[66300],Cassini House London United Kingdom SW1A 1LD,4.0
CARMIGNAC UK LTD,14162894,ltd,09-06-2022,[66300],2 Carlton House Terrace London United Kingdom SW1Y 5AF,4.0
RSS INVESTMENTS AND TRADING LIMITED,15799450,ltd,24-06-2024,"[64991,66110, 66300]",Belgrave House Weybridge United Kingdom KT13 8RN,4.0
AMBIENTA LTD,14426227,ltd,18-10-2022,[66300],20 King Street London United Kingdom SW1Y 6QY,4.0
CONEJO LTD,14540289,ltd,14-12-2022,[66300],Flat 3 Ashdown Court 2e London England E17 4GF,4.0
TRADE KARO LIMITED,15948065,ltd,10-09-2024,"[66120, 66300]",71-75 Shelton Street London United Kingdom WC2H 9JQ,4.0
NORTHTREE INVESTMENT MANAGEMENT LTD,12951131,ltd,14-10-2020,[66300],Gardeners Cottage Gustard Wood St. Albans England AL4 8RN,4.0
DALE BROWN ENTERPRISES LTD,13016968,ltd,13-11-2020,[66300],26 Gaen St Abertillery United Kingdom NP13 1PT,4.0
BICE INVESTMENTS LTD,14107323,ltd,14-05-2022,"[66300, 68320]","7,  The Chambers,  Vineyard Abingdon England OX14 3PX",4.0
THE NORTH EAST FUND LIMITED,10441614,private-limited-guarant-nsc,24-10-2016,[66300],"Suite D,  Fifth Floor West One Newcastle Upon Tyne United Kingdom NE1 3PA",4.0
IMPACTA GLOBAL LIMITED,13872321,ltd,26-01-2022,[66300],3 Orchard Place London England SW1H 0BF,4.0
ENKADON CAPITAL LIMITED,16039636,ltd,24-10-2024,"[64303, 66300]",Hammond House London England W1J 7JU,4.0
BELMORE FINANCIAL PLANNING LTD,13056177,ltd,02-12-2020,[66300],15 Bridge Road Wellington Telford United Kingdom TF1 1EB,4.0
EDGE CFF (SCOTLAND) LIMITED,SC681530,ltd,20-11-2020,[66300],50 Lothian Road Edinburgh Scotland EH3 9WJ,4.0
JUGISE,11429917,private-unlimited,23-06-2018,[66300],Stenhill Cottage Launceston England PL15 8NN,4.0
PROPONENT CAPITAL LTD,14327384,ltd,31-08-2022,[66300],4th Floor Silver Stream House 45 Fitzroy Street London England W1T 6EB,4.0
EPA INVESTMENTS LIMITED,12483750,ltd,26-02-2020,[66300],The Stable Yard Vicarage Road Milton Keynes England MK11 1BN,4.0
SWIFT INVEST LIMITED,12515278,ltd,12-03-2020,[66300],C/O Knights Newcastle-Under-Lyme United Kingdom ST5 0QW,4.0
S&W CAPITAL LIMITED,12457058,ltd,11-02-2020,[66300],10 Towerfield Road Southend-On-Sea England SS3 9QE,4.0
PHD RETAIL HOLDINGS LTD,14006983,ltd,28-03-2022,[66300],86-90 Paul Street London United Kingdom EC2A 4NE,4.0
DECAGON ASSET MANAGEMENT (UK) LTD,13843926,ltd,12-01-2022,[66300],5 Swallow Place London England W1B 2AF,4.0
MARVELLEX HOLDINGS LIMITED,14429878,ltd,19-10-2022,[66300],105 London Road Luton LU1 3RG,4.0
INVESTEC ALTERNATIVE INVESTMENT MANAGEMENT LIMITED,13937291,ltd,24-02-2022,[66300],30 Gresham Street London England EC2V 7QP,4.0
IQCP GFII 1 LIMITED,14074926,ltd,28-04-2022,[66300],45 Whitfield Street London England W1T 4HD,4.0
BLACK ARK CAPITAL LTD,14042657,ltd,12-04-2022,[66300],Monomark House London England WC1N 3AX,4.0
IQCP GFII 2 LIMITED,14074844,ltd,28-04-2022,[66300],45 Whitfield Street London England W1T 4HD,4.0
KJ CAPITAL GROUP LTD,15664453,ltd,20-04-2024,"[64205,66110, 66300]",Moss Bridge House Rochdale England OL16 5EA,4.0
PF GLOBAL TREASURY GROUP UK LIMITED,14492581,ltd,18-11-2022,[66300],LEVEL 3 London W1B 3HH,4.0
RISKX CONSULTING LTD,15401327,ltd,09-01-2024,"[66210, 66300]",5 Brayford Square London United Kingdom E1 0SG,4.0
PALEKANA LTD,13897854,ltd,07-02-2022,[66300],86-90 Paul Street London United Kingdom EC2A 4NE,4.0
FIRST SOVEREIGN PROJECTS LIMITED,12591799,ltd,07-05-2020,[66300],York Eco Business Centre (Office 12) York England YO30 4AG,4.0
BOKALDO GROUP LIMITED,13936946,ltd,24-02-2022,[66300],7 Bell Yard London England WC2A 2JR,4.0
PEMCAP PARTNERS LIMITED,14012288,ltd,30-03-2022,[66300],40 Bickerton Road London United Kingdom N19 5JS,4.0
PRIVET CAPITAL GP4 LIMITED,13084761,ltd,16-12-2020,[66300],Network House Basingstoke England RG21 4HG,4.0
PRIVET CAPITAL LP4 LIMITED,13087336,ltd,17-12-2020,[66300],Network House Basingstoke England RG21 4HG,4.0
PANWAR CAPITAL LIMITED,12688139,ltd,22-06-2020,[66300],35 Mowbray Road Edgware England HA8 8JG,4.0
MILLER 153 LIMITED,12987858,ltd,02-11-2020,[66300],Catalyst House 720 Centennial Ave Borehamwood England WD6 3SY,4.0
RIGHT FINANCE LIMITED,12997053,ltd,04-11-2020,[66300],9 Manor Farm Place Carlisle England CA5 6QS,4.0
FR FX LIMITED,15695311,ltd,30-04-2024,"[47910,47990, 66300]",3 East Avenue Northwich England CW9 7JE,4.0
2FEXCHANGESMB LTD,16096684,ltd,22-11-2024,"[47910,66300, 73110]","2nd Floor College House Ruislip,  United Kingdom HA4 7AE",4.0
RESTITUTION LITIGATION LIMITED,14138290,ltd,27-05-2022,[66300],207 Regent Street London England W1B 3HH,4.0
BOWMOOR CAPITAL LIMITED,14080363,ltd,02-05-2022,[66300],167-169 Great Portland Street London W1W 5PF,4.0
HARDLINE CAPITAL LTD,16996156,ltd,28-01-2026,"[64209,64304, 66300]",128 City Road London United Kingdom EC1V 2NX,4.0
SIDEKICK MONEY LTD,13882980,ltd,31-01-2022,[66300],6-7 St. Cross Street London England EC1N 8UB,4.0
HERENSUGE LIMITED,17017208,ltd,06-02-2026,"[66300,68100,86220, 86900]",61 Bridge Street Kington United Kingdom HR5 3DJ,4.0
LMFX LTD,17053542,ltd,25-02-2026,"[64999, 66300]",8 Lines Road Manchester England M43 7FA,4.0
MCWIN CAPITAL PARTNERS LIMITED,14516223,ltd,30-11-2022,[66300],3rd Floor 86 - 90 Paul Street London England EC2A 4NE,4.0
PARROT QUAY LIMITED,12930151,ltd,05-10-2020,[66300],44 Parker House Stafford Road Wallington England SM6 9AA,4.0
ALLCLOUT UK LTD,12570216,ltd,23-04-2020,[66300],"Suite A,  1st Floor Ashford England TN24 8XW",4.0
LUMIN DFM LIMITED,12680322,ltd,18-06-2020,[66300],"2nd Floor,  4 Beaconsfield Road St. Albans England AL1 3RD",4.0
LEXANA CAPITAL LTD,12459116,ltd,12-02-2020,[66300],Two Lichfield South Wall Island Lichfield England WS14 0QP,4.0
KNIGHT AND MAYFLOWER INVESTMENTS LTD,16006016,ltd,08-10-2024,"[47770, 66300]",71-75 Shelton Street London England WC2H 9JQ,4.0
GECKO INVESTMENT ADVISORS LTD,16985747,ltd,25-01-2026,"[66300, 70229]",8 Carlton Close West Malling England ME19 4HS,4.0
LOMBARD RATING AGENCY LTD,16990072,ltd,27-01-2026,"[64205,64301, 66300]",71-75 Shelton Street London United Kingdom WC2H 9JQ,4.0
RMB CAPITAL LIMITED,12905505,ltd,25-09-2020,[66300],12905505 - COMPANIES HOUSE DEFAULT ADDRESS Cardiff CF14 8LH,4.0
MBLH OLD LTD,14487902,ltd,16-11-2022,[66300],13 Hallswelle Road 13 Hallswelle Road London England NW11 0DH,4.0
CFS CAPITAL LIMITED,16942012,ltd,05-01-2026,"[64205,64303, 66300]",71-75 Shelton Street London United Kingdom WC2H 9JQ,4.0
PERSONAL DATA PROTECTION RIGHTS,15578224,private-limited-guarant-nsc-limited-exemption,20-03-2024,"[64921,66300,84120, 88100]",174 Cannon Street Road Cannon Street Road London England E1 2LH,4.0
LAMNID GROUP LTD,16953597,ltd,09-01-2026,"[64301,66210, 66300]",71-75 Shelton Street London United Kingdom WC2H 9JQ,4.0
FARBEACH HORIZON,17085118,private-unlimited,11-03-2026,"[66300, 70221]",100 Liverpool Street London EC2M 2AT,4.0
HUMANITARIAN PROJECT LIMITED,17124334,ltd,30-03-2026,"[66120,66300,74909, 78300]",61 Bridge Street Kington United Kingdom HR5 3DJ,4.0
SINGAPORE GLOBAL INVESTMENT LTD,17121084,ltd,27-03-2026,"[64205,64209, 66300]",71-75 Shelton Street London United Kingdom WC2H 9JQ,4.0
ORMONDE ADVISORY LIMITED,12421418,ltd,23-01-2020,[66300],Unit 11 Aylsham Business Park Aylsham United Kingdom NR11 6FD,4.0
MBA INVESTMENT MANAGEMENT LTD,14404642,ltd,07-10-2022,"[64205, 66300]",14404642 - COMPANIES HOUSE DEFAULT ADDRESS Cardiff CF14 8LH,4.0
LAWESY LTD,17192215,ltd,30-04-2026,"[66300, 70221]",Unit 11 Purdeys Way Rochford United Kingdom SS4 1ND,4.0
ECENTRIX CAPITAL LTD,17206136,ltd,08-05-2026,"[64991,66110, 66300]",97 Mcleod Road London England SE2 0BW,4.0
EVRAMAN LTD,17244726,ltd,27-05-2026,"[66300, 70221]",15 Mepham Gardens Harrow England HA3 6QS,4.0
TRADEFLOW CAPITAL MANAGEMENT LTD,13910421,ltd,11-02-2022,[66300],"Devonshire House,   Level 1 London England W1J 8AJ",4.0
DHJA LIMITED,14255366,ltd,25-07-2022,"[66300, 68209]",Riverside Congleton England CW12 1DY,4.0
FBP INVESTMENTS LTD,12996395,ltd,04-11-2020,[66300],"Future Business Partnership,  C/O Sustainable Workspaces,  The Riverside Building,  Belvedere Rd,  United Kingdom SE1 7PB",4.0
AMNN LIMITED,13997180,ltd,23-03-2022,[66300],5th Floor Ldn:W London England EC2V 7EE,4.0
VALUE IS U LTD,15476648,private-limited-guarant-nsc,09-02-2024,"[64999,66300, 70221]",15476648 - COMPANIES HOUSE DEFAULT ADDRESS Cardiff CF14 8LH,4.0
AQUILA CAPITAL INVEST UK LTD.,14398300,ltd,04-10-2022,[66300],30 Gresham Street London United Kingdom EC2V 7QP,4.0
HAVILLAND ACTIVE VENTURES LIMITED,17070709,ltd,04-03-2026,"[66300, 70221]",37 Abenbury Way Wrexham Wales LL13 9FS,4.0
THEMA MANAGEMENT LTD,13994528,ltd,22-03-2022,[66300],843 Finchley Road London United Kingdom NW11 8NA,4.0
ALPEX F LIMITED,17259152,ltd,03-06-2026,"[64303,64304, 66300]",Bronze Building London England SE1 9HZ,4.0
AEQUITAS MANAGEMENT LTD,17331728,ltd,10-07-2026,"[64306,66300, 68320]",71-75 Shelton Street London United Kingdom WC2H 9JQ,4.0
HSSB LTD,12960344,ltd,19-10-2020,[66300],37 Mill Farm Road Birmingham England B17 0QX,4.0
AVERE COMMODITIES UK LIMITED,15732479,ltd,21-05-2024,"[66300, 71200]",6th Floor 25 Farringdon Street London United Kingdom EC4A 4AB,4.0
ARTIFICIAL INTELLIGENCE WEALTH MANAGEMENT LIMITED,14305021,ltd,18-08-2022,[66300],71-75 Shelton Street London United Kingdom WC2H 9JQ,4.0
ANCHOR CAPITAL ASSET MANAGEMENT (UK) LIMITED,14072185,ltd,27-04-2022,[66300],727-729 High Road London England N12 0BP,4.0
TREVARRIAN INVESTMENTS LIMITED,13906781,ltd,10-02-2022,[66300],29 York Street London England W1H 1EZ,4.0
WOOLACOMBE (BEACH ROAD) INVESTMENTS LIMITED,13860285,ltd,20-01-2022,[66300],29 York Street London England W1H 1EZ,4.0
IP INVESTMENT MANAGEMENT (UK) LTD,14162118,ltd,09-06-2022,[66300],10 Orange Street Haymarket London United Kingdom WC2H 7DQ,4.0
BGF SMALLER COMPANIES IMPACT FUND LIMITED,13833699,ltd,07-01-2022,[66300],13-15 York Buildings London United Kingdom WC2N 6JU,4.0
KAYMORE ENTERPRISE LTD,14138131,ltd,27-05-2022,[66300],31 Thornford Road London England SE13 6SG,4.0
RS ISH ADVISORS LIMITED,13921972,ltd,17-02-2022,[66300],2 Foubert's Place London United Kingdom W1F 7PA,4.0
COREMONT TREASURY SERVICES LIMITED,14343030,ltd,07-09-2022,[66300],60 Charlotte Street London England W1T 2NU,4.0
STARLIGHT CONSORTIUM LTD,14216522,ltd,05-07-2022,[66300],Churchill House London England NW7 2BA,4.0
COLLIERS INVESTMENT MANAGEMENT ITALY HOLDINGS LTD,14228588,ltd,12-07-2022,[66300],95 Wigmore Street London England W1U 1FF,4.0
RESONANCE CW HOLDINGS LIMITED,SC667328,ltd,13-07-2020,[66300],13 Queen's Road Aberdeen United Kingdom AB15 4YL,4.0
RESONANCE CHW HOLDINGS LIMITED,SC677084,ltd,08-10-2020,[66300],13 Queen's Road Aberdeen United Kingdom AB15 4YL,4.0
FRIDAY 17 VENTURES LTD,14207558,ltd,01-07-2022,[66300],25a Soho Square London United Kingdom W1D 3QR,4.0
CC FTF (ENG) LTD,14228340,ltd,12-07-2022,[66300],148-150 Buckingham Palace Road London United Kingdom SW1W 9TR,4.0
OXX II (SCOTLAND) LIMITED,SC680856,ltd,13-11-2020,[66300],50 Lothian Road Edinburgh Scotland EH3 9WJ,4.0
SEGADA MINORITY INVESTORCO LIMITED,14274673,ltd,03-08-2022,[66300],Third Floor Exchange Tower London United Kingdom E14 9GE,4.0
KM UK BUSINESS GROUP LTD,12679871,ltd,18-06-2020,[66300],Unit 14 Craycombe Farm Evesham Road Pershore England WR10 2QS,4.0
BIRCHWOOD REAL ESTATE CAPITAL UK LIMITED,14499126,ltd,22-11-2022,[66300],17th Floor 52 Lime Street London United Kingdom EC3M 7AF,4.0
THE THREE PUTZES INVESTMENT LIMITED,12529212,ltd,20-03-2020,[66300],2nd Floor Unicorn House Potters Bar United Kingdom EN6 1TL,4.0
GUINNESS VENTURES LIMITED,13861716,ltd,20-01-2022,[66300],18 Smith Square London United Kingdom SW1P 3HZ,4.0
OGOLD PORTAL LTD,15945004,ltd,09-09-2024,"[64301, 66300]",71-75 Shelton Street London United Kingdom WC2H 9JQ,4.0
SKEPPER FAMILY WEALTH MANAGEMENT LTD,12541335,ltd,31-03-2020,[66300],3 Brickfields Business Park Old Stowmarket Road Bury St Edmunds United Kingdom IP30 9QS,4.0
RHU GROUP LIMITED,12993283,ltd,03-11-2020,[66300],32 Station Road Gillingham England ME8 7PH,4.0
CG IV CARLTON LTD,14529013,ltd,08-12-2022,[66300],The Shard C/O Kroll Advisory Ltd London United Kingdom SE1 9SG,4.0
PURE REAL ALPHA LIMITED,14222647,ltd,08-07-2022,[66300],71-75 Shelton Street London United Kingdom WC2H 9JQ,4.0
OPTO IMPACT VENTURES LTD,12937854,ltd,08-10-2020,[66300],Sefton Troy Weybridge England KT13 0QB,4.0
ENTROPY WEALTH MANAGEMENT LTD,15851686,ltd,22-07-2024,"[64301, 66300]",71-75 Shelton Street London United Kingdom WC2H 9JQ,4.0
MONDIAL FINANCIAL SERVICES LIMITED,14147743,ltd,02-06-2022,[66300],27 Old Gloucester Street London United Kingdom WC1N 3AX,4.0
CDP NORTH WEST INVESTMENTS LTD,10493291,private-limited-guarant-nsc,23-11-2016,[66300],"C/O Wainwrights Accountants,  Faversham House Bromborough United Kingdom CH62 3NX",4.0
JULIET ROSE MARKETING LIMITED,12704844,ltd,29-06-2020,[66300],17 Black Bourton Road Carterton United Kingdom OX18 3HQ,4.0
SMRL CONSULTING & INVESTMENT LTD,15981368,ltd,26-09-2024,"[66300,74901, 93199]",Porthilly Brockenhurst United Kingdom SO42 7TA,4.0
PALLAS GROUP LTD,12399174,ltd,13-01-2020,[66300],18 Preshaw Close Southampton England SO16 5JP,4.0
TSM CAPITAL LTD,12913769,ltd,29-09-2020,[66300],10 Akeman Row Aylesbury England HP22 5GN,4.0
XELAN LIMITED,12777203,ltd,29-07-2020,[66300],106 Moston Lane East Manchester England M40 3QL,4.0
ADP CAPITAL UK CO LTD,15907022,ltd,20-08-2024,"[66300, 68100]","21-23 C/O Bca,  Mossop Street London England SW3 2LY",4.0
BONERBO HOLDINGS LIMITED,SC667309,ltd,13-07-2020,[66300],13 Queen's Road Aberdeen United Kingdom AB15 4YL,4.0
OCUBIS CAPITAL ADVISERS LIMITED,14232907,ltd,13-07-2022,[66300],33 Cavendish Square London England W1G 0PW,4.0
MFX CAPITAL LTD,12681105,ltd,18-06-2020,[66300],167 167 Bensham Lane Surrey United Kingdom CR7 7EW,4.0
MORREGREEN HOLDINGS LTD,13015625,ltd,13-11-2020,[66300],1a Melbourn Street Royston England SG8 7BP,4.0
FOX TRADE & INVESTMENT LTD,16038231,ltd,24-10-2024,"[46190,46380, 66300]",79 Holywell Close Farnborough England GU14 8TT,4.0
THE SHAZZA HOLDING CO LTD,SC825534,ltd,10-10-2024,"[64205,64209, 66300]",5 South Charlotte Street Edinburgh Scotland EH2 4AN,4.0
LSL CAPITAL PARTNERS LIMITED,14412989,ltd,12-10-2022,[66300],33 Welbeck Street London England W1G 8EX,4.0
PURITY PLUS LIMITED,12512982,ltd,12-03-2020,[66300],2 Michaels Court Hanney Road Abingdon United Kingdom OX13 5HR,4.0
L.P.H. MANAGEMENT SERVICES LIMITED,12460272,ltd,13-02-2020,[66300],Unit 18 The Timber Yard Cardiff United Kingdom CF24 5EE,4.0
ITI LEADERSHIP FOUNDATION,12901174,private-limited-guarant-nsc-limited-exemption,24-09-2020,"[66110,66120, 66300]",69 Aberdeen Avenue Cambridge United Kingdom CB2 8DL,4.0
AV II (ENGLAND) LTD,13986253,ltd,18-03-2022,[66300],C/O Ada Partners Llp United House London England W11 3JY,4.0
OCTOPUS MONEY PLATFORM LIMITED,14066750,ltd,25-04-2022,[66300],6th Floor 33 Holborn London England EC1N 2HT,4.0
REDRICE I (SCOTLAND) LTD,SC683940,ltd,17-12-2020,[66300],50 Lothian Road Edinburgh Scotland EH3 9WJ,4.0
MODULAR EXTENSION LIMITED,12533310,ltd,25-03-2020,[66300],"Unit 2a,  Crown Business Park Rochdale England OL11 2PU",4.0
FINSAI LTD,15012997,ltd,19-07-2023,"[66110, 66300]","Suite 1-2,  Brookfield Court Selby Road Leeds England LS25 1NB",3.5
LEISURE SPV1 LIMITED,14881929,ltd,19-05-2023,[66300],One Coleman Street London United Kingdom EC2R 5AA,3.5
EMIVIA LIMITED,13413474,ltd,21-05-2021,[66300],Tall Timbers Orpington England BR6 8NT,3.5
ESPORTS GLOBAL UK LIMITED,13793330,ltd,10-12-2021,[66300],Oak House Gerrards Cross England SL9 8BR,3.5
NVS INV LIMITED,13383001,ltd,07-05-2021,[66300],34 The Custom House Redcliff Backs England BS1 6NE,3.5
ATF PARTICIPATION LTD,14754333,ltd,24-03-2023,[66300],Stanhope House C/O Thompson Taraz London England W1K 1PR,3.5
CYBER SOCIATY LEX UK,11830375,private-limited-guarant-nsc-limited-exemption,15-02-2019,"[62020, 66300]",Unit 12a Brickfields Industrial Estate Hemel Hempstead United Kingdom HP2 7QA,3.5
SORENGO PARTNERS LTD,14742464,ltd,20-03-2023,[66300],9 Argyll Street London United Kingdom W1F 7TG,3.5
SAN BECK LEISURE LIMITED,13262609,ltd,12-03-2021,[66300],"Altus Part,  Skinner House 38-40 Bell Street Reigate United Kingdom RH2 7BA",3.5
CASTLEFORT LIMITED,15018842,ltd,21-07-2023,[66300],71-75 Shelton Street London United Kingdom WC2H 9JQ,3.5
ECOMMUNITY TOGETHER CIC,13417949,private-limited-guarant-nsc,25-05-2021,"[66220,66300, 74901]",Flat Cleethorpes England DN35 8HF,3.5
VISION INVEST SERVICES LTD,14724763,ltd,13-03-2023,[66300],Level 5 1 Finsbury Square London United Kingdom EC2A 1AE,3.5
ZOUK CLIMATE TECHNOLOGY GENERAL PARTNER LIMITED,SC716743,ltd,03-12-2021,[66300],50 Lothian Road Edinburgh Scotland EH3 9WJ,3.5
TRIPLE PRIVATE EQUITY LTD.,15074456,ltd,15-08-2023,[66300],Foxglove House London England W1J 9EF,3.5
ELAN CAPITAL MANAGEMENT (LONDON) LTD,15059596,ltd,09-08-2023,[66300],"4th Floor,  116 Brompton Road London United Kingdom SW3 1JJ",3.5
INVEST TO EDUCATE LTD,13765099,ltd,25-11-2021,[66300],Walgaston Farm Berkeley United Kingdom GL13 9EN,3.5
ARCHER ASSET & CAPITAL MANAGEMENT LTD,13126940,ltd,11-01-2021,[66300],46 Down Road Plymouth United Kingdom PL7 2GN,3.5
CT UK RESIDENTIAL REAL ESTATE LIMITED,13199209,ltd,12-02-2021,[66300],"C/O Aztec Financial Services (Uk) Limited Forum 4,  Solent Business Park Fareham United Kingdom PO15 7AD",3.5
ESR EUROPE INVESTMENT MANAGEMENT LIMITED,15032231,ltd,27-07-2023,[66300],Ferguson House London England NW1 5JD,3.5
VIE EN ROSE LIMITED,13614141,ltd,10-09-2021,[66300],78 Wembley Park Drive Wembley England HA9 8HB,3.5
BC 2022 LIMITED,13199584,ltd,12-02-2021,[66300],32 De Montfort Street Leicester United Kingdom LE1 7GD,3.5
BUBU INVESTMENT LTD,15210099,ltd,13-10-2023,[66300],128 City Road London United Kingdom EC1V 2NX,3.5
GLANWORTH CAPITAL MANAGEMENT UK LTD,14580194,ltd,09-01-2023,[66300],20 Lancaster Mews London England W2 3QE,3.5
ISCLF CI GENERAL PARTNER LIMITED,14990645,ltd,10-07-2023,[66300],Iona Star Fora London England SE1 9PA,3.5
NW1 UK INDUSTRIAL II F1 LIMITED,14621956,ltd,27-01-2023,[66300],8 Sackville Street London England W1S 3DG,3.5
FIERA REAL ESTATE DEBT STRATEGIES LIMITED,14587999,ltd,12-01-2023,[66300],Third Floor Queensberry House London United Kingdom W1S 3AE,3.5
SENESCHAL DEPOSITARY COMPANY (UK) LIMITED,14579278,ltd,09-01-2023,[66300],1 Kings Avenue London United Kingdom N21 3NA,3.5
SPEX CAPITAL LTD,13132952,ltd,14-01-2021,[66300],Albany House Esher England KT10 9FQ,3.5
NIF INVESTMENT ADVISOR UK LTD,15033575,ltd,27-07-2023,[66300],2nd Floor 86 Jermyn Street London England SW1Y 6JD,3.5
T J MADHOUSE,12132659,private-unlimited,31-07-2019,[66300],Leigh House 28-32 St Pauls Street Leeds LS1 2JT,3.5
CENTURION INVESTMENT GROUP LTD,14777539,ltd,03-04-2023,"[64301, 66300]",Lumaneri House Blythe Gate Solihull United Kingdom B90 8AH,3.5
BLACKBIRD CAPITAL INVESTMENTS LIMITED,13701009,ltd,25-10-2021,[66300],1 Blythe Gate Solihull England B90 8AD,3.5
DIAMOND GAS MIDOCEAN LIMITED,15259347,ltd,03-11-2023,[66300],Mid City Place London United Kingdom WC1V 6BA,3.5
SOMEDAY NFT LIMITED,13737448,ltd,11-11-2021,[66300],Bugle Rocks Plymouth England PL8 1JX,3.5
NICHOLL INVESTMENT RESEARCH LTD,13157624,ltd,26-01-2021,[66300],198 Derlwyn Swansea Wales SA2 7PE,3.5
ASTERISK HOLDING LTD,15235396,ltd,25-10-2023,[66300],81b Macfarlane Road London United Kingdom W12 7JY,3.5
CRYPTO INC LTD,13133811,ltd,14-01-2021,[66300],59 C/O David Stott Accountancy Services Gravesend England DA12 4HJ,3.5
ONEWORLD UNITYBRIDGE CIC,15165721,private-limited-guarant-nsc,26-09-2023,"[66300,74300,85590, 88990]",237 The Bentleys Stockport England SK5 7SD,3.5
CONNECT VENTURES FOUR (SCOTLAND) LIMITED,SC716231,ltd,26-11-2021,[66300],Citypoint Edinburgh Scotland EH12 5HD,3.5
SMART RISK ALPHA LTD,13161575,ltd,27-01-2021,[66300],69 Moss Lane Pinner England HA5 3AZ,3.5
WOODLANDS W M LTD,13171990,ltd,01-02-2021,[66300],Purkis House Borley England CO10 7AG,3.5
IGNAZIO INVESTMENTS LIMITED,15122318,ltd,07-09-2023,[66300],Flat 24 173 Rosebery Avenue London United Kingdom EC1R 4UL,3.5
D.C. COMPANY HOLDINGS LIMITED,15028504,ltd,25-07-2023,[66300],C/O Hillier Hopkins Llp Ground Floor London United Kingdom SW1Y 5JG,3.5
TEMPEST CAPITAL INVESTMENTS LIMITED,15161333,ltd,25-09-2023,"[64301, 66300]",6-7 Waterside Station Road Harpenden United Kingdom AL5 4US,3.5
BEAUTIFUL HARVEST LTD,13757340,ltd,22-11-2021,[66300],1 Towerfield Close Southend-On-Sea England SS3 9QP,3.5
NNQ ASSET MANAGEMENT LTD,15103420,ltd,29-08-2023,[66300],128 City Road London United Kingdom EC1V 2NX,3.5
COLESCO CAPITAL LTD.,15046206,ltd,03-08-2023,[66300],27 Mortimer Street London W1T 3JF,3.5
WOODSIDE AREA COMMUNITY INTEREST COMPANY,11001603,private-limited-guarant-nsc,09-10-2017,[66300],Pacific Road Business Hub Birkenhead CH41 1LJ,3.5
RST LIMEHOUSE INVESTMENTS LIMITED,15142015,ltd,15-09-2023,[66300],29 York Street London United Kingdom W1H 1EZ,3.5
GLUON INFRASTRUCTURE PARTNERS LIMITED,14702830,ltd,03-03-2023,[66300],25 Bedford Square London England WC1B 3HH,3.5
YS INVESTRADE LTD,14584280,ltd,11-01-2023,[66300],11 Meredith Avenue London England NW2 4AG,3.5
ORLEANS CAPITAL LTD,13807469,ltd,17-12-2021,[66300],6 Orleans Grove Middlesbrough England TS7 8QH,3.5
COMMON WEALTH SHARE,13120544,private-limited-guarant-nsc-limited-exemption,07-01-2021,"[66300,85590, 96090]","2nd Floor College House Ruislip,  United Kingdom HA4 7AE",3.5
SAORSA CAPITAL LIMITED,15144410,ltd,18-09-2023,[66300],Flat 23 Artichoke Hill London England E1W 2BA,3.5
ACCENT PARTNERS LIMITED,13167788,ltd,29-01-2021,[66300],Joyce Hall Southfleet England DA13 9PB,3.5
AXIMORA CORP LTD,16562588,ltd,07-07-2025,"[66110, 66300]",1 Canada Square London England E14 5AB,3.5
OAK RIDGE MANAGEMENT HOLDINGS LIMITED,16670923,ltd,26-08-2025,"[64303, 66300]",International House London United Kingdom WC2R 3JF,3.5
ZIONIX GLOBAL LTD,16724648,ltd,17-09-2025,"[62090,66300, 85600]",82a James Carter Road Mildenhall United Kingdom IP28 7DE,3.5
ZETTA CAPITAL LIMITED,13501151,ltd,08-07-2021,[66300],Salatin House Sutton England SM2 5DA,3.5
JX ENTERPRISES LTD,14656445,ltd,12-02-2023,"[66300, 85600]",Longacre Warwick England CV34 6SL,3.5
WOOLLEY INVESTMENTS LTD,14973924,ltd,02-07-2023,[66300],90a Kingsgate Road Kingsgate Road London England NW6 4LA,3.5
PETL HOLDINGS LTD,14867651,ltd,15-05-2023,[66300],"Unit 3 Unit 3,  Hawthorn Business Park London England NW2 2AZ",3.5
ASSET BRIDGE LTD,16534348,ltd,23-06-2025,"[64301,66300, 96090]","C/O Unit B,  Greenhill House Peterborough United Kingdom PE3 6RU",3.5
HEJAZ CAPITAL UK LTD,15322838,ltd,01-12-2023,[66300],The Cabot London England E14 4QZ,3.5
MAKARIOS INVESTMENT GROUP LIMITED,NI679471,ltd,21-05-2021,[66300],4 Jubilee Road Newtownards Northern Ireland BT23 4WN,3.5
QUANTUM QB LTD,14738632,ltd,17-03-2023,[66300],71-75 Shelton Street London United Kingdom WC2H 9JQ,3.5
7115 VCP LIMITED,14978993,ltd,04-07-2023,[66300],4th Floor 95 Chancery Lane London WC2A 1DT,3.5
XETA CAPITAL LIMITED,16389590,ltd,15-04-2025,"[64301,66110, 66300]",16389590 - COMPANIES HOUSE DEFAULT ADDRESS Cardiff CF14 8LH,3.5
MOMODAYER LTD,16415981,ltd,29-04-2025,"[64991,66120, 66300]",16415981 - COMPANIES HOUSE DEFAULT ADDRESS Cardiff CF14 8LH,3.5
ORANGE (IRELAND) LTD,NI676259,ltd,08-02-2021,[66300],14 Donegall Place Belfast Northern Ireland BT1 5BA,3.5
TRADE BAZAAR LTD,16273908,ltd,25-02-2025,"[66120, 66300]",71-75 Shelton Street London United Kingdom WC2H 9JQ,3.5
RYTON EQUITY LIMITED,13232946,ltd,27-02-2021,[66300],Serlby Hall Bawtry England DN10 6BA,3.5
FUSION RIVERS INVESTMENT COMPANY LTD,16282925,ltd,28-02-2025,"[64991,66300, 68100]",13 Burdon Lane Sutton England SM2 7PP,3.5
ARS EQUITIES LTD,16365219,ltd,04-04-2025,"[66120, 66300]",86-90 Paul Street London England EC2A 4NE,3.5
MORVEX FX LTD,16407055,ltd,24-04-2025,"[66110, 66300]",71-75 Shelton Street London United Kingdom WC2H 9JQ,3.5
ALPHA B INVESTMENTS CORP LTD,16389634,ltd,15-04-2025,"[66110, 66300]",1 Canada Square London England E14 5AB,3.5
SOWING OUR HORIZONS LIMITED,SC845055,ltd,14-04-2025,"[56290,62090, 66300]",'The Green House' Edinburgh Scotland EH4 1NR,3.5
NCI FINANCIAL CONCEPT LTD,16388237,ltd,15-04-2025,"[64992, 66300]",71-75 Shelton Street London United Kingdom WC2H 9JQ,3.5
SAGAX CAPITAL LIMITED,14787817,ltd,10-04-2023,[66300],"20,  Alcon Court,  Flat 4 Earlsfield Road London United Kingdom SW18 3DW",3.5
MIDDLETON BRAY GROUP HOLDINGS LTD,13812764,ltd,22-12-2021,[66300],Suite B First Floor Tourism House Exeter England EX2 5WS,3.5
LUXCESS GROUP LTD,16296571,ltd,06-03-2025,"[66110, 66300]",110 Bishopsgate London England EC2N 4AY,3.5
PRIMETIER CORP LTD,16425701,ltd,02-05-2025,"[66110, 66300]",110 Bishopsgate London England EC2N 4AY,3.5
CANVEY PILAH HOLDINGS LTD,16429564,ltd,06-05-2025,"[64209,65300, 66300]",82 Meadow Way Norwich United Kingdom NR6 6XX,3.5
BLACK BUSINESS FOUNDERS CIC,16167590,private-limited-guarant-nsc,07-01-2025,"[66300,70229, 78300]",6 Brewery Gardens Liverpool L25 3PB,3.5
ADAPTIC ASSET MANAGEMENT (UK) LIMITED,16806129,ltd,23-10-2025,"[62020, 66300]",12 Old Bond Street London England W1S 4PW,3.5
GRANITEMARK CORP LTD,16464597,ltd,21-05-2025,"[66110, 66300]",The Shard London England SE1 9SG,3.5
SPOSITO FAMILY OFFICE LIMITED,15011715,ltd,18-07-2023,[66300],167-169 Great Portland Street London United Kingdom W1W 5PF,3.5
BETTER CAPITAL INVEST LTD,16588671,ltd,17-07-2025,"[64205,64301, 66300]","7a The Close,  Barnhill Road Wembley England HA9 9BY",3.5
HENGWEI COMMERCIAL MANAGEMENT LIMITED,16615022,ltd,30-07-2025,"[64306,66300, 68209]","7 Copperfield Road,  Coventry West Midlands,  England United Kingdom CV2 4AQ",3.5
SOLOMON PAPAS CAPITAL LIMITED,16839957,ltd,07-11-2025,"[64304, 66300]",35 Ballards Lane London United Kingdom N3 1XW,3.5
JRC SOLUTIONS LIMITED,13737787,ltd,11-11-2021,[66300],33 King William Road Gillingham England ME7 1PD,3.5
AVALEX AM CONSULTANCY LTD,16866188,ltd,20-11-2025,"[64304, 66300]",71-75 Shelton Street London United Kingdom WC2H 9JQ,3.5
EVENLODE IMPACT LIMITED,13673026,ltd,12-10-2021,[66300],Home Farm Barns Evenlode England GL56 0NY,3.5
QUOPI LTD,14590259,ltd,13-01-2023,[66300],1 Canada Square London England E14 5DY,3.5
CAPINC LIMITED,13130826,ltd,13-01-2021,[66300],36 Newsham Road Blyth England NE24 5RA,3.5
YOGIKTOKEN LIMITED,16877425,ltd,27-11-2025,"[64205, 66300]",128 City Road London United Kingdom EC1V 2NX,3.5
HASHUP LTD,16826925,ltd,03-11-2025,"[66120, 66300]",40 Bowling Green Lane London United Kingdom EC1R 0NE,3.5
CHIKARA INVESTMENTS UK LTD,15035199,ltd,28-07-2023,[66300],5-10 Bolton Street London United Kingdom W1J 8BA,3.5
BYTECODE LABS LTD,13292658,ltd,25-03-2021,[66300],Suite Ff10 Brooklands House Lancing England BN15 8AF,3.5
PERBAK CAPITAL SERVICES LIMITED,13362845,ltd,28-04-2021,[66300],Centralis 25 Western Avenue Oxfordshire United Kingdom OX14 4SH,3.5
DUDOK GP1 LTD,15319336,ltd,30-11-2023,[66300],Fifth Floor London England W1W 5PF,3.5
SUPER TRADE FX LIMITED,16704985,ltd,09-09-2025,"[64301,64910, 66300]",16704985 - COMPANIES HOUSE DEFAULT ADDRESS Cardiff CF14 8LH,3.5
HEIM GLOBAL INVESTOR UK LIMITED,15300277,ltd,21-11-2023,[66300],1st Floor London United Kingdom WC2N 5LR,3.5
RADIANT ASSET MANAGEMENT LIMITED,13497014,ltd,06-07-2021,[66300],Sovereign Place Market Harborough England LE16 7QU,3.5
FINSAI EXCHANGE LTD,15127859,ltd,10-09-2023,"[66110, 66300]","Suite 1-2,  Brookfield Court Selby Road Leeds England LS25 1NB",3.5
FINSAI TRADE LTD,15012987,ltd,19-07-2023,"[66110, 66300]","Suite 1-2,  Brookfield Court Selby Road Leeds England LS25 1NB",3.5
FIRST STEP COMMUNITY BEREAVEMENT LTD,11944539,private-limited-guarant-nsc,13-04-2019,"[66300, 94990]",International House Manchester M2 3HZ,3.5
LOH-GRONAGER PARTNERS LIMITED,13519621,ltd,20-07-2021,[66300],23 Berkeley Square Mayfair England W1J 6HE,3.5
GREYKITE INVESTMENT ADVISER LIMITED,15002285,ltd,13-07-2023,[66300],3 More London Riverside London England SE1 2AQ,3.5
QED PROPERTY MANAGEMENT LTD,14602680,ltd,18-01-2023,[66300],10 Orange Street Haymarket London United Kingdom WC2H 7DQ,3.5
MIDDLETON CAPITAL LIMITED,13558658,ltd,10-08-2021,[66300],Victoria Mill Stables Bakewell England DE45 1DA,3.5
SUCCESSION ESTATES LIMITED,13259114,ltd,11-03-2021,[66300],3 Garth Drive Chester England CH2 2AF,3.5
TRADOLOGY LIMITED,14895132,ltd,25-05-2023,[66300],Flat 3 443 Edgware Road London England W2 1TH,3.5
RWB WEALTH MANAGEMENT LIMITED,13500731,ltd,08-07-2021,[66300],Northgate House Nottingham England NG7 7BQ,3.5
WELWING CAPITAL (UK) LIMITED,13789810,ltd,08-12-2021,[66300],4th Floor Phoenix House Reading United Kingdom RG1 1NB,3.5
CATALIO CAPITAL UK LTD.,13482709,ltd,29-06-2021,[66300],3rd Floor 1 Ashley Road Altrincham United Kingdom WA14 2DT,3.5
QBS VENTURES LTD,13180057,ltd,04-02-2021,[66300],Waterloo House Norwich United Kingdom NR3 1EH,3.5
OXTAN CAPITAL LTD,14877724,ltd,18-05-2023,[66300],167-169 Great Portland Street London England W1W 5PF,3.5
KARALIUS LIMITED,13452700,ltd,11-06-2021,[66300],4th Floor Phoenix House Reading United Kingdom RG1 1NB,3.5
CAM WEALTH GROUP HOLDINGS LIMITED,13794323,ltd,10-12-2021,[66300],6th Floor The Plaza Liverpool England L3 9QJ,3.5
TRUE CONSTANT LTD,SC715215,ltd,16-11-2021,[66300],Hopton Fraserburgh Scotland AB43 7AN,3.5
DL INVESTMENTS HOLDING LIMITED,14825704,ltd,25-04-2023,"[66300, 68209]",39 High Street Orpington England BR6 0JE,3.5
APG PI SETTLEMENTS LIMITED,15093779,ltd,24-08-2023,[66300],29 York Street London United Kingdom W1H 1EZ,3.5
WESTHOUSE CAPITAL LIMITED,13770794,ltd,29-11-2021,[66300],Sidings House Sidings Court Doncaster England DN4 5NU,3.5
ENACT FOURTH PARTNER LIMITED,13337148,ltd,15-04-2021,[66300],Ground Floor Leeds England LS1 2HL,3.5
CARDIFF INTERCHANGE NOMINEECO LIMITED,14622920,ltd,27-01-2023,[66300],One Coleman Street London United Kingdom EC2R 5AA,3.5
CASTRUM PAY LTD,14577944,ltd,09-01-2023,[66300],284 Chase Road London United Kingdom N14 6HF,3.5
MOCCA CAPITAL LTD,14990750,ltd,10-07-2023,"[64921, 66300]",Grosvenor House Altrincham United Kingdom WA14 2QG,3.5
FIREDROP MANAGEMENT LTD,14669074,ltd,16-02-2023,[66300],39 Ladbroke Square London England W11 3ND,3.5
NESAZ TRADING LTD,13799639,ltd,14-12-2021,[66300],27 Pelham Road Beckenham United Kingdom BR3 4SQ,3.5
THANDI FAMILY HOLDINGS LTD,13114167,ltd,05-01-2021,[66300],21 Woodruff Way Walsall England WS5 4SR,3.5
ARN INVEST LTD,13145773,ltd,20-01-2021,[66300],"2nd Floor College House Ruislip,  United Kingdom HA4 7AE",3.5
ARBRA WEALTH MANAGEMENT LTD,14727710,ltd,14-03-2023,[66300],58 Grosvenor Street London England W1K 3JB,3.5
CHARLTON-MATTHEWS TRADING LTD,13141218,ltd,18-01-2021,[66300],"Flat 4 17,  Warrior Gardens St. Leonards-On-Sea United Kingdom TN37 6EB",3.5
BRIP0918 (DBC2) LIMITED,13679069,ltd,14-10-2021,[66300],Grafton House Towcester United Kingdom NN12 7LS,3.5
HUNTER POINT CAPITAL UK LTD,15282611,ltd,14-11-2023,[66300],78 York Street London United Kingdom W1H 1DP,3.5
JUNIPER ASSET MANAGEMENT LIMITED,15317972,ltd,29-11-2023,[66300],5 Wigmore Street London England W1U 1PB,3.5
SWILSY & SON LTD,13210616,ltd,18-02-2021,[66300],Priory Place Priory Road Colchester England CO5 0QE,3.5
ARCTOS UK IM LIMITED,14773310,ltd,31-03-2023,[66300],C/O Rsm Uk London United Kingdom EC4A 4AB,3.5
CYNANCE VENTURES LTD,14871322,ltd,16-05-2023,[66300],Westfield 15 Kiddarpore Ave. London United Kingdom NW3 7SF,3.5
WENTWORTH IM NO2 LIMITED,13273628,ltd,17-03-2021,[66300],Beckwith Barn Warren Estate Writtle England CM1 3WT,3.5
INVESTIAN LIMITED,13241496,ltd,03-03-2021,[66300],23 Scholars Green Lane Lymm United Kingdom WA13 0QA,3.5
MOORS FAMILY INVESTMENT COMPANY LIMITED,13304139,ltd,30-03-2021,[66300],Devisdale House 45 Dunham Road Altrincham England WA14 4QG,3.5
CHLOEHARRY LTD,13811967,ltd,21-12-2021,[66300],34 High Street Prestbury Cheltenham United Kingdom GL52 3AU,3.5
ACORN GREEN SECURITIES LIMITED,15366212,ltd,21-12-2023,[66300],29 York Street London United Kingdom W1H 1EZ,3.5
CORNWALL GAMES CIC,14798368,private-limited-guarant-nsc,13-04-2023,"[66300,82301,85600, 94110]",1 Broadclose Court Bude England EX23 8DR,3.5
CHD HOLDINGS LIMITED,13703692,ltd,26-10-2021,[66300],Home Mead Farm Wantage England OX12 8SQ,3.5
CORINTHIA UK MANAGEMENT LIMITED,15368135,ltd,22-12-2023,[66300],"Sixth Floor,  33 Cavendish Square London England W1G 0PW",3.5
TRADESTORMER CORP LTD,16374396,ltd,08-04-2025,"[66110, 66300]",110 Bishopsgate London England EC2N 4AY,3.5
BAR APG SCHEME CORPORATE TRUSTEE LIMITED,10741386,private-limited-guarant-nsc,26-04-2017,[66300],Tangent House Watford United Kingdom WD18 0TG,3.5
NEP CAPITAL LTD,14960691,ltd,26-06-2023,[66300],71-75 Shelton Street London WC2H 9JQ,3.5
FTMOSERVICES CORP LTD,16293796,ltd,05-03-2025,"[66110, 66300]",The Leadenhall Building London England EC3V 4AB,3.5
AAKGLOBALINVESTMENTS LIMITED,16304203,ltd,10-03-2025,"[64304,66110, 66300]",294 Malden Way New Malden England KT3 5QR,3.5
STOREBRAND ASSET MANAGEMENT UK LTD,14734422,ltd,16-03-2023,[66300],Fifth Floor London United Kingdom EC2R 5BN,3.5
TALAY CAPITAL ADVISORY LIMITED,16353871,ltd,31-03-2025,"[64991, 66300]","The Scalpel,  18th Floor London United Kingdom EC3M 7AF",3.5
OWN A HOUSE COMPANY LTD,16360593,ltd,02-04-2025,"[66300, 68100]",71-75 Shelton Street London United Kingdom WC2H 9JQ,3.5
BRISTOL STRATEGIC NO1 LIMITED,14892488,ltd,24-05-2023,[66300],29 York Street London England W1H 1EZ,3.5
RAVEN HILL ACADEMY LTD,13340472,ltd,16-04-2021,[66300],Bartle House Manchester England M2 3WQ,3.5
HOOPP THAMES LIMITED,14888063,ltd,23-05-2023,[66300],1 Eagle Place London United Kingdom SW1Y 6AF,3.5
WAAFR LTD,13163063,private-limited-guarant-nsc,27-01-2021,"[66300, 85600]",Unit 4 Wellesley Court London England NW2 7HF,3.5
LAFAYETTE RE MANAGEMENT UK LTD,15212351,ltd,16-10-2023,[66300],Two Kingdom Street London England W2 6BD,3.5
GWA ASSET MANAGEMENT LTD,13214974,ltd,22-02-2021,[66300],17 Walkergate Berwick Upon Tweed United Kingdom TD15 1DJ,3.5
KNN FAMILY HOLDINGS LTD,16475785,ltd,27-05-2025,"[64209,66300, 70100]",84a Nightingale Road Guildford England GU1 1EP,3.5
GARUDA INVESTAMA LTD,16343439,ltd,26-03-2025,"[64301,64304, 66300]",8b Lorraine Park Harrow England HA3 6BX,3.5
CRYPTO WALLET LTD,SC698004,ltd,07-05-2021,[66300],1 Cambuslang Court Glasgow United Kingdom G32 8FH,3.5
INNAGREEN LIMITED,13338057,ltd,15-04-2021,[66300],"Beaufort Court,  Egg Farm Lane Kings Langley United Kingdom WD4 8LR",3.5
INNAGREEN MANAGEMENT LIMITED,13419219,ltd,25-05-2021,[66300],"Beaufort Court,  Egg Farm Lane Kings Langley United Kingdom WD4 8LR",3.5
BRONEX LTD,16868500,ltd,21-11-2025,"[62012, 66300]","Dept 5831,  196 High Road London United Kingdom N22 8HH",3.5
EZEANYA INVESTMENTS LTD,16883564,ltd,01-12-2025,"[64991, 66300]",124 City  Road London United Kingdom EC1V 2NX,3.5
THEPREZI LTD,16897249,ltd,08-12-2025,"[66290, 66300]",128 City Road London United Kingdom EC1V 2NX,3.5
BASTENBURGH CAPITAL LIMITED,14905378,ltd,31-05-2023,[66300],5th Floor 167-169 Great Portland Street London England W1W 5PF,3.5
CUBE ANALYTICS LTD,16746992,ltd,27-09-2025,"[64991,66120, 66300]",31 Groomsland Drive Billingshurst England RH14 9HB,3.5
WHITEBEAR INVESTMENTS LTD,16748941,ltd,29-09-2025,"[64991, 66300]",71-75 Shelton Street London United Kingdom WC2H 9JQ,3.5
SAMUEL ASSET MANAGEMENT LTD,15182338,ltd,02-10-2023,"[62012, 66300]",Elms Farm Brinsea Bristol England BS49 5JL,3.5
PAYSHOURLY LTD,16641845,ltd,11-08-2025,"[64301, 66300]",85 Great Portland Street London England W1W 7LT,3.5
HARRINGTON COOPER 2025 LTD,16662720,ltd,20-08-2025,"[64304, 66300]",The Royal Exchange London England EC3V 3DG,3.5
MOUNIR CAPITAL LTD,16585991,ltd,16-07-2025,"[66110, 66300]",71-75 Shelton Street London United Kingdom WC2H 9JQ,3.5
MK LEGAL CONSULTANTS LTD,16424586,ltd,01-05-2025,"[66300,69102, 78200]",131 Middleton Boulevard Nottingham England NG8 1FW,3.5
DAVINCIH LIMITED,16860292,ltd,17-11-2025,"[58110,66300, 85520]",170 Porters Avenue Dagenham England RM8 2AE,3.5
PEMBROKE UK INVESTMENT MANAGERS LIMITED,14925984,ltd,09-06-2023,[66300],223-231 Old Marylebone Road London England NW1 5QT,3.5
RONA VICTORIA DIXON-CALLISTE LTD,15220128,ltd,18-10-2023,[66300],32-34 Osier Way Osier Way London England E10 5SB,3.5
CIBUS PSB LIMITED,16373226,ltd,08-04-2025,"[64205, 66300]",4 Sloane Terrace London England SW1X 9DQ,3.5
HARPER LARK LIMITED,13651185,ltd,29-09-2021,[66300],"Eq,  4th Floor Bristol United Kingdom BS1 6AX",3.5
DUDOK GP2 LTD,15319284,ltd,30-11-2023,[66300],Fifth Floor London England W1W 5PF,3.5
ODIN CAPITAL LIMITED,15009039,ltd,18-07-2023,[66300],Office 303 Longcroft House 2 - 8 Victoria Avenue London England EC2M 4NS,3.5
MW BUSINESS DEVELOPMENT LIMITED,13423104,ltd,26-05-2021,[66300],3 Varnells Terrace Henley-On-Thames England RG9 6SA,3.5
CROWN & BENTLEY BUSINESS FINANCE LIMITED,14937452,ltd,15-06-2023,[66300],3 Royal Court London England EC3V 3LR,3.5
FRANE HOLDING LTD,16424135,ltd,01-05-2025,"[64301,66220, 66300]",16424135 - COMPANIES HOUSE DEFAULT ADDRESS Cardiff CF14 8LH,3.5
LEANNE ENGLAND CAPITAL ACCOUNTING LIMITED,13643369,ltd,25-09-2021,[66300],Ribeck House Rowney Green Lane Birmingham England B48 7QP,3.5
ELBOW BEACH VENTURES LIMITED,14878721,ltd,18-05-2023,[66300],27-29 Union Street London England SE1 1SD,3.5
EDGEX SOLUTIONS LTD,16516010,ltd,13-06-2025,"[64192,65120, 66300]",16516010 - COMPANIES HOUSE DEFAULT ADDRESS Cardiff CF14 8LH,3.5
COLLINS & CO FINANCIAL PLANNING LTD,13565899,ltd,13-08-2021,[66300],5 Norwood Close Hinckley England LE10 1TS,3.5
SUPER STAR HOLDINGS LIMITED,14896742,ltd,26-05-2023,[66300],27 Old Gloucester Street London England WC1N 3AX,3.5
ACORN PORTFOLIO NO2 LIMITED,14848294,ltd,05-05-2023,[66300],29 York Street London United Kingdom W1H 1EZ,3.5
FRISLA HOLDINGS LTD,13223570,ltd,24-02-2021,[66300],Windsor House Cheltenham United Kingdom GL50 3AT,3.5
EM IMPACT CAPITAL LTD,15078422,ltd,17-08-2023,[66300],"4th Floor,  Silverstream House 45 Fitzroy Street London United Kingdom W1T 6EB",3.5
KENZ CAPITAL MANAGEMENT LIMITED,14801307,ltd,14-04-2023,[66300],"First Floor,  Flat 5 London United Kingdom SW5 9NP",3.5
ELDA RIVER UK LIMITED,14881990,ltd,19-05-2023,[66300],"Suite 1,  7th Floor 50 Broadway London United Kingdom SW1H 0DB",3.5
BLACKOAK CAPITAL PARTNERS LIMITED,13435298,ltd,02-06-2021,[66300],City Place Chester United Kingdom CH1 3BQ,3.5
GRAYSTONE CAPITALE LIMITED,13676672,ltd,13-10-2021,[66300],Seymour Chambers Liverpool England L3 5NW,3.5
CLAYGATE TRUSTEES LIMITED,13695866,ltd,21-10-2021,[66300],Pattenden Lane Nr Tonbridge United Kingdom TN12 9QJ,3.5
NEW MARK ADVISORS LIMITED,15353023,ltd,15-12-2023,[66300],One Mayfair Place London England W1J 8AJ,3.5
AW21 INVESTMENTS LIMITED,13340390,ltd,16-04-2021,[66300],53 Dyer Street Cirencester England GL7 2PP,3.5
CIBRA CAPITAL LTD,15189615,ltd,05-10-2023,[66300],37-38 Long Acre London United Kingdom WC2E 9JT,3.5
MILLADY LIMITED,13471123,ltd,22-06-2021,[66300],Webbs Farmhouse Pole Lane Witham United Kingdom CM8 1RD,3.5
N CAPITAL LTD,13228001,ltd,25-02-2021,[66300],13228001 - COMPANIES HOUSE DEFAULT ADDRESS Cardiff CF14 8LH,3.5
CAERULEAN,12033910,private-unlimited,05-06-2019,[66300],Arle House Bishops Sutton SO24 0AA,3.5
MANTEIO CAPITAL UK LIMITED,14980641,ltd,04-07-2023,[66300],10 Queen Street Place London United Kingdom EC4R 1AG,3.5
PREMIER INVESTMENT CONSULTING LIMITED,13368355,ltd,30-04-2021,[66300],A M P House Croydon England CR0 2LX,3.5
ROI ASSET MANAGEMENT LTD,13303016,ltd,30-03-2021,[66300],76 Onslow Gardens Wallington England SM6 9QQ,3.5
THEA BARNES LEGACY FUND CIC,12080887,private-limited-guarant-nsc,02-07-2019,[66300],28 Benett Gardens London United Kingdom SW16 4QE,3.5
DEVELOPMENT GUARANTEE GROUP LTD,13210209,ltd,18-02-2021,[66300],Oriel House Richmond TW9 1DL,3.5
CORSICA STREET LTD,13373684,ltd,04-05-2021,[66300],"1st Floor Cloister House,  Riverside Salford England M3 5FS",3.5
L E J INVESTMENTS LTD,13789109,ltd,08-12-2021,[66300],Gowran House 56 Broad Street Bristol United Kingdom BS37 6AG,3.5
MARTIN C FRENETTE LTD,15073530,ltd,15-08-2023,[66300],6 Ambleside Road London England NW10 3UJ,3.5
NSM FUNDS (UK) LIMITED,14807798,ltd,17-04-2023,[66300],46-48 James Street London England W1U 1EZ,3.5
APG PI NO2 LIMITED,15093982,ltd,24-08-2023,[66300],29 York Street London United Kingdom W1H 1EZ,3.5
IONA STAR CAPITAL GENERAL PARTNER LIMITED,14990584,ltd,10-07-2023,[66300],Iona Star Fora London England SE1 9PA,3.5
APG PI NO3 LIMITED,15123185,ltd,07-09-2023,[66300],29 York Street London United Kingdom W1H 1EZ,3.5
PJS CAPITAL LIMITED,13527374,ltd,23-07-2021,[66300],2 Pear Tree Close Sheffield England S21 1FR,3.5
A&A INVESTMENT GROUP LTD,13495173,ltd,05-07-2021,[66300],12 Adbert Drive Maidstone England ME15 0DE,3.5
STACKED FINANCE LTD,13655474,ltd,01-10-2021,[66300],C/O Alexander & Co Centurion House Manchester United Kingdom M3 3WR,3.5
CHRIS SIMONS WEALTH MANAGEMENT LTD,13313076,ltd,03-04-2021,[66300],College Business Centre Derby United Kingdom DE22 3WZ,3.5
CAPITAL DYNAMICS MMDV UK LTD,13207821,ltd,17-02-2021,[66300],One Snowhill Birmingham United Kingdom B4 6GB,3.5
ASD RBS TRUSTEE LIMITED,13749676,ltd,17-11-2021,[66300],Valley Farm Road Leeds United Kingdom LS10 1SD,3.5
VERTIS CAPITAL PARTNERS LIMITED,15354221,ltd,15-12-2023,[66300],6th Floor 9 Appold Street London England EC2A 2AP,3.5
BRASIL WARRANT UK LIMITED,14955585,ltd,23-06-2023,[66300],4th Floor 3 More London Riverside London United Kingdom SE1 2AQ,3.5
EMERALD INVESTCO 1 LTD,15123184,ltd,07-09-2023,[66300],36 Grantbridge Street London England N1 8JN,3.5
FPC ACRE GENERAL PARTNER LIMITED,13241340,ltd,03-03-2021,[66300],C/O Dwf Company Secretarial Services Limited 1 Scott Place Manchester United Kingdom M3 3AA,3.5
MISSION FINANCIAL PLANNING LIMITED,13521233,ltd,20-07-2021,[66300],"Berwick Workspace,  Boarding School Yard Berwick Upon Tweed United Kingdom TD15 1BN",3.5
APG PI NO5 LIMITED,15266966,ltd,07-11-2023,[66300],29 York Street London United Kingdom W1H 1EZ,3.5
SUR MULTI FAMILY OFFICE LIMITED,14631840,ltd,01-02-2023,[66300],3rd Floor East London England W1K 4HX,3.5
APG PI NO4 LIMITED,15207773,ltd,12-10-2023,[66300],29 York Street London United Kingdom W1H 1EZ,3.5
INSAAPH CAPITAL LIMITED,14597529,ltd,17-01-2023,[66300],"2nd Floor,  Heathmans House London England SW6 4TJ",3.5
KALIX CAPITAL UK LIMITED,14701230,ltd,02-03-2023,[66300],71-75 Shelton Street London United Kingdom WC2H 9JQ,3.5
LCP INVESTMENT MANAGEMENT LIMITED,15319208,ltd,30-11-2023,[66300],30 Gresse Street Fitzrovia London United Kingdom W1T 1QR,3.5
FIRSTFUND LIMITED,SC687663,ltd,01-02-2021,[66300],7 Montgomery Street Lane Edinburgh United Kingdom EH7 5JT,3.5
SRH INVESTMENTS,SC649378,private-unlimited,11-12-2019,[66300],3 Clairmont Gardens Glasgow Scotland G3 7LW,3.5
LUCIUS CAPITAL LTD,13287847,ltd,24-03-2021,[66300],206 Monument Court Woolners Way Stevenage England SG1 3BT,3.5
COMMON MAGIC LTD,14621487,ltd,27-01-2023,[66300],"Unit 3,  Office A London England EC3R 8EE",3.5
RESONANCE ENTERPRISE INVESTMENT CIC,14399700,ltd,05-10-2022,[66300],The Great Barn 5 Scarne Court Launceston England PL15 9LR,3.0
GLAP DELIVERY COMPANY LIMITED,14106617,ltd,13-05-2022,[66300],Unit 9-12 Jessops Riverside 800 Brightside Lane Sheffield England S9 2RX,3.0
GRO CAPITAL INTERNATIONAL LIMITED,14206786,ltd,30-06-2022,[66300],C/O Stevens & Bolton Llp Wey House Guildford United Kingdom GU1 4YD,3.0
BSIP DELIVERY COMPANY LIMITED,14106720,ltd,13-05-2022,[66300],Unit 9-12 Jessops Riverside 800 Brightside Lane Sheffield England S9 2RX,3.0
ARTCRY LTD,12599165,private-limited-guarant-nsc,13-05-2020,"[66300, 90030]",41 North Gardens Brighton England BN1 3LB,3.0
SCRYPT CAPITAL LIMITED,14261818,ltd,28-07-2022,[66300],4 Stratford House Avenue Bromley England BR1 2WE,3.0
WEDGWOOD FAMILY OFFICE LIMITED,14442767,ltd,25-10-2022,[66300],30 Forest Ridge Keston England BR2 6EQ,3.0
ORBIMED (UK) LIMITED,14358042,ltd,15-09-2022,[66300],"1st Floor West,  Davidson House Reading England RG1 3EU",3.0
MATAM LTD,14369501,ltd,22-09-2022,[66300],The Carriage House Maidstone United Kingdom ME15 6YE,3.0
CC FTF (SCOT) LTD,SC738719,ltd,19-07-2022,[66300],50 Lothian Road Edinburgh Scotland EH3 9WJ,3.0
SPRINGFIELD REIM LIMITED,14191682,ltd,23-06-2022,[66300],Oakwood House Guildford Road Horsham United Kingdom RH12 3JJ,3.0
LAVIDAN LTD,14216057,ltd,05-07-2022,[66300],40 Theobald Street Borehamwood England WD6 4SE,3.0
842 INVESTMENTS,15930977,private-unlimited,02-09-2024,"[64209,66300, 68209]",Brook House Kingswinford DY6 9HS,3.0
P/E INVESTMENTS LTD,14551648,ltd,20-12-2022,[66300],Lakes End Leatherhead England KT22 0DJ,3.0
FORTYSEVEN INVESTMENTS,15924235,private-unlimited,29-08-2024,"[64209,66300, 68209]",Brook House Kingswinford England DY6 9HS,3.0
INET ONE LIMITED,14344713,ltd,08-09-2022,[66300],11 Easter Industrial Park Rainham England RM13 9BP,3.0
GW  PORTFOLIO MANAGEMENT SERVICES LTD,14312423,ltd,23-08-2022,[66300],46 Regal Way Middlesex United Kingdom HA3 0RX,3.0
R & R C BOND (CHURCHILL TYRES) LIMITED,13833973,ltd,07-01-2022,[66300],"1 General Street,  Pocklington Industrial Estate York United Kingdom YO42 1NR",3.0
SUNKARI GROUP LIMITED,14344793,ltd,08-09-2022,[66300],3 Redthorne Grove Kenilworth England CV8 2EF,3.0
BLUE MARBLE WEALTH LTD,SC750094,ltd,11-11-2022,[66300],1 Simonsburn Road Kilmarnock United Kingdom KA1 5LA,3.0
SCOTT JORDAN STAPLETON LIMITED,14485334,ltd,15-11-2022,[66300],Bollin House Wilmslow United Kingdom SK9 1DP,3.0
GLASSHOUSE TEAM MANAGEMENT 1 LTD,14492449,ltd,18-11-2022,[66300],5 Elstree Gate Borehamwood United Kingdom WD6 1JD,3.0
BECKETTS WEALTH LIMITED,14372043,ltd,23-09-2022,[66300],Paradigm House Lower Meadow Road Wilmslow England SK9 3ND,3.0
EARTHMIND CIC,16035853,private-limited-guarant-nsc,23-10-2024,"[62020,66300,81300, 96040]",8 Paynton Road St. Leonards-On-Sea England TN37 7DY,3.0
LEROY PATTERSON LTD,14557817,ltd,27-12-2022,[66300],1 Wren Close Wren Close Gloucester England GL4 4XR,3.0
KANKOM LIMITED,16083097,ltd,15-11-2024,"[66300, 68100]",2 Stonegate Bingley England BD16 4SA,3.0
HZ LIQUIDART LTD,13972638,ltd,12-03-2022,[66300],18 Fairholme Road Manchester England M20 4NT,3.0
FERMAT CAPITAL MANAGEMENT (U.K.) LIMITED,13901791,ltd,08-02-2022,[66300],Victoria House Farnborough GU14 7PG,3.0
NSANCHEZ LIMITED,14296695,ltd,15-08-2022,[66300],C/O Lucia Accounts Partners Concord House Dartford England DA1 1UP,3.0
PETERS FAMILY INVESTMENT COMPANY LIMITED,14307671,ltd,19-08-2022,[66300],4 Reading Road Reading England RG8 7LY,3.0
BLADE INVESTMENTS LIMITED,14375411,ltd,26-09-2022,[66300],Parkhill Business Centre Wetherby United Kingdom LS22 5DZ,3.0
KINSEY MCBAIN CAPITAL MANAGEMENT LTD,15396035,ltd,08-01-2024,"[66110, 66300]",Suite A 82 James Carter Road Bury St. Edmunds England IP28 7DE,3.0
UTREATIBILL LIMITED,17107253,ltd,20-03-2026,"[66220,66300, 82200]",48 Harescombe Drive Gloucester England GL1 3LE,3.0
HASTA PARTNERS LIMITED,17254488,ltd,01-06-2026,"[64303, 66300]",27 Old Gloucester Street London United Kingdom WC1N 3AX,3.0
3K INVESTMENTS LIMITED,13941187,ltd,25-02-2022,[66300],Orchard Bungalow Oakley Green Road Windsor England SL4 4QF,3.0
HOMER PHOENIX LTD,17176015,ltd,23-04-2026,"[64306,66300, 68100]",25 Linden Avenue Kidderminster United Kingdom DY10 3AB,3.0
VIDI SOVEREIGN WEALTH LTD,17171265,ltd,21-04-2026,"[66300, 74909]",71-75 Shelton Street London United Kingdom WC2H 9JQ,3.0
ARINI CAPITAL MANAGEMENT LIMITED,14124097,ltd,23-05-2022,[66300],Centralis 25 Western Avenue Oxfordshire United Kingdom OX14 4SH,3.0
32 DREAMS LIMITED,14067605,ltd,25-04-2022,[66300],65 Strathearn Avenue Twickenham United Kingdom TW2 6JT,3.0
PRIMROSE INDUSTRIES LIMITED,16126918,ltd,09-12-2024,"[46110, 66300]",272 The Tideway Rochester England ME1 3PR,3.0
GOLDTRUCK PEGC LIMITED,14023367,ltd,04-04-2022,[66300],Old School House Honey Lane Maidenhead England SL6 6TG,3.0
THAMARA INVESTMENT LTD,13915231,ltd,14-02-2022,[66300],5 Woodford Close Wigston England LE18 2RS,3.0
BISHOP'S GLEN INVESTMENT PARTNERS LIMITED,SC735498,ltd,14-06-2022,[66300],Mid Village Croft Cairndow Scotland PA27 8DB,3.0
AIM IRELAND LIMITED,14098132,ltd,10-05-2022,[66300],C/O Tlt Llp Bristol England BS1 6TP,3.0
BYNIRI LTD,14005325,ltd,28-03-2022,[66300],Unit 1 Cilmedw Way Llangollen Wales LL20 8AG,3.0
TPT INVESTMENT MANAGEMENT LIMITED,14527587,ltd,07-12-2022,[66300],5th Floor 3 South Brook Street Leeds England LS10 1FT,3.0
AMOL LIFE LTD,15571430,ltd,17-03-2024,"[65300, 66300]",9 Primrose Road Bristol England BS16 7HR,3.0
VERAX CAPITAL LTD,14434708,ltd,21-10-2022,[66300],Unit 8 Stephenson Close Daventry England NN11 8RF,3.0
NEREA LIMITED,16943909,ltd,05-01-2026,"[66120,66300, 96040]",61 Bridge Street Kington United Kingdom HR5 3DJ,3.0
COPIA CAPITAL MANAGEMENT LIMITED,14171823,ltd,14-06-2022,[66300],"2nd Floor,  Royal Mead Bath England BA1 1SR",3.0
AUBREY CAPITAL INTERNATIONAL LIMITED,SC727545,ltd,25-03-2022,[66300],37 Melville Street Edinburgh Scotland EH3 7JF,3.0
HG3 TRADING LTD,15910694,ltd,21-08-2024,"[64991, 66300]",Orchard House Preston Road Preston England PR2 5SD,3.0
ORVEX CAPITAL LIMITED,17388778,ltd,08-08-2026,"[64303, 66300]",37th Floor 1 Canada Square London United Kingdom E14 5AA,3.0
AMB BEREAVEMENT ORGANISATION LTD,14378901,private-limited-guarant-nsc,27-09-2022,"[66300,88990, 96030]",132 Banks Road Birmingham England B10 9PH,3.0
LARCH DELIVERY COMPANY LIMITED,14105633,ltd,13-05-2022,[66300],Unit 9-12 Jessops Riverside 800 Brightside Lane Sheffield England S9 2RX,3.0
REGENERATE EUROPEAN SUSTAINABLE AGRICULTURE CI GENERAL PARTNER LIMITED,SC749649,ltd,08-11-2022,[66300],13 Queen's Road Aberdeen United Kingdom AB15 4YL,3.0
SUNKARI INVESTMENTS LIMITED,14344975,ltd,08-09-2022,[66300],3 Redthorne Grove Kenilworth England CV8 2EF,3.0
4L CAPITAL LIMITED,14218319,ltd,06-07-2022,[66300],69 Aberdeen Avenue Cambridge CB2 8DL,3.0
CHILTERN OAK LTD,14406591,ltd,09-10-2022,[66300],"H J P Chartered,  Audley House Berkhamsted United Kingdom HP4 1EH",3.0
ROBERT CHRISTOPHER INVESTMENTS LIMITED,13865851,ltd,23-01-2022,[66300],41 Harwell Road Poole England BH17 0BD,3.0
GREAT OAK FINANCIAL PLANNING LTD,13867354,ltd,24-01-2022,[66300],28 Ternata Drive Monmouth Wales NP25 5UY,3.0
ANALYTICAL DATA LTD,14325816,ltd,30-08-2022,[66300],C/O Aardvark Accounting 1 Cedar Office Park Wimborne England BH21 7SB,3.0
VERLOG INVESTMENTS,SC680832,private-unlimited,13-11-2020,[66300],Exchange House Glasgow G1 3AG,3.0
CONCRETE VC I (OPCO) LTD,13891770,ltd,03-02-2022,[66300],Lytchett House 13 Freeland Park Poole United Kingdom BH16 6FA,3.0
DIVINUS INVESTMENTS LIMITED,13900267,ltd,08-02-2022,[66300],355 Beake Avenue Coventry England CV6 2HL,3.0
SENTINEL ONE HOLDINGS LTD,13966230,ltd,09-03-2022,[66300],3 Stone Gables Chard England TA20 2ET,3.0
SCOTT ESTATE CAPITAL LIMITED,13845633,ltd,13-01-2022,[66300],Orchard Hill Farmhouse Kingston Wareham United Kingdom BH20 5LP,3.0
COLLECO LIMITED,16112927,ltd,02-12-2024,"[66300, 68320]",8 Home Farm Wantage United Kingdom OX12 8PD,3.0
ARLINGTON DEVELOPMENT MANAGEMENT LIMITED,16112909,ltd,02-12-2024,"[66300, 68320]",8 Home Farm Wantage United Kingdom OX12 8PD,3.0
EVERGREEN INVESTMENT MANAGEMENT LTD,16045670,ltd,28-10-2024,"[64303, 66300]",334 Slade Lane Manchester United Kingdom M19 2BL,3.0
RACINE DEVELOPMENTS LONDON LTD,16002467,ltd,07-10-2024,"[66300, 68100]",56 Oldham Road Ashton-Under-Lyne United Kingdom OL6 7AP,3.0
YORK CORPORATION UK LTD,14412184,ltd,11-10-2022,[66300],56 Oldham Road Ashton-Under-Lyne United Kingdom OL6 7AP,3.0
JFW AGRITECH LTD,13959882,ltd,07-03-2022,[66300],The Coach House Woodbridge United Kingdom IP13 8LA,3.0
RIPPLE CAPITAL LTD,16151366,ltd,24-12-2024,"[64301, 66300]",26 Greens Road Cambridge England CB4 3EF,3.0
YK LIQUID CONCEPTS LTD,13972618,ltd,12-03-2022,[66300],22 Hawthorn Drive Manchester England M19 1GZ,3.0
WHH PARTNERS LTD,14397454,ltd,04-10-2022,[66300],Hastingwood Business Park Wood Lane Birmingham England B24 9QR,3.0
BROADSHAW LIMITED,14316358,ltd,24-08-2022,[66300],Academy House Bridgend United Kingdom CF31 1JF,3.0
NARROW WATER PARTNERS LTD,13848062,ltd,13-01-2022,[66300],Marvan Court Teddington England TW11 8LZ,3.0
INITIATOR VC CIC,15595038,ltd,26-03-2024,"[66300, 88100]",Dixcart House Addlestone Road Addlestone England KT15 2LE,3.0
LLOYD ASSET MANAGEMENT LTD,13911126,ltd,11-02-2022,[66300],35 Charnwood Road Loughborough England LE12 9QE,3.0
LURABUS,SC680836,private-unlimited,13-11-2020,[66300],10b Kirklee Road Glasgow Scotland G12 0ST,3.0
RUSSELL GROUPS PVT LTD,17048896,ltd,23-02-2026,"[66110, 66300]",54 Vicentia Court London United Kingdom SW11 3GY,3.0
ALPINISTA LIMITED,14513928,ltd,29-11-2022,[66300],Hayfield House Park Wall Lane Reading England RG8 8NE,3.0
WEST KIRBY CORPORATION LTD.,17117381,ltd,26-03-2026,"[66300,68320, 98000]",122 Ennisdale Drive Wirral United Kingdom CH48 9UB,3.0
AZURITE CONSULTANCY LTD,14320950,ltd,26-08-2022,[66300],14320950 - COMPANIES HOUSE DEFAULT ADDRESS Cardiff CF14 8LH,3.0
GODSWILL FOUNDATION,15416540,private-limited-guarant-nsc-limited-exemption,16-01-2024,"[64205,64301,64304, 66300]",Adamson House Manchester England M20 2YY,3.0
VINEYARD PARTNERSHIP LTD,17232246,ltd,20-05-2026,"[64301, 66300]",10 Bell Lane London United Kingdom TW1 3NU,3.0
BLANCHE ASSET MANAGEMENT LIMITED,17132627,ltd,01-04-2026,"[64304, 66300]",258 Liverpool Road London England N1 1LG,3.0
LINK ITEN LIMITED,17208197,ltd,08-05-2026,"[66300, 93199]",Flat 124 Addison House Grove End Road London England NW8 9EJ,3.0
CUBE'S HOLDING LTD,17219790,ltd,14-05-2026,"[64301, 66300]",128 City Road London United Kingdom EC1V 2NX,3.0
LIVING PLANIT LTD,17266851,ltd,08-06-2026,"[64303, 66300]",2 Long Walk London England SE1 3NQ,3.0
PERPETUAL CAPITAL LTD,17264784,ltd,05-06-2026,"[66300, 77400]",128 City Road London United Kingdom EC1V 2NX,3.0
QUARTERSTAFF CAPITAL LIMITED,17154028,ltd,13-04-2026,"[64303, 66300]",167-169 Great Portland Street London England W1W 5PF,3.0
CIBUS VITORIA LIMITED,17353251,ltd,21-07-2026,"[64205, 66300]",4 Sloane Terrace London England SW1X 9DQ,3.0
VECTOR SPACE VENTURES LTD,17389796,ltd,10-08-2026,"[64303, 66300]",62 Lillie Road London England SW6 1TN,3.0
INFINITY PRIVE FX LTD,13957254,ltd,05-03-2022,[66300],63 Nutfield Road Merstham United Kingdom RH1 3ER,3.0
ATU INVESTMENTS LTD.,14197174,ltd,27-06-2022,[66300],81 Grotto Road South Shields United Kingdom NE34 7AQ,3.0
KX ASSET MANAGEMENT LTD,14356017,ltd,14-09-2022,[66300],117 Viglen House Business Centre Wembley England HA0 1HD,3.0
WFIP LIMITED,14082488,ltd,03-05-2022,[66300],9 Elms Road Fleet England GU51 3EG,3.0
IRONBARK INVESTMENT PARTNERS (UK) LTD,14137415,ltd,27-05-2022,[66300],1 Chamberlain Square Cs Birmingham United Kingdom B3 3AX,3.0
ENDLESS PRIVATE CAPITAL LIMITED,14253381,ltd,25-07-2022,[66300],Ground Floor Leeds England LS1 2HL,3.0
MAIA INVESTMENTS LIMITED,14186298,ltd,21-06-2022,[66300],"C/O Langtons 11th Floor,  The Plaza Liverpool United Kingdom L3 9QJ",3.0
ACCUR CAPITAL LTD,14221377,ltd,07-07-2022,[66300],"Unit A,  82 James Carter Road Mildenhall United Kingdom null",3.0
HEDGEHOPE LIMITED,14170571,ltd,14-06-2022,[66300],Cairnfold House Northumberland United Kingdom NE71 6QT,3.0
SRE PORTFOLIO MANAGEMENT LTD,14198371,ltd,27-06-2022,[66300],57 Berkeley Waye Hounslow United Kingdom TW5 9HJ,3.0
CASEYS HOLDINGS LIMITED,14527570,ltd,07-12-2022,[66300],24b Orgreave Crescent Sheffield England S13 9NQ,3.0
P/E GLOBAL LTD,14551699,ltd,20-12-2022,[66300],Lakes End Leatherhead England KT22 0DJ,3.0
NICHE INVESTMENT MANAGEMENT LIMITED,14531833,ltd,09-12-2022,[66300],Paradigm House Lower Meadow Road Wilmslow United Kingdom SK9 3ND,3.0
HARPIN FINCO LIMITED,14541666,ltd,14-12-2022,[66300],"The Estate Office The Priory Estate Nun Monkton,  York United Kingdom YO26 8ES",3.0
EASTBOROUGH PARTNERS UK LIMITED,14217529,ltd,06-07-2022,[66300],C/O Aspreys Accountants No 5 The Heights Weybridge England KT13 0NY,3.0
MITCHELL & MITCHELL ASSET MANAGEMENT LTD,14011694,ltd,30-03-2022,[66300],1 Churchill Court Westerham England TN16 1BT,3.0
BRITANNIA RESEARCH LTD,14249101,ltd,21-07-2022,[66300],"Shepherd Accountants Ltd 20 Lintot Square,  Fairbank Road Horsham United Kingdom RH13 9LA",3.0
KASM CAPITAL LTD,14447639,ltd,27-10-2022,[66300],Duken Lane Cottage Duken Lane Bridgnorth United Kingdom WV15 6EA,3.0
NEWTON GROVE HOLDINGS,14268361,private-unlimited,01-08-2022,[66300],7 Marlborough Crescent London W4 1HE,3.0
OPAL FINANCIALS COMMERCIAL SOLUTIONS LTD,13888203,ltd,02-02-2022,[66300],St Mary's House Crewe Road Stoke-On-Trent United Kingdom ST7 2EW,3.0
AUFIN LIMITED,SC734565,ltd,06-06-2022,[66300],55 Blythswood St Glasgow Scotland G2 7AT,3.0
BAINS CAPITAL LIMITED,14070147,ltd,26-04-2022,[66300],35 Berkeley Square Berkeley Suite Mayfair England W1J 5BF,3.0
SEEDAR FINANCE LIMITED,16084747,ltd,18-11-2024,"[64929, 66300]",274 Breedon Street Nottingham England NG10 4FD,3.0
BLUE HAVEN ASSETS LIMITED,14444996,ltd,26-10-2022,[66300],Lakeview House Billericay United Kingdom CM12 0EQ,3.0
CLEVER INVESTMENT MANAGEMENT LTD,13850171,ltd,14-01-2022,[66300],Watergate House Chester United Kingdom CH1 2LF,3.0
CHEAFRICA LIMITED,11211185,private-limited-guarant-nsc,19-02-2018,[66300],Century House Northampton United Kingdom NN4 7HD,3.0
PURPLEYE INVESTMENTS LTD,13989763,ltd,19-03-2022,[66300],1 Wern Road Ammanford Wales SA18 1LN,3.0
IONA STAR CAPITAL LIMITED,NI695663,ltd,23-03-2023,[66300],Floor 8 City Exchange Belfast United Kingdom BT1 4LS,2.5
WMCA JV LIMITED,14734682,ltd,16-03-2023,[66300],16 Summer Lane Birmingham England B19 3SD,2.5
EASY GIVING LTD,14838343,ltd,01-05-2023,[66300],34 Oak Wood Road Wetherby England LS22 7QY,2.5
WISTON CAPITAL LIMITED,14953453,ltd,22-06-2023,[66300],22 Friars Street Sudbury England CO10 2AA,2.5
MANNERSTON INVESTMENTS LIMITED,SC778442,ltd,08-08-2023,[66300],38 Mannerston Holdings Linlithgow United Kingdom EH49 7ND,2.5
DELULU LIMITED,15072347,ltd,15-08-2023,[66300],Flat 205 5 Barking Wharf Square Barking England IG11 7HZ,2.5
FIRSTPOINT MERCANTILE (EU) LTD,15110960,ltd,03-09-2023,[66300],81 Lowfield Street Dartford United Kingdom DA1 1HP,2.5
EG AIFM LTD,15112956,ltd,04-09-2023,[66300],Felcourt Farm East Grinstead England RH19 2LQ,2.5
FIRSTPOINT MERCANTILE (UK) LTD,15110959,ltd,03-09-2023,[66300],81 Lowfield Street Dartford United Kingdom DA1 1HP,2.5
FIRSTPOINT INTERNATIONAL INCORPORATED (UK) LIMITED,15102700,ltd,29-08-2023,[66300],81 Lowfield Street Dartford United Kingdom DA1 1HP,2.5
GRAMPIAN ALBA LIMITED,SC619116,private-limited-guarant-nsc,24-01-2019,[66300],Blackwood House Aberdeen AB10 6XU,2.5
REZONATE MUSIC RIGHTS LIMITED,15210282,ltd,13-10-2023,[66300],Lifford Hall Lifford Lane Birmingham United Kingdom B30 3JN,2.5
HECLA INVESTMENTS LIMITED,15173204,ltd,28-09-2023,[66300],Pipers Wood Mackies Hill Guildford England GU5 9RH,2.5
GREENMOND,13776194,private-unlimited,01-12-2021,[66300],1 Chamberlain Square Cs Birmingham England B3 3AX,2.5
USQUE LTD,15314252,ltd,28-11-2023,[66300],97 Alderley Road Wilmslow England SK9 1PT,2.5
ATS CAPITAL LIMITED,15290362,ltd,16-11-2023,[66300],Milcombe House Mill Hill Brentwood England CM15 8EU,2.5
VALLANCE PLACE LIMITED,15039133,ltd,31-07-2023,[66300],Flat 2 4 Prospect Mews Reading England RG1 7NN,2.5
LONDON CAPITAL RETURNS LTD,15167561,ltd,26-09-2023,[66300],3 Church Street Hook United Kingdom RG29 1LU,2.5
GC UNITED,13772975,private-unlimited,30-11-2021,[66300],1 Chamberlain Square Cs Birmingham England B3 3AX,2.5
ODYSSEY VC (UK) LIMITED,15259437,ltd,03-11-2023,[66300],Park House Farm Fernhurst United Kingdom GU27 3JP,2.5
HARPIN ENTERPRISES LIMITED,14834232,ltd,28-04-2023,[66300],Estate Office The Priory Estate York United Kingdom YO26 8ES,2.5
VALINOR WEALTH LIMITED,SC862075,ltd,08-09-2025,"[64301, 66300]",114 Primrose Avenue Dunfermline Scotland KY11 2TZ,2.5
ATS FINANCIAL SERVICES AND CONSULTANCY LIMITED,16715936,ltd,14-09-2025,"[66300, 69201]",25 Sheerness Street Manchester England M18 8TY,2.5
CLAUDE BOSI INVESTMENTS LTD,15082091,ltd,18-08-2023,[66300],Studio I1c Witan Studios Milton Keynes England MK9 1EF,2.5
OBSIDIAN INVESTMENT SOLUTIONS LTD.,14594350,ltd,16-01-2023,[66300],1 Allied Business Centre Harpenden England AL5 4UT,2.5
CLEAR SKY CAPITAL UK LIMITED,14819895,ltd,21-04-2023,[66300],Cinch Self Storage Woking Woking England GU21 5SB,2.5
ALGORITHM TRADINGS LTD,16284624,ltd,28-02-2025,"[64301, 66300]",61 Bridge Street Kington United Kingdom HR5 3DJ,2.5
THF GROUP LIMITED,14727261,ltd,13-03-2023,[66300],23 23 Lydstep Close Derby England DE21 2RY,2.5
LFF FND ONE LIMITED,15328899,ltd,05-12-2023,[66300],Venture House Bracknell England RG12 1WA,2.5
ADABIM INVESTMENT COMPANY LTD,14788976,ltd,10-04-2023,[66300],The Hart Shaw Building Sheffield United Kingdom S9 1XU,2.5
GCF CI GENERAL PARTNER LIMITED,NI705317,ltd,24-11-2023,[66300],8th Floor City Exchange Belfast Northern Ireland BT1 4LS,2.5
ALGEA GROUP LTD,14612851,ltd,24-01-2023,[66300],9 Crouch Cross Lane Chichester England PO18 0EF,2.5
FIFTY EIGHT CAPITAL LTD,14920236,ltd,07-06-2023,[66300],17 Willowcourt Avenue Harrow England HA3 8ET,2.5
A2M INVESTMENTS LIMITED,16757501,ltd,02-10-2025,"[64209, 66300]",Unit 39 Cariocca Business Park Manchester United Kingdom M40 8BB,2.5
U3 FOUNDATION,16362674,private-limited-guarant-nsc-limited-exemption,03-04-2025,"[64205,64304,66120, 66300]",Suite 302 4 Station Square Cambridge England CB1 2GE,2.5
ENHANCED CAPITAL LTD,15349614,ltd,13-12-2023,[66300],Christchurch Golf Centre Bournemouth England BH7 7ES,2.5
ENERGY MIX VENTURES LTD,SC848022,ltd,09-05-2025,"[64303, 66300]",C/O Johnston Carmichael Glasgow Scotland G2 2ND,2.5
BAZAAR FX LTD,15167804,ltd,27-09-2023,[66300],15167804 - COMPANIES HOUSE DEFAULT ADDRESS Cardiff CF14 8LH,2.5
CARTWRIGHT FIC LIMITED,15266328,ltd,07-11-2023,[66300],Maple House Park West Chester United Kingdom CH1 4RN,2.5
CPCA BUSINESS GROWTH FINANCE LIMITED,14883887,ltd,22-05-2023,[66300],First Floor Linea House Fleet England GU51 2UZ,2.5
GARUDA VAHANA PRIVATE LIMITED,15087716,ltd,22-08-2023,[66300],Swift House Ground Floor Chelmsford England CM1 1GU,2.5
CURA CAPITAL LIMITED,15061692,ltd,09-08-2023,[66300],23 New Road Redditch England B96 6AW,2.5
BURAQ CAPITAL LTD,15061688,ltd,09-08-2023,[66300],20 Crowshaw Street Derby England DE24 8DY,2.5
TICKHEAD LTD,15060763,ltd,09-08-2023,[66300],Chantry House Eastbourne United Kingdom BN21 1BF,2.5
SKYNOST INVESTMENTS,13498828,private-unlimited,07-07-2021,[66300],Brook House Kingswinford DY6 9HS,2.5
ANTARES CAPITAL LONDON LIMITED,14618394,ltd,26-01-2023,[66300],3rd Floor 1 Ashley Road Altrincham United Kingdom WA14 2DT,2.5
GARNOCK VALLEY ENERGY CO LTD,SC778019,ltd,04-08-2023,[66300],19 Main Street Kilbirnie Scotland KA25 7BX,2.5
AQUINELLA INVESTMENTS LIMITED,14958313,ltd,24-06-2023,[66300],Berkeley House Cobham England KT11 1JG,2.5
LCIF 2 LIMITED,12179634,private-limited-guarant-nsc,29-08-2019,[66300],Norfolk County Council County Hall Norwich NR1 2DH,2.5
JAG CAPITAL PARTNERS (UK) LIMITED,14585004,ltd,11-01-2023,[66300],The Coach House Unit 42 Bexley United Kingdom DA5 1LU,2.5
ADVANTAGE CAPITAL LTD,15193684,ltd,06-10-2023,[66300],"C/O Investment Mastery First Floor,  Calleo House Borehamwood England WD6 4RT",2.5
ERF DELIVERY COMPANY LIMITED,14686122,ltd,24-02-2023,[66300],Unit 9-12 Jessops Riverside 800 Brightside Lane Sheffield England S9 2RX,2.5
COLIN WATTS ENTERPRISES LTD,15104877,ltd,30-08-2023,[66300],31 Kennel Loke Great Yarmouth United Kingdom NR31 6JU,2.5
CLEAN ENVIRONMENT HOLDINGS UK LTD,15121678,ltd,07-09-2023,[66300],11 Melbourne Rise Shrewsbury United Kingdom SY3 5DA,2.5
GCF GENERAL PARTNER LIMITED,NI705316,ltd,24-11-2023,[66300],8th Floor City Exchange Belfast Northern Ireland BT1 4LS,2.5
RUSSELLS CAPITAL LIMITED,15105760,ltd,30-08-2023,[66300],5 High Street Abbots Langley England WD5 0QP,2.5
LEO INVEST,13775968,private-unlimited,01-12-2021,[66300],1 Chamberlain Square Cs Birmingham England B3 3AX,2.5
MIRAFE HOLDINGS,13772839,private-unlimited,30-11-2021,[66300],1 Chamberlain Square Cs Birmingham England B3 3AX,2.5
ANNLOW INVESTMENTS LIMITED,14801553,ltd,14-04-2023,[66300],Langley Ash Road Longfield England DA3 8HA,2.5
MAVEN PROPERTY CARRIED INTEREST LIMITED,SC787806,ltd,01-11-2023,[66300],Kintyre House Glasgow Scotland G2 2LW,2.5
BREDON HILL WEALTH MANAGEMENT LIMITED,15221342,ltd,19-10-2023,[66300],Anglo House Stourport On Severn United Kingdom DY13 9AW,2.5
DAUGHTERS OF DIVINE LOVE PHILANTHROPIC DEVELOPMENT OFFICE CIC,13351076,private-limited-guarant-nsc,22-04-2021,[66300],70 Kempshott Road Kempshott Road London England SW16 5LH,2.5
WOODSIDE WEALTH LTD,SC768706,ltd,09-05-2023,[66300],4d Auchingramont Road Hamilton Scotland ML3 6JT,2.5
UNLIMITED MARINE LTD,15294201,ltd,20-11-2023,[66300],4 Clifton Bank Paignton England TQ3 3LL,2.5
DAKSCOM CIC,14745418,private-limited-guarant-nsc,21-03-2023,"[66300,85510, 86900]",The Spryng Holwell Wimborne England BH21 5QP,2.5
MONTPELLIER MANAGEMENT HOLDINGS,13787228,private-unlimited,07-12-2021,[66300],Windmill House Rowington CV35 7DF,2.5
SK CAPITAL GLOBAL INVESTMENTS LTD,16417582,ltd,29-04-2025,"[64991, 66300]",Waites Cottage Fodderdyke Bank Boston England PE22 8JB,2.5
PROJXIC SYNERGY ASSET & LIQUIDITY MANAGEMENT UK LTD,16183039,ltd,14-01-2025,"[64991, 66300]",112a North Street Hornchurch England RM11 1SU,2.5
NORTH WESTERN LEISURE LTD,14803520,ltd,14-04-2023,[66300],79 Molesworth Road Plymouth United Kingdom PL1 5PG,2.5
BSR ASSET MANAGEMENT LIMITED,15146733,ltd,19-09-2023,[66300],35 - 35a The Maltings Shepton Mallett United Kingdom BA4 5QE,2.5
WEST ROSE INVESTMENTS LIMITED,15339005,ltd,09-12-2023,[66300],4 Blackburn Drive Carlisle United Kingdom CA1 3HY,2.5
ENTREPRENEURS FIRST EARLY STAGE SCOT LIMITED,SC769496,ltd,16-05-2023,[66300],5 South Charlotte Street Edinburgh Scotland null,2.5
INVESTMENT&BUSINESS LTD.,14730287,ltd,14-03-2023,[66300],Enterprise House Oldham United Kingdom OL9 6HZ,2.5
SHEFFIELD CITY OPPORTUNITIES CIC,16312297,private-limited-guarant-nsc,12-03-2025,"[59112,66300,82302, 96040]",68 Carter Knowle Road Sheffield England S7 2DX,2.5
ZOX MARKETS LIMITED,16364887,ltd,04-04-2025,"[66110, 66300]","2nd Floor College House Ruislip,  United Kingdom HA4 7AE",2.5
CASPIAN CAPITAL MANAGEMENT LTD,16564280,ltd,07-07-2025,"[66300, 68209]",72 Glendale Avenue Eastbourne England BN21 1UN,2.5
RAINBOW CENTRAL CIC,13122335,private-limited-guarant-nsc,08-01-2021,[66300],50a-50b Cambridge Road London England SW11 4RR,2.5
THE FAMILY RESTAURANT GROUP LIMITED,16207793,ltd,24-01-2025,"[56102, 66300]",104 Park Avenue Castleford England WF10 2AR,2.5
IMPASSIVE LTD,14789355,ltd,10-04-2023,[66300],19 Regent Square Salford England M5 3RP,2.5
AJ ESTATES HOLDINGS LTD,16601231,ltd,23-07-2025,"[66300, 68100]","Unit 101,  First Floor,  Cervantes House,  5-9 Headstone Road Harrow England HA1 1PD",2.5
BENJAMIN CAPITAL LIMITED,16447146,ltd,13-05-2025,"[46900, 66300]",Suite 34320 61 Bridge Street Herefordshire United Kingdom HR5 3DJ,2.5
THIRAVI LTD,16773731,ltd,09-10-2025,"[64991, 66300]",15 Mossdale Road Leicester England LE3 2UT,2.5
MENSAH INVESTMENTS LTD,16650246,ltd,14-08-2025,"[66300, 68209]",10 Towerfield Road Southend-On-Sea England SS3 9QE,2.5
CONSTAAS DIGITAL FINANCE LTD,16883635,ltd,01-12-2025,"[66120, 66300]","7 Copperfield Road,  Coventry West Midlands,  England United Kingdom CV2 4AQ",2.5
ASCEND EQUITY LIMITED,16690473,ltd,02-09-2025,"[64303, 66300]",49 Broadlands Avenue Hockley England SS5 5EP,2.5
PROGRESS NELSON LANE LTD,15020695,ltd,22-07-2023,[66300],3 Redthorne Grove Kenilworth England CV8 2EF,2.5
RUSTY VIKING INVEST LTD,16673309,ltd,26-08-2025,"[41100, 66300]",Carpenter Court 1 Maple Road Stockport United Kingdom SK7 2DH,2.5
RAINEY DAYS LIMITED,14678444,ltd,21-02-2023,[66300],A4g Suite Nepicar House Wrotham Heath United Kingdom TN15 7RS,2.5
SUPPORT SPORT CIC,13399710,private-limited-guarant-nsc,14-05-2021,"[66300, 93199]",7 Rhino Court Station View Stockport England SK7 5ER,2.5
BARNA PARTNERS LTD,14767695,ltd,29-03-2023,[66300],18-20 Kew Road Richmond Upon Thames England TW9 2NA,2.5
JMU CONSULTANCY LTD,16491108,private-limited-guarant-nsc,02-06-2025,"[66300, 70229]",1 Chadville Gardens Romford United Kingdom RM6 5TX,2.5
TMFX PRO LTD,16749635,ltd,29-09-2025,"[66110, 66300]",16749635 - COMPANIES HOUSE DEFAULT ADDRESS Cardiff CF14 8LH,2.5
AV ADVISORS UK LIMITED,15132616,ltd,12-09-2023,[66300],Bourne Space Bournemouth England BH1 2EF,2.5
CATELLA APAM CAPITAL PARTNERS LIMITED,14836661,ltd,01-05-2023,[66300],"Upper Ground Floor,  Bridgewater House Manchester England M1 6LT",2.5
TRADE BAZAAR GROUP LTD,16378786,ltd,10-04-2025,"[66120, 66300]",16378786 - COMPANIES HOUSE DEFAULT ADDRESS Cardiff CF14 8LH,2.5
GOLDMINE GALAXY ASSET MANAGEMENT LTD,16629198,ltd,05-08-2025,"[47910, 66300]",31 Langham Gardens Wembley England HA0 3RG,2.5
BEARTENNIS VENTURES LIMITED,14734075,ltd,16-03-2023,[66300],Brook House Moss Grove West Midlands United Kingdom DY6 9HS,2.5
PARAGON HUSTLE LTD,14748573,ltd,22-03-2023,[66300],4 Moorview Villas Shipley England BD18 1LH,2.5
JENTA INVESTMENTS LIMITED,14958356,ltd,24-06-2023,[66300],Berkeley House Cobham England KT11 1JG,2.5
CAPITAL INTEGRATORS LTD,14966617,ltd,28-06-2023,[66300],Canada House 20/20 Business Park Maidstone United Kingdom ME16 0LS,2.5
NORTHERN GRITSTONE INVESTMENT MANAGER LIMITED,15186303,ltd,04-10-2023,[66300],No.1 Circle Square Manchester United Kingdom M1 7FS,2.5
ZION LEADERSHIP CONSULTANCY LTD,14888360,ltd,23-05-2023,[66300],55a Epsom Road Morden England SM4 5PR,2.5
AARC VENTURES LIMITED,15272512,ltd,09-11-2023,[66300],44 Mount Pleasant Wilmslow England SK9 4AP,2.5
OHR EMES BUILDING FUND LIMITED,13708679,private-limited-guarant-nsc,28-10-2021,[66300],121 Clapton Common London United Kingdom E5 9AB,2.5
COMMUNITY DIRECTIONS LTD,15229581,ltd,23-10-2023,[66300],20 Waingroves Road Ripley England DE5 9TB,2.5
DERWENTWATER,13788876,private-unlimited,08-12-2021,[66300],1 Chamberlain Square Cs Birmingham England B3 3AX,2.5
CALIBRA SERVICES LIMITED,14740807,ltd,20-03-2023,[66300],18 Rosewood Preston United Kingdom PR4 0NN,2.5
SEATTLE PROCESS LIMITED,15313165,ltd,28-11-2023,[66300],31 Henshaw Drive Stockton-On-Tees England TS17 0PN,2.5
SK GROUP ENDOWMENT PROGRAMME LTD,12881709,private-limited-guarant-nsc,15-09-2020,[66300],Beckwith Barn Warren Estate Writtle England CM1 3WT,2.0
"CENTERBRIDGE PARTNERS, UK LTD",07476923,ltd,,[66300],10 New Burlington Street London United Kingdom W1S 3SE,2.0
"ALGER MANAGEMENT, LTD.",08634056,ltd,,[66300],"Suite 1,  7th Floor 50 Broadway London United Kingdom SW1H 0BL",2.0
"HOXTON VENTURES II, (ENG) LTD",11082171,ltd,,[66300],483 Green Lanes London United Kingdom N13 4BS,2.0
KERNOW INVESTMENTS,13878546,private-unlimited,28-01-2022,[66300],1 Chamberlain Square Cs Birmingham United Kingdom B3 3AX,2.0
"CABL II (UK), LTD.",15991414,ltd,,[66300],"Suite 1,  7th Floor 50 Broadway London United Kingdom SW1H 0DB",2.0
"TRUE GREEN CAPITAL MANAGEMENT (UK), LIMITED",14761805,ltd,,[66300],22 Great Marlborough Street London England W1F 7HU,2.0
TERAWATT INFRASTRUCTURE UK LIMITED,17260323,ltd,04-06-2026,"[66300, 68320]",Brierly Place Chelmsford England CM2 0AP,2.0
METCROFT ACHILLES COMPANY,14042138,private-unlimited,12-04-2022,[66300],12 Woodbourne Road Edgbaston Birmingham United Kingdom B15 3QH,2.0
U S MALIK TRADING LTD,17337707,ltd,13-07-2026,"[64991, 66300]",198 Allison Road Bristol England BS4 4NZ,2.0
MPKG INVESTMENTS LIMITED,NI736941,ltd,15-01-2026,"[66300, 68100]",27 College Gardens Belfast Northern Ireland BT9 6BS,2.0
"APERTURE INVESTORS UK, LTD",11575470,ltd,,[66300],1 Old Queen Street London England SW1H 9JA,2.0
"KING STREET EUROPEAN ADVISORS, LTD.",05440189,ltd,,[66300],78 St James's St London England SW1A 1JB,2.0
"TRACT CAPITAL MANAGEMENT UK, LTD",15906783,ltd,,[66300],"Suite 1,  7th Floor 50 Broadway London United Kingdom SW1H 0DB",2.0
"EPOCH INVESTMENT PARTNERS UK, LTD",09640731,ltd,,[66300],4th Floor Carrington House London United Kingdom W1B 5SE,2.0
BEYOND CREDITS CIC,15967188,private-limited-guarant-nsc,19-09-2024,"[66300, 74901]",82 St. John Street London England EC1M 4JN,2.0
"HOXTON VENTURES III, (ENG) LTD",13259638,ltd,,[66300],483 Green Lanes London United Kingdom N13 4BS,2.0
"VANGUARD ASSET SERVICES, LTD.",07242969,ltd,,[66300],4th Floor The Walbrook Building London EC4N 8AF,2.0
"CPAF (UK), LTD.",15992558,ltd,,[66300],"Suite 1,  7th Floor 50 Broadway London United Kingdom SW1H 0DB",2.0
PARTNERSHIP FOR YOUNG MERTON CIC,15452892,private-limited-guarant-nsc,30-01-2024,"[66300,94990, 96090]",The Pavilion Morden England SM4 6RA,2.0
"PORTFOLIO ADVISORS CAPITAL UK, LTD",13524029,ltd,,[66300],14 Curzon Street London England W1J 5HN,2.0
ODONNELL CAPITAL,13859341,private-unlimited,19-01-2022,[66300],1 Chamberlain Square Cs Birmingham B3 3AX,2.0
COLLABORATION CIRCLE,15667708,private-limited-guarant-nsc-limited-exemption,22-04-2024,"[66300, 94120]",4 Chiswell Street London United Kingdom EC1Y 4UP,2.0
NORTHSTONE CAPITAL LTD,17045905,ltd,20-02-2026,"[64991, 66300]",37 Cedar Grove Brighouse England HD6 4FE,2.0
"HOXTON VENTURES GREENSHOOTS I, (ENG) LTD",16279562,ltd,,[66300],483 Green Lanes London United Kingdom N13 4BS,2.0
CPA CAPITAL INVESTMENT LTD,17062170,ltd,02-03-2026,"[64991, 66300]",9 Leyton Close Brierley Hill England DY5 3JJ,2.0
MOAYEDI CAPITAL LTD,16990274,ltd,27-01-2026,"[64209, 66300]",4 Tyning Road Bristol United Kingdom BS31 3HL,2.0
CLANRICARDE SUSSEX CIC,16048702,private-limited-guarant-nsc,29-10-2024,"[66300,85520, 91030]","1,  The Old Manor House Eastbourne United Kingdom BN21 1HF",2.0
"APTERRA UK MANAGEMENT CO., LIMITED",17202607,ltd,,[66300],2n Floor 107 Cheapside Greater London United Kingdom EC2V 6DN,2.0
"ALCHELYST UK, LTD",16621414,ltd,,[66300],27 Old Gloucester Street London United Kingdom WC1N 3AX,2.0
"KWCP HOLDINGS UK, LTD.",11860833,ltd,,[66300],"Suite 1,  7th Floor 50 Broadway London United Kingdom SW1H 0BL",2.0
"KNA-BND CORP U.K. ONE, LTD",14285654,ltd,,[66300],71-75 Shelton Street London United Kingdom WC2H 9JQ,2.0
"SPECTRUM EQUITY MANAGEMENT UK, LTD.",14493684,ltd,,[66300],"Suite 1,  7th Floor 50 Broadway London United Kingdom SW1H 0DB",2.0
"ACP MANAGEMENT PARTNERS, LTD",14403694,ltd,,[66300],7 Albemarle Street London England W1S 4HQ,2.0
"HOXTON VENTURES IV, (ENG) LTD",15913800,ltd,,[66300],483 Green Lanes London United Kingdom N13 4BS,2.0
"VANGUARD ASSET MANAGEMENT, LTD.",07243412,ltd,,[66300],4th Floor The Walbrook Building London EC4N 8AF,2.0
GRAYSON'S LEGACY SUPPORT TRUST CIC,12746806,private-limited-guarant-nsc,16-07-2020,[66300],49 Bratton Road Trowbridge England BA14 6AZ,2.0
"APO UK (FC), LIMITED",09840156,ltd,,[66300],1 Soho Place London England W1D 3BG,2.0
"KFO HOLDINGS, LTD.",11786202,ltd,,[66300],"Suite 1,  7th Floor 50 Broadway London United Kingdom SW1H 0BL",2.0
SAS MUTUAL CIC,12499719,private-limited-guarant-nsc,05-03-2020,[66300],Trigg House 11 Maisies Way South Normanton DE55 2DS,2.0
WCPF,14628882,private-unlimited,31-01-2023,[66300],Brook House Kingswinford England DY6 9HS,1.5
PEOVER TRUST COMPANY LIMITED,13250793,private-limited-guarant-nsc,08-03-2021,[66300],31 Wellington Road Nantwich England CW5 7ED,1.5
JARDIN SIROCCO FOUNDATION,16579376,private-limited-guarant-nsc-limited-exemption,14-07-2025,"[66300,74990, 94990]",5 Upton Close Ipswich United Kingdom IP4 2QQ,1.5
DOSTIA C.I.C.,16627067,private-limited-guarant-nsc,04-08-2025,"[66300,73200, 85590]",14 Bird Brook Close Wednesbury England WS10 8NB,1.5
EUROACTIVE CONSULTANTS LTD,15114344,private-limited-guarant-nsc,05-09-2023,"[64303, 66300]",37 Holden Road Salford United Kingdom M7 4LR,1.5
THE DENNY FAMILY INVESTMENT COMPANY,14718158,private-unlimited,09-03-2023,[66300],270 Forest Road Loughborough LE11 3HX,1.5
DIGITAL NOMADS FOR GOOD C.I.C.,14919081,private-limited-guarant-nsc,06-06-2023,"[66300, 88990]",15a 15a Cwmbach Road Aberdare Wales CF44 0NG,1.5
ALL WEATHERS LOTTERY CIC,13570149,private-limited-guarant-nsc,17-08-2021,[66300],10 Chancery Park Telford England TF2 9GP,1.5
LEN JOHNSON CAMPAIGN C.I.C.,15046866,private-limited-guarant-nsc,03-08-2023,"[66300, 85520]",60 Hollinwood Road Stockport England SK12 2EF,1.5
TATTON TRUST COMPANY LIMITED,13250551,private-limited-guarant-nsc,08-03-2021,[66300],Land Law Altrincham England WA14 1QB,1.5
HUDDERSFIELD CARIBBEAN RELIEF COMMITTEE C.I.C.,15875322,private-limited-guarant-nsc,03-08-2024,"[66300, 88990]",39 Birkby Hall Road Huddersfield England HD2 2TJ,1.0
"CARLEX ESTATES,LIMITED",00407586,ltd,,[66300],Fullertons Limited Manchester House Leeds United Kingdom LS20 8AB,1.0
"THOMAS MACKIE & SONS, LIMITED",SC005312,ltd,,[66300],19 Succoth Place null EH12 6BJ,1.0
METAVISA FOUNDATION,14163016,private-limited-guarant-nsc-limited-exemption,09-06-2022,[66300],37 Croydon Road Beckenham United Kingdom BR3 4AB,1.0
RAMDL,NI742893,private-unlimited,12-08-2026,"[66300, 68209]","Gmcg,  19 Alfred Street Belfast BT2 8EQ",1.0
CMAGIC CIC,14738328,private-limited-guarant-nsc,17-03-2023,[66300],17 Cmagic Cic C/O Lcr Pride Foundation Liverpool United Kingdom L3 1BP,0.5
THE ICELY DONE FOUNDATION CIC,14772106,private-limited-guarant-nsc,31-03-2023,[66300],Unit 1e Rawmec Business Park Hoddesdon United Kingdom EN11 0EE,0.5
EAST LAMMERMUIR COMMUNITY BENEFIT FUND LTD,SC792584,private-limited-guarant-nsc,15-12-2023,[66300],Stenton Village Hall Stenton EH42 1TE,0.5
CARING4OURCARERS CIC,14823127,private-limited-guarant-nsc,24-04-2023,[66300],The Gate House Lyndhurst United Kingdom SO43 7DA,0.5
